ISO-10303-21;
HEADER;
FILE_DESCRIPTION(('Open CASCADE Model'),'2;1');
FILE_NAME('Open CASCADE Shape Model','2026-06-09T15:32:27',('Author'),(
    'Open CASCADE'),'Open CASCADE STEP processor 7.9','Open CASCADE 7.9'
  ,'Unknown');
FILE_SCHEMA(('AUTOMOTIVE_DESIGN { 1 0 10303 214 1 1 1 1 }'));
ENDSEC;
DATA;
#1 = APPLICATION_PROTOCOL_DEFINITION('international standard',
  'automotive_design',2000,#2);
#2 = APPLICATION_CONTEXT(
  'core data for automotive mechanical design processes');
#3 = SHAPE_DEFINITION_REPRESENTATION(#4,#10);
#4 = PRODUCT_DEFINITION_SHAPE('','',#5);
#5 = PRODUCT_DEFINITION('design','',#6,#9);
#6 = PRODUCT_DEFINITION_FORMATION('','',#7);
#7 = PRODUCT('Open CASCADE STEP translator 7.9 1',
  'Open CASCADE STEP translator 7.9 1','',(#8));
#8 = PRODUCT_CONTEXT('',#2,'mechanical');
#9 = PRODUCT_DEFINITION_CONTEXT('part definition',#2,'design');
#10 = SHAPE_REPRESENTATION('',(#11,#15,#19,#23,#27,#31,#35,#39,#43,#47,
    #51,#55,#59,#63,#67,#71,#75,#79,#83,#87,#91,#95,#99,#103,#107,#111),
  #115);
#11 = AXIS2_PLACEMENT_3D('',#12,#13,#14);
#12 = CARTESIAN_POINT('',(0.,0.,0.));
#13 = DIRECTION('',(0.,0.,1.));
#14 = DIRECTION('',(1.,0.,-0.));
#15 = AXIS2_PLACEMENT_3D('',#16,#17,#18);
#16 = CARTESIAN_POINT('',(0.,0.,0.));
#17 = DIRECTION('',(0.,0.,1.));
#18 = DIRECTION('',(1.,0.,-0.));
#19 = AXIS2_PLACEMENT_3D('',#20,#21,#22);
#20 = CARTESIAN_POINT('',(0.,0.,0.));
#21 = DIRECTION('',(0.,0.,1.));
#22 = DIRECTION('',(1.,0.,-0.));
#23 = AXIS2_PLACEMENT_3D('',#24,#25,#26);
#24 = CARTESIAN_POINT('',(0.,0.,0.));
#25 = DIRECTION('',(0.,0.,1.));
#26 = DIRECTION('',(1.,0.,-0.));
#27 = AXIS2_PLACEMENT_3D('',#28,#29,#30);
#28 = CARTESIAN_POINT('',(0.,0.,0.));
#29 = DIRECTION('',(0.,0.,1.));
#30 = DIRECTION('',(1.,0.,-0.));
#31 = AXIS2_PLACEMENT_3D('',#32,#33,#34);
#32 = CARTESIAN_POINT('',(0.,0.,0.));
#33 = DIRECTION('',(0.,0.,1.));
#34 = DIRECTION('',(1.,0.,-0.));
#35 = AXIS2_PLACEMENT_3D('',#36,#37,#38);
#36 = CARTESIAN_POINT('',(0.,0.,0.));
#37 = DIRECTION('',(0.,0.,1.));
#38 = DIRECTION('',(1.,0.,-0.));
#39 = AXIS2_PLACEMENT_3D('',#40,#41,#42);
#40 = CARTESIAN_POINT('',(0.,0.,0.));
#41 = DIRECTION('',(0.,0.,1.));
#42 = DIRECTION('',(1.,0.,-0.));
#43 = AXIS2_PLACEMENT_3D('',#44,#45,#46);
#44 = CARTESIAN_POINT('',(0.,0.,0.));
#45 = DIRECTION('',(0.,0.,1.));
#46 = DIRECTION('',(1.,0.,-0.));
#47 = AXIS2_PLACEMENT_3D('',#48,#49,#50);
#48 = CARTESIAN_POINT('',(0.,0.,0.));
#49 = DIRECTION('',(0.,0.,1.));
#50 = DIRECTION('',(1.,0.,-0.));
#51 = AXIS2_PLACEMENT_3D('',#52,#53,#54);
#52 = CARTESIAN_POINT('',(0.,0.,0.));
#53 = DIRECTION('',(0.,0.,1.));
#54 = DIRECTION('',(1.,0.,-0.));
#55 = AXIS2_PLACEMENT_3D('',#56,#57,#58);
#56 = CARTESIAN_POINT('',(0.,0.,0.));
#57 = DIRECTION('',(0.,0.,1.));
#58 = DIRECTION('',(1.,0.,-0.));
#59 = AXIS2_PLACEMENT_3D('',#60,#61,#62);
#60 = CARTESIAN_POINT('',(0.,0.,0.));
#61 = DIRECTION('',(0.,0.,1.));
#62 = DIRECTION('',(1.,0.,-0.));
#63 = AXIS2_PLACEMENT_3D('',#64,#65,#66);
#64 = CARTESIAN_POINT('',(0.,0.,0.));
#65 = DIRECTION('',(0.,0.,1.));
#66 = DIRECTION('',(1.,0.,-0.));
#67 = AXIS2_PLACEMENT_3D('',#68,#69,#70);
#68 = CARTESIAN_POINT('',(0.,0.,0.));
#69 = DIRECTION('',(0.,0.,1.));
#70 = DIRECTION('',(1.,0.,-0.));
#71 = AXIS2_PLACEMENT_3D('',#72,#73,#74);
#72 = CARTESIAN_POINT('',(0.,0.,0.));
#73 = DIRECTION('',(0.,0.,1.));
#74 = DIRECTION('',(1.,0.,-0.));
#75 = AXIS2_PLACEMENT_3D('',#76,#77,#78);
#76 = CARTESIAN_POINT('',(0.,0.,0.));
#77 = DIRECTION('',(0.,0.,1.));
#78 = DIRECTION('',(1.,0.,-0.));
#79 = AXIS2_PLACEMENT_3D('',#80,#81,#82);
#80 = CARTESIAN_POINT('',(0.,0.,0.));
#81 = DIRECTION('',(0.,0.,1.));
#82 = DIRECTION('',(1.,0.,-0.));
#83 = AXIS2_PLACEMENT_3D('',#84,#85,#86);
#84 = CARTESIAN_POINT('',(0.,0.,0.));
#85 = DIRECTION('',(0.,0.,1.));
#86 = DIRECTION('',(1.,0.,-0.));
#87 = AXIS2_PLACEMENT_3D('',#88,#89,#90);
#88 = CARTESIAN_POINT('',(0.,0.,0.));
#89 = DIRECTION('',(0.,0.,1.));
#90 = DIRECTION('',(1.,0.,-0.));
#91 = AXIS2_PLACEMENT_3D('',#92,#93,#94);
#92 = CARTESIAN_POINT('',(0.,0.,0.));
#93 = DIRECTION('',(0.,0.,1.));
#94 = DIRECTION('',(1.,0.,-0.));
#95 = AXIS2_PLACEMENT_3D('',#96,#97,#98);
#96 = CARTESIAN_POINT('',(0.,0.,0.));
#97 = DIRECTION('',(0.,0.,1.));
#98 = DIRECTION('',(1.,0.,-0.));
#99 = AXIS2_PLACEMENT_3D('',#100,#101,#102);
#100 = CARTESIAN_POINT('',(0.,0.,0.));
#101 = DIRECTION('',(0.,0.,1.));
#102 = DIRECTION('',(1.,0.,-0.));
#103 = AXIS2_PLACEMENT_3D('',#104,#105,#106);
#104 = CARTESIAN_POINT('',(0.,0.,0.));
#105 = DIRECTION('',(0.,0.,1.));
#106 = DIRECTION('',(1.,0.,-0.));
#107 = AXIS2_PLACEMENT_3D('',#108,#109,#110);
#108 = CARTESIAN_POINT('',(0.,0.,0.));
#109 = DIRECTION('',(0.,0.,1.));
#110 = DIRECTION('',(1.,0.,-0.));
#111 = AXIS2_PLACEMENT_3D('',#112,#113,#114);
#112 = CARTESIAN_POINT('',(0.,0.,0.));
#113 = DIRECTION('',(0.,0.,1.));
#114 = DIRECTION('',(1.,0.,-0.));
#115 = ( GEOMETRIC_REPRESENTATION_CONTEXT(3) 
GLOBAL_UNCERTAINTY_ASSIGNED_CONTEXT((#119)) GLOBAL_UNIT_ASSIGNED_CONTEXT
((#116,#117,#118)) REPRESENTATION_CONTEXT('Context #1',
  '3D Context with UNIT and UNCERTAINTY') );
#116 = ( LENGTH_UNIT() NAMED_UNIT(*) SI_UNIT(.MILLI.,.METRE.) );
#117 = ( NAMED_UNIT(*) PLANE_ANGLE_UNIT() SI_UNIT($,.RADIAN.) );
#118 = ( NAMED_UNIT(*) SI_UNIT($,.STERADIAN.) SOLID_ANGLE_UNIT() );
#119 = UNCERTAINTY_MEASURE_WITH_UNIT(LENGTH_MEASURE(1.E-07),#116,
  'distance_accuracy_value','confusion accuracy');
#120 = PRODUCT_RELATED_PRODUCT_CATEGORY('part',$,(#7));
#121 = SHAPE_DEFINITION_REPRESENTATION(#122,#128);
#122 = PRODUCT_DEFINITION_SHAPE('','',#123);
#123 = PRODUCT_DEFINITION('design','',#124,#127);
#124 = PRODUCT_DEFINITION_FORMATION('','',#125);
#125 = PRODUCT('Open CASCADE STEP translator 7.9 1.1',
  'Open CASCADE STEP translator 7.9 1.1','',(#126));
#126 = PRODUCT_CONTEXT('',#2,'mechanical');
#127 = PRODUCT_DEFINITION_CONTEXT('part definition',#2,'design');
#128 = GEOMETRICALLY_BOUNDED_WIREFRAME_SHAPE_REPRESENTATION('',(#11,#129
    ),#217);
#129 = GEOMETRIC_CURVE_SET('',(#130));
#130 = TRIMMED_CURVE('',#131,(#215,PARAMETER_VALUE(0.)),(#216,
    PARAMETER_VALUE(80.954300282884)),.T.,.PARAMETER.);
#131 = B_SPLINE_CURVE_WITH_KNOTS('',3,(#132,#133,#134,#135,#136,#137,
    #138,#139,#140,#141,#142,#143,#144,#145,#146,#147,#148,#149,#150,
    #151,#152,#153,#154,#155,#156,#157,#158,#159,#160,#161,#162,#163,
    #164,#165,#166,#167,#168,#169,#170,#171,#172,#173,#174,#175,#176,
    #177,#178,#179,#180,#181,#182,#183,#184,#185,#186,#187,#188,#189,
    #190,#191,#192,#193,#194,#195,#196,#197,#198,#199,#200,#201,#202,
    #203,#204,#205,#206,#207,#208,#209,#210,#211,#212,#213,#214),
  .UNSPECIFIED.,.T.,.F.,(4,1,1,1,1,1,1,1,1,1,1,1,1,1,1,1,1,1,1,1,1,1,1,1
    ,1,1,1,1,1,1,1,1,1,1,1,1,1,1,1,1,1,1,1,1,1,1,1,1,1,1,1,1,1,1,1,1,1,1
    ,1,1,1,1,1,1,1,1,1,1,1,1,1,1,1,1,1,1,1,1,1,1,4),(0.,1.016410862185,
    2.032821705894,3.04923256808,4.065631601102,5.082042463287,
    6.09832348419,7.114734346376,8.131145208561,9.147556070746,
    10.16337586997,11.179722504908,12.196133367093,13.212544229278,
    14.228955091463,15.245365953648,16.260473193638,17.276884055823,
    18.293289821912,19.309700684097,20.325918640309,21.342329502494,
    22.358740364679,23.37484191038,24.391054610476,25.407465472661,
    26.423876334846,27.440287197031,28.455842561747,29.472251867073,
    30.488662729258,31.505071160678,32.521326394975,33.53773725716,
    34.554148119345,35.57055898153,36.586969843715,37.597406390617,
    38.606371212448,39.544100825532,40.529308997435,41.542108151586,
    42.558336439097,43.572343105673,44.587924667003,45.60433514513,
    46.620312922911,47.635790094223,48.650731548437,49.665977294483,
    50.682388156668,51.698442219454,52.714853081639,53.731263943824,
    54.746382744903,55.762738614633,56.778863303852,57.795221962257,
    58.809664074006,59.826073255545,60.842227357517,61.857816593715,
    62.874227455901,63.890263846384,64.906672885666,65.923083747851,
    66.938940419476,67.955351281661,68.971506990342,69.987917852527,
    71.004328714712,72.020407349705,73.03681821189,74.053218227286,
    75.069629089471,76.08602926105,77.099288354721,78.115699216906,
    79.117776620722,79.953040132789,80.954300282884),.UNSPECIFIED.);
#132 = CARTESIAN_POINT('',(138.84417403454,3.680665720273,
    -416.0704214391));
#133 = CARTESIAN_POINT('',(138.96872582722,3.990053306595,
    -416.0108053954));
#134 = CARTESIAN_POINT('',(139.21779036356,4.608848666714,
    -415.8915918854));
#135 = CARTESIAN_POINT('',(139.59250975022,5.536481202271,
    -415.7122375322));
#136 = CARTESIAN_POINT('',(139.9641947638,6.465628609379,-415.5343268359
    ));
#137 = CARTESIAN_POINT('',(140.34757454027,7.388923292501,-415.350852162
    ));
#138 = CARTESIAN_POINT('',(140.72736829442,8.313968873824,-415.16908364)
  );
#139 = CARTESIAN_POINT('',(141.12430141685,9.230321770358,
    -414.9791608902));
#140 = CARTESIAN_POINT('',(141.54404835831,10.133887474624,
    -414.7783854084));
#141 = CARTESIAN_POINT('',(141.95626843819,11.042129095572,
    -414.5811900792));
#142 = CARTESIAN_POINT('',(142.37576988174,11.944434574442,
    -414.3805327309));
#143 = CARTESIAN_POINT('',(142.7733675168,12.865119118889,
    -414.1902893303));
#144 = CARTESIAN_POINT('',(143.34968855997,13.661259010285,
    -413.9150491518));
#145 = CARTESIAN_POINT('',(143.86863036187,14.498543418178,
    -413.6670961142));
#146 = CARTESIAN_POINT('',(144.40242196312,15.32529179538,
    -413.4120810317));
#147 = CARTESIAN_POINT('',(144.93435209748,16.153262522889,
    -413.1579512925));
#148 = CARTESIAN_POINT('',(145.45866497837,16.986541116765,
    -412.9074441457));
#149 = CARTESIAN_POINT('',(146.01437774189,17.79596581277,-412.642005833
    ));
#150 = CARTESIAN_POINT('',(146.63411220128,18.545499028043,
    -412.346134994));
#151 = CARTESIAN_POINT('',(147.23101033277,19.317243208672,
    -412.0611185192));
#152 = CARTESIAN_POINT('',(147.83446753243,20.08235104809,
    -411.7729846931));
#153 = CARTESIAN_POINT('',(148.42667478422,20.859573371988,
    -411.4901969633));
#154 = CARTESIAN_POINT('',(149.08571570371,21.567478189707,
    -411.1756465977));
#155 = CARTESIAN_POINT('',(149.7123235988,22.310552390377,
    -410.8765085191));
#156 = CARTESIAN_POINT('',(150.40167112446,22.982129610365,
    -410.5475596883));
#157 = CARTESIAN_POINT('',(151.07261812144,23.674924757994,
    -410.2273536336));
#158 = CARTESIAN_POINT('',(151.72672450348,24.387582594534,
    -409.915148754));
#159 = CARTESIAN_POINT('',(152.38923384988,25.090373290979,
    -409.5989514846));
#160 = CARTESIAN_POINT('',(153.03503158319,25.812819452232,
    -409.2906941531));
#161 = CARTESIAN_POINT('',(153.73854950224,26.465794640667,
    -408.9550146224));
#162 = CARTESIAN_POINT('',(154.42652682925,27.137469929351,
    -408.6267182531));
#163 = CARTESIAN_POINT('',(155.11969487447,27.803298370924,
    -408.2959554467));
#164 = CARTESIAN_POINT('',(155.80803395932,28.47496721322,
    -407.9674867968));
#165 = CARTESIAN_POINT('',(156.50160600631,29.140508256741,
    -407.636531862));
#166 = CARTESIAN_POINT('',(157.21743464254,29.775635258103,
    -407.2950065736));
#167 = CARTESIAN_POINT('',(157.92505962151,30.424724490578,
    -406.9573748063));
#168 = CARTESIAN_POINT('',(158.64338649953,31.048512922522,
    -406.6146706664));
#169 = CARTESIAN_POINT('',(159.3258062956,31.758181570314,
    -406.2889844286));
#170 = CARTESIAN_POINT('',(160.13318938676,32.144693594475,
    -405.9040961514));
#171 = CARTESIAN_POINT('',(161.06506840251,32.668061550404,
    -405.4597848153));
#172 = CARTESIAN_POINT('',(161.72692163228,31.728030439983,
    -405.1454842452));
#173 = CARTESIAN_POINT('',(161.78978316168,30.760480151734,
    -405.116479531));
#174 = CARTESIAN_POINT('',(161.72139820282,29.751480378189,
    -405.1500208229));
#175 = CARTESIAN_POINT('',(161.5225292536,28.75968667573,-405.2456884185
    ));
#176 = CARTESIAN_POINT('',(161.24561601313,27.791764137028,
    -405.3785015258));
#177 = CARTESIAN_POINT('',(160.93214633063,26.835529018928,
    -405.5287133388));
#178 = CARTESIAN_POINT('',(160.50016559988,25.937778635354,
    -405.735309545));
#179 = CARTESIAN_POINT('',(160.14560490702,24.998909695783,
    -405.9050741721));
#180 = CARTESIAN_POINT('',(159.67139673597,24.128354943372,
    -406.1317549375));
#181 = CARTESIAN_POINT('',(159.2807695294,23.206354662364,
    -406.3186799458));
#182 = CARTESIAN_POINT('',(158.7129625385,22.400584345409,
    -406.5898746007));
#183 = CARTESIAN_POINT('',(158.33253269979,21.470360406947,
    -406.7719510511));
#184 = CARTESIAN_POINT('',(157.8065237062,20.635225731844,
    -407.0232677601));
#185 = CARTESIAN_POINT('',(157.30799438702,19.782778506694,
    -407.2615139911));
#186 = CARTESIAN_POINT('',(156.80325333454,18.934621599698,
    -407.5027144179));
#187 = CARTESIAN_POINT('',(156.29650528122,18.087674193541,
    -407.7448695109));
#188 = CARTESIAN_POINT('',(155.82084109236,17.219944204702,
    -407.9722409796));
#189 = CARTESIAN_POINT('',(155.36048343779,16.337767576528,
    -408.1923366549));
#190 = CARTESIAN_POINT('',(154.76543833423,15.562068128985,
    -408.4764744408));
#191 = CARTESIAN_POINT('',(154.18863255105,14.771910139696,
    -408.7519397078));
#192 = CARTESIAN_POINT('',(153.52402832165,14.069653294914,
    -409.0691341488));
#193 = CARTESIAN_POINT('',(152.92397579275,13.300601435758,
    -409.3556503065));
#194 = CARTESIAN_POINT('',(152.2759029323,12.580993813245,
    -409.6649884282));
#195 = CARTESIAN_POINT('',(151.61329157617,11.87901880867,
    -409.9812334931));
#196 = CARTESIAN_POINT('',(150.95330868223,11.172537008093,
    -410.296231101));
#197 = CARTESIAN_POINT('',(150.2468528878,10.523606191313,
    -410.6333058924));
#198 = CARTESIAN_POINT('',(149.54455063257,9.870115742684,
    -410.9684069611));
#199 = CARTESIAN_POINT('',(148.8716342298,9.17829593246,-411.2895500032)
  );
#200 = CARTESIAN_POINT('',(148.13932987502,8.565019569937,
    -411.6389007681));
#201 = CARTESIAN_POINT('',(147.44608065541,7.898817594488,-411.969702594
    ));
#202 = CARTESIAN_POINT('',(146.71360897093,7.286446148894,
    -412.3191321769));
#203 = CARTESIAN_POINT('',(145.99878472541,6.649304693001,
    -412.6601810676));
#204 = CARTESIAN_POINT('',(145.25267629792,6.057461866867,-413.016085342
    ));
#205 = CARTESIAN_POINT('',(144.49840027664,5.479254191448,
    -413.3758662777));
#206 = CARTESIAN_POINT('',(143.74737608383,4.895458573488,
    -413.7341039213));
#207 = CARTESIAN_POINT('',(142.98392558303,4.331686957379,
    -414.0982402744));
#208 = CARTESIAN_POINT('',(142.23878299009,3.740419067315,
    -414.4536840165));
#209 = CARTESIAN_POINT('',(141.43969257556,3.235412745107,
    -414.8347371808));
#210 = CARTESIAN_POINT('',(140.62288986443,2.802693780554,
    -415.2241561032));
#211 = CARTESIAN_POINT('',(139.83718236583,2.357031236405,
    -415.5987784374));
#212 = CARTESIAN_POINT('',(138.89302685607,2.635614481534,
    -416.0481630975));
#213 = CARTESIAN_POINT('',(138.70367218682,3.215466532832,
    -416.1377839378));
#214 = CARTESIAN_POINT('',(138.84417403454,3.680665720273,
    -416.0704214391));
#215 = CARTESIAN_POINT('',(138.84417403454,3.680665720273,
    -416.0704214391));
#216 = CARTESIAN_POINT('',(138.84417403454,3.680665720273,
    -416.0704214391));
#217 = ( GEOMETRIC_REPRESENTATION_CONTEXT(3) 
GLOBAL_UNCERTAINTY_ASSIGNED_CONTEXT((#221)) GLOBAL_UNIT_ASSIGNED_CONTEXT
((#218,#219,#220)) REPRESENTATION_CONTEXT('Context #1',
  '3D Context with UNIT and UNCERTAINTY') );
#218 = ( LENGTH_UNIT() NAMED_UNIT(*) SI_UNIT(.MILLI.,.METRE.) );
#219 = ( NAMED_UNIT(*) PLANE_ANGLE_UNIT() SI_UNIT($,.RADIAN.) );
#220 = ( NAMED_UNIT(*) SI_UNIT($,.STERADIAN.) SOLID_ANGLE_UNIT() );
#221 = UNCERTAINTY_MEASURE_WITH_UNIT(LENGTH_MEASURE(1.E-07),#218,
  'distance_accuracy_value','confusion accuracy');
#222 = CONTEXT_DEPENDENT_SHAPE_REPRESENTATION(#223,#225);
#223 = ( REPRESENTATION_RELATIONSHIP('','',#128,#10) 
REPRESENTATION_RELATIONSHIP_WITH_TRANSFORMATION(#224) 
SHAPE_REPRESENTATION_RELATIONSHIP() );
#224 = ITEM_DEFINED_TRANSFORMATION('','',#11,#15);
#225 = PRODUCT_DEFINITION_SHAPE('Placement','Placement of an item',#226
  );
#226 = NEXT_ASSEMBLY_USAGE_OCCURRENCE('1','','',#5,#123,$);
#227 = PRODUCT_RELATED_PRODUCT_CATEGORY('part',$,(#125));
#228 = SHAPE_DEFINITION_REPRESENTATION(#229,#235);
#229 = PRODUCT_DEFINITION_SHAPE('','',#230);
#230 = PRODUCT_DEFINITION('design','',#231,#234);
#231 = PRODUCT_DEFINITION_FORMATION('','',#232);
#232 = PRODUCT('Open CASCADE STEP translator 7.9 1.2',
  'Open CASCADE STEP translator 7.9 1.2','',(#233));
#233 = PRODUCT_CONTEXT('',#2,'mechanical');
#234 = PRODUCT_DEFINITION_CONTEXT('part definition',#2,'design');
#235 = GEOMETRICALLY_BOUNDED_WIREFRAME_SHAPE_REPRESENTATION('',(#11,#236
    ),#324);
#236 = GEOMETRIC_CURVE_SET('',(#237));
#237 = TRIMMED_CURVE('',#238,(#322,PARAMETER_VALUE(0.)),(#323,
    PARAMETER_VALUE(166.61671212919)),.T.,.PARAMETER.);
#238 = B_SPLINE_CURVE_WITH_KNOTS('',3,(#239,#240,#241,#242,#243,#244,
    #245,#246,#247,#248,#249,#250,#251,#252,#253,#254,#255,#256,#257,
    #258,#259,#260,#261,#262,#263,#264,#265,#266,#267,#268,#269,#270,
    #271,#272,#273,#274,#275,#276,#277,#278,#279,#280,#281,#282,#283,
    #284,#285,#286,#287,#288,#289,#290,#291,#292,#293,#294,#295,#296,
    #297,#298,#299,#300,#301,#302,#303,#304,#305,#306,#307,#308,#309,
    #310,#311,#312,#313,#314,#315,#316,#317,#318,#319,#320,#321),
  .UNSPECIFIED.,.T.,.F.,(4,1,1,1,1,1,1,1,1,1,1,1,1,1,1,1,1,1,1,1,1,1,1,1
    ,1,1,1,1,1,1,1,1,1,1,1,1,1,1,1,1,1,1,1,1,1,1,1,1,1,1,1,1,1,1,1,1,1,1
    ,1,1,1,1,1,1,1,1,1,1,1,1,1,1,1,1,1,1,1,1,1,1,4),(0.,2.090515971776,
    4.180326191471,6.270125526651,8.360332289268,10.446851100182,
    12.537354395604,14.625584434849,16.714673739043,18.805177854708,
    20.895628597432,22.984773569693,25.073913594147,27.164267032796,
    29.254783004571,31.344619857699,33.434235284437,35.524608640125,
    37.613998191654,39.704162445381,41.793729124654,43.88404586553,
    45.974102100037,48.064600239333,50.155083019816,52.245598568435,
    54.33609944113,56.426615412906,58.515887598967,60.514075800211,
    62.469150708743,64.487949879222,66.578200211081,68.668603220439,
    70.758896243719,72.849367782789,74.939091002036,77.02923345629,
    79.119108519559,81.209530261341,83.299683730426,85.390199702202,
    87.4807117422,89.571028699229,91.661527023159,93.751653170794,
    95.841924270384,97.931585856556,100.02204519562,102.11135763855,
    104.20175365512,106.29171111474,108.38198627787,110.47244619492,
    112.56221406348,114.65270045283,116.74217469986,118.83258676046,
    120.92229957956,123.01281395418,125.10330675358,127.19283288393,
    129.28289371178,131.37314611575,133.46366208753,135.5541780593,
    137.64468611958,139.73520209136,141.82558572584,143.7399908286,
    145.80643937311,147.89426227232,149.98285123307,152.06023676612,
    154.13730068922,156.20886852604,158.25508174815,160.34559771992,
    162.4359228089,164.52625363862,166.61671212919),.UNSPECIFIED.);
#239 = CARTESIAN_POINT('',(125.40673297395,-1.327752290543,
    -412.321649459));
#240 = CARTESIAN_POINT('',(125.6529884955,-0.687311558863,
    -412.2037528668));
#241 = CARTESIAN_POINT('',(126.1244284405,0.604528777919,-411.977984208)
  );
#242 = CARTESIAN_POINT('',(126.81532055667,2.553236440148,
    -411.6470681906));
#243 = CARTESIAN_POINT('',(127.7481913082,4.371469201206,-411.2010358626
    ));
#244 = CARTESIAN_POINT('',(128.44042848507,6.33339799481,-410.8694665115
    ));
#245 = CARTESIAN_POINT('',(129.64837249638,7.958486342197,
    -410.2926170187));
#246 = CARTESIAN_POINT('',(130.71831431388,9.678781270397,
    -409.7813991496));
#247 = CARTESIAN_POINT('',(132.03483235643,11.182019412858,
    -409.1529588652));
#248 = CARTESIAN_POINT('',(133.31629484458,12.715317446635,
    -408.5411847728));
#249 = CARTESIAN_POINT('',(134.7403694623,14.088845898321,
    -407.8616458385));
#250 = CARTESIAN_POINT('',(136.06018058859,15.588158740924,
    -407.2316410109));
#251 = CARTESIAN_POINT('',(137.58775414694,16.823546334298,
    -406.5029440024));
#252 = CARTESIAN_POINT('',(138.97807325251,18.236916449242,
    -405.8394426833));
#253 = CARTESIAN_POINT('',(140.42316138747,19.581182854366,
    -405.1499242965));
#254 = CARTESIAN_POINT('',(141.91724855462,20.857681980301,-404.43713551
    ));
#255 = CARTESIAN_POINT('',(143.4043315529,22.143674930678,
    -403.7276732981));
#256 = CARTESIAN_POINT('',(144.92867206389,23.375178304636,
    -403.0005197715));
#257 = CARTESIAN_POINT('',(146.41683547802,24.659574361199,
    -402.2905445524));
#258 = CARTESIAN_POINT('',(147.94890719824,25.879539307788,
    -401.5597201705));
#259 = CARTESIAN_POINT('',(149.50077530899,27.067228363006,
    -400.8194988981));
#260 = CARTESIAN_POINT('',(151.02865642612,28.293423047964,-400.09066428
    ));
#261 = CARTESIAN_POINT('',(152.59228129247,29.462875844183,
    -399.344861448));
#262 = CARTESIAN_POINT('',(154.14633538845,30.648039192878,
    -398.6036015375));
#263 = CARTESIAN_POINT('',(155.72726531485,31.789874942558,
    -397.8495838164));
#264 = CARTESIAN_POINT('',(157.34163585672,32.871809725734,
    -397.0796977933));
#265 = CARTESIAN_POINT('',(158.95001780614,33.967036432072,
    -396.3126510147));
#266 = CARTESIAN_POINT('',(160.57532616963,35.021484043183,
    -395.5375823695));
#267 = CARTESIAN_POINT('',(162.19761226833,36.116979334403,
    -394.763913492));
#268 = CARTESIAN_POINT('',(163.79794109185,37.059136003269,
    -394.0008496184));
#269 = CARTESIAN_POINT('',(165.18181881177,38.785086477899,
    -393.3401145731));
#270 = CARTESIAN_POINT('',(164.03920195734,41.062548944105,
    -393.8820887082));
#271 = CARTESIAN_POINT('',(161.97810597864,40.628781907221,
    -394.864102315));
#272 = CARTESIAN_POINT('',(160.39696164023,39.648906861899,
    -395.6180659659));
#273 = CARTESIAN_POINT('',(158.64560470817,38.821868537102,
    -396.4529458432));
#274 = CARTESIAN_POINT('',(156.9651442457,37.879925833517,
    -397.2541721394));
#275 = CARTESIAN_POINT('',(155.24468306472,37.018317672539,
    -398.0743712767));
#276 = CARTESIAN_POINT('',(153.53676336848,36.131327613541,
    -398.8886220185));
#277 = CARTESIAN_POINT('',(151.8142545999,35.277591531589,
    -399.7097887265));
#278 = CARTESIAN_POINT('',(150.13611216808,34.321149824656,
    -400.5099250443));
#279 = CARTESIAN_POINT('',(148.43065559963,33.427307419297,
    -401.3230093314));
#280 = CARTESIAN_POINT('',(146.72144774081,32.540521742742,
    -402.1378733625));
#281 = CARTESIAN_POINT('',(145.05835831587,31.552093007874,
    -402.9308715439));
#282 = CARTESIAN_POINT('',(143.37884826713,30.598909423171,
    -403.7316560463));
#283 = CARTESIAN_POINT('',(141.73113427197,29.579948225075,
    -404.5173611349));
#284 = CARTESIAN_POINT('',(140.07166087612,28.584507089902,
    -405.3086439477));
#285 = CARTESIAN_POINT('',(138.45714915337,27.502186537353,
    -406.0785975801));
#286 = CARTESIAN_POINT('',(136.82002326859,26.463126647139,
    -406.8592794714));
#287 = CARTESIAN_POINT('',(135.22609403205,25.344235155494,
    -407.6194659777));
#288 = CARTESIAN_POINT('',(133.63763359038,24.217473197707,
    -408.3770555646));
#289 = CARTESIAN_POINT('',(132.06167658237,23.068138332496,
    -409.1287121689));
#290 = CARTESIAN_POINT('',(130.52440809889,21.856422900258,
    -409.8620035499));
#291 = CARTESIAN_POINT('',(129.00129624159,20.623610574435,
    -410.5885731933));
#292 = CARTESIAN_POINT('',(127.47623037186,19.391326449155,
    -411.3160729243));
#293 = CARTESIAN_POINT('',(126.04518840431,18.027028744592,
    -411.9989211518));
#294 = CARTESIAN_POINT('',(124.65069411828,16.619857441806,
    -412.6644049197));
#295 = CARTESIAN_POINT('',(123.26174486747,15.205080546735,
    -413.3272552032));
#296 = CARTESIAN_POINT('',(121.95220923757,13.698874857424,
    -413.9523729809));
#297 = CARTESIAN_POINT('',(120.69663959957,12.140503409273,
    -414.5518398032));
#298 = CARTESIAN_POINT('',(119.4172486737,10.600547694828,
    -415.1626337359));
#299 = CARTESIAN_POINT('',(118.32192052337,8.896334204303,
    -415.6859263178));
#300 = CARTESIAN_POINT('',(117.20056609082,7.213522047451,
    -416.2215932579));
#301 = CARTESIAN_POINT('',(116.26608700977,5.395264838707,
    -416.6683915751));
#302 = CARTESIAN_POINT('',(115.35277043723,3.565968347096,
    -417.1051219101));
#303 = CARTESIAN_POINT('',(114.59455301698,1.649808328233,
    -417.4680701631));
#304 = CARTESIAN_POINT('',(113.89080057317,-0.289265423178,
    -417.805101611));
#305 = CARTESIAN_POINT('',(113.17073287701,-2.220920839055,
    -418.149896031));
#306 = CARTESIAN_POINT('',(112.46128574444,-4.15978875819,
    -418.4896393714));
#307 = CARTESIAN_POINT('',(111.77860463795,-6.101143264494,
    -418.8166378112));
#308 = CARTESIAN_POINT('',(110.75571721759,-7.857592179276,
    -419.3054809257));
#309 = CARTESIAN_POINT('',(111.1663811609,-10.14159275777,-419.112105084
    ));
#310 = CARTESIAN_POINT('',(112.96416633911,-11.01951589525,
    -418.2567579391));
#311 = CARTESIAN_POINT('',(114.69395224053,-11.73519862634,
    -417.433638942));
#312 = CARTESIAN_POINT('',(116.54518176159,-12.16955916559,
    -416.5524112303));
#313 = CARTESIAN_POINT('',(118.42413968462,-12.45058592861,
    -415.6578300248));
#314 = CARTESIAN_POINT('',(120.27777991416,-12.07728723876,
    -414.7746753642));
#315 = CARTESIAN_POINT('',(122.05046057386,-11.12921399201,
    -413.9295233609));
#316 = CARTESIAN_POINT('',(122.83459410472,-9.151703600659,
    -413.5541734189));
#317 = CARTESIAN_POINT('',(123.47880806566,-7.227981288045,
    -413.2455119297));
#318 = CARTESIAN_POINT('',(124.09163644944,-5.244292134629,
    -412.9517399687));
#319 = CARTESIAN_POINT('',(124.72193530594,-3.275916111459,
    -412.6496624759));
#320 = CARTESIAN_POINT('',(125.17014977572,-1.973575062073,
    -412.434944805));
#321 = CARTESIAN_POINT('',(125.40673297395,-1.327752290543,
    -412.321649459));
#322 = CARTESIAN_POINT('',(125.40673297395,-1.327752290543,
    -412.321649459));
#323 = CARTESIAN_POINT('',(125.40673297395,-1.327752290543,
    -412.321649459));
#324 = ( GEOMETRIC_REPRESENTATION_CONTEXT(3) 
GLOBAL_UNCERTAINTY_ASSIGNED_CONTEXT((#328)) GLOBAL_UNIT_ASSIGNED_CONTEXT
((#325,#326,#327)) REPRESENTATION_CONTEXT('Context #1',
  '3D Context with UNIT and UNCERTAINTY') );
#325 = ( LENGTH_UNIT() NAMED_UNIT(*) SI_UNIT(.MILLI.,.METRE.) );
#326 = ( NAMED_UNIT(*) PLANE_ANGLE_UNIT() SI_UNIT($,.RADIAN.) );
#327 = ( NAMED_UNIT(*) SI_UNIT($,.STERADIAN.) SOLID_ANGLE_UNIT() );
#328 = UNCERTAINTY_MEASURE_WITH_UNIT(LENGTH_MEASURE(1.E-07),#325,
  'distance_accuracy_value','confusion accuracy');
#329 = CONTEXT_DEPENDENT_SHAPE_REPRESENTATION(#330,#332);
#330 = ( REPRESENTATION_RELATIONSHIP('','',#235,#10) 
REPRESENTATION_RELATIONSHIP_WITH_TRANSFORMATION(#331) 
SHAPE_REPRESENTATION_RELATIONSHIP() );
#331 = ITEM_DEFINED_TRANSFORMATION('','',#11,#19);
#332 = PRODUCT_DEFINITION_SHAPE('Placement','Placement of an item',#333
  );
#333 = NEXT_ASSEMBLY_USAGE_OCCURRENCE('2','','',#5,#230,$);
#334 = PRODUCT_RELATED_PRODUCT_CATEGORY('part',$,(#232));
#335 = SHAPE_DEFINITION_REPRESENTATION(#336,#342);
#336 = PRODUCT_DEFINITION_SHAPE('','',#337);
#337 = PRODUCT_DEFINITION('design','',#338,#341);
#338 = PRODUCT_DEFINITION_FORMATION('','',#339);
#339 = PRODUCT('Open CASCADE STEP translator 7.9 1.3',
  'Open CASCADE STEP translator 7.9 1.3','',(#340));
#340 = PRODUCT_CONTEXT('',#2,'mechanical');
#341 = PRODUCT_DEFINITION_CONTEXT('part definition',#2,'design');
#342 = GEOMETRICALLY_BOUNDED_WIREFRAME_SHAPE_REPRESENTATION('',(#11,#343
    ),#431);
#343 = GEOMETRIC_CURVE_SET('',(#344));
#344 = TRIMMED_CURVE('',#345,(#429,PARAMETER_VALUE(0.)),(#430,
    PARAMETER_VALUE(203.9367948968)),.T.,.PARAMETER.);
#345 = B_SPLINE_CURVE_WITH_KNOTS('',3,(#346,#347,#348,#349,#350,#351,
    #352,#353,#354,#355,#356,#357,#358,#359,#360,#361,#362,#363,#364,
    #365,#366,#367,#368,#369,#370,#371,#372,#373,#374,#375,#376,#377,
    #378,#379,#380,#381,#382,#383,#384,#385,#386,#387,#388,#389,#390,
    #391,#392,#393,#394,#395,#396,#397,#398,#399,#400,#401,#402,#403,
    #404,#405,#406,#407,#408,#409,#410,#411,#412,#413,#414,#415,#416,
    #417,#418,#419,#420,#421,#422,#423,#424,#425,#426,#427,#428),
  .UNSPECIFIED.,.T.,.F.,(4,1,1,1,1,1,1,1,1,1,1,1,1,1,1,1,1,1,1,1,1,1,1,1
    ,1,1,1,1,1,1,1,1,1,1,1,1,1,1,1,1,1,1,1,1,1,1,1,1,1,1,1,1,1,1,1,1,1,1
    ,1,1,1,1,1,1,1,1,1,1,1,1,1,1,1,1,1,1,1,1,1,1,4),(0.,2.559747336437,
    5.119189186778,7.677669775052,10.236842115717,12.796549007209,
    15.148478513114,17.683496714238,20.242372899413,22.802107560221,
    25.361745046421,27.904778430578,30.311436936332,32.871120820527,
    35.430701418688,37.97151975944,40.530559609153,43.086722099229,
    45.645655186402,48.205202746611,50.7614223921,53.321078332777,
    55.879116996432,58.438388194804,60.997139073507,63.555828687003,
    66.114360652197,68.673819191983,71.232937955916,73.792620497069,
    76.352309108513,78.91191537661,81.471662713047,84.031083177257,
    86.590554062569,89.150299421791,91.710009196832,94.269718700827,
    96.829428646907,99.389118205436,101.94882151952,104.50856879104,
    107.06826511683,109.62789767884,112.18759814031,114.74604004229,
    117.15069806888,119.50206219997,122.03927406891,124.59902140534,
    127.15849107095,129.71755208291,132.27725860361,134.8367614919,
    137.39650844655,139.95539986327,142.5145171436,145.07406567001,
    147.63365859431,150.19263730822,152.75173677249,155.31146738151,
    157.87099462678,160.43058509082,162.98978163313,165.54952896957,
    168.10859958362,170.66832742677,173.22784032226,175.78636421884,
    178.34434916839,180.90303813621,183.46278194252,186.02150194319,
    188.58047574867,191.13974286038,193.69876458861,196.25791379261,
    198.81766112905,201.3770491973,203.9367948968),.UNSPECIFIED.);
#346 = CARTESIAN_POINT('',(97.182715856656,7.867791600199,
    -415.6012751785));
#347 = CARTESIAN_POINT('',(96.74398247776,7.166819207574,-415.8108975689
    ));
#348 = CARTESIAN_POINT('',(95.891772906532,5.743881868376,
    -416.2181338786));
#349 = CARTESIAN_POINT('',(94.718942282554,3.540793121131,
    -416.7788180326));
#350 = CARTESIAN_POINT('',(93.626811698533,1.276700784143,
    -417.3011276847));
#351 = CARTESIAN_POINT('',(92.780807161035,-1.088356567318,
    -417.7063173678));
#352 = CARTESIAN_POINT('',(91.432881646486,-3.21712534975,
    -418.3503186544));
#353 = CARTESIAN_POINT('',(92.091313608648,-6.018604759819,
    -418.0394425129));
#354 = CARTESIAN_POINT('',(94.34834734775,-6.951701808031,-416.965431814
    ));
#355 = CARTESIAN_POINT('',(96.513505399417,-7.641150940973,
    -415.9349418805));
#356 = CARTESIAN_POINT('',(98.759929149994,-8.390673986999,
    -414.8658071541));
#357 = CARTESIAN_POINT('',(100.87425234423,-9.130116102849,
    -413.8595754906));
#358 = CARTESIAN_POINT('',(103.38030577272,-9.800843949526,
    -412.666716353));
#359 = CARTESIAN_POINT('',(104.8451594111,-7.406164183194,
    -411.9667717147));
#360 = CARTESIAN_POINT('',(105.33396635023,-5.023660535211,
    -411.7316802783));
#361 = CARTESIAN_POINT('',(106.18793780876,-2.633055420633,
    -411.322671719));
#362 = CARTESIAN_POINT('',(106.90662978487,-0.187292953567,
    -410.978036715));
#363 = CARTESIAN_POINT('',(108.33186241193,1.850879808886,
    -410.2973053425));
#364 = CARTESIAN_POINT('',(109.72147051453,3.892928771886,
    -409.6335363833));
#365 = CARTESIAN_POINT('',(111.42623767994,5.631490635791,
    -408.8199658346));
#366 = CARTESIAN_POINT('',(113.11273620743,7.376519669491,
    -408.0150894735));
#367 = CARTESIAN_POINT('',(114.89195966164,9.007930658428,
    -407.1661625057));
#368 = CARTESIAN_POINT('',(116.71030105468,10.592143505382,
    -406.2986511654));
#369 = CARTESIAN_POINT('',(118.71677575086,11.868654309969,
    -405.3418382166));
#370 = CARTESIAN_POINT('',(120.67736154239,13.219182061727,
    -404.4068084452));
#371 = CARTESIAN_POINT('',(122.67102908161,14.513199877656,
    -403.4560780121));
#372 = CARTESIAN_POINT('',(124.58942265592,15.939488154809,
    -402.5410691921));
#373 = CARTESIAN_POINT('',(126.57380770634,17.250271528579,
    -401.5947433693));
#374 = CARTESIAN_POINT('',(128.57421470618,18.529408845317,
    -400.6408176233));
#375 = CARTESIAN_POINT('',(130.56940987167,19.819988053216,
    -399.6893629753));
#376 = CARTESIAN_POINT('',(132.59420320398,21.052602394845,
    -398.7238681215));
#377 = CARTESIAN_POINT('',(134.60746079926,22.309001252258,
    -397.763844217));
#378 = CARTESIAN_POINT('',(136.66240265351,23.479639542414,
    -396.7840509191));
#379 = CARTESIAN_POINT('',(138.68827544389,24.711485795954,
    -395.8180427149));
#380 = CARTESIAN_POINT('',(140.77279750499,25.816768221601,
    -394.8242248919));
#381 = CARTESIAN_POINT('',(142.83354735613,26.97423807442,
    -393.8416782389));
#382 = CARTESIAN_POINT('',(144.9262037822,28.059761556963,
    -392.8440054852));
#383 = CARTESIAN_POINT('',(147.00607026886,29.174766341643,
    -391.8523955001));
#384 = CARTESIAN_POINT('',(149.11049348274,30.232415658316,
    -390.8491457031));
#385 = CARTESIAN_POINT('',(151.17857493554,31.374744491019,
    -389.8631219816));
#386 = CARTESIAN_POINT('',(153.27847919983,32.442855706039,
    -388.8620142419));
#387 = CARTESIAN_POINT('',(155.36678599664,33.538740312184,
    -387.8664030042));
#388 = CARTESIAN_POINT('',(157.44078382519,34.665705890255,
    -386.8775764287));
#389 = CARTESIAN_POINT('',(159.52073643933,35.785401023143,
    -385.8859209025));
#390 = CARTESIAN_POINT('',(161.59563878138,36.892705132831,
    -384.8966825134));
#391 = CARTESIAN_POINT('',(163.65846617636,38.115301725869,
    -383.913083628));
#392 = CARTESIAN_POINT('',(165.70970144803,38.919708015148,
    -382.9354087561));
#393 = CARTESIAN_POINT('',(167.49017983922,41.322597563361,
    -382.0851401647));
#394 = CARTESIAN_POINT('',(165.13673991483,43.476976864159,
    -383.2038865116));
#395 = CARTESIAN_POINT('',(163.01716429649,42.088023260731,
    -384.2146721162));
#396 = CARTESIAN_POINT('',(160.93285534602,41.154405947294,
    -385.2082229035));
#397 = CARTESIAN_POINT('',(158.79359318711,40.142966227063,
    -386.2280201589));
#398 = CARTESIAN_POINT('',(156.62309497061,39.277459190743,
    -387.2625528343));
#399 = CARTESIAN_POINT('',(154.45268421326,38.394389659259,
    -388.2970607934));
#400 = CARTESIAN_POINT('',(152.23545249649,37.671783676342,
    -389.3537124571));
#401 = CARTESIAN_POINT('',(150.03259449423,36.899285249809,
    -390.4035667635));
#402 = CARTESIAN_POINT('',(147.80383399225,36.223978543933,
    -391.4656633896));
#403 = CARTESIAN_POINT('',(145.57221647329,35.560922089137,
    -392.5291088546));
#404 = CARTESIAN_POINT('',(143.36712417795,34.795228459329,
    -393.5800206792));
#405 = CARTESIAN_POINT('',(141.14242711005,34.104118908427,
    -394.6401973373));
#406 = CARTESIAN_POINT('',(138.92364934214,33.390674120732,
    -395.6975764721));
#407 = CARTESIAN_POINT('',(136.68917209408,32.73915514737,
    -396.7623727548));
#408 = CARTESIAN_POINT('',(134.47525938844,32.00548040251,-397.817454416
    ));
#409 = CARTESIAN_POINT('',(132.27566224891,31.221469138447,
    -398.8657668413));
#410 = CARTESIAN_POINT('',(130.0855357445,30.405794064987,
    -399.9095994186));
#411 = CARTESIAN_POINT('',(127.91529623681,29.526606767466,
    -400.9440220765));
#412 = CARTESIAN_POINT('',(125.76080307147,28.603465579028,
    -401.9709879375));
#413 = CARTESIAN_POINT('',(123.58741408288,27.730487258282,
    -403.0069045456));
#414 = CARTESIAN_POINT('',(121.49063466357,26.65084700018,
    -404.0065351981));
#415 = CARTESIAN_POINT('',(119.32155065363,25.763266296164,
    -405.0404156451));
#416 = CARTESIAN_POINT('',(117.23648919797,24.659124805715,
    -406.0344892542));
#417 = CARTESIAN_POINT('',(115.11785625329,23.639753764805,
    -407.0444695112));
#418 = CARTESIAN_POINT('',(113.05842431172,22.479100365016,
    -408.0263915809));
#419 = CARTESIAN_POINT('',(111.02854462362,21.25560540287,
    -408.9943000135));
#420 = CARTESIAN_POINT('',(109.07608933421,19.886223929724,
    -409.9254758211));
#421 = CARTESIAN_POINT('',(107.14860644683,18.475281217457,
    -410.844798621));
#422 = CARTESIAN_POINT('',(105.29833327436,16.941097984313,
    -411.7274692005));
#423 = CARTESIAN_POINT('',(103.52600976663,15.297135255071,
    -412.5731221784));
#424 = CARTESIAN_POINT('',(101.85021254626,13.536285587416,
    -413.3729173068));
#425 = CARTESIAN_POINT('',(100.16792840561,11.777624225847,
    -414.1757997156));
#426 = CARTESIAN_POINT('',(98.690768552416,9.806348649687,-414.881196877
    ));
#427 = CARTESIAN_POINT('',(97.697445813163,8.501345008229,-415.355524493
    ));
#428 = CARTESIAN_POINT('',(97.182715856656,7.867791600199,
    -415.6012751785));
#429 = CARTESIAN_POINT('',(97.182715856656,7.867791600199,
    -415.6012751785));
#430 = CARTESIAN_POINT('',(97.182715856656,7.867791600199,
    -415.6012751785));
#431 = ( GEOMETRIC_REPRESENTATION_CONTEXT(3) 
GLOBAL_UNCERTAINTY_ASSIGNED_CONTEXT((#435)) GLOBAL_UNIT_ASSIGNED_CONTEXT
((#432,#433,#434)) REPRESENTATION_CONTEXT('Context #1',
  '3D Context with UNIT and UNCERTAINTY') );
#432 = ( LENGTH_UNIT() NAMED_UNIT(*) SI_UNIT(.MILLI.,.METRE.) );
#433 = ( NAMED_UNIT(*) PLANE_ANGLE_UNIT() SI_UNIT($,.RADIAN.) );
#434 = ( NAMED_UNIT(*) SI_UNIT($,.STERADIAN.) SOLID_ANGLE_UNIT() );
#435 = UNCERTAINTY_MEASURE_WITH_UNIT(LENGTH_MEASURE(1.E-07),#432,
  'distance_accuracy_value','confusion accuracy');
#436 = CONTEXT_DEPENDENT_SHAPE_REPRESENTATION(#437,#439);
#437 = ( REPRESENTATION_RELATIONSHIP('','',#342,#10) 
REPRESENTATION_RELATIONSHIP_WITH_TRANSFORMATION(#438) 
SHAPE_REPRESENTATION_RELATIONSHIP() );
#438 = ITEM_DEFINED_TRANSFORMATION('','',#11,#23);
#439 = PRODUCT_DEFINITION_SHAPE('Placement','Placement of an item',#440
  );
#440 = NEXT_ASSEMBLY_USAGE_OCCURRENCE('3','','',#5,#337,$);
#441 = PRODUCT_RELATED_PRODUCT_CATEGORY('part',$,(#339));
#442 = SHAPE_DEFINITION_REPRESENTATION(#443,#449);
#443 = PRODUCT_DEFINITION_SHAPE('','',#444);
#444 = PRODUCT_DEFINITION('design','',#445,#448);
#445 = PRODUCT_DEFINITION_FORMATION('','',#446);
#446 = PRODUCT('Open CASCADE STEP translator 7.9 1.4',
  'Open CASCADE STEP translator 7.9 1.4','',(#447));
#447 = PRODUCT_CONTEXT('',#2,'mechanical');
#448 = PRODUCT_DEFINITION_CONTEXT('part definition',#2,'design');
#449 = GEOMETRICALLY_BOUNDED_WIREFRAME_SHAPE_REPRESENTATION('',(#11,#450
    ),#538);
#450 = GEOMETRIC_CURVE_SET('',(#451));
#451 = TRIMMED_CURVE('',#452,(#536,PARAMETER_VALUE(0.)),(#537,
    PARAMETER_VALUE(238.32147314585)),.T.,.PARAMETER.);
#452 = B_SPLINE_CURVE_WITH_KNOTS('',3,(#453,#454,#455,#456,#457,#458,
    #459,#460,#461,#462,#463,#464,#465,#466,#467,#468,#469,#470,#471,
    #472,#473,#474,#475,#476,#477,#478,#479,#480,#481,#482,#483,#484,
    #485,#486,#487,#488,#489,#490,#491,#492,#493,#494,#495,#496,#497,
    #498,#499,#500,#501,#502,#503,#504,#505,#506,#507,#508,#509,#510,
    #511,#512,#513,#514,#515,#516,#517,#518,#519,#520,#521,#522,#523,
    #524,#525,#526,#527,#528,#529,#530,#531,#532,#533,#534,#535),
  .UNSPECIFIED.,.T.,.F.,(4,1,1,1,1,1,1,1,1,1,1,1,1,1,1,1,1,1,1,1,1,1,1,1
    ,1,1,1,1,1,1,1,1,1,1,1,1,1,1,1,1,1,1,1,1,1,1,1,1,1,1,1,1,1,1,1,1,1,1
    ,1,1,1,1,1,1,1,1,1,1,1,1,1,1,1,1,1,1,1,1,1,1,4),(0.,2.991857773064,
    5.983497042524,8.975587355445,11.967147362021,14.95979762936,
    17.951679444091,20.943342454472,23.932247334657,26.689211264254,
    29.656171674995,32.647265132644,35.638773653269,38.628488015905,
    41.517222681664,44.403769671077,47.385094126161,50.35849282677,
    53.346989393759,56.339403557205,59.331827585757,62.324143751247,
    65.316192797862,68.3083183293,71.300950406037,74.292154913373,
    77.284878118585,80.275458062486,83.267506326382,86.260134442139,
    89.252881230463,92.245618703816,95.238365479276,98.230962717757,
    101.22370950608,104.21643773906,107.20914998064,110.20189674095,
    113.19429966092,116.18691977236,119.17922213146,122.17170782739,
    125.16445013954,128.15719692786,131.14977918179,134.14250787672,
    137.13522747567,140.12791896577,143.1116688077,145.74578526665,
    148.54876065394,151.54062808014,154.53291261821,157.5250402632,
    160.51778705152,163.51030427853,166.5025954168,169.49502632285,
    172.48777311117,175.48013417247,178.47259356456,181.46497738626,
    184.45771146124,187.45034930817,190.44305095671,193.43569733015,
    196.4283655349,199.4211119346,202.41385872292,205.40648584233,
    208.39911194662,211.39183633665,214.3840932009,217.37599854107,
    220.36874532939,223.36139427374,226.35352898946,229.34540263781,
    232.33764498499,235.32991775431,238.32147314585),.UNSPECIFIED.);
#453 = CARTESIAN_POINT('',(88.650264914759,18.507139515617,
    -409.5014159478));
#454 = CARTESIAN_POINT('',(87.889664805997,17.970263222058,
    -409.864168868));
#455 = CARTESIAN_POINT('',(86.418302876702,16.820131547907,
    -410.5660129181));
#456 = CARTESIAN_POINT('',(84.33349270241,14.917063511639,
    -411.5607372843));
#457 = CARTESIAN_POINT('',(82.246439868535,13.015955536158,
    -412.5565278253));
#458 = CARTESIAN_POINT('',(80.373818371827,10.847329087382,
    -413.4504535898));
#459 = CARTESIAN_POINT('',(78.707074040479,8.498675943316,
    -414.2465041243));
#460 = CARTESIAN_POINT('',(77.098959423726,6.06829216121,-415.0147111195
    ));
#461 = CARTESIAN_POINT('',(75.879976521564,3.455324863311,
    -415.5977705177));
#462 = CARTESIAN_POINT('',(74.131208219525,0.982089002661,
    -416.4330050417));
#463 = CARTESIAN_POINT('',(75.38514459221,-2.301668782102,
    -415.8389854769));
#464 = CARTESIAN_POINT('',(78.21553326889,-2.592608645236,
    -414.4912956953));
#465 = CARTESIAN_POINT('',(80.522917362226,-4.10842049054,
    -413.3938676106));
#466 = CARTESIAN_POINT('',(83.182147470267,-4.970304200321,
    -412.1282425394));
#467 = CARTESIAN_POINT('',(85.628366347822,-5.493361504228,
    -410.9637371555));
#468 = CARTESIAN_POINT('',(88.782867392336,-6.464557979894,
    -409.4623451106));
#469 = CARTESIAN_POINT('',(89.541429880193,-2.958404353316,
    -409.097699239));
#470 = CARTESIAN_POINT('',(90.371094470656,-0.306033110645,
    -408.7000143769));
#471 = CARTESIAN_POINT('',(92.271225351958,1.956256184342,-407.792896968
    ));
#472 = CARTESIAN_POINT('',(94.42915239452,3.718513029424,-406.7634865403
    ));
#473 = CARTESIAN_POINT('',(96.713150314457,5.323937448019,
    -405.6741861965));
#474 = CARTESIAN_POINT('',(99.013586789131,6.889765013194,
    -404.5770951886));
#475 = CARTESIAN_POINT('',(101.35640549835,8.379749553218,
    -403.4598928132));
#476 = CARTESIAN_POINT('',(103.66958518763,9.924733437328,
    -402.3567529597));
#477 = CARTESIAN_POINT('',(106.04765658683,11.346041469064,
    -401.2228277458));
#478 = CARTESIAN_POINT('',(108.47290211471,12.663442757136,
    -400.0665360913));
#479 = CARTESIAN_POINT('',(110.92114301944,13.926973212581,
    -398.8993448563));
#480 = CARTESIAN_POINT('',(113.39035430524,15.140425523177,
    -397.722214786));
#481 = CARTESIAN_POINT('',(115.91762667751,16.197906260444,
    -396.517583578));
#482 = CARTESIAN_POINT('',(118.46627098515,17.188977448608,
    -395.3028380436));
#483 = CARTESIAN_POINT('',(120.96315055026,18.333234732905,
    -394.1125977044));
#484 = CARTESIAN_POINT('',(123.45348930755,19.492447432461,
    -392.9254579976));
#485 = CARTESIAN_POINT('',(125.94306465586,20.654558275422,
    -391.738679069));
#486 = CARTESIAN_POINT('',(128.42569373653,21.834480329523,
    -390.5551911189));
#487 = CARTESIAN_POINT('',(130.92213885699,22.978324258397,
    -389.3651580822));
#488 = CARTESIAN_POINT('',(133.39133228036,24.19347526173,
    -388.1880348808));
#489 = CARTESIAN_POINT('',(135.90616849438,25.288273489824,
    -386.9892903967));
#490 = CARTESIAN_POINT('',(138.38630969414,26.475076587014,
    -385.8069806623));
#491 = CARTESIAN_POINT('',(140.87752473087,27.632546755568,
    -384.6194253086));
#492 = CARTESIAN_POINT('',(143.38420590342,28.748250694056,
    -383.4245444965));
#493 = CARTESIAN_POINT('',(145.87861952208,29.896714208233,
    -382.2354745061));
#494 = CARTESIAN_POINT('',(148.37120749154,31.049882310076,
    -381.0472694428));
#495 = CARTESIAN_POINT('',(150.87875952059,32.163789184984,
    -379.851975619));
#496 = CARTESIAN_POINT('',(153.34551277854,33.3847436757,-378.6760089479
    ));
#497 = CARTESIAN_POINT('',(155.83635287983,34.54332151652,
    -377.4886310887));
#498 = CARTESIAN_POINT('',(158.29481849166,35.785744029999,
    -376.3165907002));
#499 = CARTESIAN_POINT('',(160.74676429137,37.036354367303,
    -375.1476474712));
#500 = CARTESIAN_POINT('',(163.22066827114,38.259307863396,
    -373.9682733468));
#501 = CARTESIAN_POINT('',(165.55026780697,39.728625230527,
    -372.8573865222));
#502 = CARTESIAN_POINT('',(168.24137926054,40.375391978969,
    -371.575123147));
#503 = CARTESIAN_POINT('',(169.03236582328,44.236914274732,
    -371.1946926426));
#504 = CARTESIAN_POINT('',(165.58901343645,44.479482643206,
    -372.8343525472));
#505 = CARTESIAN_POINT('',(163.50533776568,42.874890863205,
    -373.8282487771));
#506 = CARTESIAN_POINT('',(160.91808590243,41.844602123559,
    -375.0614189476));
#507 = CARTESIAN_POINT('',(158.41796129098,40.749255430604,
    -376.2531575716));
#508 = CARTESIAN_POINT('',(155.86569155821,39.753887602977,
    -377.4696338552));
#509 = CARTESIAN_POINT('',(153.27902348227,38.89266766092,
    -378.7023629592));
#510 = CARTESIAN_POINT('',(150.67984211684,38.076028316184,
    -379.9410085169));
#511 = CARTESIAN_POINT('',(148.06209454176,37.335635883609,
    -381.1884226898));
#512 = CARTESIAN_POINT('',(145.43219337948,36.651391838534,
    -382.4415708532));
#513 = CARTESIAN_POINT('',(142.80327154124,35.961226604334,
    -383.6942583243));
#514 = CARTESIAN_POINT('',(140.15543537081,35.366733483757,
    -384.9558614714));
#515 = CARTESIAN_POINT('',(137.5149891137,34.73408709268,-386.2139819706
    ));
#516 = CARTESIAN_POINT('',(134.8672128152,34.138925553032,
    -387.4755572484));
#517 = CARTESIAN_POINT('',(132.23274220175,33.474998725825,
    -388.7308620167));
#518 = CARTESIAN_POINT('',(129.59443898976,32.830944886891,
    -389.987972893));
#519 = CARTESIAN_POINT('',(126.95940089685,32.170002044629,
    -391.2435450454));
#520 = CARTESIAN_POINT('',(124.33594667019,31.454648546264,
    -392.4936528607));
#521 = CARTESIAN_POINT('',(121.70030213951,30.796637883948,
    -393.7495110011));
#522 = CARTESIAN_POINT('',(119.07033384295,30.111335082447,
    -395.0026921582));
#523 = CARTESIAN_POINT('',(116.42675855186,29.492995489872,
    -396.2622890608));
#524 = CARTESIAN_POINT('',(113.77757400344,28.906378096013,
    -397.524526777));
#525 = CARTESIAN_POINT('',(111.124178203,28.341976494333,-398.7887486753
    ));
#526 = CARTESIAN_POINT('',(108.49368167188,27.658299391499,
    -400.042179836));
#527 = CARTESIAN_POINT('',(105.87660037516,26.917770342164,
    -401.2892768261));
#528 = CARTESIAN_POINT('',(103.27116776419,26.122975792582,
    -402.5308784688));
#529 = CARTESIAN_POINT('',(100.71415015243,25.154116407408,
    -403.749590363));
#530 = CARTESIAN_POINT('',(98.192202024249,24.078064067976,
    -404.9517038133));
#531 = CARTESIAN_POINT('',(95.735421696875,22.83560927378,
    -406.1229416175));
#532 = CARTESIAN_POINT('',(93.257238935679,21.636593642963,
    -407.3043304241));
#533 = CARTESIAN_POINT('',(90.931363917285,20.108151295629,
    -408.4135004663));
#534 = CARTESIAN_POINT('',(89.409071507579,19.040411598765,
    -409.1395206639));
#535 = CARTESIAN_POINT('',(88.650264914759,18.507139515617,
    -409.5014159478));
#536 = CARTESIAN_POINT('',(88.650264914759,18.507139515617,
    -409.5014159478));
#537 = CARTESIAN_POINT('',(88.650264914759,18.507139515617,
    -409.5014159478));
#538 = ( GEOMETRIC_REPRESENTATION_CONTEXT(3) 
GLOBAL_UNCERTAINTY_ASSIGNED_CONTEXT((#542)) GLOBAL_UNIT_ASSIGNED_CONTEXT
((#539,#540,#541)) REPRESENTATION_CONTEXT('Context #1',
  '3D Context with UNIT and UNCERTAINTY') );
#539 = ( LENGTH_UNIT() NAMED_UNIT(*) SI_UNIT(.MILLI.,.METRE.) );
#540 = ( NAMED_UNIT(*) PLANE_ANGLE_UNIT() SI_UNIT($,.RADIAN.) );
#541 = ( NAMED_UNIT(*) SI_UNIT($,.STERADIAN.) SOLID_ANGLE_UNIT() );
#542 = UNCERTAINTY_MEASURE_WITH_UNIT(LENGTH_MEASURE(1.E-07),#539,
  'distance_accuracy_value','confusion accuracy');
#543 = CONTEXT_DEPENDENT_SHAPE_REPRESENTATION(#544,#546);
#544 = ( REPRESENTATION_RELATIONSHIP('','',#449,#10) 
REPRESENTATION_RELATIONSHIP_WITH_TRANSFORMATION(#545) 
SHAPE_REPRESENTATION_RELATIONSHIP() );
#545 = ITEM_DEFINED_TRANSFORMATION('','',#11,#27);
#546 = PRODUCT_DEFINITION_SHAPE('Placement','Placement of an item',#547
  );
#547 = NEXT_ASSEMBLY_USAGE_OCCURRENCE('4','','',#5,#444,$);
#548 = PRODUCT_RELATED_PRODUCT_CATEGORY('part',$,(#446));
#549 = SHAPE_DEFINITION_REPRESENTATION(#550,#556);
#550 = PRODUCT_DEFINITION_SHAPE('','',#551);
#551 = PRODUCT_DEFINITION('design','',#552,#555);
#552 = PRODUCT_DEFINITION_FORMATION('','',#553);
#553 = PRODUCT('Open CASCADE STEP translator 7.9 1.5',
  'Open CASCADE STEP translator 7.9 1.5','',(#554));
#554 = PRODUCT_CONTEXT('',#2,'mechanical');
#555 = PRODUCT_DEFINITION_CONTEXT('part definition',#2,'design');
#556 = GEOMETRICALLY_BOUNDED_WIREFRAME_SHAPE_REPRESENTATION('',(#11,#557
    ),#645);
#557 = GEOMETRIC_CURVE_SET('',(#558));
#558 = TRIMMED_CURVE('',#559,(#643,PARAMETER_VALUE(0.)),(#644,
    PARAMETER_VALUE(270.73462806094)),.T.,.PARAMETER.);
#559 = B_SPLINE_CURVE_WITH_KNOTS('',3,(#560,#561,#562,#563,#564,#565,
    #566,#567,#568,#569,#570,#571,#572,#573,#574,#575,#576,#577,#578,
    #579,#580,#581,#582,#583,#584,#585,#586,#587,#588,#589,#590,#591,
    #592,#593,#594,#595,#596,#597,#598,#599,#600,#601,#602,#603,#604,
    #605,#606,#607,#608,#609,#610,#611,#612,#613,#614,#615,#616,#617,
    #618,#619,#620,#621,#622,#623,#624,#625,#626,#627,#628,#629,#630,
    #631,#632,#633,#634,#635,#636,#637,#638,#639,#640,#641,#642),
  .UNSPECIFIED.,.T.,.F.,(4,1,1,1,1,1,1,1,1,1,1,1,1,1,1,1,1,1,1,1,1,1,1,1
    ,1,1,1,1,1,1,1,1,1,1,1,1,1,1,1,1,1,1,1,1,1,1,1,1,1,1,1,1,1,1,1,1,1,1
    ,1,1,1,1,1,1,1,1,1,1,1,1,1,1,1,1,1,1,1,1,1,1,4),(0.,3.392299572353,
    6.787968751133,10.187875887462,13.589143250972,16.990336450751,
    20.391530852041,23.792786079739,27.193839617332,30.59491348322,
    33.99613030135,37.397373072308,40.798623033254,44.199329330889,
    47.6005019541,51.001772876186,54.402899628281,57.803707455563,
    61.204457465414,64.605016217553,68.005641402855,71.406271147488,
    74.796495227777,77.853275402297,81.018424607072,84.419382780704,
    87.820640015735,91.221729230733,94.623000425754,98.024211172766,
    101.42521931161,104.82644003577,108.22769382301,111.62876568811,
    115.02977316993,118.43094810377,121.83206749316,125.23280220973,
    128.63407340485,132.03522886683,135.43604429319,138.83716103429,
    142.23813297652,145.48039290835,148.78998487154,152.19121221991,
    155.59213911686,158.99336748963,162.3914946726,165.79192829333,
    169.19271796599,172.59219791434,175.99275605253,179.39365764696,
    182.79329583256,186.19323970276,189.58756616844,192.95738870469,
    196.24403591772,199.5774299472,202.97865948018,206.37989741612,
    209.78115143539,213.11111060169,216.33561223164,219.73313508396,
    223.13375574475,226.53119387576,229.9322470421,233.33080108909,
    236.73160244152,240.1321203339,243.53159625411,246.93197510731,
    250.33121549685,253.73075902615,257.13182018933,260.53220035729,
    263.9333965743,267.33355700124,270.73462806094),.UNSPECIFIED.);
#560 = CARTESIAN_POINT('',(102.61760425946,29.04060267021,
    -392.6861516929));
#561 = CARTESIAN_POINT('',(103.68324035982,28.666668878635,
    -392.1790039482));
#562 = CARTESIAN_POINT('',(105.70644743885,28.722930848243,
    -391.2153989395));
#563 = CARTESIAN_POINT('',(108.58262247077,30.058305071836,
    -389.8443351374));
#564 = CARTESIAN_POINT('',(111.57157178244,30.811782732048,
    -388.4201238158));
#565 = CARTESIAN_POINT('',(114.5829096376,31.479924646345,
    -386.9853322602));
#566 = CARTESIAN_POINT('',(117.58695947645,32.182345103816,
    -385.5539785607));
#567 = CARTESIAN_POINT('',(120.5826672601,32.930139822895,
    -384.1265540024));
#568 = CARTESIAN_POINT('',(123.60045605576,33.559766300942,
    -382.6887273332));
#569 = CARTESIAN_POINT('',(126.6218610006,34.164691758836,
    -381.2492022958));
#570 = CARTESIAN_POINT('',(129.63865375631,34.798014705877,
    -379.8118464251));
#571 = CARTESIAN_POINT('',(132.66868482008,35.351882500798,
    -378.368262442));
#572 = CARTESIAN_POINT('',(135.71207463382,35.804960375012,
    -376.9184135596));
#573 = CARTESIAN_POINT('',(138.74937939392,36.303655468423,
    -375.4714186892));
#574 = CARTESIAN_POINT('',(141.78109594082,36.842506112406,
    -374.0270464775));
#575 = CARTESIAN_POINT('',(144.80352372902,37.44276072993,-372.587038816
    ));
#576 = CARTESIAN_POINT('',(147.81019023976,38.135665361041,
    -371.1544481049));
#577 = CARTESIAN_POINT('',(150.79489689968,38.93391210061,
    -369.7322141706));
#578 = CARTESIAN_POINT('',(153.77544076873,39.750616416726,
    -368.3119449629));
#579 = CARTESIAN_POINT('',(156.72577416979,40.694530840418,
    -366.9059407937));
#580 = CARTESIAN_POINT('',(159.64663464449,41.739457539773,
    -365.5138756729));
#581 = CARTESIAN_POINT('',(162.52884719235,42.926044788753,
    -364.1400799886));
#582 = CARTESIAN_POINT('',(165.41001576278,44.032244367316,
    -362.7668590181));
#583 = CARTESIAN_POINT('',(167.89993251636,46.194191974497,
    -361.5789533217));
#584 = CARTESIAN_POINT('',(171.6271314727,43.741681785784,
    -359.8062428313));
#585 = CARTESIAN_POINT('',(168.49660702987,40.926857317919,
    -361.2998670169));
#586 = CARTESIAN_POINT('',(165.93203621764,39.930856786275,
    -362.5222022898));
#587 = CARTESIAN_POINT('',(163.09538943483,38.410564814981,
    -363.8746191168));
#588 = CARTESIAN_POINT('',(160.30446860296,37.050754241307,
    -365.205104239));
#589 = CARTESIAN_POINT('',(157.48083226577,35.699001927822,
    -366.5511623236));
#590 = CARTESIAN_POINT('',(154.64454150164,34.401535810419,
    -367.9031947191));
#591 = CARTESIAN_POINT('',(151.80215907233,33.113258156854,
    -369.2581194045));
#592 = CARTESIAN_POINT('',(148.91536402188,31.954646225654,
    -370.6340705245));
#593 = CARTESIAN_POINT('',(146.04555321323,30.744285719106,
    -372.0019828157));
#594 = CARTESIAN_POINT('',(143.12737843505,29.685273471022,
    -373.3927824588));
#595 = CARTESIAN_POINT('',(140.22290178057,28.58262541223,
    -374.7771004609));
#596 = CARTESIAN_POINT('',(137.29009113257,27.575632178784,
    -376.1748202618));
#597 = CARTESIAN_POINT('',(134.36925130186,26.527145145282,
    -377.5668789843));
#598 = CARTESIAN_POINT('',(131.47211050371,25.401390482217,
    -378.9477255731));
#599 = CARTESIAN_POINT('',(128.56626526875,24.302591817772,
    -380.3326916484));
#600 = CARTESIAN_POINT('',(125.66698101333,23.187552785937,
    -381.7145487236));
#601 = CARTESIAN_POINT('',(122.78166781726,22.009795876079,
    -383.0898125737));
#602 = CARTESIAN_POINT('',(119.94348580634,20.762739976426,
    -384.4426970618));
#603 = CARTESIAN_POINT('',(116.87762697217,20.091397168661,
    -385.9034572768));
#604 = CARTESIAN_POINT('',(114.79272949521,17.509471180014,
    -386.8988778648));
#605 = CARTESIAN_POINT('',(111.8813235034,16.452223443418,
    -388.2864521773));
#606 = CARTESIAN_POINT('',(108.9219353726,15.745995275093,-389.696539446
    ));
#607 = CARTESIAN_POINT('',(105.934258391,14.939578352671,-391.1201958724
    ));
#608 = CARTESIAN_POINT('',(102.92920676865,14.253045378986,
    -392.5520113497));
#609 = CARTESIAN_POINT('',(99.940688598086,13.467604810158,
    -393.9760481635));
#610 = CARTESIAN_POINT('',(97.013418058761,12.44022462307,
    -395.3711491519));
#611 = CARTESIAN_POINT('',(94.113611363977,11.324485450998,
    -396.7532557136));
#612 = CARTESIAN_POINT('',(91.251368977046,10.09589942873,
    -398.1175811254));
#613 = CARTESIAN_POINT('',(88.389299530339,8.865525509125,
    -399.4818258987));
#614 = CARTESIAN_POINT('',(85.580019229757,7.495283364756,
    -400.8210647627));
#615 = CARTESIAN_POINT('',(82.746286683086,6.184309434667,
    -402.1718918351));
#616 = CARTESIAN_POINT('',(79.933042455084,4.847471561007,
    -403.5129863036));
#617 = CARTESIAN_POINT('',(77.311386493484,2.978062920663,
    -404.7633505879));
#618 = CARTESIAN_POINT('',(75.357175593239,0.540845180995,
    -405.6963922516));
#619 = CARTESIAN_POINT('',(74.37168004259,-3.463041206636,
    -406.1695947921));
#620 = CARTESIAN_POINT('',(70.794523478153,-1.99666160974,
    -407.8717986699));
#621 = CARTESIAN_POINT('',(68.142013867238,-0.939105961058,
    -409.1340344171));
#622 = CARTESIAN_POINT('',(65.160066114891,0.287849032841,
    -410.5530014587));
#623 = CARTESIAN_POINT('',(62.471431843614,1.319853570208,
    -411.8324661863));
#624 = CARTESIAN_POINT('',(59.097414670659,2.981794755212,
    -413.4377365052));
#625 = CARTESIAN_POINT('',(60.475808076697,6.761201402029,
    -412.7776331481));
#626 = CARTESIAN_POINT('',(62.028793851591,9.399309799494,
    -412.0354809045));
#627 = CARTESIAN_POINT('',(63.913075400498,12.149298464924,
    -411.1354414237));
#628 = CARTESIAN_POINT('',(65.914507155589,14.71476706173,
    -410.1797871894));
#629 = CARTESIAN_POINT('',(68.179998786264,17.01862739627,
    -409.0986269275));
#630 = CARTESIAN_POINT('',(70.556649052005,19.17385416298,
    -407.9646707865));
#631 = CARTESIAN_POINT('',(73.132083257519,21.033065051379,
    -406.7363294105));
#632 = CARTESIAN_POINT('',(75.800184613879,22.713887558125,
    -405.4640274035));
#633 = CARTESIAN_POINT('',(78.561345590373,24.213083511296,
    -404.147580975));
#634 = CARTESIAN_POINT('',(81.466136357149,25.325761364655,
    -402.7631037051));
#635 = CARTESIAN_POINT('',(84.410699711004,26.287033845879,
    -401.3598307774));
#636 = CARTESIAN_POINT('',(87.401265969525,27.056735004912,
    -399.9348337413));
#637 = CARTESIAN_POINT('',(90.405782512457,27.759427687746,
    -398.5032575118));
#638 = CARTESIAN_POINT('',(93.44455145135,28.252780101397,
    -397.0555704795));
#639 = CARTESIAN_POINT('',(96.484354866673,28.730269023606,
    -395.6074060762));
#640 = CARTESIAN_POINT('',(99.546359219374,29.014984283586,
    -394.1488543919));
#641 = CARTESIAN_POINT('',(101.59323674952,29.062920256631,
    -393.1739843788));
#642 = CARTESIAN_POINT('',(102.61760425946,29.04060267021,
    -392.6861516929));
#643 = CARTESIAN_POINT('',(102.61760425946,29.04060267021,
    -392.6861516929));
#644 = CARTESIAN_POINT('',(102.61760425946,29.04060267021,
    -392.6861516929));
#645 = ( GEOMETRIC_REPRESENTATION_CONTEXT(3) 
GLOBAL_UNCERTAINTY_ASSIGNED_CONTEXT((#649)) GLOBAL_UNIT_ASSIGNED_CONTEXT
((#646,#647,#648)) REPRESENTATION_CONTEXT('Context #1',
  '3D Context with UNIT and UNCERTAINTY') );
#646 = ( LENGTH_UNIT() NAMED_UNIT(*) SI_UNIT(.MILLI.,.METRE.) );
#647 = ( NAMED_UNIT(*) PLANE_ANGLE_UNIT() SI_UNIT($,.RADIAN.) );
#648 = ( NAMED_UNIT(*) SI_UNIT($,.STERADIAN.) SOLID_ANGLE_UNIT() );
#649 = UNCERTAINTY_MEASURE_WITH_UNIT(LENGTH_MEASURE(1.E-07),#646,
  'distance_accuracy_value','confusion accuracy');
#650 = CONTEXT_DEPENDENT_SHAPE_REPRESENTATION(#651,#653);
#651 = ( REPRESENTATION_RELATIONSHIP('','',#556,#10) 
REPRESENTATION_RELATIONSHIP_WITH_TRANSFORMATION(#652) 
SHAPE_REPRESENTATION_RELATIONSHIP() );
#652 = ITEM_DEFINED_TRANSFORMATION('','',#11,#31);
#653 = PRODUCT_DEFINITION_SHAPE('Placement','Placement of an item',#654
  );
#654 = NEXT_ASSEMBLY_USAGE_OCCURRENCE('5','','',#5,#551,$);
#655 = PRODUCT_RELATED_PRODUCT_CATEGORY('part',$,(#553));
#656 = SHAPE_DEFINITION_REPRESENTATION(#657,#663);
#657 = PRODUCT_DEFINITION_SHAPE('','',#658);
#658 = PRODUCT_DEFINITION('design','',#659,#662);
#659 = PRODUCT_DEFINITION_FORMATION('','',#660);
#660 = PRODUCT('Open CASCADE STEP translator 7.9 1.6',
  'Open CASCADE STEP translator 7.9 1.6','',(#661));
#661 = PRODUCT_CONTEXT('',#2,'mechanical');
#662 = PRODUCT_DEFINITION_CONTEXT('part definition',#2,'design');
#663 = GEOMETRICALLY_BOUNDED_WIREFRAME_SHAPE_REPRESENTATION('',(#11,#664
    ),#752);
#664 = GEOMETRIC_CURVE_SET('',(#665));
#665 = TRIMMED_CURVE('',#666,(#750,PARAMETER_VALUE(0.)),(#751,
    PARAMETER_VALUE(303.24081493464)),.T.,.PARAMETER.);
#666 = B_SPLINE_CURVE_WITH_KNOTS('',3,(#667,#668,#669,#670,#671,#672,
    #673,#674,#675,#676,#677,#678,#679,#680,#681,#682,#683,#684,#685,
    #686,#687,#688,#689,#690,#691,#692,#693,#694,#695,#696,#697,#698,
    #699,#700,#701,#702,#703,#704,#705,#706,#707,#708,#709,#710,#711,
    #712,#713,#714,#715,#716,#717,#718,#719,#720,#721,#722,#723,#724,
    #725,#726,#727,#728,#729,#730,#731,#732,#733,#734,#735,#736,#737,
    #738,#739,#740,#741,#742,#743,#744,#745,#746,#747,#748,#749),
  .UNSPECIFIED.,.T.,.F.,(4,1,1,1,1,1,1,1,1,1,1,1,1,1,1,1,1,1,1,1,1,1,1,1
    ,1,1,1,1,1,1,1,1,1,1,1,1,1,1,1,1,1,1,1,1,1,1,1,1,1,1,1,1,1,1,1,1,1,1
    ,1,1,1,1,1,1,1,1,1,1,1,1,1,1,1,1,1,1,1,1,1,1,4),(0.,3.790903428795,
    7.608724650717,11.426396501012,15.244010363457,19.061396278759,
    22.879051829737,26.696183371686,30.512424147967,34.327659597451,
    38.143459781779,41.960774862808,45.778034354042,49.594467929087,
    53.409919850531,57.215661127934,61.00805458699,64.600681755926,
    68.350106756854,72.167927008614,75.985866842799,79.652151098833,
    83.312788004642,87.129491667549,90.937534280836,94.753952868869,
    98.569481541305,102.38587464378,106.2036554182,110.02103034469,
    113.8366426151,117.65309012459,121.46885216651,125.28600120232,
    129.10258333142,132.92039113029,136.73313661987,140.54667066901,
    144.36226806867,147.90684212076,151.71485351716,155.52589799902,
    159.33963107737,163.15570058,166.97326039217,170.79073521792,
    174.60865689407,178.42605567783,182.24386116693,186.06177208007,
    189.87966743661,193.69762363817,197.51526177808,201.33289597319,
    205.15077422443,208.96838692953,212.78570229221,216.60319983372,
    220.42035365602,224.23804334589,228.04966934062,231.43227034219,
    234.9545838134,238.77255619285,242.59050215526,246.40847000238,
    250.22634431951,254.04393299108,257.86158578344,261.67929344607,
    265.49726582552,269.31493630856,273.13282513814,276.95069955422,
    280.76821329337,284.58596364939,288.40284088392,292.21991300443,
    296.03610781245,299.64498756427,303.24081493464),.UNSPECIFIED.);
#667 = CARTESIAN_POINT('',(114.74944109069,18.400650743816,
    -376.7654622267));
#668 = CARTESIAN_POINT('',(113.66632328613,17.993922379483,
    -377.2816884359));
#669 = CARTESIAN_POINT('',(111.46040875457,17.315311449477,
    -378.3329078733));
#670 = CARTESIAN_POINT('',(108.08808297234,16.560796213274,
    -379.939702933));
#671 = CARTESIAN_POINT('',(104.70855658406,15.813142952959,
    -381.5499206584));
#672 = CARTESIAN_POINT('',(101.3090726171,15.182990029221,
    -383.1695298554));
#673 = CARTESIAN_POINT('',(97.907104987356,14.569638761718,
    -384.7903056925));
#674 = CARTESIAN_POINT('',(94.483626128856,14.119827395946,
    -386.4211685284));
#675 = CARTESIAN_POINT('',(91.05156993123,13.780606450921,
    -388.0560096695));
#676 = CARTESIAN_POINT('',(87.616718615426,13.462836192698,
    -389.6921612977));
#677 = CARTESIAN_POINT('',(84.211347930353,12.878252546849,
    -391.3145300957));
#678 = CARTESIAN_POINT('',(80.808098556017,12.278801121703,
    -392.9359029585));
#679 = CARTESIAN_POINT('',(77.443969854104,11.449749950859,
    -394.5388660426));
#680 = CARTESIAN_POINT('',(74.066717931788,10.684496405976,
    -396.1480175279));
#681 = CARTESIAN_POINT('',(70.762449120403,9.584358688523,
    -397.7227338042));
#682 = CARTESIAN_POINT('',(67.46794258786,8.522343715355,-399.2927640401
    ));
#683 = CARTESIAN_POINT('',(64.314668807554,6.803290764138,
    -400.7961658928));
#684 = CARTESIAN_POINT('',(61.967798224446,4.285550336532,-401.916289067
    ));
#685 = CARTESIAN_POINT('',(60.253346753233,0.173630752035,
    -402.7367604615));
#686 = CARTESIAN_POINT('',(56.515260771254,2.196041656418,
    -404.5150706474));
#687 = CARTESIAN_POINT('',(53.477477563552,3.515366683927,
    -405.9605402047));
#688 = CARTESIAN_POINT('',(50.473882553233,4.869266740663,
    -407.3896943185));
#689 = CARTESIAN_POINT('',(46.738176808313,6.816459848112,
    -409.1669434533));
#690 = CARTESIAN_POINT('',(48.509273961745,10.991744468634,
    -408.319433493));
#691 = CARTESIAN_POINT('',(50.304539363841,13.900826634709,
    -407.4616344622));
#692 = CARTESIAN_POINT('',(52.390126893378,17.02279651972,-406.465364456
    ));
#693 = CARTESIAN_POINT('',(54.813859910752,19.724344996565,
    -405.3084583572));
#694 = CARTESIAN_POINT('',(57.516787208509,22.10784675511,
    -404.0188929079));
#695 = CARTESIAN_POINT('',(60.423428737544,24.164695832016,
    -402.6326237202));
#696 = CARTESIAN_POINT('',(63.445277181532,25.997110668105,
    -401.1917037604));
#697 = CARTESIAN_POINT('',(66.539488262147,27.69811585222,
    -399.7164478752));
#698 = CARTESIAN_POINT('',(69.840301312196,28.825027357101,
    -398.1433515836));
#699 = CARTESIAN_POINT('',(73.196540393261,29.711899438962,
    -396.5440901667));
#700 = CARTESIAN_POINT('',(76.63487012521,30.07279331337,-394.90624036)
  );
#701 = CARTESIAN_POINT('',(80.078650878436,30.197675798478,
    -393.266022102));
#702 = CARTESIAN_POINT('',(83.522754611801,30.260001409576,
    -391.6257103505));
#703 = CARTESIAN_POINT('',(86.975872522427,30.236653872678,
    -389.9811882216));
#704 = CARTESIAN_POINT('',(90.38401870293,29.726292717103,
    -388.3585534856));
#705 = CARTESIAN_POINT('',(93.801793575908,28.92904747054,
    -386.7316097438));
#706 = CARTESIAN_POINT('',(96.776734021661,27.478098717891,
    -385.3161959305));
#707 = CARTESIAN_POINT('',(100.56375094841,26.686371258896,
    -383.5133956349));
#708 = CARTESIAN_POINT('',(102.48869609149,30.380286831526,
    -382.5930798917));
#709 = CARTESIAN_POINT('',(105.70711585235,31.868695528365,
    -381.0588747353));
#710 = CARTESIAN_POINT('',(108.94521085274,33.159585000478,
    -379.5154897357));
#711 = CARTESIAN_POINT('',(112.35483508539,33.792002499517,
    -377.8910490614));
#712 = CARTESIAN_POINT('',(115.74694592802,34.448563093231,
    -376.2749258432));
#713 = CARTESIAN_POINT('',(119.17082980792,34.899900946334,
    -374.6438686441));
#714 = CARTESIAN_POINT('',(122.58983821245,35.386127051528,
    -373.0150997425));
#715 = CARTESIAN_POINT('',(126.03061166016,35.636882244812,
    -371.3761923283));
#716 = CARTESIAN_POINT('',(129.45547391177,36.069146847072,
    -369.7446875734));
#717 = CARTESIAN_POINT('',(132.88779351998,36.420752427744,
    -368.1097090404));
#718 = CARTESIAN_POINT('',(136.31037960477,36.874977932135,
    -366.4792671305));
#719 = CARTESIAN_POINT('',(139.73090883541,37.343759568111,
    -364.8497907589));
#720 = CARTESIAN_POINT('',(143.14911666287,37.834934345631,
    -363.2213983592));
#721 = CARTESIAN_POINT('',(146.55117354645,38.453223179189,
    -361.6005752536));
#722 = CARTESIAN_POINT('',(149.92828597186,39.217340724199,
    -359.9914912991));
#723 = CARTESIAN_POINT('',(153.29323200721,40.045069224319,
    -358.3881402361));
#724 = CARTESIAN_POINT('',(156.62998975171,40.998851770544,
    -356.7980922663));
#725 = CARTESIAN_POINT('',(159.95384443586,42.016519590871,
    -355.214127762));
#726 = CARTESIAN_POINT('',(163.19744681422,43.303898178231,
    -353.6681232637));
#727 = CARTESIAN_POINT('',(166.52118557114,44.351112000145,
    -352.0841854776));
#728 = CARTESIAN_POINT('',(169.20733912529,46.874728374222,
    -350.8024733934));
#729 = CARTESIAN_POINT('',(173.5375324289,44.231308210346,
    -348.7427714276));
#730 = CARTESIAN_POINT('',(169.75424852981,41.298026744859,
    -350.5473860141));
#731 = CARTESIAN_POINT('',(166.93039552271,40.223441352213,
    -351.8932800069));
#732 = CARTESIAN_POINT('',(163.70730727465,38.569397158812,
    -353.4298682541));
#733 = CARTESIAN_POINT('',(160.55853790096,37.094778651408,
    -354.9308891711));
#734 = CARTESIAN_POINT('',(157.35880625975,35.653879444545,
    -356.4561483106));
#735 = CARTESIAN_POINT('',(154.14452699418,34.283353351875,
    -357.9882678816));
#736 = CARTESIAN_POINT('',(150.92446933597,32.919728663645,
    -359.5231327523));
#737 = CARTESIAN_POINT('',(147.65324434032,31.716562748062,
    -361.082211291));
#738 = CARTESIAN_POINT('',(144.37506655165,30.537887792893,
    -362.6445774746));
#739 = CARTESIAN_POINT('',(141.06822919975,29.461127400197,
    -364.2204944728));
#740 = CARTESIAN_POINT('',(137.75767735742,28.399422838662,
    -365.7981659752));
#741 = CARTESIAN_POINT('',(134.41957695746,27.445573410406,
    -367.3888534482));
#742 = CARTESIAN_POINT('',(131.05720901108,26.609821880584,
    -368.9909844352));
#743 = CARTESIAN_POINT('',(127.68446681239,25.8109792853,-370.5980205592
    ));
#744 = CARTESIAN_POINT('',(124.31646122197,25.058939935997,
    -372.2027557434));
#745 = CARTESIAN_POINT('',(120.91052933901,24.244483547043,
    -373.8256134849));
#746 = CARTESIAN_POINT('',(117.70875358953,23.665515320031,
    -375.3510149424));
#747 = CARTESIAN_POINT('',(114.05730421557,22.346195065633,
    -377.0912870486));
#748 = CARTESIAN_POINT('',(113.87928489439,20.082628433752,
    -377.1782514359));
#749 = CARTESIAN_POINT('',(114.74944109069,18.400650743816,
    -376.7654622267));
#750 = CARTESIAN_POINT('',(114.74944109069,18.400650743816,
    -376.7654622267));
#751 = CARTESIAN_POINT('',(114.74944109069,18.400650743816,
    -376.7654622267));
#752 = ( GEOMETRIC_REPRESENTATION_CONTEXT(3) 
GLOBAL_UNCERTAINTY_ASSIGNED_CONTEXT((#756)) GLOBAL_UNIT_ASSIGNED_CONTEXT
((#753,#754,#755)) REPRESENTATION_CONTEXT('Context #1',
  '3D Context with UNIT and UNCERTAINTY') );
#753 = ( LENGTH_UNIT() NAMED_UNIT(*) SI_UNIT(.MILLI.,.METRE.) );
#754 = ( NAMED_UNIT(*) PLANE_ANGLE_UNIT() SI_UNIT($,.RADIAN.) );
#755 = ( NAMED_UNIT(*) SI_UNIT($,.STERADIAN.) SOLID_ANGLE_UNIT() );
#756 = UNCERTAINTY_MEASURE_WITH_UNIT(LENGTH_MEASURE(1.E-07),#753,
  'distance_accuracy_value','confusion accuracy');
#757 = CONTEXT_DEPENDENT_SHAPE_REPRESENTATION(#758,#760);
#758 = ( REPRESENTATION_RELATIONSHIP('','',#663,#10) 
REPRESENTATION_RELATIONSHIP_WITH_TRANSFORMATION(#759) 
SHAPE_REPRESENTATION_RELATIONSHIP() );
#759 = ITEM_DEFINED_TRANSFORMATION('','',#11,#35);
#760 = PRODUCT_DEFINITION_SHAPE('Placement','Placement of an item',#761
  );
#761 = NEXT_ASSEMBLY_USAGE_OCCURRENCE('6','','',#5,#658,$);
#762 = PRODUCT_RELATED_PRODUCT_CATEGORY('part',$,(#660));
#763 = SHAPE_DEFINITION_REPRESENTATION(#764,#770);
#764 = PRODUCT_DEFINITION_SHAPE('','',#765);
#765 = PRODUCT_DEFINITION('design','',#766,#769);
#766 = PRODUCT_DEFINITION_FORMATION('','',#767);
#767 = PRODUCT('Open CASCADE STEP translator 7.9 1.7',
  'Open CASCADE STEP translator 7.9 1.7','',(#768));
#768 = PRODUCT_CONTEXT('',#2,'mechanical');
#769 = PRODUCT_DEFINITION_CONTEXT('part definition',#2,'design');
#770 = GEOMETRICALLY_BOUNDED_WIREFRAME_SHAPE_REPRESENTATION('',(#11,#771
    ),#859);
#771 = GEOMETRIC_CURVE_SET('',(#772));
#772 = TRIMMED_CURVE('',#773,(#857,PARAMETER_VALUE(0.)),(#858,
    PARAMETER_VALUE(350.74017220293)),.T.,.PARAMETER.);
#773 = B_SPLINE_CURVE_WITH_KNOTS('',3,(#774,#775,#776,#777,#778,#779,
    #780,#781,#782,#783,#784,#785,#786,#787,#788,#789,#790,#791,#792,
    #793,#794,#795,#796,#797,#798,#799,#800,#801,#802,#803,#804,#805,
    #806,#807,#808,#809,#810,#811,#812,#813,#814,#815,#816,#817,#818,
    #819,#820,#821,#822,#823,#824,#825,#826,#827,#828,#829,#830,#831,
    #832,#833,#834,#835,#836,#837,#838,#839,#840,#841,#842,#843,#844,
    #845,#846,#847,#848,#849,#850,#851,#852,#853,#854,#855,#856),
  .UNSPECIFIED.,.T.,.F.,(4,1,1,1,1,1,1,1,1,1,1,1,1,1,1,1,1,1,1,1,1,1,1,1
    ,1,1,1,1,1,1,1,1,1,1,1,1,1,1,1,1,1,1,1,1,1,1,1,1,1,1,1,1,1,1,1,1,1,1
    ,1,1,1,1,1,1,1,1,1,1,1,1,1,1,1,1,1,1,1,1,1,1,4),(0.,4.449610481799,
    8.899610108281,13.341207388132,17.794781058171,22.237552240566,
    26.408916177704,30.383552021405,34.823884579037,39.224616330322,
    43.662442959495,48.118785869811,52.575003405071,57.02905247228,
    61.482540813808,65.939303238117,70.396313678423,74.852944813526,
    79.309067423551,83.765320799158,88.221998382923,92.679018166349,
    97.135729604207,101.59230680948,106.04932305766,109.5972958938,
    113.97652646129,117.14229366129,121.59857038359,126.05391051291,
    130.51022096891,134.96670701881,139.42349899723,143.88044772459,
    148.33744781485,152.79415741029,157.25104046194,161.7078534355,
    166.16482140083,170.6215460346,175.07843479133,179.53537448686,
    183.98307300168,187.53019146165,191.85760149707,196.31363071852,
    200.76988389589,205.22628096729,209.68295153741,214.13897138637,
    218.59592746772,223.05224985236,227.50884196463,231.96586174806,
    236.42285578409,240.87956066843,245.33634619616,249.79332454746,
    254.25034318887,258.70724303552,263.15932068104,267.58546692845,
    271.76763151094,276.11984491253,280.3384683862,284.08818900214,
    288.38443622228,292.83989034973,297.29595398254,301.75193708636,
    306.20826393757,310.66528318075,315.1211394659,319.57218273948,
    324.02616097242,328.48182839017,332.93415123342,337.37913592665,
    341.83298505236,346.28798826978,350.74017220293),.UNSPECIFIED.);
#774 = CARTESIAN_POINT('',(50.401282871739,27.342071049249,
    -397.2494263189));
#775 = CARTESIAN_POINT('',(49.252628289605,26.597380858206,
    -397.7971902731));
#776 = CARTESIAN_POINT('',(47.019489596078,24.902723190635,
    -398.8623550014));
#777 = CARTESIAN_POINT('',(44.172471474428,21.765105817365,
    -400.2212708075));
#778 = CARTESIAN_POINT('',(41.949721444855,17.911162883453,
    -401.2835702091));
#779 = CARTESIAN_POINT('',(41.118148697281,13.703921076865,
    -401.6836632396));
#780 = CARTESIAN_POINT('',(39.160031168596,9.151098267727,
    -402.6206055759));
#781 = CARTESIAN_POINT('',(42.96168392942,5.91992573379,-400.813187409)
  );
#782 = CARTESIAN_POINT('',(47.068286830232,7.163182856052,
    -398.8562221496));
#783 = CARTESIAN_POINT('',(48.865747606384,11.263195935051,
    -397.9962291218));
#784 = CARTESIAN_POINT('',(52.703170528631,13.134650406438,
    -396.1668548218));
#785 = CARTESIAN_POINT('',(56.603605927717,13.978977566492,
    -394.3084613709));
#786 = CARTESIAN_POINT('',(60.600106371855,14.539302590598,
    -392.4045908912));
#787 = CARTESIAN_POINT('',(64.613739752042,14.830082125901,
    -390.4928207956));
#788 = CARTESIAN_POINT('',(68.633806542835,14.963029058856,
    -388.5781389962));
#789 = CARTESIAN_POINT('',(72.658085357451,15.023579813378,
    -386.6615210377));
#790 = CARTESIAN_POINT('',(76.673187567701,14.708789383072,
    -384.749635383));
#791 = CARTESIAN_POINT('',(80.69364339524,14.522042798171,
    -382.8350765956));
#792 = CARTESIAN_POINT('',(84.718298994402,14.485840622092,
    -380.9183724956));
#793 = CARTESIAN_POINT('',(88.740187717092,14.631812377129,
    -379.0028104424));
#794 = CARTESIAN_POINT('',(92.756233654639,14.920719760407,
    -377.0898931736));
#795 = CARTESIAN_POINT('',(96.76013714913,15.33687523535,-375.1826360244
    ));
#796 = CARTESIAN_POINT('',(100.76648872537,15.848197583504,
    -373.2741212057));
#797 = CARTESIAN_POINT('',(104.71710673563,16.473909700863,
    -371.3920391437));
#798 = CARTESIAN_POINT('',(108.77505204499,17.478878027864,
    -369.4584768127));
#799 = CARTESIAN_POINT('',(112.07214855932,17.781321537009,
    -367.8879455785));
#800 = CARTESIAN_POINT('',(116.88071882394,20.629708135905,
    -365.5951210471));
#801 = CARTESIAN_POINT('',(110.82561318371,24.252661020232,
    -368.4753665399));
#802 = CARTESIAN_POINT('',(116.1954071792,25.506446591085,
    -365.9167973789));
#803 = CARTESIAN_POINT('',(119.25095198404,25.192650231147,
    -364.4618992126));
#804 = CARTESIAN_POINT('',(123.42558184316,25.786975965306,
    -362.4731619535));
#805 = CARTESIAN_POINT('',(127.37282044463,26.299381806483,
    -360.592798597));
#806 = CARTESIAN_POINT('',(131.34573625868,27.09971397398,
    -358.6999288322));
#807 = CARTESIAN_POINT('',(135.28738150604,27.978203951004,
    -356.8218762798));
#808 = CARTESIAN_POINT('',(139.18767533931,29.080547430398,
    -354.9633014363));
#809 = CARTESIAN_POINT('',(143.08568691853,30.184729631717,
    -353.1058117414));
#810 = CARTESIAN_POINT('',(146.94441043011,31.448403708276,
    -351.2668791543));
#811 = CARTESIAN_POINT('',(150.78837571611,32.767862645303,
    -349.4349213652));
#812 = CARTESIAN_POINT('',(154.57514707439,34.271150245141,
    -347.6300248667));
#813 = CARTESIAN_POINT('',(158.36711933503,35.77646681181,
    -345.8226494861));
#814 = CARTESIAN_POINT('',(162.08454836375,37.432522305684,
    -344.0506298978));
#815 = CARTESIAN_POINT('',(165.9151397279,39.010676365644,
    -342.2247919606));
#816 = CARTESIAN_POINT('',(169.22595154386,41.13527776572,
    -340.6459716613));
#817 = CARTESIAN_POINT('',(174.01855975388,41.450985283425,
    -338.363191387));
#818 = CARTESIAN_POINT('',(172.91927372723,47.728528859339,
    -338.8806718471));
#819 = CARTESIAN_POINT('',(168.4808355516,44.884283667287,
    -340.9972172735));
#820 = CARTESIAN_POINT('',(165.04720161397,43.700360405367,
    -342.6336243847));
#821 = CARTESIAN_POINT('',(161.1210366527,42.286229827204,
    -344.5048209982));
#822 = CARTESIAN_POINT('',(157.25822789359,41.151124008057,
    -346.3455751988));
#823 = CARTESIAN_POINT('',(153.33366328152,40.130530536758,
    -348.2156301472));
#824 = CARTESIAN_POINT('',(149.38152879217,39.30280225635,
    -350.0986292417));
#825 = CARTESIAN_POINT('',(145.41139756373,38.575983166506,
    -351.9901019589));
#826 = CARTESIAN_POINT('',(141.42184974489,37.991162958004,
    -353.8906848777));
#827 = CARTESIAN_POINT('',(137.4156329163,37.573994870617,-355.799044727
    ));
#828 = CARTESIAN_POINT('',(133.41085845427,37.144712243369,
    -357.7067293328));
#829 = CARTESIAN_POINT('',(129.40433421598,36.728415999157,
    -359.615234745));
#830 = CARTESIAN_POINT('',(125.38618618865,36.475032591122,
    -361.5291188755));
#831 = CARTESIAN_POINT('',(121.36381663284,36.35064418754,
    -363.4448891116));
#832 = CARTESIAN_POINT('',(117.34550584287,36.110785106381,
    -365.3588377157));
#833 = CARTESIAN_POINT('',(113.3257434583,35.920003143019,-367.273430314
    ));
#834 = CARTESIAN_POINT('',(109.31700690223,35.475229331752,
    -369.1830168025));
#835 = CARTESIAN_POINT('',(105.37767689822,34.654998973375,
    -371.0599105406));
#836 = CARTESIAN_POINT('',(101.55490668626,33.462534373469,
    -372.881651728));
#837 = CARTESIAN_POINT('',(98.967934733709,29.003676281597,
    -374.1179948677));
#838 = CARTESIAN_POINT('',(102.11437339302,25.330109835243,
    -372.6230485069));
#839 = CARTESIAN_POINT('',(104.02426046313,22.654373959455,
    -371.7160466125));
#840 = CARTESIAN_POINT('',(109.88207104521,20.674966662227,
    -368.9281778111));
#841 = CARTESIAN_POINT('',(103.2855829692,20.646540204961,-372.069777395
    ));
#842 = CARTESIAN_POINT('',(100.20836518122,21.653346413254,
    -373.5343290113));
#843 = CARTESIAN_POINT('',(96.119958930572,22.86698281701,
    -375.4802588715));
#844 = CARTESIAN_POINT('',(92.377444705472,24.342904626765,
    -377.2612050011));
#845 = CARTESIAN_POINT('',(88.663117539778,26.103358669443,
    -379.0284526829));
#846 = CARTESIAN_POINT('',(85.020988032306,27.989433572289,
    -380.7611951476));
#847 = CARTESIAN_POINT('',(81.364292838848,29.845169938925,
    -382.500903765));
#848 = CARTESIAN_POINT('',(77.571200247487,31.376220267424,
    -384.3058846389));
#849 = CARTESIAN_POINT('',(73.59948583781,32.142336177949,
    -386.1966716611));
#850 = CARTESIAN_POINT('',(69.608400837354,32.720389065619,
    -388.0968652667));
#851 = CARTESIAN_POINT('',(65.585464258278,32.77642907848,
    -390.0127315545));
#852 = CARTESIAN_POINT('',(61.557549178798,32.376521998444,
    -391.9314085331));
#853 = CARTESIAN_POINT('',(57.73368509176,30.950551082701,-393.753895855
    ));
#854 = CARTESIAN_POINT('',(53.934191863552,29.485495115802,
    -395.5648142659));
#855 = CARTESIAN_POINT('',(51.545306528573,28.130101289855,
    -396.703826045));
#856 = CARTESIAN_POINT('',(50.401282871739,27.342071049249,
    -397.2494263189));
#857 = CARTESIAN_POINT('',(50.401282871739,27.342071049249,
    -397.2494263189));
#858 = CARTESIAN_POINT('',(50.401282871739,27.342071049249,
    -397.2494263189));
#859 = ( GEOMETRIC_REPRESENTATION_CONTEXT(3) 
GLOBAL_UNCERTAINTY_ASSIGNED_CONTEXT((#863)) GLOBAL_UNIT_ASSIGNED_CONTEXT
((#860,#861,#862)) REPRESENTATION_CONTEXT('Context #1',
  '3D Context with UNIT and UNCERTAINTY') );
#860 = ( LENGTH_UNIT() NAMED_UNIT(*) SI_UNIT(.MILLI.,.METRE.) );
#861 = ( NAMED_UNIT(*) PLANE_ANGLE_UNIT() SI_UNIT($,.RADIAN.) );
#862 = ( NAMED_UNIT(*) SI_UNIT($,.STERADIAN.) SOLID_ANGLE_UNIT() );
#863 = UNCERTAINTY_MEASURE_WITH_UNIT(LENGTH_MEASURE(1.E-07),#860,
  'distance_accuracy_value','confusion accuracy');
#864 = CONTEXT_DEPENDENT_SHAPE_REPRESENTATION(#865,#867);
#865 = ( REPRESENTATION_RELATIONSHIP('','',#770,#10) 
REPRESENTATION_RELATIONSHIP_WITH_TRANSFORMATION(#866) 
SHAPE_REPRESENTATION_RELATIONSHIP() );
#866 = ITEM_DEFINED_TRANSFORMATION('','',#11,#39);
#867 = PRODUCT_DEFINITION_SHAPE('Placement','Placement of an item',#868
  );
#868 = NEXT_ASSEMBLY_USAGE_OCCURRENCE('7','','',#5,#765,$);
#869 = PRODUCT_RELATED_PRODUCT_CATEGORY('part',$,(#767));
#870 = SHAPE_DEFINITION_REPRESENTATION(#871,#877);
#871 = PRODUCT_DEFINITION_SHAPE('','',#872);
#872 = PRODUCT_DEFINITION('design','',#873,#876);
#873 = PRODUCT_DEFINITION_FORMATION('','',#874);
#874 = PRODUCT('Open CASCADE STEP translator 7.9 1.8',
  'Open CASCADE STEP translator 7.9 1.8','',(#875));
#875 = PRODUCT_CONTEXT('',#2,'mechanical');
#876 = PRODUCT_DEFINITION_CONTEXT('part definition',#2,'design');
#877 = GEOMETRICALLY_BOUNDED_WIREFRAME_SHAPE_REPRESENTATION('',(#11,#878
    ),#966);
#878 = GEOMETRIC_CURVE_SET('',(#879));
#879 = TRIMMED_CURVE('',#880,(#964,PARAMETER_VALUE(0.)),(#965,
    PARAMETER_VALUE(347.35281501825)),.T.,.PARAMETER.);
#880 = B_SPLINE_CURVE_WITH_KNOTS('',3,(#881,#882,#883,#884,#885,#886,
    #887,#888,#889,#890,#891,#892,#893,#894,#895,#896,#897,#898,#899,
    #900,#901,#902,#903,#904,#905,#906,#907,#908,#909,#910,#911,#912,
    #913,#914,#915,#916,#917,#918,#919,#920,#921,#922,#923,#924,#925,
    #926,#927,#928,#929,#930,#931,#932,#933,#934,#935,#936,#937,#938,
    #939,#940,#941,#942,#943,#944,#945,#946,#947,#948,#949,#950,#951,
    #952,#953,#954,#955,#956,#957,#958,#959,#960,#961,#962,#963),
  .UNSPECIFIED.,.T.,.F.,(4,1,1,1,1,1,1,1,1,1,1,1,1,1,1,1,1,1,1,1,1,1,1,1
    ,1,1,1,1,1,1,1,1,1,1,1,1,1,1,1,1,1,1,1,1,1,1,1,1,1,1,1,1,1,1,1,1,1,1
    ,1,1,1,1,1,1,1,1,1,1,1,1,1,1,1,1,1,1,1,1,1,1,4),(0.,4.401991747376,
    8.826534886589,13.255869803465,17.683621003065,22.111044029653,
    26.542133032176,30.974216884173,35.407453850625,39.841580486626,
    44.275607306134,48.708974713388,53.142068997673,57.574561600762,
    62.006897129094,66.440073373006,70.873702381991,75.289977192294,
    77.221832619791,81.655976614094,85.683832311218,90.057212730538,
    93.9312984159,98.327952030199,102.75963636901,107.19285156079,
    111.62691890864,116.06079470043,120.49492058404,124.9284379863,
    129.36236684946,133.79647675171,138.23042078215,142.66445367034,
    147.09845008592,151.53224516243,155.96583690478,160.39990059826,
    164.83353257804,169.26675054447,173.70014353348,177.70440688885,
    181.3637419561,185.79774505353,190.23188904783,194.66575341628,
    199.09954861259,203.53354515399,207.96760321019,212.40172659359,
    216.83546289237,221.2695689737,225.70352990375,230.13722742608,
    234.5709190906,239.00473604698,243.43820479939,247.87131087699,
    252.28949779209,255.3851555932,259.18249142054,263.59978345454,
    268.03333566272,272.46741078678,276.90065178699,281.33422073197,
    285.76787539453,290.2015522517,294.635567666,299.06935242292,
    303.5030700294,307.93682207108,312.37022531127,316.80347446222,
    321.23625417832,325.66886894268,330.09977863254,334.53271221649,
    338.95924892498,343.05472053772,347.35281501825),.UNSPECIFIED.);
#881 = CARTESIAN_POINT('',(44.641280854652,30.849613877233,
    -389.8360679268));
#882 = CARTESIAN_POINT('',(45.703369360272,31.777113122964,
    -389.3293547089));
#883 = CARTESIAN_POINT('',(48.038516720067,33.194783193485,
    -388.2158755426));
#884 = CARTESIAN_POINT('',(51.931790397192,34.309087571656,
    -386.3606325086));
#885 = CARTESIAN_POINT('',(55.896435384405,34.911539505218,
    -384.4718925405));
#886 = CARTESIAN_POINT('',(59.913373157234,34.85597181509,-382.558882724
    ));
#887 = CARTESIAN_POINT('',(63.865005307349,34.030719070456,
    -380.6777168893));
#888 = CARTESIAN_POINT('',(67.624752701417,32.495059120489,
    -378.8886210841));
#889 = CARTESIAN_POINT('',(71.348806306912,30.873211430389,
    -377.1166075307));
#890 = CARTESIAN_POINT('',(74.988827324161,29.023649354642,
    -375.3848340223));
#891 = CARTESIAN_POINT('',(78.582939883956,27.067472149121,
    -373.6750271924));
#892 = CARTESIAN_POINT('',(82.281082651852,25.365008137349,
    -371.9154313955));
#893 = CARTESIAN_POINT('',(86.015340769343,23.75858438386,
    -370.1385430777));
#894 = CARTESIAN_POINT('',(89.833072809027,22.435772352875,
    -368.3216268755));
#895 = CARTESIAN_POINT('',(93.725956127507,21.309638525563,
    -366.4687302739));
#896 = CARTESIAN_POINT('',(97.624625120686,20.643726535988,
    -364.6126344431));
#897 = CARTESIAN_POINT('',(101.83576207367,20.138196239632,
    -362.6075713353));
#898 = CARTESIAN_POINT('',(105.01730032024,20.578422739937,
    -361.0919417653));
#899 = CARTESIAN_POINT('',(110.73508055281,19.368306305612,
    -358.3700204547));
#900 = CARTESIAN_POINT('',(108.00883595609,23.232135424855,
    -359.664666253));
#901 = CARTESIAN_POINT('',(104.2362031081,22.104821258116,
    -361.4624667343));
#902 = CARTESIAN_POINT('',(103.03141069561,27.157197933023,
    -362.031375993));
#903 = CARTESIAN_POINT('',(100.39506370916,29.779841124212,
    -363.2844050405));
#904 = CARTESIAN_POINT('',(100.1278456666,35.18635993735,-363.4064537449
    ));
#905 = CARTESIAN_POINT('',(104.80623522774,35.661214874752,-361.17791654
    ));
#906 = CARTESIAN_POINT('',(108.50719067262,36.322581663913,
    -359.4147016922));
#907 = CARTESIAN_POINT('',(112.57113071133,36.599746549518,
    -357.4789862197));
#908 = CARTESIAN_POINT('',(116.55108252644,36.806427327716,
    -355.5833380416));
#909 = CARTESIAN_POINT('',(120.55768979223,36.949654113607,
    -353.675056417));
#910 = CARTESIAN_POINT('',(124.55994031521,36.934659153346,
    -351.7690022659));
#911 = CARTESIAN_POINT('',(128.56172320874,37.092259926944,
    -349.8630043835));
#912 = CARTESIAN_POINT('',(132.55652235328,37.379858318685,
    -347.9602071452));
#913 = CARTESIAN_POINT('',(136.54491300443,37.761339032666,
    -346.0603714131));
#914 = CARTESIAN_POINT('',(140.53881913832,38.062028894802,
    -344.1579868459));
#915 = CARTESIAN_POINT('',(144.52669606298,38.457754465276,
    -342.2583820389));
#916 = CARTESIAN_POINT('',(148.496460617,39.035237359158,-340.3672279597
    ));
#917 = CARTESIAN_POINT('',(152.44518265641,39.770932880183,
    -338.4859427918));
#918 = CARTESIAN_POINT('',(156.37016961939,40.624975640609,
    -336.6158473092));
#919 = CARTESIAN_POINT('',(160.29171050691,41.575827565746,
    -334.7472996612));
#920 = CARTESIAN_POINT('',(164.10214103323,42.798297161759,
    -332.9314063045));
#921 = CARTESIAN_POINT('',(168.10788880408,43.953646833124,
    -331.022557992));
#922 = CARTESIAN_POINT('',(171.08739912499,46.002754156551,
    -329.6015925661));
#923 = CARTESIAN_POINT('',(176.57235402467,45.801345514578,
    -326.9895814058));
#924 = CARTESIAN_POINT('',(173.58699078058,40.787142168012,
    -328.4161936162));
#925 = CARTESIAN_POINT('',(169.95814648444,40.349872254702,
    -330.1448494835));
#926 = CARTESIAN_POINT('',(166.27617653635,38.393269038955,
    -331.9002715405));
#927 = CARTESIAN_POINT('',(162.53677338483,36.867362562606,
    -333.6826307805));
#928 = CARTESIAN_POINT('',(158.76323427448,35.374100374363,
    -335.4812157636));
#929 = CARTESIAN_POINT('',(154.99361953385,33.885710146144,
    -337.2779270706));
#930 = CARTESIAN_POINT('',(151.17140397216,32.566271261897,
    -339.0995265515));
#931 = CARTESIAN_POINT('',(147.34650639855,31.258248163114,
    -340.9223923299));
#932 = CARTESIAN_POINT('',(143.47255618493,30.137578478033,
    -342.7684387181));
#933 = CARTESIAN_POINT('',(139.58299128872,29.093419914844,
    -344.6218478043));
#934 = CARTESIAN_POINT('',(135.68226154628,28.089149348059,
    -346.4805356744));
#935 = CARTESIAN_POINT('',(131.74426125616,27.310003245959,
    -348.3567565185));
#936 = CARTESIAN_POINT('',(127.77193455607,26.648916056438,-350.24921144
    ));
#937 = CARTESIAN_POINT('',(123.85389692957,26.088468244439,
    -352.1157141839));
#938 = CARTESIAN_POINT('',(119.65782540828,25.781951962991,
    -354.1143854738));
#939 = CARTESIAN_POINT('',(116.40827779219,25.688577114936,
    -355.6620699717));
#940 = CARTESIAN_POINT('',(110.30278550254,25.895860684845,
    -358.5696059025));
#941 = CARTESIAN_POINT('',(114.22559831255,22.922999476189,
    -356.7042362613));
#942 = CARTESIAN_POINT('',(116.43231765842,18.556509173048,
    -355.6574986802));
#943 = CARTESIAN_POINT('',(110.93183622199,18.648444640703,
    -358.2770099097));
#944 = CARTESIAN_POINT('',(107.50444361747,17.555098171009,
    -359.910357245));
#945 = CARTESIAN_POINT('',(103.41984194199,16.905022739625,
    -361.8562724147));
#946 = CARTESIAN_POINT('',(99.48053568627,16.364620227485,-363.732884996
    ));
#947 = CARTESIAN_POINT('',(95.493986491497,15.859591843608,
    -365.6319628768));
#948 = CARTESIAN_POINT('',(91.499438445356,15.598043042287,
    -367.5346154093));
#949 = CARTESIAN_POINT('',(87.499365517949,15.404679857618,
    -369.4398334085));
#950 = CARTESIAN_POINT('',(83.495649654665,15.383735617038,
    -371.346620084));
#951 = CARTESIAN_POINT('',(79.492917583731,15.497481334838,
    -373.2528083435));
#952 = CARTESIAN_POINT('',(75.498597889989,15.811907289643,
    -375.1547966929));
#953 = CARTESIAN_POINT('',(71.515725162849,16.2489672188,-377.0512151738
    ));
#954 = CARTESIAN_POINT('',(67.538303929608,16.784532444214,
    -378.9449423934));
#955 = CARTESIAN_POINT('',(63.627229851543,17.746869142924,
    -380.8066602843));
#956 = CARTESIAN_POINT('',(59.752647136943,18.868978766273,
    -382.6508451186));
#957 = CARTESIAN_POINT('',(55.822256059426,19.680854813223,
    -384.521907809));
#958 = CARTESIAN_POINT('',(51.891417176657,20.627350651083,
    -386.3930539482));
#959 = CARTESIAN_POINT('',(48.131331020864,21.916033510009,
    -388.1825492561));
#960 = CARTESIAN_POINT('',(44.036358956999,22.724962958039,
    -390.1319963511));
#961 = CARTESIAN_POINT('',(42.152887519089,27.26252785934,-391.024622402
    ));
#962 = CARTESIAN_POINT('',(43.20491208424,29.902190853971,
    -390.5210510347));
#963 = CARTESIAN_POINT('',(44.641280854652,30.849613877233,
    -389.8360679268));
#964 = CARTESIAN_POINT('',(44.641280854652,30.849613877233,
    -389.8360679268));
#965 = CARTESIAN_POINT('',(44.641280854652,30.849613877233,
    -389.8360679268));
#966 = ( GEOMETRIC_REPRESENTATION_CONTEXT(3) 
GLOBAL_UNCERTAINTY_ASSIGNED_CONTEXT((#970)) GLOBAL_UNIT_ASSIGNED_CONTEXT
((#967,#968,#969)) REPRESENTATION_CONTEXT('Context #1',
  '3D Context with UNIT and UNCERTAINTY') );
#967 = ( LENGTH_UNIT() NAMED_UNIT(*) SI_UNIT(.MILLI.,.METRE.) );
#968 = ( NAMED_UNIT(*) PLANE_ANGLE_UNIT() SI_UNIT($,.RADIAN.) );
#969 = ( NAMED_UNIT(*) SI_UNIT($,.STERADIAN.) SOLID_ANGLE_UNIT() );
#970 = UNCERTAINTY_MEASURE_WITH_UNIT(LENGTH_MEASURE(1.E-07),#967,
  'distance_accuracy_value','confusion accuracy');
#971 = CONTEXT_DEPENDENT_SHAPE_REPRESENTATION(#972,#974);
#972 = ( REPRESENTATION_RELATIONSHIP('','',#877,#10) 
REPRESENTATION_RELATIONSHIP_WITH_TRANSFORMATION(#973) 
SHAPE_REPRESENTATION_RELATIONSHIP() );
#973 = ITEM_DEFINED_TRANSFORMATION('','',#11,#43);
#974 = PRODUCT_DEFINITION_SHAPE('Placement','Placement of an item',#975
  );
#975 = NEXT_ASSEMBLY_USAGE_OCCURRENCE('8','','',#5,#872,$);
#976 = PRODUCT_RELATED_PRODUCT_CATEGORY('part',$,(#874));
#977 = SHAPE_DEFINITION_REPRESENTATION(#978,#984);
#978 = PRODUCT_DEFINITION_SHAPE('','',#979);
#979 = PRODUCT_DEFINITION('design','',#980,#983);
#980 = PRODUCT_DEFINITION_FORMATION('','',#981);
#981 = PRODUCT('Open CASCADE STEP translator 7.9 1.9',
  'Open CASCADE STEP translator 7.9 1.9','',(#982));
#982 = PRODUCT_CONTEXT('',#2,'mechanical');
#983 = PRODUCT_DEFINITION_CONTEXT('part definition',#2,'design');
#984 = GEOMETRICALLY_BOUNDED_WIREFRAME_SHAPE_REPRESENTATION('',(#11,#985
    ),#1073);
#985 = GEOMETRIC_CURVE_SET('',(#986));
#986 = TRIMMED_CURVE('',#987,(#1071,PARAMETER_VALUE(0.)),(#1072,
    PARAMETER_VALUE(352.6673552776)),.T.,.PARAMETER.);
#987 = B_SPLINE_CURVE_WITH_KNOTS('',3,(#988,#989,#990,#991,#992,#993,
    #994,#995,#996,#997,#998,#999,#1000,#1001,#1002,#1003,#1004,#1005,
    #1006,#1007,#1008,#1009,#1010,#1011,#1012,#1013,#1014,#1015,#1016,
    #1017,#1018,#1019,#1020,#1021,#1022,#1023,#1024,#1025,#1026,#1027,
    #1028,#1029,#1030,#1031,#1032,#1033,#1034,#1035,#1036,#1037,#1038,
    #1039,#1040,#1041,#1042,#1043,#1044,#1045,#1046,#1047,#1048,#1049,
    #1050,#1051,#1052,#1053,#1054,#1055,#1056,#1057,#1058,#1059,#1060,
    #1061,#1062,#1063,#1064,#1065,#1066,#1067,#1068,#1069,#1070),
  .UNSPECIFIED.,.T.,.F.,(4,1,1,1,1,1,1,1,1,1,1,1,1,1,1,1,1,1,1,1,1,1,1,1
    ,1,1,1,1,1,1,1,1,1,1,1,1,1,1,1,1,1,1,1,1,1,1,1,1,1,1,1,1,1,1,1,1,1,1
    ,1,1,1,1,1,1,1,1,1,1,1,1,1,1,1,1,1,1,1,1,1,1,4),(0.,4.516333994806,
    9.032055861087,13.548399019382,18.064814944592,22.581351306554,
    27.096899263601,31.613208053201,36.129737924952,40.64639629254,
    45.162585158003,49.678966563958,54.195615114766,58.712142555054,
    63.228776473664,67.744620709405,72.257236817611,76.593253071354,
    80.773838481272,85.274248765323,89.125068886428,93.556664395539,
    95.245739414613,99.757892069489,104.27422559647,108.790208441,
    113.30629034256,117.82212893146,122.33679865032,126.851635303,
    131.36743284026,135.88397916221,140.40061701481,144.91723419541,
    149.43378310348,153.94993014991,158.46296292153,162.96784148569,
    167.4680857555,171.83849553948,176.12786656596,180.61546846764,
    185.12895221251,189.64278921934,194.1562683474,198.67264479954,
    203.1869836371,207.70175288919,212.21831209158,216.7348490267,
    221.25076706846,225.76682332465,230.2830507941,234.79910801459,
    239.31576713232,243.8318785356,248.34845315284,252.86452876753,
    257.38101887552,260.47775106993,264.96197685583,267.82795719285,
    272.34419973594,276.85887648304,281.37449939115,285.89086386864,
    290.40667044847,294.92317329825,299.43941592773,303.95573365923,
    308.4716510338,312.98820270246,317.50481109997,322.02132228976,
    326.53788560925,331.05445131956,335.57102701673,340.08464402186,
    343.76547346282,348.1516535556,352.6673552776),.UNSPECIFIED.);
#988 = CARTESIAN_POINT('',(168.13824221617,43.138644489288,
    -320.8557158221));
#989 = CARTESIAN_POINT('',(166.83558590065,42.708405818582,
    -321.4765197433));
#990 = CARTESIAN_POINT('',(164.21376091301,41.912977872475,
    -322.7259288531));
#991 = CARTESIAN_POINT('',(160.24105815867,40.893258368044,
    -324.6189087105));
#992 = CARTESIAN_POINT('',(156.23878551075,40.027439567424,
    -326.5258227947));
#993 = CARTESIAN_POINT('',(152.21656766417,39.289060646818,
    -328.4421128697));
#994 = CARTESIAN_POINT('',(148.18362242945,38.610145345767,
    -330.363454512));
#995 = CARTESIAN_POINT('',(144.11709213808,38.25829427454,
    -332.3004756125));
#996 = CARTESIAN_POINT('',(140.05277487254,37.89965583725,
    -334.2364493064));
#997 = CARTESIAN_POINT('',(135.97819480234,37.708081945498,
    -336.1771495473));
#998 = CARTESIAN_POINT('',(131.90884028824,37.42253087207,
    -338.1154517465));
#999 = CARTESIAN_POINT('',(127.83413771694,37.235497785221,
    -340.0562059496));
#1000 = CARTESIAN_POINT('',(123.75556010213,37.216283469653,
    -341.9986438062));
#1001 = CARTESIAN_POINT('',(119.67988996484,37.249432029126,
    -343.9396464838));
#1002 = CARTESIAN_POINT('',(115.59503642683,37.187926144633,
    -345.885114027));
#1003 = CARTESIAN_POINT('',(111.5457531986,37.071068821056,
    -347.8136946156));
#1004 = CARTESIAN_POINT('',(107.37588049321,36.750885891715,
    -349.7999019195));
#1005 = CARTESIAN_POINT('',(103.7509840413,36.320643668536,
    -351.5266708521));
#1006 = CARTESIAN_POINT('',(98.686686705518,34.305097981651,
    -353.9404820623));
#1007 = CARTESIAN_POINT('',(101.98448917465,29.835324190289,
    -352.3742166156));
#1008 = CARTESIAN_POINT('',(102.50860754177,25.853380329189,
    -352.128445575));
#1009 = CARTESIAN_POINT('',(105.41104920255,22.686897598374,
    -350.7492135931));
#1010 = CARTESIAN_POINT('',(110.14548721046,23.621158324501,
    -348.4935403409));
#1011 = CARTESIAN_POINT('',(108.97062816231,19.12979752298,
    -349.0573971824));
#1012 = CARTESIAN_POINT('',(104.83984916869,20.992035974535,
    -351.0228815603));
#1013 = CARTESIAN_POINT('',(101.07056912836,20.474716450428,
    -352.8184970328));
#1014 = CARTESIAN_POINT('',(96.920293287548,20.96610150523,
    -354.7945887254));
#1015 = CARTESIAN_POINT('',(92.883301725036,21.352389162132,
    -356.7168302196));
#1016 = CARTESIAN_POINT('',(88.835263346152,21.969972872847,
    -358.6441097054));
#1017 = CARTESIAN_POINT('',(84.837821045156,22.864952577731,
    -360.5470253479));
#1018 = CARTESIAN_POINT('',(80.910924677887,24.096924669415,
    -362.4160185736));
#1019 = CARTESIAN_POINT('',(77.073698402926,25.632615754771,
    -364.2420136038));
#1020 = CARTESIAN_POINT('',(73.31321295848,27.382702376269,
    -366.0312541266));
#1021 = CARTESIAN_POINT('',(69.584472236145,29.212535329999,
    -367.805299349));
#1022 = CARTESIAN_POINT('',(65.833010994651,30.9852211383,
    -369.5902203092));
#1023 = CARTESIAN_POINT('',(62.138046471995,32.900323665614,
    -371.3480974154));
#1024 = CARTESIAN_POINT('',(58.357286419221,34.592176675688,
    -373.1470498607));
#1025 = CARTESIAN_POINT('',(54.54562945838,36.193702311004,
    -374.9608040392));
#1026 = CARTESIAN_POINT('',(50.493557236662,37.001873877812,
    -376.8898208496));
#1027 = CARTESIAN_POINT('',(46.52456525223,36.949688227785,
    -378.7801004326));
#1028 = CARTESIAN_POINT('',(42.374618279984,34.802325986083,
    -380.7585801281));
#1029 = CARTESIAN_POINT('',(42.760808117029,29.44293080134,
    -380.5798257589));
#1030 = CARTESIAN_POINT('',(46.178272508777,26.807867416955,
    -378.9548021489));
#1031 = CARTESIAN_POINT('',(49.563900005762,24.383990398413,
    -377.3447371809));
#1032 = CARTESIAN_POINT('',(53.276929798479,22.473529262938,
    -375.5782520285));
#1033 = CARTESIAN_POINT('',(57.027106322819,20.702064671814,
    -373.7939417361));
#1034 = CARTESIAN_POINT('',(60.941370842844,19.415601199797,
    -371.9310169653));
#1035 = CARTESIAN_POINT('',(64.893817843145,18.30004934105,
    -370.0497430034));
#1036 = CARTESIAN_POINT('',(68.919192587171,17.562117175474,
    -368.1333731114));
#1037 = CARTESIAN_POINT('',(72.956252691261,16.931847062944,
    -366.2113342541));
#1038 = CARTESIAN_POINT('',(77.011056005452,16.438025143525,
    -364.280713626));
#1039 = CARTESIAN_POINT('',(81.081375601844,16.157336611207,
    -362.3424978497));
#1040 = CARTESIAN_POINT('',(85.156464997504,15.977285548539,
    -360.4019134125));
#1041 = CARTESIAN_POINT('',(89.234700687667,16.020130502483,
    -358.4596156094));
#1042 = CARTESIAN_POINT('',(93.310305126529,16.18584264071,
    -356.5184524531));
#1043 = CARTESIAN_POINT('',(97.376597472932,16.505160953613,
    -354.5815760461));
#1044 = CARTESIAN_POINT('',(101.44195754806,16.93023518165,
    -352.6450416488));
#1045 = CARTESIAN_POINT('',(105.47245832458,17.43359710006,
    -350.7250334693));
#1046 = CARTESIAN_POINT('',(109.55360928223,18.4114754683,
    -348.7804455906));
#1047 = CARTESIAN_POINT('',(113.00168739602,17.966123096664,
    -347.1387306133));
#1048 = CARTESIAN_POINT('',(117.01199651031,22.166253482169,
    -345.2247737877));
#1049 = CARTESIAN_POINT('',(110.42234273347,22.688763025989,
    -348.3625872573));
#1050 = CARTESIAN_POINT('',(113.81207425333,27.314552145892,
    -346.7437695388));
#1051 = CARTESIAN_POINT('',(117.45252157458,25.511820389659,
    -345.0117478436));
#1052 = CARTESIAN_POINT('',(121.51475117248,26.035930605357,
    -343.0766088301));
#1053 = CARTESIAN_POINT('',(125.57912635323,26.347220919529,
    -341.1406532133));
#1054 = CARTESIAN_POINT('',(129.63610822162,26.817236250467,
    -339.2080655922));
#1055 = CARTESIAN_POINT('',(133.66899039222,27.485809895665,
    -337.2867639569));
#1056 = CARTESIAN_POINT('',(137.68342180961,28.280399931664,
    -335.3741279565));
#1057 = CARTESIAN_POINT('',(141.66566016029,29.251895771305,
    -333.4766532826));
#1058 = CARTESIAN_POINT('',(145.64100810013,30.254348225698,
    -331.5824303089));
#1059 = CARTESIAN_POINT('',(149.58951975824,31.383117467133,
    -329.7008662817));
#1060 = CARTESIAN_POINT('',(153.5009500589,32.659420730411,
    -327.8368199497));
#1061 = CARTESIAN_POINT('',(157.41316569257,33.927034124943,
    -325.9724079834));
#1062 = CARTESIAN_POINT('',(161.29149139686,35.340671223038,
    -324.1239952537));
#1063 = CARTESIAN_POINT('',(165.11832140363,36.838218384867,
    -322.3000263916));
#1064 = CARTESIAN_POINT('',(169.04366957574,38.318151882409,
    -320.4291553175));
#1065 = CARTESIAN_POINT('',(172.46350601775,40.285573377554,
    -318.7985637007));
#1066 = CARTESIAN_POINT('',(177.44449879198,40.404219220363,
    -316.4262554611));
#1067 = CARTESIAN_POINT('',(176.27204390802,46.775069180528,
    -316.9784925528));
#1068 = CARTESIAN_POINT('',(171.94566529847,44.459004696594,
    -319.0411603592));
#1069 = CARTESIAN_POINT('',(168.95695672227,43.134750286702,
    -320.4658074486));
#1070 = CARTESIAN_POINT('',(168.13824221617,43.138644489288,
    -320.8557158221));
#1071 = CARTESIAN_POINT('',(168.13824221617,43.138644489288,
    -320.8557158221));
#1072 = CARTESIAN_POINT('',(168.13824221617,43.138644489288,
    -320.8557158221));
#1073 = ( GEOMETRIC_REPRESENTATION_CONTEXT(3) 
GLOBAL_UNCERTAINTY_ASSIGNED_CONTEXT((#1077)) 
GLOBAL_UNIT_ASSIGNED_CONTEXT((#1074,#1075,#1076)) REPRESENTATION_CONTEXT
('Context #1','3D Context with UNIT and UNCERTAINTY') );
#1074 = ( LENGTH_UNIT() NAMED_UNIT(*) SI_UNIT(.MILLI.,.METRE.) );
#1075 = ( NAMED_UNIT(*) PLANE_ANGLE_UNIT() SI_UNIT($,.RADIAN.) );
#1076 = ( NAMED_UNIT(*) SI_UNIT($,.STERADIAN.) SOLID_ANGLE_UNIT() );
#1077 = UNCERTAINTY_MEASURE_WITH_UNIT(LENGTH_MEASURE(1.E-07),#1074,
  'distance_accuracy_value','confusion accuracy');
#1078 = CONTEXT_DEPENDENT_SHAPE_REPRESENTATION(#1079,#1081);
#1079 = ( REPRESENTATION_RELATIONSHIP('','',#984,#10) 
REPRESENTATION_RELATIONSHIP_WITH_TRANSFORMATION(#1080) 
SHAPE_REPRESENTATION_RELATIONSHIP() );
#1080 = ITEM_DEFINED_TRANSFORMATION('','',#11,#47);
#1081 = PRODUCT_DEFINITION_SHAPE('Placement','Placement of an item',
  #1082);
#1082 = NEXT_ASSEMBLY_USAGE_OCCURRENCE('9','','',#5,#979,$);
#1083 = PRODUCT_RELATED_PRODUCT_CATEGORY('part',$,(#981));
#1084 = SHAPE_DEFINITION_REPRESENTATION(#1085,#1091);
#1085 = PRODUCT_DEFINITION_SHAPE('','',#1086);
#1086 = PRODUCT_DEFINITION('design','',#1087,#1090);
#1087 = PRODUCT_DEFINITION_FORMATION('','',#1088);
#1088 = PRODUCT('Open CASCADE STEP translator 7.9 1.10',
  'Open CASCADE STEP translator 7.9 1.10','',(#1089));
#1089 = PRODUCT_CONTEXT('',#2,'mechanical');
#1090 = PRODUCT_DEFINITION_CONTEXT('part definition',#2,'design');
#1091 = GEOMETRICALLY_BOUNDED_WIREFRAME_SHAPE_REPRESENTATION('',(#11,
    #1092),#1180);
#1092 = GEOMETRIC_CURVE_SET('',(#1093));
#1093 = TRIMMED_CURVE('',#1094,(#1178,PARAMETER_VALUE(0.)),(#1179,
    PARAMETER_VALUE(361.06027029692)),.T.,.PARAMETER.);
#1094 = B_SPLINE_CURVE_WITH_KNOTS('',3,(#1095,#1096,#1097,#1098,#1099,
    #1100,#1101,#1102,#1103,#1104,#1105,#1106,#1107,#1108,#1109,#1110,
    #1111,#1112,#1113,#1114,#1115,#1116,#1117,#1118,#1119,#1120,#1121,
    #1122,#1123,#1124,#1125,#1126,#1127,#1128,#1129,#1130,#1131,#1132,
    #1133,#1134,#1135,#1136,#1137,#1138,#1139,#1140,#1141,#1142,#1143,
    #1144,#1145,#1146,#1147,#1148,#1149,#1150,#1151,#1152,#1153,#1154,
    #1155,#1156,#1157,#1158,#1159,#1160,#1161,#1162,#1163,#1164,#1165,
    #1166,#1167,#1168,#1169,#1170,#1171,#1172,#1173,#1174,#1175,#1176,
    #1177),.UNSPECIFIED.,.T.,.F.,(4,1,1,1,1,1,1,1,1,1,1,1,1,1,1,1,1,1,1,
    1,1,1,1,1,1,1,1,1,1,1,1,1,1,1,1,1,1,1,1,1,1,1,1,1,1,1,1,1,1,1,1,1,1,
    1,1,1,1,1,1,1,1,1,1,1,1,1,1,1,1,1,1,1,1,1,1,1,1,1,1,1,4),(0.,
    3.762365560065,8.249514167683,12.869819164825,17.48975417489,
    22.108951574286,26.728809864057,31.348998616449,35.969081377699,
    40.58897233701,45.209210019605,49.829518269797,54.449911546828,
    59.069992455279,63.689746751148,68.310152863566,72.930404057503,
    77.550608554624,82.170032151206,86.787137565697,91.239055065638,
    95.577983358253,100.16740509186,104.32676258062,108.81761850114,
    110.76098199647,115.37957018294,119.99973115127,124.61951248437,
    129.23955054544,133.85947923749,138.47964603368,143.0998545437,
    147.71967287342,152.33965304568,156.95981683687,161.5797410057,
    166.19994292188,170.82031043827,175.44036951939,180.05797164711,
    184.65927328665,189.007923255,193.44779427594,198.04743717113,
    202.66037403885,207.27927968666,211.89653107777,216.51581530194,
    221.13527237537,225.75540652504,230.37495325722,234.99471308122,
    239.61453640594,244.23487809456,248.85495492233,253.47519064659,
    258.09558124142,262.71592781347,267.3362672755,271.95564472987,
    276.57602585145,279.49507712043,284.1004859028,287.15310111561,
    291.76473134657,296.38238214224,301.00237277245,305.62239435213,
    310.2418410853,314.8619331038,319.48192135306,324.10186718415,
    328.72147497629,333.34178765333,337.96218864957,342.58237479278,
    347.2025789854,351.82274783234,356.44308094601,361.06027029692),
  .UNSPECIFIED.);
#1095 = CARTESIAN_POINT('',(178.20927819523,40.563353700346,
    -305.9087041097));
#1096 = CARTESIAN_POINT('',(178.63462657193,42.82149282307,
    -305.7039546914));
#1097 = CARTESIAN_POINT('',(177.89152139173,45.183673248874,
    -306.055580015));
#1098 = CARTESIAN_POINT('',(173.2443697312,43.356263717443,
    -308.2705445053));
#1099 = CARTESIAN_POINT('',(169.5349857496,42.314345051018,
    -310.038140415));
#1100 = CARTESIAN_POINT('',(165.43396983192,41.061836046678,-311.9924538
    ));
#1101 = CARTESIAN_POINT('',(161.36762796421,40.139395060895,
    -313.9299354015));
#1102 = CARTESIAN_POINT('',(157.25479057228,39.334945236282,
    -315.8894466767));
#1103 = CARTESIAN_POINT('',(153.13110549668,38.64825587223,
    -317.8540105924));
#1104 = CARTESIAN_POINT('',(148.9839451032,38.135351825136,
    -319.8295870229));
#1105 = CARTESIAN_POINT('',(144.82099078652,37.837165505017,
    -321.8124782378));
#1106 = CARTESIAN_POINT('',(140.65542421277,37.59462420014,
    -323.7965598777));
#1107 = CARTESIAN_POINT('',(136.48556939253,37.461719937362,
    -325.7825780652));
#1108 = CARTESIAN_POINT('',(132.31675339406,37.306444551925,
    -327.7681230878));
#1109 = CARTESIAN_POINT('',(128.14875943732,37.115340898854,
    -329.753311164));
#1110 = CARTESIAN_POINT('',(123.97558930379,37.141337454061,
    -331.7407550338));
#1111 = CARTESIAN_POINT('',(119.80914854572,37.315271869769,
    -333.7248513828));
#1112 = CARTESIAN_POINT('',(115.62927491493,37.337807095586,
    -335.7154911257));
#1113 = CARTESIAN_POINT('',(111.48784230249,37.257723827639,
    -337.6879223225));
#1114 = CARTESIAN_POINT('',(107.21245082762,37.022724047865,
    -339.7243007112));
#1115 = CARTESIAN_POINT('',(103.50834902505,36.718421319113,
    -341.4886696814));
#1116 = CARTESIAN_POINT('',(98.221086678599,34.393168149371,
    -344.0089664601));
#1117 = CARTESIAN_POINT('',(102.19225725642,30.180787004401,
    -342.1217617784));
#1118 = CARTESIAN_POINT('',(101.77466391408,25.315829475124,
    -342.3253317041));
#1119 = CARTESIAN_POINT('',(105.86386615858,23.562825992966,
    -340.3795428809));
#1120 = CARTESIAN_POINT('',(110.13433304423,23.673730389673,
    -338.3456294929));
#1121 = CARTESIAN_POINT('',(109.58127179063,18.843427093318,
    -338.6136824848));
#1122 = CARTESIAN_POINT('',(105.02759708993,20.929949916112,
    -340.7803543207));
#1123 = CARTESIAN_POINT('',(101.25489869924,20.465457645412,
    -342.5775468368));
#1124 = CARTESIAN_POINT('',(96.992324525734,21.0409848959,
    -344.6070393796));
#1125 = CARTESIAN_POINT('',(92.875598843072,21.517271056835,
    -346.5671673964));
#1126 = CARTESIAN_POINT('',(88.745203375492,22.240972475602,
    -348.5335670472));
#1127 = CARTESIAN_POINT('',(84.650725419112,23.118520763932,
    -350.4827126526));
#1128 = CARTESIAN_POINT('',(80.601113008047,24.238790136602,
    -352.4102570145));
#1129 = CARTESIAN_POINT('',(76.597344855635,25.539222606595,
    -354.3157943479));
#1130 = CARTESIAN_POINT('',(72.636064064871,26.988896695213,
    -356.200953191));
#1131 = CARTESIAN_POINT('',(68.702862268282,28.533547632112,
    -358.0726478464));
#1132 = CARTESIAN_POINT('',(64.856747294989,30.327797012291,
    -359.9026267763));
#1133 = CARTESIAN_POINT('',(61.048121393587,32.213918418699,
    -361.7146629706));
#1134 = CARTESIAN_POINT('',(57.267685789739,34.167753090996,
    -363.5132082602));
#1135 = CARTESIAN_POINT('',(53.47731931949,36.099872428716,
    -365.3165040578));
#1136 = CARTESIAN_POINT('',(49.533477078035,37.622867082396,
    -367.1932871004));
#1137 = CARTESIAN_POINT('',(45.66288303766,38.969912833836,
    -369.0353554189));
#1138 = CARTESIAN_POINT('',(40.967821386192,36.905963724618,
    -371.2733651065));
#1139 = CARTESIAN_POINT('',(42.209019187031,31.537186399748,
    -370.6874229258));
#1140 = CARTESIAN_POINT('',(45.125866236113,28.458525918574,
    -369.3012456994));
#1141 = CARTESIAN_POINT('',(48.530662185039,25.728670796467,
    -367.6823468357));
#1142 = CARTESIAN_POINT('',(52.236590881302,23.602308807042,
    -365.9194517747));
#1143 = CARTESIAN_POINT('',(56.111813468569,21.881752378878,
    -364.0755393026));
#1144 = CARTESIAN_POINT('',(60.062110244308,20.39615420655,
    -362.1956462306));
#1145 = CARTESIAN_POINT('',(64.098952169161,19.208660744511,
    -360.2742486289));
#1146 = CARTESIAN_POINT('',(68.210110688382,18.416670791688,
    -358.3170764121));
#1147 = CARTESIAN_POINT('',(72.310958221558,17.569310570243,
    -356.3648681895));
#1148 = CARTESIAN_POINT('',(76.44950523411,16.975119546302,
    -354.3944614811));
#1149 = CARTESIAN_POINT('',(80.603754464139,16.552175600121,
    -352.4164114652));
#1150 = CARTESIAN_POINT('',(84.770021080089,16.294556653612,
    -350.4324787509));
#1151 = CARTESIAN_POINT('',(88.941997170631,16.252285536419,
    -348.4456192372));
#1152 = CARTESIAN_POINT('',(93.113589942887,16.314137095417,
    -346.4588418698));
#1153 = CARTESIAN_POINT('',(97.2799924229,16.548453630312,
    -344.4743700616));
#1154 = CARTESIAN_POINT('',(101.43772194753,16.971684587488,
    -342.4938465653));
#1155 = CARTESIAN_POINT('',(105.58303379807,17.325136760933,
    -340.5193042663));
#1156 = CARTESIAN_POINT('',(109.74481897511,18.259004349841,
    -338.536356846));
#1157 = CARTESIAN_POINT('',(113.29875716851,17.598825880356,
    -336.844433254));
#1158 = CARTESIAN_POINT('',(117.07550205086,21.970362819773,
    -335.0415459144));
#1159 = CARTESIAN_POINT('',(110.34722355677,22.128934277926,
    -338.2457302516));
#1160 = CARTESIAN_POINT('',(113.6436608773,27.190728160554,
    -336.670923368));
#1161 = CARTESIAN_POINT('',(117.4744483343,25.455279344783,
    -334.8481874522));
#1162 = CARTESIAN_POINT('',(121.60369247211,25.85714310377,
    -332.8812507038));
#1163 = CARTESIAN_POINT('',(125.7765769635,26.074077897801,
    -330.8937086045));
#1164 = CARTESIAN_POINT('',(129.92863412137,26.503489487865,
    -328.9158806083));
#1165 = CARTESIAN_POINT('',(134.07149448845,27.04850659058,
    -326.9423210943));
#1166 = CARTESIAN_POINT('',(138.1879670906,27.800124116383,
    -324.981129501));
#1167 = CARTESIAN_POINT('',(142.27828839482,28.703346206904,
    -323.0322462454));
#1168 = CARTESIAN_POINT('',(146.37073730467,29.596530946382,
    -321.0823593986));
#1169 = CARTESIAN_POINT('',(150.42577518968,30.682161839819,
    -319.1501039407));
#1170 = CARTESIAN_POINT('',(154.45275433029,31.885336537503,
    -317.2310980863));
#1171 = CARTESIAN_POINT('',(158.46254695839,33.158019238462,
    -315.3202102659));
#1172 = CARTESIAN_POINT('',(162.4503453851,34.512092553948,
    -313.4197186789));
#1173 = CARTESIAN_POINT('',(166.42076170176,35.928355181456,
    -311.5274453367));
#1174 = CARTESIAN_POINT('',(170.35200779238,37.472091171869,
    -309.6537038569));
#1175 = CARTESIAN_POINT('',(174.30549047245,38.941893288113,
    -307.7694435159));
#1176 = CARTESIAN_POINT('',(176.9154297867,40.000909806556,
    -306.5254407618));
#1177 = CARTESIAN_POINT('',(178.20927819523,40.563353700346,
    -305.9087041097));
#1178 = CARTESIAN_POINT('',(178.20927819523,40.563353700346,
    -305.9087041097));
#1179 = CARTESIAN_POINT('',(178.20927819523,40.563353700346,
    -305.9087041097));
#1180 = ( GEOMETRIC_REPRESENTATION_CONTEXT(3) 
GLOBAL_UNCERTAINTY_ASSIGNED_CONTEXT((#1184)) 
GLOBAL_UNIT_ASSIGNED_CONTEXT((#1181,#1182,#1183)) REPRESENTATION_CONTEXT
('Context #1','3D Context with UNIT and UNCERTAINTY') );
#1181 = ( LENGTH_UNIT() NAMED_UNIT(*) SI_UNIT(.MILLI.,.METRE.) );
#1182 = ( NAMED_UNIT(*) PLANE_ANGLE_UNIT() SI_UNIT($,.RADIAN.) );
#1183 = ( NAMED_UNIT(*) SI_UNIT($,.STERADIAN.) SOLID_ANGLE_UNIT() );
#1184 = UNCERTAINTY_MEASURE_WITH_UNIT(LENGTH_MEASURE(1.E-07),#1181,
  'distance_accuracy_value','confusion accuracy');
#1185 = CONTEXT_DEPENDENT_SHAPE_REPRESENTATION(#1186,#1188);
#1186 = ( REPRESENTATION_RELATIONSHIP('','',#1091,#10) 
REPRESENTATION_RELATIONSHIP_WITH_TRANSFORMATION(#1187) 
SHAPE_REPRESENTATION_RELATIONSHIP() );
#1187 = ITEM_DEFINED_TRANSFORMATION('','',#11,#51);
#1188 = PRODUCT_DEFINITION_SHAPE('Placement','Placement of an item',
  #1189);
#1189 = NEXT_ASSEMBLY_USAGE_OCCURRENCE('10','','',#5,#1086,$);
#1190 = PRODUCT_RELATED_PRODUCT_CATEGORY('part',$,(#1088));
#1191 = SHAPE_DEFINITION_REPRESENTATION(#1192,#1198);
#1192 = PRODUCT_DEFINITION_SHAPE('','',#1193);
#1193 = PRODUCT_DEFINITION('design','',#1194,#1197);
#1194 = PRODUCT_DEFINITION_FORMATION('','',#1195);
#1195 = PRODUCT('Open CASCADE STEP translator 7.9 1.11',
  'Open CASCADE STEP translator 7.9 1.11','',(#1196));
#1196 = PRODUCT_CONTEXT('',#2,'mechanical');
#1197 = PRODUCT_DEFINITION_CONTEXT('part definition',#2,'design');
#1198 = GEOMETRICALLY_BOUNDED_WIREFRAME_SHAPE_REPRESENTATION('',(#11,
    #1199),#1287);
#1199 = GEOMETRIC_CURVE_SET('',(#1200));
#1200 = TRIMMED_CURVE('',#1201,(#1285,PARAMETER_VALUE(0.)),(#1286,
    PARAMETER_VALUE(370.74277547187)),.T.,.PARAMETER.);
#1201 = B_SPLINE_CURVE_WITH_KNOTS('',3,(#1202,#1203,#1204,#1205,#1206,
    #1207,#1208,#1209,#1210,#1211,#1212,#1213,#1214,#1215,#1216,#1217,
    #1218,#1219,#1220,#1221,#1222,#1223,#1224,#1225,#1226,#1227,#1228,
    #1229,#1230,#1231,#1232,#1233,#1234,#1235,#1236,#1237,#1238,#1239,
    #1240,#1241,#1242,#1243,#1244,#1245,#1246,#1247,#1248,#1249,#1250,
    #1251,#1252,#1253,#1254,#1255,#1256,#1257,#1258,#1259,#1260,#1261,
    #1262,#1263,#1264,#1265,#1266,#1267,#1268,#1269,#1270,#1271,#1272,
    #1273,#1274,#1275,#1276,#1277,#1278,#1279,#1280,#1281,#1282,#1283,
    #1284),.UNSPECIFIED.,.T.,.F.,(4,1,1,1,1,1,1,1,1,1,1,1,1,1,1,1,1,1,1,
    1,1,1,1,1,1,1,1,1,1,1,1,1,1,1,1,1,1,1,1,1,1,1,1,1,1,1,1,1,1,1,1,1,1,
    1,1,1,1,1,1,1,1,1,1,1,1,1,1,1,1,1,1,1,1,1,1,1,1,1,1,1,4),(0.,
    4.72616249137,9.452232807485,14.176435017381,18.900081146491,
    23.625063665734,28.348823887487,33.071761127112,37.779417144017,
    42.38920531735,46.709880435026,51.387145657958,56.110431676913,
    60.836514887221,65.562625602444,70.288842698071,75.014748634188,
    79.74072714078,84.466578155021,89.192329286837,93.918029656753,
    98.64271492278,103.36841660416,108.0944321214,112.82044410985,
    117.54651812823,122.27170350484,125.53153792903,129.90201330253,
    134.45836388576,138.44660882943,143.02076409412,147.18584282302,
    151.90178359602,156.62672105434,161.35184007214,166.07790901143,
    170.80397891385,175.52924859867,180.25524803522,184.98144037903,
    189.70765137739,194.43382455811,199.159868644,203.88596271829,
    208.6113332906,213.33677050036,218.06252452481,222.78805598015,
    227.51298614789,232.23908588902,236.44853923785,240.85156947651,
    245.57776289912,250.30398104216,255.0299178999,259.75612734742,
    264.48213704164,269.20825423944,273.934274304,278.66030799562,
    283.38623606645,288.11204536719,292.8374722253,297.56355546189,
    302.28957623219,307.01408710973,311.73972558951,315.96887139057,
    320.30592920797,323.48474282438,328.21010864087,332.93596324864,
    337.66173557925,342.38795372229,347.11393265501,351.84015079366,
    356.56587055273,361.29163101364,366.01713692405,370.74277547187),
  .UNSPECIFIED.);
#1202 = CARTESIAN_POINT('',(72.998406529685,17.668341433962,
    -345.8842036701));
#1203 = CARTESIAN_POINT('',(71.596114821564,17.926975992846,
    -346.5517945654));
#1204 = CARTESIAN_POINT('',(68.793049941481,18.473666409176,
    -347.8862247825));
#1205 = CARTESIAN_POINT('',(64.617294346311,19.452489770933,
    -349.8739811357));
#1206 = CARTESIAN_POINT('',(60.506252765476,20.726203368081,
    -351.8306331195));
#1207 = CARTESIAN_POINT('',(56.453460863054,22.201299793837,
    -353.7593495407));
#1208 = CARTESIAN_POINT('',(52.478140610391,23.938645407226,
    -355.6509172557));
#1209 = CARTESIAN_POINT('',(48.674579795358,26.059665753105,
    -357.4603146863));
#1210 = CARTESIAN_POINT('',(44.992488508933,28.547850972927,
    -359.2115082825));
#1211 = CARTESIAN_POINT('',(41.934209819562,31.577366023319,
    -360.665089607));
#1212 = CARTESIAN_POINT('',(39.34953993727,36.00351681385,
    -361.8917682964));
#1213 = CARTESIAN_POINT('',(42.844875679174,40.450052103671,
    -360.2228295116));
#1214 = CARTESIAN_POINT('',(47.175658139521,38.767645199997,
    -358.1619202254));
#1215 = CARTESIAN_POINT('',(51.033679602274,37.143825864304,
    -356.3261064884));
#1216 = CARTESIAN_POINT('',(54.930653436725,35.123611556351,
    -354.4721239716));
#1217 = CARTESIAN_POINT('',(58.795458991571,33.142680825709,
    -352.6334236898));
#1218 = CARTESIAN_POINT('',(62.733201835108,31.312761140572,
    -350.759841458));
#1219 = CARTESIAN_POINT('',(66.670667427858,29.489092764824,
    -348.8863852383));
#1220 = CARTESIAN_POINT('',(70.692415699523,27.905270829278,
    -346.9725581688));
#1221 = CARTESIAN_POINT('',(74.701128976264,26.283975312252,
    -345.0649751421));
#1222 = CARTESIAN_POINT('',(78.773571261358,24.868303113157,
    -343.1268429371));
#1223 = CARTESIAN_POINT('',(82.884143968744,23.595369612449,
    -341.1704135017));
#1224 = CARTESIAN_POINT('',(87.052643230701,22.579985541415,
    -339.186148228));
#1225 = CARTESIAN_POINT('',(91.23365017343,21.641638764216,
    -337.1958518919));
#1226 = CARTESIAN_POINT('',(95.476426549871,21.030400595748,
    -335.1758224713));
#1227 = CARTESIAN_POINT('',(99.67164935662,20.426881778587,
    -333.1784329563));
#1228 = CARTESIAN_POINT('',(104.08594903905,20.247965535446,
    -331.0762987969));
#1229 = CARTESIAN_POINT('',(107.37660430548,19.446241328954,
    -329.5098999852));
#1230 = CARTESIAN_POINT('',(112.64602319606,21.215506524511,
    -326.9986372946));
#1231 = CARTESIAN_POINT('',(107.13563361,23.895867461673,-329.620371173)
  );
#1232 = CARTESIAN_POINT('',(103.51261543332,24.311494369835,
    -331.3454298806));
#1233 = CARTESIAN_POINT('',(101.93649064129,28.770632434247,
    -332.0917579665));
#1234 = CARTESIAN_POINT('',(98.575782709227,31.86922643542,
    -333.689304361));
#1235 = CARTESIAN_POINT('',(101.20557344892,36.915951759167,
    -332.4320019095));
#1236 = CARTESIAN_POINT('',(105.59214367086,36.752408737277,
    -330.3430590586));
#1237 = CARTESIAN_POINT('',(109.75936157435,37.265636051488,
    -328.3579299432));
#1238 = CARTESIAN_POINT('',(114.05076115451,37.221160038847,
    -326.3141972144));
#1239 = CARTESIAN_POINT('',(118.31128389137,37.187485606397,
    -324.2851591411));
#1240 = CARTESIAN_POINT('',(122.57429754523,36.936551610443,
    -322.2551442808));
#1241 = CARTESIAN_POINT('',(126.83875109558,36.766648088089,
    -320.2243655308));
#1242 = CARTESIAN_POINT('',(131.10617230545,36.83391997462,
    -318.1919447196));
#1243 = CARTESIAN_POINT('',(135.37131158728,36.964425757324,
    -316.1605496964));
#1244 = CARTESIAN_POINT('',(139.63910532397,36.959381837968,
    -314.128021206));
#1245 = CARTESIAN_POINT('',(143.90313147972,37.147836251735,
    -312.0971004265));
#1246 = CARTESIAN_POINT('',(148.16610381611,37.352792231768,
    -310.0666656147));
#1247 = CARTESIAN_POINT('',(152.42185883721,37.696343204484,
    -308.0395343921));
#1248 = CARTESIAN_POINT('',(156.66944209749,38.148340032893,
    -306.0161903863));
#1249 = CARTESIAN_POINT('',(160.89900829325,38.765484113015,
    -304.0012677364));
#1250 = CARTESIAN_POINT('',(165.10885011725,39.565907275072,
    -301.995562061));
#1251 = CARTESIAN_POINT('',(169.24874098278,40.663394053853,
    -300.022884006));
#1252 = CARTESIAN_POINT('',(173.49276421017,41.486003873522,
    -298.0008780694));
#1253 = CARTESIAN_POINT('',(176.9795242198,44.284093491567,
    -296.3376131179));
#1254 = CARTESIAN_POINT('',(182.35045021537,40.5131531977,
    -293.7833503426));
#1255 = CARTESIAN_POINT('',(176.83908999179,37.967021923302,
    -296.4105865558));
#1256 = CARTESIAN_POINT('',(173.37883480194,36.840748474478,
    -298.0596164236));
#1257 = CARTESIAN_POINT('',(169.1919708411,35.266259693819,
    -300.0551253656));
#1258 = CARTESIAN_POINT('',(165.1466784614,33.914590280795,
    -301.9829960836));
#1259 = CARTESIAN_POINT('',(161.05344184489,32.538477918541,
    -303.9337237772));
#1260 = CARTESIAN_POINT('',(156.94202654361,31.287393757112,
    -305.8929884862));
#1261 = CARTESIAN_POINT('',(152.81346476127,30.0898203066,
    -307.8603675911));
#1262 = CARTESIAN_POINT('',(148.64796059899,29.06574224366,
    -309.8451731679));
#1263 = CARTESIAN_POINT('',(144.46839909645,28.114066016225,
    -311.8366037224));
#1264 = CARTESIAN_POINT('',(140.26403282236,27.309477026316,
    -313.8397056888));
#1265 = CARTESIAN_POINT('',(136.04563101607,26.592149058269,
    -315.8494079175));
#1266 = CARTESIAN_POINT('',(131.80826884648,26.063501221897,
    -317.867958054));
#1267 = CARTESIAN_POINT('',(127.54071610384,25.699612197882,
    -319.9007275447));
#1268 = CARTESIAN_POINT('',(123.32779410736,25.466082592059,
    -321.9073534766));
#1269 = CARTESIAN_POINT('',(118.8871918442,25.217578114829,
    -324.0224263942));
#1270 = CARTESIAN_POINT('',(115.39379019308,26.071476784813,
    -325.685332696));
#1271 = CARTESIAN_POINT('',(109.2955881743,23.97136782471,
    -328.5916217316));
#1272 = CARTESIAN_POINT('',(114.43415324445,22.058996297504,
    -326.1462283855));
#1273 = CARTESIAN_POINT('',(116.57704153312,17.18472614792,
    -325.1303799622));
#1274 = CARTESIAN_POINT('',(110.79602281788,18.07837413014,-327.88272373
    ));
#1275 = CARTESIAN_POINT('',(107.16601461219,17.073554677488,
    -329.612481214));
#1276 = CARTESIAN_POINT('',(102.75296096436,16.772341600558,
    -331.7144849541));
#1277 = CARTESIAN_POINT('',(98.537102379756,16.460469354978,
    -333.722584982));
#1278 = CARTESIAN_POINT('',(94.263371914896,16.236454729711,
    -335.7581617227));
#1279 = CARTESIAN_POINT('',(89.998717069291,16.179426549402,
    -337.7892551768));
#1280 = CARTESIAN_POINT('',(85.732045661584,16.30294640359,
    -339.8211349089));
#1281 = CARTESIAN_POINT('',(81.470070585707,16.53700847523,
    -341.8506714174));
#1282 = CARTESIAN_POINT('',(77.221048919104,16.985852088657,
    -343.8738317545));
#1283 = CARTESIAN_POINT('',(74.402653982219,17.416911943633,
    -345.215674405));
#1284 = CARTESIAN_POINT('',(72.998406529685,17.668341433962,
    -345.8842036701));
#1285 = CARTESIAN_POINT('',(72.998406529685,17.668341433962,
    -345.8842036701));
#1286 = CARTESIAN_POINT('',(72.998406529685,17.668341433962,
    -345.8842036701));
#1287 = ( GEOMETRIC_REPRESENTATION_CONTEXT(3) 
GLOBAL_UNCERTAINTY_ASSIGNED_CONTEXT((#1291)) 
GLOBAL_UNIT_ASSIGNED_CONTEXT((#1288,#1289,#1290)) REPRESENTATION_CONTEXT
('Context #1','3D Context with UNIT and UNCERTAINTY') );
#1288 = ( LENGTH_UNIT() NAMED_UNIT(*) SI_UNIT(.MILLI.,.METRE.) );
#1289 = ( NAMED_UNIT(*) PLANE_ANGLE_UNIT() SI_UNIT($,.RADIAN.) );
#1290 = ( NAMED_UNIT(*) SI_UNIT($,.STERADIAN.) SOLID_ANGLE_UNIT() );
#1291 = UNCERTAINTY_MEASURE_WITH_UNIT(LENGTH_MEASURE(1.E-07),#1288,
  'distance_accuracy_value','confusion accuracy');
#1292 = CONTEXT_DEPENDENT_SHAPE_REPRESENTATION(#1293,#1295);
#1293 = ( REPRESENTATION_RELATIONSHIP('','',#1198,#10) 
REPRESENTATION_RELATIONSHIP_WITH_TRANSFORMATION(#1294) 
SHAPE_REPRESENTATION_RELATIONSHIP() );
#1294 = ITEM_DEFINED_TRANSFORMATION('','',#11,#55);
#1295 = PRODUCT_DEFINITION_SHAPE('Placement','Placement of an item',
  #1296);
#1296 = NEXT_ASSEMBLY_USAGE_OCCURRENCE('11','','',#5,#1193,$);
#1297 = PRODUCT_RELATED_PRODUCT_CATEGORY('part',$,(#1195));
#1298 = SHAPE_DEFINITION_REPRESENTATION(#1299,#1305);
#1299 = PRODUCT_DEFINITION_SHAPE('','',#1300);
#1300 = PRODUCT_DEFINITION('design','',#1301,#1304);
#1301 = PRODUCT_DEFINITION_FORMATION('','',#1302);
#1302 = PRODUCT('Open CASCADE STEP translator 7.9 1.12',
  'Open CASCADE STEP translator 7.9 1.12','',(#1303));
#1303 = PRODUCT_CONTEXT('',#2,'mechanical');
#1304 = PRODUCT_DEFINITION_CONTEXT('part definition',#2,'design');
#1305 = GEOMETRICALLY_BOUNDED_WIREFRAME_SHAPE_REPRESENTATION('',(#11,
    #1306),#1394);
#1306 = GEOMETRIC_CURVE_SET('',(#1307));
#1307 = TRIMMED_CURVE('',#1308,(#1392,PARAMETER_VALUE(0.)),(#1393,
    PARAMETER_VALUE(387.34184410541)),.T.,.PARAMETER.);
#1308 = B_SPLINE_CURVE_WITH_KNOTS('',3,(#1309,#1310,#1311,#1312,#1313,
    #1314,#1315,#1316,#1317,#1318,#1319,#1320,#1321,#1322,#1323,#1324,
    #1325,#1326,#1327,#1328,#1329,#1330,#1331,#1332,#1333,#1334,#1335,
    #1336,#1337,#1338,#1339,#1340,#1341,#1342,#1343,#1344,#1345,#1346,
    #1347,#1348,#1349,#1350,#1351,#1352,#1353,#1354,#1355,#1356,#1357,
    #1358,#1359,#1360,#1361,#1362,#1363,#1364,#1365,#1366,#1367,#1368,
    #1369,#1370,#1371,#1372,#1373,#1374,#1375,#1376,#1377,#1378,#1379,
    #1380,#1381,#1382,#1383,#1384,#1385,#1386,#1387,#1388,#1389,#1390,
    #1391),.UNSPECIFIED.,.T.,.F.,(4,1,1,1,1,1,1,1,1,1,1,1,1,1,1,1,1,1,1,
    1,1,1,1,1,1,1,1,1,1,1,1,1,1,1,1,1,1,1,1,1,1,1,1,1,1,1,1,1,1,1,1,1,1,
    1,1,1,1,1,1,1,1,1,1,1,1,1,1,1,1,1,1,1,1,1,1,1,1,1,1,1,4),(0.,
    4.970594283784,9.941444598092,14.911536769454,19.882935154054,
    24.854150327341,29.82550078864,34.796572900909,39.767821143673,
    44.73921064726,49.710625590466,54.681985155063,59.526038659662,
    64.283049512478,67.558154331406,72.310114931548,76.936898254844,
    81.851753046104,85.414319426403,90.309465855663,94.549626234017,
    99.429707041347,104.35022158191,109.32057434437,114.2917319522,
    119.26254496875,124.23364061748,129.20500205171,134.17649735272,
    139.1478158077,144.11863676609,149.09007011637,154.0614213166,
    159.03286703577,164.00386149868,168.97363400802,173.92165801271,
    178.13557680682,182.8750833385,187.17331809807,191.5844127545,
    196.32032547276,201.1611301283,206.13203828606,211.10262065868,
    216.07386579882,221.04526404979,226.01615066969,230.98653723286,
    235.95725046771,240.92832445457,245.89979642236,250.87100621907,
    255.84198792556,260.81317771828,265.78467489442,270.75533104044,
    275.71334420917,280.34380491787,285.07206279886,290.01525852155,
    294.98000696764,299.94850988474,304.91850403318,309.88880893453,
    314.85848692581,319.82897195039,324.80004752843,329.77073631303,
    334.74132055816,339.71223557687,344.68272365477,349.65355428508,
    354.62477124463,359.59611471185,364.56721220353,369.53814406949,
    374.43612833182,378.77841289418,382.47256859405,387.34184410541),
  .UNSPECIFIED.);
#1309 = CARTESIAN_POINT('',(116.16256015101,24.956798856391,
    -315.1671092231));
#1310 = CARTESIAN_POINT('',(117.65530107022,24.802842511807,
    -314.4563410189));
#1311 = CARTESIAN_POINT('',(120.64460415906,24.666462485842,
    -313.0328193287));
#1312 = CARTESIAN_POINT('',(125.13308675647,24.798510881495,
    -310.8950557425));
#1313 = CARTESIAN_POINT('',(129.61691512645,24.98816842546,
    -308.759453174));
#1314 = CARTESIAN_POINT('',(134.09718693279,25.309957579605,
    -306.6254169975));
#1315 = CARTESIAN_POINT('',(138.55411841675,25.907704436178,
    -304.5022305163));
#1316 = CARTESIAN_POINT('',(142.99371516425,26.642444536611,
    -302.3871675826));
#1317 = CARTESIAN_POINT('',(147.41385009171,27.48829354907,
    -300.2812661793));
#1318 = CARTESIAN_POINT('',(151.83270114525,28.418014045538,
    -298.1758953401));
#1319 = CARTESIAN_POINT('',(156.17428711232,29.518706668318,
    -296.1071570627));
#1320 = CARTESIAN_POINT('',(160.65726623577,30.746017477463,
    -293.9709583059));
#1321 = CARTESIAN_POINT('',(164.47806671206,31.943341146097,
    -292.1501505178));
#1322 = CARTESIAN_POINT('',(170.41024029234,33.608873892411,
    -289.3233514686));
#1323 = CARTESIAN_POINT('',(169.39782049398,26.949794560263,
    -289.8119371459));
#1324 = CARTESIAN_POINT('',(174.78017332268,26.718517078985,
    -287.2488189432));
#1325 = CARTESIAN_POINT('',(175.1651883127,31.997378830932,
    -287.0603652911));
#1326 = CARTESIAN_POINT('',(173.53232091858,37.034562067817,
    -287.8331595689));
#1327 = CARTESIAN_POINT('',(166.37494936908,35.097779128776,
    -291.2437197463));
#1328 = CARTESIAN_POINT('',(170.96308489208,39.075544900084,
    -289.0547879887));
#1329 = CARTESIAN_POINT('',(175.53853927253,42.050691881255,
    -286.8728624717));
#1330 = CARTESIAN_POINT('',(168.79801073368,44.992783047569,
    -290.0801966481));
#1331 = CARTESIAN_POINT('',(168.08710278056,38.555854368945,
    -290.4249733233));
#1332 = CARTESIAN_POINT('',(163.07962540406,37.864963061213,
    -292.8104466678));
#1333 = CARTESIAN_POINT('',(158.81984450569,37.131563362676,
    -294.8398711545));
#1334 = CARTESIAN_POINT('',(154.30372574404,36.692604181593,
    -296.9910924055));
#1335 = CARTESIAN_POINT('',(149.83659921269,36.368568176477,
    -299.118870322));
#1336 = CARTESIAN_POINT('',(145.34609829486,36.246723881192,
    -301.2575852916));
#1337 = CARTESIAN_POINT('',(140.85900906826,36.161113069689,
    -303.3946405049));
#1338 = CARTESIAN_POINT('',(136.37054590398,36.24234873936,
    -305.5321891596));
#1339 = CARTESIAN_POINT('',(131.88263398947,36.290426412104,
    -307.6695072574));
#1340 = CARTESIAN_POINT('',(127.39438948921,36.291524349873,
    -309.8070290529));
#1341 = CARTESIAN_POINT('',(122.9063695969,36.382292529599,
    -311.9443574072));
#1342 = CARTESIAN_POINT('',(118.42581204942,36.779685885924,
    -314.0778361376));
#1343 = CARTESIAN_POINT('',(113.95535181566,36.915691109105,
    -316.2067580951));
#1344 = CARTESIAN_POINT('',(109.40533750082,37.039087912454,
    -318.3735797788));
#1345 = CARTESIAN_POINT('',(105.15579679701,36.594527870966,
    -320.397848844));
#1346 = CARTESIAN_POINT('',(100.12318039479,36.656989986231,
    -322.7945681471));
#1347 = CARTESIAN_POINT('',(99.094948817773,31.163548808897,
    -323.2895601101));
#1348 = CARTESIAN_POINT('',(101.05275380041,27.055735755868,
    -322.3611183449));
#1349 = CARTESIAN_POINT('',(104.88887948825,24.868091910012,
    -320.5362761667));
#1350 = CARTESIAN_POINT('',(107.820796455,23.036428098729,
    -319.1417193863));
#1351 = CARTESIAN_POINT('',(113.83289326325,19.340646214452,
    -316.2820270466));
#1352 = CARTESIAN_POINT('',(106.63879928975,19.223278689859,
    -319.70832173));
#1353 = CARTESIAN_POINT('',(102.98063077206,19.644740478104,
    -321.4501151326));
#1354 = CARTESIAN_POINT('',(98.29763996763,20.062374475915,
    -323.679983021));
#1355 = CARTESIAN_POINT('',(93.912502780004,20.793630464837,
    -325.7676959271));
#1356 = CARTESIAN_POINT('',(89.46913837864,21.610035011181,
    -327.8830573858));
#1357 = CARTESIAN_POINT('',(85.091187625428,22.697157464742,
    -329.9670045852));
#1358 = CARTESIAN_POINT('',(80.75156819757,23.972138211618,
    -332.0325153639));
#1359 = CARTESIAN_POINT('',(76.449407069272,25.392927391328,
    -334.0800460497));
#1360 = CARTESIAN_POINT('',(72.212390374803,27.038787385854,
    -336.0963347082));
#1361 = CARTESIAN_POINT('',(68.018300705628,28.811196877781,
    -338.0920573697));
#1362 = CARTESIAN_POINT('',(63.85403905383,30.669103403099,
    -340.0734920142));
#1363 = CARTESIAN_POINT('',(59.7384354346,32.654467714541,
    -342.0316303982));
#1364 = CARTESIAN_POINT('',(55.655484093914,34.723811796531,
    -343.9741371763));
#1365 = CARTESIAN_POINT('',(51.617892483474,36.888618324807,
    -345.8949493617));
#1366 = CARTESIAN_POINT('',(47.462000966556,38.805533288308,
    -347.8723408325));
#1367 = CARTESIAN_POINT('',(43.593105783906,40.961360655356,
    -349.712820138));
#1368 = CARTESIAN_POINT('',(38.214133954342,39.425623236314,
    -352.27603213));
#1369 = CARTESIAN_POINT('',(39.457429373352,33.471012959255,
    -351.6896558973));
#1370 = CARTESIAN_POINT('',(42.696483159608,30.315448442432,
    -350.150102131));
#1371 = CARTESIAN_POINT('',(46.365514152538,27.398692440621,
    -348.4055417733));
#1372 = CARTESIAN_POINT('',(50.330834853525,25.070557703995,
    -346.5193060532));
#1373 = CARTESIAN_POINT('',(54.439968882872,23.061141009099,
    -344.5642720007));
#1374 = CARTESIAN_POINT('',(58.65971641402,21.362429229703,
    -342.556258734));
#1375 = CARTESIAN_POINT('',(62.949210896771,19.891849923887,
    -340.5148085421));
#1376 = CARTESIAN_POINT('',(67.313948390838,18.725153862835,
    -338.4372308822));
#1377 = CARTESIAN_POINT('',(71.712615790127,17.733782162608,
    -336.3433250613));
#1378 = CARTESIAN_POINT('',(76.143162295052,16.929862257117,
    -334.2340560762));
#1379 = CARTESIAN_POINT('',(80.604527412635,16.368273104946,
    -332.1098760644));
#1380 = CARTESIAN_POINT('',(85.08324687112,16.041608111965,
    -329.9772045169));
#1381 = CARTESIAN_POINT('',(89.568222909583,15.823409730805,
    -327.8414486804));
#1382 = CARTESIAN_POINT('',(94.053718041927,15.788281749745,
    -325.7052690854));
#1383 = CARTESIAN_POINT('',(98.553809244397,15.974555211926,
    -323.5619246194));
#1384 = CARTESIAN_POINT('',(102.98336226067,16.186772038183,
    -321.4521488901));
#1385 = CARTESIAN_POINT('',(107.66285139363,16.577513322848,
    -319.2231691284));
#1386 = CARTESIAN_POINT('',(111.33817636747,17.194536064812,
    -317.4722035343));
#1387 = CARTESIAN_POINT('',(118.28980349685,17.480668304412,
    -314.1612207465));
#1388 = CARTESIAN_POINT('',(113.31293020275,20.90579538215,
    -316.5281497163));
#1389 = CARTESIAN_POINT('',(110.97223825058,25.11372654383,
    -317.6388445475));
#1390 = CARTESIAN_POINT('',(112.71346754127,25.978488340702,
    -316.8087515734));
#1391 = CARTESIAN_POINT('',(116.16256015101,24.956798856391,
    -315.1671092231));
#1392 = CARTESIAN_POINT('',(116.16256015101,24.956798856391,
    -315.1671092231));
#1393 = CARTESIAN_POINT('',(116.16256015101,24.956798856391,
    -315.1671092231));
#1394 = ( GEOMETRIC_REPRESENTATION_CONTEXT(3) 
GLOBAL_UNCERTAINTY_ASSIGNED_CONTEXT((#1398)) 
GLOBAL_UNIT_ASSIGNED_CONTEXT((#1395,#1396,#1397)) REPRESENTATION_CONTEXT
('Context #1','3D Context with UNIT and UNCERTAINTY') );
#1395 = ( LENGTH_UNIT() NAMED_UNIT(*) SI_UNIT(.MILLI.,.METRE.) );
#1396 = ( NAMED_UNIT(*) PLANE_ANGLE_UNIT() SI_UNIT($,.RADIAN.) );
#1397 = ( NAMED_UNIT(*) SI_UNIT($,.STERADIAN.) SOLID_ANGLE_UNIT() );
#1398 = UNCERTAINTY_MEASURE_WITH_UNIT(LENGTH_MEASURE(1.E-07),#1395,
  'distance_accuracy_value','confusion accuracy');
#1399 = CONTEXT_DEPENDENT_SHAPE_REPRESENTATION(#1400,#1402);
#1400 = ( REPRESENTATION_RELATIONSHIP('','',#1305,#10) 
REPRESENTATION_RELATIONSHIP_WITH_TRANSFORMATION(#1401) 
SHAPE_REPRESENTATION_RELATIONSHIP() );
#1401 = ITEM_DEFINED_TRANSFORMATION('','',#11,#59);
#1402 = PRODUCT_DEFINITION_SHAPE('Placement','Placement of an item',
  #1403);
#1403 = NEXT_ASSEMBLY_USAGE_OCCURRENCE('12','','',#5,#1300,$);
#1404 = PRODUCT_RELATED_PRODUCT_CATEGORY('part',$,(#1302));
#1405 = SHAPE_DEFINITION_REPRESENTATION(#1406,#1412);
#1406 = PRODUCT_DEFINITION_SHAPE('','',#1407);
#1407 = PRODUCT_DEFINITION('design','',#1408,#1411);
#1408 = PRODUCT_DEFINITION_FORMATION('','',#1409);
#1409 = PRODUCT('Open CASCADE STEP translator 7.9 1.13',
  'Open CASCADE STEP translator 7.9 1.13','',(#1410));
#1410 = PRODUCT_CONTEXT('',#2,'mechanical');
#1411 = PRODUCT_DEFINITION_CONTEXT('part definition',#2,'design');
#1412 = GEOMETRICALLY_BOUNDED_WIREFRAME_SHAPE_REPRESENTATION('',(#11,
    #1413),#1501);
#1413 = GEOMETRIC_CURVE_SET('',(#1414));
#1414 = TRIMMED_CURVE('',#1415,(#1499,PARAMETER_VALUE(0.)),(#1500,
    PARAMETER_VALUE(396.55100099619)),.T.,.PARAMETER.);
#1415 = B_SPLINE_CURVE_WITH_KNOTS('',3,(#1416,#1417,#1418,#1419,#1420,
    #1421,#1422,#1423,#1424,#1425,#1426,#1427,#1428,#1429,#1430,#1431,
    #1432,#1433,#1434,#1435,#1436,#1437,#1438,#1439,#1440,#1441,#1442,
    #1443,#1444,#1445,#1446,#1447,#1448,#1449,#1450,#1451,#1452,#1453,
    #1454,#1455,#1456,#1457,#1458,#1459,#1460,#1461,#1462,#1463,#1464,
    #1465,#1466,#1467,#1468,#1469,#1470,#1471,#1472,#1473,#1474,#1475,
    #1476,#1477,#1478,#1479,#1480,#1481,#1482,#1483,#1484,#1485,#1486,
    #1487,#1488,#1489,#1490,#1491,#1492,#1493,#1494,#1495,#1496,#1497,
    #1498),.UNSPECIFIED.,.T.,.F.,(4,1,1,1,1,1,1,1,1,1,1,1,1,1,1,1,1,1,1,
    1,1,1,1,1,1,1,1,1,1,1,1,1,1,1,1,1,1,1,1,1,1,1,1,1,1,1,1,1,1,1,1,1,1,
    1,1,1,1,1,1,1,1,1,1,1,1,1,1,1,1,1,1,1,1,1,1,1,1,1,1,1,4),(0.,
    5.142606454964,7.122893480891,12.116915477534,17.201346047625,
    22.340798271818,27.472586767379,32.47911088681,36.867095881016,
    41.937610362486,47.04447788648,52.186643579621,57.329300108301,
    62.471963748337,67.614969338101,72.757627076195,77.90063596506,
    83.043125396851,88.1854026853,93.326287863579,98.368046605585,
    102.92138632545,107.39352036591,111.65774237954,116.79935576406,
    119.72519251203,124.86444411594,130.00685451567,135.14938745908,
    140.29194217085,145.43454461667,150.57672191209,155.7194887105,
    160.86111290259,166.00370975607,171.14662129265,176.28931990426,
    181.43222447894,186.5750012916,191.71786953088,196.85687108769,
    201.92524827941,206.53031836348,211.57642703317,216.70799291915,
    221.84674365292,226.98828162429,232.12972544383,237.27185537645,
    242.41346062733,247.55556751398,252.69775207009,257.84036611966,
    262.98292029467,268.12542628339,273.26788418058,278.41047391379,
    283.55345071675,288.69640008553,293.83889125878,298.98160694312,
    302.30666653448,307.05074263454,311.89060992452,317.03170709382,
    322.17394264649,327.31539601129,332.45831679787,337.60082840915,
    342.74347033684,347.88621561584,353.02828719786,357.77501927122,
    362.9047361379,366.22147006959,371.10417929633,376.11102489935,
    381.13028801169,386.26597768389,391.40822543081,396.55100099619),
  .UNSPECIFIED.);
#1416 = CARTESIAN_POINT('',(141.16608375614,28.060184468136,
    -293.1030360946));
#1417 = CARTESIAN_POINT('',(139.16470766143,25.194253169893,
    -294.0589535662));
#1418 = CARTESIAN_POINT('',(136.79482274217,26.115987180762,
    -295.1867205071));
#1419 = CARTESIAN_POINT('',(135.40278273376,30.849542335283,
    -295.8451137331));
#1420 = CARTESIAN_POINT('',(141.13513451642,29.848922422852,
    -293.1160507094));
#1421 = CARTESIAN_POINT('',(144.69608748923,32.06923908213,
    -291.418008583));
#1422 = CARTESIAN_POINT('',(149.60037686324,33.052045486822,
    -289.0813969395));
#1423 = CARTESIAN_POINT('',(153.21445561089,34.582714942878,
    -287.3587187536));
#1424 = CARTESIAN_POINT('',(159.0762095548,38.790173823151,
    -284.5630057412));
#1425 = CARTESIAN_POINT('',(152.00914073031,40.678597190787,
    -287.9268705523));
#1426 = CARTESIAN_POINT('',(150.25392714133,35.239177529309,
    -288.7680350225));
#1427 = CARTESIAN_POINT('',(145.08876865999,34.937254067204,
    -291.2282287732));
#1428 = CARTESIAN_POINT('',(140.6060548462,35.035083276333,
    -293.3630233027));
#1429 = CARTESIAN_POINT('',(135.9266222421,35.239237511634,
    -295.5914024662));
#1430 = CARTESIAN_POINT('',(131.29953788672,35.488985545509,
    -297.7948068507));
#1431 = CARTESIAN_POINT('',(126.65338312474,35.590864486238,
    -300.0074360958));
#1432 = CARTESIAN_POINT('',(122.01820780594,35.846197647267,
    -302.2146884091));
#1433 = CARTESIAN_POINT('',(117.37804589316,36.213587314925,
    -304.4242075243));
#1434 = CARTESIAN_POINT('',(112.77015681828,36.433187288167,
    -306.6184992445));
#1435 = CARTESIAN_POINT('',(108.0111971102,36.543336509037,
    -308.8848437797));
#1436 = CARTESIAN_POINT('',(103.82970650217,36.248083480032,
    -310.8765600598));
#1437 = CARTESIAN_POINT('',(97.92788754875,35.334665798217,
    -313.6881774542));
#1438 = CARTESIAN_POINT('',(100.06724709516,29.693022810456,
    -312.6747495932));
#1439 = CARTESIAN_POINT('',(102.07579670318,26.086050293779,
    -311.7216577646));
#1440 = CARTESIAN_POINT('',(106.08365194941,24.058864296137,
    -309.8148747871));
#1441 = CARTESIAN_POINT('',(109.25183247123,22.381250291484,
    -308.3076491224));
#1442 = CARTESIAN_POINT('',(111.33445761594,16.797117484427,
    -307.321185516));
#1443 = CARTESIAN_POINT('',(105.12693523923,19.008632679544,
    -310.2753804511));
#1444 = CARTESIAN_POINT('',(101.20431274616,18.862319006281,
    -312.1436673716));
#1445 = CARTESIAN_POINT('',(96.403877189994,19.626906654291,
    -314.4291336509));
#1446 = CARTESIAN_POINT('',(91.874229216062,20.439739101247,
    -316.5855910367));
#1447 = CARTESIAN_POINT('',(87.311991434927,21.489093510685,
    -318.7573412066));
#1448 = CARTESIAN_POINT('',(82.808838983794,22.729372819953,
    -320.9007679206));
#1449 = CARTESIAN_POINT('',(78.34871630182,24.170895726653,
    -323.0235076759));
#1450 = CARTESIAN_POINT('',(73.964826724132,25.869172409163,
    -325.1096938806));
#1451 = CARTESIAN_POINT('',(69.613451352213,27.66404812337,
    -327.1803020673));
#1452 = CARTESIAN_POINT('',(65.29474157264,29.557835887742,
    -329.2352579078));
#1453 = CARTESIAN_POINT('',(61.044680088836,31.629953891858,
    -331.2573480829));
#1454 = CARTESIAN_POINT('',(56.832481811846,33.806945533263,
    -333.2613048032));
#1455 = CARTESIAN_POINT('',(52.645866599104,35.991337842036,
    -335.2530704728));
#1456 = CARTESIAN_POINT('',(48.437899491424,38.319451768276,
    -337.2548663701));
#1457 = CARTESIAN_POINT('',(44.384495236782,40.218314269295,
    -339.1834657728));
#1458 = CARTESIAN_POINT('',(39.496792958717,42.340307583413,
    -341.50918377));
#1459 = CARTESIAN_POINT('',(36.438607154416,36.762547077819,
    -342.9710211223));
#1460 = CARTESIAN_POINT('',(39.612471876824,32.443405006267,
    -341.4636356696));
#1461 = CARTESIAN_POINT('',(43.026941682899,29.228084400556,
    -339.8405977887));
#1462 = CARTESIAN_POINT('',(47.020824677295,26.504773934945,
    -337.9411403795));
#1463 = CARTESIAN_POINT('',(51.158733547334,24.191930240389,
    -335.9726949363));
#1464 = CARTESIAN_POINT('',(55.454479825609,22.222118611503,
    -333.9287487571));
#1465 = CARTESIAN_POINT('',(59.838332555833,20.525067223821,
    -331.8425789194));
#1466 = CARTESIAN_POINT('',(64.293354891411,19.069344708369,
    -329.7222818931));
#1467 = CARTESIAN_POINT('',(68.8088686212,17.861742795168,
    -327.5729366183));
#1468 = CARTESIAN_POINT('',(73.377793974568,16.938252292081,
    -325.3978801229));
#1469 = CARTESIAN_POINT('',(77.970539747129,16.171988418061,
    -323.2113275534));
#1470 = CARTESIAN_POINT('',(82.592748706691,15.671631405017,
    -321.0104867424));
#1471 = CARTESIAN_POINT('',(87.224983124919,15.298970896205,
    -318.804748173));
#1472 = CARTESIAN_POINT('',(91.864100199758,15.139224445151,
    -316.5955264242));
#1473 = CARTESIAN_POINT('',(96.51749026774,15.116792357691,
    -314.3793747573));
#1474 = CARTESIAN_POINT('',(101.12288583646,15.332892699989,
    -312.1858504081));
#1475 = CARTESIAN_POINT('',(105.89260619274,15.45939064771,
    -309.9141529165));
#1476 = CARTESIAN_POINT('',(110.02080572137,16.502655960793,
    -307.9470951388));
#1477 = CARTESIAN_POINT('',(115.72193376378,15.151325337325,
    -305.2332405977));
#1478 = CARTESIAN_POINT('',(115.07775186147,20.968295202255,
    -305.5344222281));
#1479 = CARTESIAN_POINT('',(108.75200914006,22.836312875474,
    -308.5452507532));
#1480 = CARTESIAN_POINT('',(116.01574566432,24.670368655397,
    -305.0841334047));
#1481 = CARTESIAN_POINT('',(119.74351509073,23.662241235036,
    -303.309758365));
#1482 = CARTESIAN_POINT('',(124.61063270558,23.850269710271,
    -300.9916161711));
#1483 = CARTESIAN_POINT('',(129.19228720756,23.898797844407,
    -298.809560081));
#1484 = CARTESIAN_POINT('',(133.84876539947,24.079453856505,
    -296.5917418534));
#1485 = CARTESIAN_POINT('',(138.47338097118,24.579325725742,
    -294.3887903434));
#1486 = CARTESIAN_POINT('',(143.0523283328,25.292951234193,
    -292.2073821526));
#1487 = CARTESIAN_POINT('',(147.73935070907,25.885591976759,
    -289.9746199918));
#1488 = CARTESIAN_POINT('',(151.82354377293,27.539980582511,
    -288.0279309325));
#1489 = CARTESIAN_POINT('',(157.55244619144,25.852083778102,
    -285.3011734283));
#1490 = CARTESIAN_POINT('',(155.39450240228,19.862875151635,
    -286.334668013));
#1491 = CARTESIAN_POINT('',(161.04529342445,18.160957910903,
    -283.6451245191));
#1492 = CARTESIAN_POINT('',(161.05064382222,24.39925165483,
    -283.6365606153));
#1493 = CARTESIAN_POINT('',(159.53959326003,28.858840033264,
    -284.3518967171));
#1494 = CARTESIAN_POINT('',(154.80011237747,31.362584634546,
    -286.6066562585));
#1495 = CARTESIAN_POINT('',(150.36329345601,29.37641714426,
    -288.7216030452));
#1496 = CARTESIAN_POINT('',(145.75915336879,28.834588838911,
    -290.9148435821));
#1497 = CARTESIAN_POINT('',(142.69902456937,28.293167534481,
    -292.3727495852));
#1498 = CARTESIAN_POINT('',(141.16608375614,28.060184468136,
    -293.1030360946));
#1499 = CARTESIAN_POINT('',(141.16608375614,28.060184468136,
    -293.1030360946));
#1500 = CARTESIAN_POINT('',(141.16608375614,28.060184468136,
    -293.1030360946));
#1501 = ( GEOMETRIC_REPRESENTATION_CONTEXT(3) 
GLOBAL_UNCERTAINTY_ASSIGNED_CONTEXT((#1505)) 
GLOBAL_UNIT_ASSIGNED_CONTEXT((#1502,#1503,#1504)) REPRESENTATION_CONTEXT
('Context #1','3D Context with UNIT and UNCERTAINTY') );
#1502 = ( LENGTH_UNIT() NAMED_UNIT(*) SI_UNIT(.MILLI.,.METRE.) );
#1503 = ( NAMED_UNIT(*) PLANE_ANGLE_UNIT() SI_UNIT($,.RADIAN.) );
#1504 = ( NAMED_UNIT(*) SI_UNIT($,.STERADIAN.) SOLID_ANGLE_UNIT() );
#1505 = UNCERTAINTY_MEASURE_WITH_UNIT(LENGTH_MEASURE(1.E-07),#1502,
  'distance_accuracy_value','confusion accuracy');
#1506 = CONTEXT_DEPENDENT_SHAPE_REPRESENTATION(#1507,#1509);
#1507 = ( REPRESENTATION_RELATIONSHIP('','',#1412,#10) 
REPRESENTATION_RELATIONSHIP_WITH_TRANSFORMATION(#1508) 
SHAPE_REPRESENTATION_RELATIONSHIP() );
#1508 = ITEM_DEFINED_TRANSFORMATION('','',#11,#63);
#1509 = PRODUCT_DEFINITION_SHAPE('Placement','Placement of an item',
  #1510);
#1510 = NEXT_ASSEMBLY_USAGE_OCCURRENCE('13','','',#5,#1407,$);
#1511 = PRODUCT_RELATED_PRODUCT_CATEGORY('part',$,(#1409));
#1512 = SHAPE_DEFINITION_REPRESENTATION(#1513,#1519);
#1513 = PRODUCT_DEFINITION_SHAPE('','',#1514);
#1514 = PRODUCT_DEFINITION('design','',#1515,#1518);
#1515 = PRODUCT_DEFINITION_FORMATION('','',#1516);
#1516 = PRODUCT('Open CASCADE STEP translator 7.9 1.14',
  'Open CASCADE STEP translator 7.9 1.14','',(#1517));
#1517 = PRODUCT_CONTEXT('',#2,'mechanical');
#1518 = PRODUCT_DEFINITION_CONTEXT('part definition',#2,'design');
#1519 = GEOMETRICALLY_BOUNDED_WIREFRAME_SHAPE_REPRESENTATION('',(#11,
    #1520),#1608);
#1520 = GEOMETRIC_CURVE_SET('',(#1521));
#1521 = TRIMMED_CURVE('',#1522,(#1606,PARAMETER_VALUE(0.)),(#1607,
    PARAMETER_VALUE(347.4971049877)),.T.,.PARAMETER.);
#1522 = B_SPLINE_CURVE_WITH_KNOTS('',3,(#1523,#1524,#1525,#1526,#1527,
    #1528,#1529,#1530,#1531,#1532,#1533,#1534,#1535,#1536,#1537,#1538,
    #1539,#1540,#1541,#1542,#1543,#1544,#1545,#1546,#1547,#1548,#1549,
    #1550,#1551,#1552,#1553,#1554,#1555,#1556,#1557,#1558,#1559,#1560,
    #1561,#1562,#1563,#1564,#1565,#1566,#1567,#1568,#1569,#1570,#1571,
    #1572,#1573,#1574,#1575,#1576,#1577,#1578,#1579,#1580,#1581,#1582,
    #1583,#1584,#1585,#1586,#1587,#1588,#1589,#1590,#1591,#1592,#1593,
    #1594,#1595,#1596,#1597,#1598,#1599,#1600,#1601,#1602,#1603,#1604,
    #1605),.UNSPECIFIED.,.T.,.F.,(4,1,1,1,1,1,1,1,1,1,1,1,1,1,1,1,1,1,1,
    1,1,1,1,1,1,1,1,1,1,1,1,1,1,1,1,1,1,1,1,1,1,1,1,1,1,1,1,1,1,1,1,1,1,
    1,1,1,1,1,1,1,1,1,1,1,1,1,1,1,1,1,1,1,1,1,1,1,1,1,1,1,4),(0.,
    4.493052225234,8.986383801459,13.47980232313,17.973110125902,
    22.466454740671,26.959702883725,31.45312164715,35.946622437445,
    40.439656675668,44.932956169577,49.426524330383,52.404516546696,
    56.777525660691,59.598329987781,64.07187808278,68.564120203635,
    73.057760028084,77.551050054126,82.043069247949,86.536252394155,
    90.981731995753,95.195555552644,99.688886114243,103.05524586849,
    107.11073654336,111.60268667646,115.93748488037,120.32546988788,
    124.81208432656,129.3042318546,132.99154473416,136.85592784469,
    141.33390161475,144.97871887054,149.17274133008,153.62182799764,
    158.09251414438,162.58578295129,167.07904083597,171.57258922155,
    176.0662194655,180.55940381547,185.05101955533,189.52896396706,
    193.50247546926,197.85740826534,201.07336375808,205.56589587802,
    210.05596662182,213.23942537033,217.7193994676,222.2128252485,
    226.70543901225,231.19848774244,235.69191938269,240.1849355194,
    244.67819216829,249.17148671652,253.66462794643,258.15814381642,
    262.65176590828,267.14518097853,271.63788352895,276.13151436401,
    280.62479430035,285.1183810416,289.61187031492,294.1014663763,
    298.49800635932,302.65101878101,307.07559095905,311.55787587354,
    316.04751090429,320.53972079331,325.0321175901,329.5246879015,
    334.01787167762,338.51112135157,343.00413476819,347.4971049877),
  .UNSPECIFIED.);
#1523 = CARTESIAN_POINT('',(70.315529419287,16.863113687556,
    -316.7031813133));
#1524 = CARTESIAN_POINT('',(71.643531919583,16.580855955608,
    -316.0709933744));
#1525 = CARTESIAN_POINT('',(74.306953444049,16.057000140632,
    -314.8030461736));
#1526 = CARTESIAN_POINT('',(78.321340551167,15.402697671845,
    -312.8918284882));
#1527 = CARTESIAN_POINT('',(82.35381819605,14.901966103722,
    -310.9718471054));
#1528 = CARTESIAN_POINT('',(86.39739557532,14.53271995324,
    -309.0464526875));
#1529 = CARTESIAN_POINT('',(90.449878947398,14.296689666652,
    -307.1166883335));
#1530 = CARTESIAN_POINT('',(94.505540965185,14.232125909168,
    -305.1852448014));
#1531 = CARTESIAN_POINT('',(98.567464428537,14.255029179821,
    -303.2507349137));
#1532 = CARTESIAN_POINT('',(102.60414786993,14.424044617136,
    -301.3281046658));
#1533 = CARTESIAN_POINT('',(106.72307572578,14.592266848795,
    -299.3663063462));
#1534 = CARTESIAN_POINT('',(110.50123081751,15.4622023972,
    -297.5661240989));
#1535 = CARTESIAN_POINT('',(114.9653920044,14.145775023177,
    -295.4413403754));
#1536 = CARTESIAN_POINT('',(115.94007173273,19.65255806715,
    -294.9718395715));
#1537 = CARTESIAN_POINT('',(110.44159836047,20.033727093792,
    -297.5901155451));
#1538 = CARTESIAN_POINT('',(113.89718531547,24.357865860511,
    -295.9402251191));
#1539 = CARTESIAN_POINT('',(117.46153499679,22.642945698604,
    -294.2443601846));
#1540 = CARTESIAN_POINT('',(121.49526633874,22.778831489823,
    -292.3231678196));
#1541 = CARTESIAN_POINT('',(125.55735286219,22.603470784124,
    -290.3887714668));
#1542 = CARTESIAN_POINT('',(129.60366831615,22.627865344937,
    -288.461693443));
#1543 = CARTESIAN_POINT('',(133.6947133896,22.803319282355,
    -286.5131673024));
#1544 = CARTESIAN_POINT('',(137.59420963702,22.98206311902,
    -284.6558629645));
#1545 = CARTESIAN_POINT('',(142.01899695005,23.871265089685,
    -282.5477040597));
#1546 = CARTESIAN_POINT('',(144.28365854785,19.162494693216,
    -281.4737015988));
#1547 = CARTESIAN_POINT('',(143.6680113475,15.480940663084,
    -281.7704533231));
#1548 = CARTESIAN_POINT('',(147.11925593341,10.958327341262,
    -280.1311621459));
#1549 = CARTESIAN_POINT('',(148.40363226712,16.988624852186,
    -279.51366374));
#1550 = CARTESIAN_POINT('',(147.61472732577,20.53772311261,
    -279.8859565814));
#1551 = CARTESIAN_POINT('',(146.5365889701,25.360036827926,
    -280.3947688036));
#1552 = CARTESIAN_POINT('',(142.19194603175,26.658376665281,
    -282.4626494993));
#1553 = CARTESIAN_POINT('',(138.4683770756,26.488798873906,
    -284.2361597663));
#1554 = CARTESIAN_POINT('',(133.91883496663,24.471307331555,
    -286.4048210877));
#1555 = CARTESIAN_POINT('',(132.63766389268,29.258541201956,
    -287.0103613083));
#1556 = CARTESIAN_POINT('',(133.77190050787,33.726101503303,
    -286.4658738195));
#1557 = CARTESIAN_POINT('',(137.66480718232,33.533526224485,
    -284.6120658351));
#1558 = CARTESIAN_POINT('',(141.21544851977,38.523320323488,
    -282.9162639233));
#1559 = CARTESIAN_POINT('',(135.16509004933,38.01136163904,
    -285.7982360045));
#1560 = CARTESIAN_POINT('',(132.94158700482,34.572926637598,
    -286.8604933415));
#1561 = CARTESIAN_POINT('',(128.48687024073,34.461630317311,
    -288.9821559648));
#1562 = CARTESIAN_POINT('',(124.56046819259,34.86298954786,
    -290.8517147573));
#1563 = CARTESIAN_POINT('',(120.48100993126,35.116671982785,
    -292.7943088583));
#1564 = CARTESIAN_POINT('',(116.44393638249,35.486381762797,
    -294.716605385));
#1565 = CARTESIAN_POINT('',(112.39340703599,35.702588484359,
    -296.6454582524));
#1566 = CARTESIAN_POINT('',(108.32624628587,35.910134709161,
    -298.5822401641));
#1567 = CARTESIAN_POINT('',(104.32073539464,35.607289839158,
    -300.4901535658));
#1568 = CARTESIAN_POINT('',(100.27330891867,35.682678043576,
    -302.4176644893));
#1569 = CARTESIAN_POINT('',(97.28654285995,31.386046821192,
    -303.8442528119));
#1570 = CARTESIAN_POINT('',(100.16987220295,27.961616321192,
    -302.4743718031));
#1571 = CARTESIAN_POINT('',(103.07766752277,25.87893239571,
    -301.0915450043));
#1572 = CARTESIAN_POINT('',(106.10301689421,23.230549877388,
    -299.6532787032));
#1573 = CARTESIAN_POINT('',(108.65185559561,21.143198334342,
    -298.441409208));
#1574 = CARTESIAN_POINT('',(111.73966010666,16.391364675024,
    -296.9754271201));
#1575 = CARTESIAN_POINT('',(105.8649032309,17.694179309562,
    -299.7720190397));
#1576 = CARTESIAN_POINT('',(102.48806062514,17.774070110475,
    -301.3801605893));
#1577 = CARTESIAN_POINT('',(98.283073765601,18.397720610636,
    -303.382180813));
#1578 = CARTESIAN_POINT('',(94.314856475714,19.020001965847,
    -305.2714410389));
#1579 = CARTESIAN_POINT('',(90.316820239989,19.871767725228,
    -307.1746812149));
#1580 = CARTESIAN_POINT('',(86.356454672149,20.833384657982,
    -309.0598748325));
#1581 = CARTESIAN_POINT('',(82.437053982647,22.001451815115,
    -310.9253598732));
#1582 = CARTESIAN_POINT('',(78.539881688093,23.253282946775,
    -312.7801778823));
#1583 = CARTESIAN_POINT('',(74.707773559435,24.736234218609,
    -314.6037862581));
#1584 = CARTESIAN_POINT('',(70.931234754632,26.379761161916,
    -316.4007749397));
#1585 = CARTESIAN_POINT('',(67.153851552804,28.019948639312,
    -318.1981689851));
#1586 = CARTESIAN_POINT('',(63.398436257231,29.724146146582,
    -319.9850391059));
#1587 = CARTESIAN_POINT('',(59.726445340969,31.638574780749,
    -321.7319757002));
#1588 = CARTESIAN_POINT('',(56.054516005511,33.547084860124,
    -323.4788886742));
#1589 = CARTESIAN_POINT('',(52.404566806396,35.52041947393,
    -325.2152711136));
#1590 = CARTESIAN_POINT('',(48.79361054493,37.536034111122,
    -326.9330424256));
#1591 = CARTESIAN_POINT('',(45.10081879199,39.531184856707,
    -328.6898075589));
#1592 = CARTESIAN_POINT('',(41.585187786163,41.233664937722,
    -330.3624822596));
#1593 = CARTESIAN_POINT('',(37.00593095837,42.344793841998,
    -332.5422781658));
#1594 = CARTESIAN_POINT('',(35.156723191934,37.155596388237,
    -333.4279659908));
#1595 = CARTESIAN_POINT('',(37.554369417088,33.354805809946,
    -332.2897541142));
#1596 = CARTESIAN_POINT('',(40.466905687143,30.325436362694,
    -330.90558236));
#1597 = CARTESIAN_POINT('',(43.836834314266,27.782433834386,
    -329.3031088427));
#1598 = CARTESIAN_POINT('',(47.362867819778,25.566804658713,
    -327.6259748056));
#1599 = CARTESIAN_POINT('',(50.999976543153,23.571481595511,
    -325.8957288367));
#1600 = CARTESIAN_POINT('',(54.716045526356,21.759340923764,
    -324.1277014587));
#1601 = CARTESIAN_POINT('',(58.557409590851,20.305744393192,
    -322.2996566432));
#1602 = CARTESIAN_POINT('',(62.415679205234,18.91419428262,
    -320.4635007397));
#1603 = CARTESIAN_POINT('',(66.343333405397,17.778959665372,
    -318.5940533098));
#1604 = CARTESIAN_POINT('',(68.98784362701,17.146921046805,
    -317.3352169259));
#1605 = CARTESIAN_POINT('',(70.315529419287,16.863113687556,
    -316.7031813133));
#1606 = CARTESIAN_POINT('',(70.315529419287,16.863113687556,
    -316.7031813133));
#1607 = CARTESIAN_POINT('',(70.315529419287,16.863113687556,
    -316.7031813133));
#1608 = ( GEOMETRIC_REPRESENTATION_CONTEXT(3) 
GLOBAL_UNCERTAINTY_ASSIGNED_CONTEXT((#1612)) 
GLOBAL_UNIT_ASSIGNED_CONTEXT((#1609,#1610,#1611)) REPRESENTATION_CONTEXT
('Context #1','3D Context with UNIT and UNCERTAINTY') );
#1609 = ( LENGTH_UNIT() NAMED_UNIT(*) SI_UNIT(.MILLI.,.METRE.) );
#1610 = ( NAMED_UNIT(*) PLANE_ANGLE_UNIT() SI_UNIT($,.RADIAN.) );
#1611 = ( NAMED_UNIT(*) SI_UNIT($,.STERADIAN.) SOLID_ANGLE_UNIT() );
#1612 = UNCERTAINTY_MEASURE_WITH_UNIT(LENGTH_MEASURE(1.E-07),#1609,
  'distance_accuracy_value','confusion accuracy');
#1613 = CONTEXT_DEPENDENT_SHAPE_REPRESENTATION(#1614,#1616);
#1614 = ( REPRESENTATION_RELATIONSHIP('','',#1519,#10) 
REPRESENTATION_RELATIONSHIP_WITH_TRANSFORMATION(#1615) 
SHAPE_REPRESENTATION_RELATIONSHIP() );
#1615 = ITEM_DEFINED_TRANSFORMATION('','',#11,#67);
#1616 = PRODUCT_DEFINITION_SHAPE('Placement','Placement of an item',
  #1617);
#1617 = NEXT_ASSEMBLY_USAGE_OCCURRENCE('14','','',#5,#1514,$);
#1618 = PRODUCT_RELATED_PRODUCT_CATEGORY('part',$,(#1516));
#1619 = SHAPE_DEFINITION_REPRESENTATION(#1620,#1626);
#1620 = PRODUCT_DEFINITION_SHAPE('','',#1621);
#1621 = PRODUCT_DEFINITION('design','',#1622,#1625);
#1622 = PRODUCT_DEFINITION_FORMATION('','',#1623);
#1623 = PRODUCT('Open CASCADE STEP translator 7.9 1.15',
  'Open CASCADE STEP translator 7.9 1.15','',(#1624));
#1624 = PRODUCT_CONTEXT('',#2,'mechanical');
#1625 = PRODUCT_DEFINITION_CONTEXT('part definition',#2,'design');
#1626 = GEOMETRICALLY_BOUNDED_WIREFRAME_SHAPE_REPRESENTATION('',(#11,
    #1627),#1715);
#1627 = GEOMETRIC_CURVE_SET('',(#1628));
#1628 = TRIMMED_CURVE('',#1629,(#1713,PARAMETER_VALUE(0.)),(#1714,
    PARAMETER_VALUE(306.42101401387)),.T.,.PARAMETER.);
#1629 = B_SPLINE_CURVE_WITH_KNOTS('',3,(#1630,#1631,#1632,#1633,#1634,
    #1635,#1636,#1637,#1638,#1639,#1640,#1641,#1642,#1643,#1644,#1645,
    #1646,#1647,#1648,#1649,#1650,#1651,#1652,#1653,#1654,#1655,#1656,
    #1657,#1658,#1659,#1660,#1661,#1662,#1663,#1664,#1665,#1666,#1667,
    #1668,#1669,#1670,#1671,#1672,#1673,#1674,#1675,#1676,#1677,#1678,
    #1679,#1680,#1681,#1682,#1683,#1684,#1685,#1686,#1687,#1688,#1689,
    #1690,#1691,#1692,#1693,#1694,#1695,#1696,#1697,#1698,#1699,#1700,
    #1701,#1702,#1703,#1704,#1705,#1706,#1707,#1708,#1709,#1710,#1711,
    #1712),.UNSPECIFIED.,.T.,.F.,(4,1,1,1,1,1,1,1,1,1,1,1,1,1,1,1,1,1,1,
    1,1,1,1,1,1,1,1,1,1,1,1,1,1,1,1,1,1,1,1,1,1,1,1,1,1,1,1,1,1,1,1,1,1,
    1,1,1,1,1,1,1,1,1,1,1,1,1,1,1,1,1,1,1,1,1,1,1,1,1,1,1,4),(0.,
    3.922312027663,7.845735555358,11.769461817682,15.693147325369,
    19.617517222069,23.541169121048,27.465215962311,31.388675968327,
    35.312114926119,39.236462756949,43.160488629825,47.084743811848,
    51.009032489966,54.93336745236,58.857201077395,62.78130150807,
    66.705638100222,70.629854929336,74.554016409333,78.478089658759,
    82.402375582627,86.32648138372,89.654346992155,93.577596740601,
    96.359763996215,100.2834592256,104.20661941697,108.13059461576,
    111.97479189258,115.75967443231,119.68394310887,123.60807072258,
    126.49185173487,130.18095163657,134.10512035634,137.99939601031,
    141.81969747585,145.0049980033,148.84335096748,152.70639683568,
    156.5913289128,160.46627163382,164.23610706878,168.14320891347,
    172.04567157146,175.96848865594,179.89282142366,183.81560880702,
    187.73078979538,191.46290811083,195.17920040625,197.87015287143,
    201.76579605886,205.66651074058,208.92500542697,212.56621465641,
    216.48760422082,220.4114309325,224.33552711369,228.25975997917,
    232.18396769855,236.10736039969,240.0317302964,243.95600272887,
    247.87996906491,251.80395751026,255.72831201239,259.65262325764,
    263.57611132332,267.50035559108,271.42472548778,275.34908404095,
    279.2734412933,283.19766727748,287.11916572344,291.02433194597,
    294.80965264833,298.60119883209,302.50901258007,306.42101401387),
  .UNSPECIFIED.);
#1630 = CARTESIAN_POINT('',(38.896640189774,30.401117353027,
    -321.5001747521));
#1631 = CARTESIAN_POINT('',(39.82025429689,29.58300560756,
    -321.0610932028));
#1632 = CARTESIAN_POINT('',(41.736547106433,28.052398668884,
    -320.1499362966));
#1633 = CARTESIAN_POINT('',(44.765785170382,26.011096269716,
    -318.7092325825));
#1634 = CARTESIAN_POINT('',(47.879617627789,24.137479650462,
    -317.2280791516));
#1635 = CARTESIAN_POINT('',(51.072293689668,22.42889559552,
    -315.709217371));
#1636 = CARTESIAN_POINT('',(54.362834643897,20.969096353605,
    -314.1435076027));
#1637 = CARTESIAN_POINT('',(57.687955762604,19.61101939373,
    -312.5612309648));
#1638 = CARTESIAN_POINT('',(61.064168917272,18.420077608932,
    -310.9544606119));
#1639 = CARTESIAN_POINT('',(64.463276411872,17.306263785276,
    -309.3367124711));
#1640 = CARTESIAN_POINT('',(67.926816265462,16.472725683556,
    -307.6880081922));
#1641 = CARTESIAN_POINT('',(71.390227200973,15.645384102408,
    -306.0393593349));
#1642 = CARTESIAN_POINT('',(74.881020478815,14.969304953727,
    -304.3775237919));
#1643 = CARTESIAN_POINT('',(78.382683685931,14.364408137123,
    -302.7104428105));
#1644 = CARTESIAN_POINT('',(81.906996567918,13.952842616063,
    -301.0323885041));
#1645 = CARTESIAN_POINT('',(85.432416611881,13.559684067107,
    -299.3537891623));
#1646 = CARTESIAN_POINT('',(88.969354411445,13.31733699984,
    -297.6695590663));
#1647 = CARTESIAN_POINT('',(92.509658913762,13.164096395343,
    -295.9836396528));
#1648 = CARTESIAN_POINT('',(96.053009603915,13.108881027927,
    -294.2961749659));
#1649 = CARTESIAN_POINT('',(99.594613133145,13.131547720583,
    -292.6094672589));
#1650 = CARTESIAN_POINT('',(103.14191835097,13.261519178596,
    -290.9199406499));
#1651 = CARTESIAN_POINT('',(106.65724814459,13.474322812245,
    -289.2455624335));
#1652 = CARTESIAN_POINT('',(110.26694536671,13.909868055259,
    -287.5260270081));
#1653 = CARTESIAN_POINT('',(113.34605794504,13.720726542958,
    -286.0597844999));
#1654 = CARTESIAN_POINT('',(117.6212887357,15.650761537457,
    -284.0218480616));
#1655 = CARTESIAN_POINT('',(114.40261288145,19.135019424305,
    -285.5513798848));
#1656 = CARTESIAN_POINT('',(116.68053269678,22.961123243276,
    -284.4628327631));
#1657 = CARTESIAN_POINT('',(120.14895542266,21.169885931434,
    -282.8127265593));
#1658 = CARTESIAN_POINT('',(123.63271734411,21.424109258828,
    -281.1533425745));
#1659 = CARTESIAN_POINT('',(127.06548859197,21.306006125474,
    -279.5186019032));
#1660 = CARTESIAN_POINT('',(130.92584372008,20.878468803145,
    -277.6805231479));
#1661 = CARTESIAN_POINT('',(132.27237845681,16.809765330373,
    -277.043160634));
#1662 = CARTESIAN_POINT('',(133.19319052522,13.335309187707,
    -276.6079751491));
#1663 = CARTESIAN_POINT('',(132.53079521189,8.941092984188,
    -276.9276778671));
#1664 = CARTESIAN_POINT('',(137.2165815564,8.149206098481,
    -274.6968395087));
#1665 = CARTESIAN_POINT('',(136.42407198681,12.995213008293,
    -275.0695984019));
#1666 = CARTESIAN_POINT('',(135.78464084381,16.239111281746,
    -275.3709987802));
#1667 = CARTESIAN_POINT('',(135.71574800624,20.620302149494,
    -275.39958402));
#1668 = CARTESIAN_POINT('',(132.36327703732,22.441848907928,
    -276.9944390638));
#1669 = CARTESIAN_POINT('',(131.73507178433,26.316788575842,
    -277.2898845881));
#1670 = CARTESIAN_POINT('',(132.9072257696,29.884468066762,
    -276.7282067653));
#1671 = CARTESIAN_POINT('',(130.96440383136,33.566397016703,
    -277.6499235609));
#1672 = CARTESIAN_POINT('',(127.88673311565,35.649170879638,
    -279.1136532945));
#1673 = CARTESIAN_POINT('',(124.55712953603,36.265189596734,
    -280.6987802907));
#1674 = CARTESIAN_POINT('',(120.95806241905,38.25817840782,
    -282.410911226));
#1675 = CARTESIAN_POINT('',(118.36564918743,34.671799859919,
    -283.6490044112));
#1676 = CARTESIAN_POINT('',(114.67796688712,34.482666887008,
    -285.4054425447));
#1677 = CARTESIAN_POINT('',(111.18792345914,34.810185531973,
    -287.0672571001));
#1678 = CARTESIAN_POINT('',(107.65255525114,35.010776461801,
    -288.750779946));
#1679 = CARTESIAN_POINT('',(104.06046264739,34.930331269519,
    -290.461588752));
#1680 = CARTESIAN_POINT('',(100.78060396865,34.64556042724,
    -292.0238934384));
#1681 = CARTESIAN_POINT('',(96.849098637027,32.61117585685,
    -293.8982315293));
#1682 = CARTESIAN_POINT('',(98.683118614706,28.664298111735,
    -293.0285870788));
#1683 = CARTESIAN_POINT('',(101.20515406267,26.898161545354,
    -291.829172854));
#1684 = CARTESIAN_POINT('',(103.18918916521,23.913828117495,
    -290.8871556087));
#1685 = CARTESIAN_POINT('',(104.75884633767,21.149748324291,
    -290.1422731239));
#1686 = CARTESIAN_POINT('',(107.93501420117,17.647316493282,
    -288.6330032229));
#1687 = CARTESIAN_POINT('',(103.3251539784,16.132252565796,
    -290.8299064912));
#1688 = CARTESIAN_POINT('',(100.27952258483,16.923157101876,
    -292.279623313));
#1689 = CARTESIAN_POINT('',(96.66945016786,17.408456740197,
    -293.9984494253));
#1690 = CARTESIAN_POINT('',(93.200960711093,18.068983649502,
    -295.6496777888));
#1691 = CARTESIAN_POINT('',(89.727243327181,18.881210520627,
    -297.3032496595));
#1692 = CARTESIAN_POINT('',(86.27580434135,19.759370849089,
    -298.9461478792));
#1693 = CARTESIAN_POINT('',(82.844521559295,20.744375274458,
    -300.5793436899));
#1694 = CARTESIAN_POINT('',(79.461904428758,21.916136017633,
    -302.189182428));
#1695 = CARTESIAN_POINT('',(76.113590762552,23.201246456661,
    -303.782574862));
#1696 = CARTESIAN_POINT('',(72.789570654858,24.561354781955,
    -305.3643251854));
#1697 = CARTESIAN_POINT('',(69.49321574122,26.001352932081,
    -306.932822942));
#1698 = CARTESIAN_POINT('',(66.202135698019,27.455861548862,
    -308.4987945529));
#1699 = CARTESIAN_POINT('',(62.927442240875,28.955789165337,
    -310.0569182663));
#1700 = CARTESIAN_POINT('',(59.697873993652,30.572228520083,
    -311.5934387787));
#1701 = CARTESIAN_POINT('',(56.517198961788,32.303424782925,
    -313.1065632726));
#1702 = CARTESIAN_POINT('',(53.37966126811,34.127903851385,
    -314.5990536883));
#1703 = CARTESIAN_POINT('',(50.225611700981,35.918141808405,
    -316.0994408902));
#1704 = CARTESIAN_POINT('',(47.055789839758,37.669635780436,
    -317.6073769967));
#1705 = CARTESIAN_POINT('',(43.90537040289,39.476631206916,
    -319.1060191922));
#1706 = CARTESIAN_POINT('',(40.643525492053,40.96770087774,
    -320.6580323378));
#1707 = CARTESIAN_POINT('',(37.334901215343,42.350173799903,
    -322.2324288421));
#1708 = CARTESIAN_POINT('',(33.384719235191,40.489628768471,
    -324.115494033));
#1709 = CARTESIAN_POINT('',(34.103921478663,35.968769404646,
    -323.7773341453));
#1710 = CARTESIAN_POINT('',(36.135266990198,32.953771450701,
    -322.8128149263));
#1711 = CARTESIAN_POINT('',(38.042304957195,31.170280419807,
    -321.9063094955));
#1712 = CARTESIAN_POINT('',(38.896640189774,30.401117353027,
    -321.5001747521));
#1713 = CARTESIAN_POINT('',(38.896640189774,30.401117353027,
    -321.5001747521));
#1714 = CARTESIAN_POINT('',(38.896640189774,30.401117353027,
    -321.5001747521));
#1715 = ( GEOMETRIC_REPRESENTATION_CONTEXT(3) 
GLOBAL_UNCERTAINTY_ASSIGNED_CONTEXT((#1719)) 
GLOBAL_UNIT_ASSIGNED_CONTEXT((#1716,#1717,#1718)) REPRESENTATION_CONTEXT
('Context #1','3D Context with UNIT and UNCERTAINTY') );
#1716 = ( LENGTH_UNIT() NAMED_UNIT(*) SI_UNIT(.MILLI.,.METRE.) );
#1717 = ( NAMED_UNIT(*) PLANE_ANGLE_UNIT() SI_UNIT($,.RADIAN.) );
#1718 = ( NAMED_UNIT(*) SI_UNIT($,.STERADIAN.) SOLID_ANGLE_UNIT() );
#1719 = UNCERTAINTY_MEASURE_WITH_UNIT(LENGTH_MEASURE(1.E-07),#1716,
  'distance_accuracy_value','confusion accuracy');
#1720 = CONTEXT_DEPENDENT_SHAPE_REPRESENTATION(#1721,#1723);
#1721 = ( REPRESENTATION_RELATIONSHIP('','',#1626,#10) 
REPRESENTATION_RELATIONSHIP_WITH_TRANSFORMATION(#1722) 
SHAPE_REPRESENTATION_RELATIONSHIP() );
#1722 = ITEM_DEFINED_TRANSFORMATION('','',#11,#71);
#1723 = PRODUCT_DEFINITION_SHAPE('Placement','Placement of an item',
  #1724);
#1724 = NEXT_ASSEMBLY_USAGE_OCCURRENCE('15','','',#5,#1621,$);
#1725 = PRODUCT_RELATED_PRODUCT_CATEGORY('part',$,(#1623));
#1726 = SHAPE_DEFINITION_REPRESENTATION(#1727,#1733);
#1727 = PRODUCT_DEFINITION_SHAPE('','',#1728);
#1728 = PRODUCT_DEFINITION('design','',#1729,#1732);
#1729 = PRODUCT_DEFINITION_FORMATION('','',#1730);
#1730 = PRODUCT('Open CASCADE STEP translator 7.9 1.16',
  'Open CASCADE STEP translator 7.9 1.16','',(#1731));
#1731 = PRODUCT_CONTEXT('',#2,'mechanical');
#1732 = PRODUCT_DEFINITION_CONTEXT('part definition',#2,'design');
#1733 = GEOMETRICALLY_BOUNDED_WIREFRAME_SHAPE_REPRESENTATION('',(#11,
    #1734),#1822);
#1734 = GEOMETRIC_CURVE_SET('',(#1735));
#1735 = TRIMMED_CURVE('',#1736,(#1820,PARAMETER_VALUE(0.)),(#1821,
    PARAMETER_VALUE(318.34766088866)),.T.,.PARAMETER.);
#1736 = B_SPLINE_CURVE_WITH_KNOTS('',3,(#1737,#1738,#1739,#1740,#1741,
    #1742,#1743,#1744,#1745,#1746,#1747,#1748,#1749,#1750,#1751,#1752,
    #1753,#1754,#1755,#1756,#1757,#1758,#1759,#1760,#1761,#1762,#1763,
    #1764,#1765,#1766,#1767,#1768,#1769,#1770,#1771,#1772,#1773,#1774,
    #1775,#1776,#1777,#1778,#1779,#1780,#1781,#1782,#1783,#1784,#1785,
    #1786,#1787,#1788,#1789,#1790,#1791,#1792,#1793,#1794,#1795,#1796,
    #1797,#1798,#1799,#1800,#1801,#1802,#1803,#1804,#1805,#1806,#1807,
    #1808,#1809,#1810,#1811,#1812,#1813,#1814,#1815,#1816,#1817,#1818,
    #1819),.UNSPECIFIED.,.T.,.F.,(4,1,1,1,1,1,1,1,1,1,1,1,1,1,1,1,1,1,1,
    1,1,1,1,1,1,1,1,1,1,1,1,1,1,1,1,1,1,1,1,1,1,1,1,1,1,1,1,1,1,1,1,1,1,
    1,1,1,1,1,1,1,1,1,1,1,1,1,1,1,1,1,1,1,1,1,1,1,1,1,1,1,4),(0.,
    3.974853067844,8.062273766383,12.109322950427,14.146746114789,
    18.23860133817,22.32789424404,26.419944060091,30.510169364318,
    33.756663393813,37.842822634576,41.151133308885,45.233603522494,
    49.277222271307,53.319029968356,57.378523485976,61.464932252685,
    65.527403745276,68.465278284845,72.294087898888,76.386228619647,
    80.478199852287,84.446252304311,88.492891156267,91.804533722191,
    95.840759785591,99.748686230769,103.84071996743,107.93287172257,
    112.02487883992,116.11698508504,120.2085117048,124.30043456538,
    128.392483226,132.48448662061,136.57637838662,140.66854068779,
    144.76041724177,148.85217275932,152.94394581115,157.03389678185,
    161.12525505863,165.21714095626,169.30855156493,173.39904299377,
    177.49067310522,181.58120808133,185.67173266791,189.75940718515,
    193.83925511962,197.83989347562,201.60449918082,205.65312538438,
    209.74166657845,213.83379800335,217.92576368894,222.01793475773,
    226.11009533437,230.20219788659,234.29343568511,238.38549249164,
    242.47765604885,246.56973312302,250.66172309184,254.75361490494,
    258.84554009937,262.93736531578,267.02880339096,271.06601647965,
    275.00563835927,279.0978090883,283.07532447,287.03578278545,
    291.02739989804,295.10502604121,299.17364183755,302.81492304891,
    306.84280531594,310.91723830024,314.99708650966,318.34766088866),
  .UNSPECIFIED.);
#1737 = CARTESIAN_POINT('',(100.39039561177,27.459062658024,
    -282.0634877065));
#1738 = CARTESIAN_POINT('',(100.98055363824,26.10519262779,
    -281.7837309974));
#1739 = CARTESIAN_POINT('',(101.14242146232,23.473338140798,
    -281.7091795549));
#1740 = CARTESIAN_POINT('',(99.46632980211,19.543855795734,
    -282.5112061902));
#1741 = CARTESIAN_POINT('',(97.499896913249,17.433120084359,
    -283.4497537294));
#1742 = CARTESIAN_POINT('',(95.926043181117,13.316502064866,
    -284.2032700939));
#1743 = CARTESIAN_POINT('',(100.81523281108,15.09374593573,
    -281.8730835905));
#1744 = CARTESIAN_POINT('',(103.9840214804,14.515881617355,
    -280.3645077733));
#1745 = CARTESIAN_POINT('',(107.59112148105,15.321506678486,
    -278.645852393));
#1746 = CARTESIAN_POINT('',(111.80644230194,14.143658287935,
    -276.6394450587));
#1747 = CARTESIAN_POINT('',(112.57583904491,18.876139919984,
    -276.2684567955));
#1748 = CARTESIAN_POINT('',(109.7479590237,22.420185533676,
    -277.6118147606));
#1749 = CARTESIAN_POINT('',(114.08727795464,24.470664250396,
    -275.543240249));
#1750 = CARTESIAN_POINT('',(117.16960671109,23.015398302051,
    -274.0766870018));
#1751 = CARTESIAN_POINT('',(120.99086747535,22.70024551653,
    -272.2571185302));
#1752 = CARTESIAN_POINT('',(123.71338863848,19.509371568981,
    -270.9635970625));
#1753 = CARTESIAN_POINT('',(124.66239166557,15.553887462653,
    -270.5154495264));
#1754 = CARTESIAN_POINT('',(124.96274569329,11.395145444126,
    -270.3764165655));
#1755 = CARTESIAN_POINT('',(126.20807880888,8.208600029252,
    -269.7864005501));
#1756 = CARTESIAN_POINT('',(124.1762113135,3.183182340069,-270.758921987
    ));
#1757 = CARTESIAN_POINT('',(122.67604766519,8.909940713293,
    -271.4678512333));
#1758 = CARTESIAN_POINT('',(121.9327326793,12.07539604208,
    -271.8188018536));
#1759 = CARTESIAN_POINT('',(121.29255524521,16.322554158106,
    -272.1195901777));
#1760 = CARTESIAN_POINT('',(119.78908974923,19.838734941981,
    -272.8322236551));
#1761 = CARTESIAN_POINT('',(115.21485889542,21.977346970071,
    -275.0086351112));
#1762 = CARTESIAN_POINT('',(114.81584569621,17.075682452142,
    -275.2033916563));
#1763 = CARTESIAN_POINT('',(117.45613545513,12.878879375341,
    -273.9500028779));
#1764 = CARTESIAN_POINT('',(112.31068047177,12.652690300077,
    -276.4007398204));
#1765 = CARTESIAN_POINT('',(109.1091558931,12.297572720403,
    -277.9258057919));
#1766 = CARTESIAN_POINT('',(105.30763121058,12.024002673269,
    -279.7365426942));
#1767 = CARTESIAN_POINT('',(101.6483122336,11.820717931429,
    -281.4794864647));
#1768 = CARTESIAN_POINT('',(97.946321866473,11.728600141675,
    -283.2426452489));
#1769 = CARTESIAN_POINT('',(94.253697000933,11.732929403496,
    -285.0012507135));
#1770 = CARTESIAN_POINT('',(90.560487419688,11.861661910824,
    -286.7600146825));
#1771 = CARTESIAN_POINT('',(86.86926731453,12.055992125665,
    -288.5177679073));
#1772 = CARTESIAN_POINT('',(83.191907937639,12.455619528349,
    -290.2687219968));
#1773 = CARTESIAN_POINT('',(79.516046064854,12.882517342398,
    -292.0189366035));
#1774 = CARTESIAN_POINT('',(75.874718281,13.58352526739,-293.752440045)
  );
#1775 = CARTESIAN_POINT('',(72.220771617986,14.192026749767,
    -295.4920424244));
#1776 = CARTESIAN_POINT('',(68.600630369205,15.017509959477,
    -297.2153357602));
#1777 = CARTESIAN_POINT('',(65.006522528298,15.964558371983,
    -298.9261134771));
#1778 = CARTESIAN_POINT('',(61.44653675139,17.061334454704,
    -300.6204962012));
#1779 = CARTESIAN_POINT('',(57.932542594013,18.32605378753,
    -302.2928135005));
#1780 = CARTESIAN_POINT('',(54.450394329242,19.693785699081,
    -303.9498648806));
#1781 = CARTESIAN_POINT('',(50.997902938872,21.153001392437,
    -305.5927039773));
#1782 = CARTESIAN_POINT('',(47.628717943699,22.839341158102,
    -307.1956494471));
#1783 = CARTESIAN_POINT('',(44.376098397013,24.785944796033,
    -308.7428297347));
#1784 = CARTESIAN_POINT('',(41.241949856246,26.955316366433,
    -310.2333734784));
#1785 = CARTESIAN_POINT('',(38.164870866672,29.213976669185,
    -311.69665179));
#1786 = CARTESIAN_POINT('',(35.358504253894,31.926012075811,
    -313.030566345));
#1787 = CARTESIAN_POINT('',(33.020707567949,34.95399255938,
    -314.1410201712));
#1788 = CARTESIAN_POINT('',(31.607474965179,39.16018987825,
    -314.810014901));
#1789 = CARTESIAN_POINT('',(34.858066164976,42.548553405201,
    -313.2586559368));
#1790 = CARTESIAN_POINT('',(38.529121359833,41.019012855448,
    -311.5117938194));
#1791 = CARTESIAN_POINT('',(41.865552567979,39.551373381883,
    -309.924236415));
#1792 = CARTESIAN_POINT('',(45.180776756051,37.677534207288,
    -308.3471705479));
#1793 = CARTESIAN_POINT('',(48.475337780404,35.842085407342,
    -306.7799084751));
#1794 = CARTESIAN_POINT('',(51.733703997156,33.906615119531,
    -305.2299806042));
#1795 = CARTESIAN_POINT('',(54.993597430074,31.980609753521,
    -303.6793162706));
#1796 = CARTESIAN_POINT('',(58.245754185152,30.038308378915,
    -302.1323522383));
#1797 = CARTESIAN_POINT('',(61.566872401507,28.236669173435,
    -300.5524097203));
#1798 = CARTESIAN_POINT('',(65.007781078667,26.740545836088,
    -298.9151224727));
#1799 = CARTESIAN_POINT('',(68.408467356617,25.140484332032,
    -297.2970913414));
#1800 = CARTESIAN_POINT('',(71.832028225923,23.599062876888,
    -295.6681096557));
#1801 = CARTESIAN_POINT('',(75.299127997597,22.183292115501,
    -294.0182714338));
#1802 = CARTESIAN_POINT('',(78.806140150145,20.888097338793,
    -292.3493086972));
#1803 = CARTESIAN_POINT('',(82.326714588917,19.668173608956,
    -290.6738143464));
#1804 = CARTESIAN_POINT('',(85.913656338808,18.579616639965,
    -288.9665859357));
#1805 = CARTESIAN_POINT('',(89.379981493287,17.55235702824,
    -287.3167419712));
#1806 = CARTESIAN_POINT('',(93.302107870875,16.831373663612,
    -285.4495276869));
#1807 = CARTESIAN_POINT('',(95.987060753271,20.066640300264,
    -284.1677011552));
#1808 = CARTESIAN_POINT('',(97.724193433867,23.662394592067,
    -283.3369256071));
#1809 = CARTESIAN_POINT('',(97.683128276274,27.616890207786,
    -283.3526694121));
#1810 = CARTESIAN_POINT('',(96.65858227244,32.20505958438,
    -283.8361841124));
#1811 = CARTESIAN_POINT('',(100.78666801111,33.789962256571,
    -281.8686582092));
#1812 = CARTESIAN_POINT('',(104.39719546383,34.371533047903,
    -280.1485865701));
#1813 = CARTESIAN_POINT('',(106.4698181426,38.139759317823,
    -279.1578678586));
#1814 = CARTESIAN_POINT('',(112.01751962421,36.14103278185,
    -276.5177068985));
#1815 = CARTESIAN_POINT('',(107.1258641917,33.143896148201,
    -278.850244119));
#1816 = CARTESIAN_POINT('',(104.42595028436,31.771310126712,
    -280.1373995859));
#1817 = CARTESIAN_POINT('',(100.11673476276,31.432978224967,
    -282.1899862963));
#1818 = CARTESIAN_POINT('',(99.773262448523,29.196076008085,
    -282.3557218258));
#1819 = CARTESIAN_POINT('',(100.39039561177,27.459062658024,
    -282.0634877065));
#1820 = CARTESIAN_POINT('',(100.39039561177,27.459062658024,
    -282.0634877065));
#1821 = CARTESIAN_POINT('',(100.39039561177,27.459062658024,
    -282.0634877065));
#1822 = ( GEOMETRIC_REPRESENTATION_CONTEXT(3) 
GLOBAL_UNCERTAINTY_ASSIGNED_CONTEXT((#1826)) 
GLOBAL_UNIT_ASSIGNED_CONTEXT((#1823,#1824,#1825)) REPRESENTATION_CONTEXT
('Context #1','3D Context with UNIT and UNCERTAINTY') );
#1823 = ( LENGTH_UNIT() NAMED_UNIT(*) SI_UNIT(.MILLI.,.METRE.) );
#1824 = ( NAMED_UNIT(*) PLANE_ANGLE_UNIT() SI_UNIT($,.RADIAN.) );
#1825 = ( NAMED_UNIT(*) SI_UNIT($,.STERADIAN.) SOLID_ANGLE_UNIT() );
#1826 = UNCERTAINTY_MEASURE_WITH_UNIT(LENGTH_MEASURE(1.E-07),#1823,
  'distance_accuracy_value','confusion accuracy');
#1827 = CONTEXT_DEPENDENT_SHAPE_REPRESENTATION(#1828,#1830);
#1828 = ( REPRESENTATION_RELATIONSHIP('','',#1733,#10) 
REPRESENTATION_RELATIONSHIP_WITH_TRANSFORMATION(#1829) 
SHAPE_REPRESENTATION_RELATIONSHIP() );
#1829 = ITEM_DEFINED_TRANSFORMATION('','',#11,#75);
#1830 = PRODUCT_DEFINITION_SHAPE('Placement','Placement of an item',
  #1831);
#1831 = NEXT_ASSEMBLY_USAGE_OCCURRENCE('16','','',#5,#1728,$);
#1832 = PRODUCT_RELATED_PRODUCT_CATEGORY('part',$,(#1730));
#1833 = SHAPE_DEFINITION_REPRESENTATION(#1834,#1840);
#1834 = PRODUCT_DEFINITION_SHAPE('','',#1835);
#1835 = PRODUCT_DEFINITION('design','',#1836,#1839);
#1836 = PRODUCT_DEFINITION_FORMATION('','',#1837);
#1837 = PRODUCT('Open CASCADE STEP translator 7.9 1.17',
  'Open CASCADE STEP translator 7.9 1.17','',(#1838));
#1838 = PRODUCT_CONTEXT('',#2,'mechanical');
#1839 = PRODUCT_DEFINITION_CONTEXT('part definition',#2,'design');
#1840 = GEOMETRICALLY_BOUNDED_WIREFRAME_SHAPE_REPRESENTATION('',(#11,
    #1841),#1929);
#1841 = GEOMETRIC_CURVE_SET('',(#1842));
#1842 = TRIMMED_CURVE('',#1843,(#1927,PARAMETER_VALUE(0.)),(#1928,
    PARAMETER_VALUE(274.33563265875)),.T.,.PARAMETER.);
#1843 = B_SPLINE_CURVE_WITH_KNOTS('',3,(#1844,#1845,#1846,#1847,#1848,
    #1849,#1850,#1851,#1852,#1853,#1854,#1855,#1856,#1857,#1858,#1859,
    #1860,#1861,#1862,#1863,#1864,#1865,#1866,#1867,#1868,#1869,#1870,
    #1871,#1872,#1873,#1874,#1875,#1876,#1877,#1878,#1879,#1880,#1881,
    #1882,#1883,#1884,#1885,#1886,#1887,#1888,#1889,#1890,#1891,#1892,
    #1893,#1894,#1895,#1896,#1897,#1898,#1899,#1900,#1901,#1902,#1903,
    #1904,#1905,#1906,#1907,#1908,#1909,#1910,#1911,#1912,#1913,#1914,
    #1915,#1916,#1917,#1918,#1919,#1920,#1921,#1922,#1923,#1924,#1925,
    #1926),.UNSPECIFIED.,.T.,.F.,(4,1,1,1,1,1,1,1,1,1,1,1,1,1,1,1,1,1,1,
    1,1,1,1,1,1,1,1,1,1,1,1,1,1,1,1,1,1,1,1,1,1,1,1,1,1,1,1,1,1,1,1,1,1,
    1,1,1,1,1,1,1,1,1,1,1,1,1,1,1,1,1,1,1,1,1,1,1,1,1,1,1,4),(0.,
    3.489122127329,6.955914441724,10.39583458164,13.78782948985,
    15.200284828656,18.685136081733,22.173392275829,25.662535199652,
    29.151616369462,32.640685971378,36.129932108133,39.61917626555,
    43.108460545942,46.596359580341,50.063097922833,53.414109907416,
    56.890627531841,60.341360983661,63.332955232551,66.799148447078,
    70.267362008419,73.727439241729,77.203566974924,80.692803704314,
    84.182048301114,87.671126888942,91.159972213628,94.648946075441,
    98.137828151972,101.62710175505,105.11585310514,108.60514540002,
    112.09408032309,115.5833514925,119.07232158989,122.56142183249,
    126.05047238436,129.53970997841,133.02892402,136.51812352684,
    140.00676702197,143.49491955059,146.98360522906,150.47240324794,
    153.96039734037,157.44826158647,160.93579337105,164.41867618621,
    167.88464116826,171.24925860428,174.59089697632,178.06994497376,
    181.55711086224,185.04628327112,188.53542100559,192.02467931261,
    195.51397529324,199.00324039442,202.49253676722,205.98140110237,
    209.47031462451,212.9596065934,216.44886152332,219.93807155223,
    223.42724682942,226.91645985414,230.39831727364,233.79853827693,
    237.264813705,240.7540897527,244.24201796737,247.72817807381,
    251.21596142742,254.7051336447,257.91230231622,260.3948950784,
    263.88387882591,267.36770753193,270.8481991529,274.33563265875),
  .UNSPECIFIED.);
#1844 = CARTESIAN_POINT('',(88.875516008844,24.758988154595,
    -277.3968713618));
#1845 = CARTESIAN_POINT('',(88.336361303831,23.822038594905,
    -277.6545468886));
#1846 = CARTESIAN_POINT('',(87.518237808992,21.633394218956,
    -278.0462881269));
#1847 = CARTESIAN_POINT('',(86.089126087169,18.39045178674,
    -278.7300287121));
#1848 = CARTESIAN_POINT('',(83.65186844304,16.65364531721,
    -279.8924455729));
#1849 = CARTESIAN_POINT('',(79.884893802991,16.216165147877,
    -281.6868861087));
#1850 = CARTESIAN_POINT('',(81.402449586204,13.125724889496,
    -280.9671315884));
#1851 = CARTESIAN_POINT('',(84.309395607772,13.847514477586,
    -279.5820048259));
#1852 = CARTESIAN_POINT('',(87.316663803589,13.244113543752,
    -278.1503776307));
#1853 = CARTESIAN_POINT('',(90.498316973722,13.153696439587,
    -276.6352050447));
#1854 = CARTESIAN_POINT('',(93.638473470751,13.052988919216,
    -275.1398051394));
#1855 = CARTESIAN_POINT('',(96.791724597657,13.063971404711,
    -273.6380612209));
#1856 = CARTESIAN_POINT('',(99.939306421103,13.157562167997,
    -272.1389376419));
#1857 = CARTESIAN_POINT('',(103.09137804392,13.265289884293,
    -270.6376621668));
#1858 = CARTESIAN_POINT('',(106.22306426644,13.521121602514,
    -269.1459524011));
#1859 = CARTESIAN_POINT('',(109.41748970653,13.327335590602,
    -267.6247967135));
#1860 = CARTESIAN_POINT('',(112.26337987394,12.028632647357,
    -266.2706961767));
#1861 = CARTESIAN_POINT('',(115.15948811038,10.216557421325,
    -264.8931743856));
#1862 = CARTESIAN_POINT('',(115.97998296513,7.03222206783,-264.505485121
    ));
#1863 = CARTESIAN_POINT('',(117.95669463701,3.282386431769,
    -263.5676938514));
#1864 = CARTESIAN_POINT('',(113.37585561775,1.775932370559,
    -265.7507674919));
#1865 = CARTESIAN_POINT('',(113.37433596954,6.208040334301,
    -265.7472172033));
#1866 = CARTESIAN_POINT('',(111.44353970866,8.929488371259,
    -266.6641330014));
#1867 = CARTESIAN_POINT('',(108.50705868683,10.520859700377,
    -268.0610951309));
#1868 = CARTESIAN_POINT('',(105.33673193067,10.655253055494,
    -269.5708311137));
#1869 = CARTESIAN_POINT('',(102.20359448693,10.414998975933,
    -271.0632170004));
#1870 = CARTESIAN_POINT('',(99.051813121482,10.337141923245,
    -272.5643254354));
#1871 = CARTESIAN_POINT('',(95.902599570972,10.304625018961,
    -274.0641672276));
#1872 = CARTESIAN_POINT('',(92.752033921525,10.28608570151,
    -275.5646394769));
#1873 = CARTESIAN_POINT('',(89.603629960464,10.42344106288,
    -277.0639318897));
#1874 = CARTESIAN_POINT('',(86.459904157206,10.640664093513,
    -278.5609193147));
#1875 = CARTESIAN_POINT('',(83.31641213335,10.885057287594,
    -280.0577692014));
#1876 = CARTESIAN_POINT('',(80.191607058631,11.331697359955,
    -281.5455244106));
#1877 = CARTESIAN_POINT('',(77.060606220574,11.729150912524,
    -283.0362777792));
#1878 = CARTESIAN_POINT('',(73.965708533502,12.390276628109,
    -284.5095827837));
#1879 = CARTESIAN_POINT('',(70.861282571312,12.98294502734,
    -285.9874916372));
#1880 = CARTESIAN_POINT('',(67.779308243645,13.711105210832,
    -287.4545772587));
#1881 = CARTESIAN_POINT('',(64.714981895679,14.519036071048,
    -288.9131811186));
#1882 = CARTESIAN_POINT('',(61.666457779591,15.410103317993,
    -290.3641790073));
#1883 = CARTESIAN_POINT('',(58.696469453151,16.580116916504,
    -291.7775052922));
#1884 = CARTESIAN_POINT('',(55.707389847603,17.682072474091,
    -293.199989414));
#1885 = CARTESIAN_POINT('',(52.735086681547,18.839591105086,
    -294.6144301888));
#1886 = CARTESIAN_POINT('',(49.793316068694,20.090727009358,
    -296.0142395814));
#1887 = CARTESIAN_POINT('',(46.925356881797,21.540761432283,
    -297.3787045375));
#1888 = CARTESIAN_POINT('',(44.148440582636,23.190704729692,
    -298.6996176126));
#1889 = CARTESIAN_POINT('',(41.418059248773,24.932315786711,
    -299.9982800497));
#1890 = CARTESIAN_POINT('',(38.77953051793,26.843094854808,
    -301.253034624));
#1891 = CARTESIAN_POINT('',(36.261496770476,28.940383206295,
    -302.4502237022));
#1892 = CARTESIAN_POINT('',(33.856998520953,31.200823739762,
    -303.5931842575));
#1893 = CARTESIAN_POINT('',(31.799516594312,33.856741237011,
    -304.5704971957));
#1894 = CARTESIAN_POINT('',(30.254784823795,36.862568712572,
    -305.303275853));
#1895 = CARTESIAN_POINT('',(30.590489620473,40.855008352218,
    -305.139546678));
#1896 = CARTESIAN_POINT('',(34.100779167681,41.915632839474,
    -303.4667512949));
#1897 = CARTESIAN_POINT('',(36.993737747792,40.651061354932,
    -302.0902015501));
#1898 = CARTESIAN_POINT('',(39.892596916757,39.29716517782,
    -300.7109277933));
#1899 = CARTESIAN_POINT('',(42.722690789155,37.760615332896,
    -299.3645795925));
#1900 = CARTESIAN_POINT('',(45.515987690909,36.146772989753,
    -298.0358304552));
#1901 = CARTESIAN_POINT('',(48.305711764632,34.524476041526,
    -296.7087910274));
#1902 = CARTESIAN_POINT('',(51.081818860897,32.873862063903,
    -295.3882639812));
#1903 = CARTESIAN_POINT('',(53.846211181283,31.199034578787,
    -294.0733394375));
#1904 = CARTESIAN_POINT('',(56.597672901032,29.499332227808,
    -292.7645970696));
#1905 = CARTESIAN_POINT('',(59.386766278909,27.872654907438,
    -291.4378622344));
#1906 = CARTESIAN_POINT('',(62.265780861422,26.452134496383,
    -290.0681036938));
#1907 = CARTESIAN_POINT('',(65.158787460563,25.070773212169,
    -288.691643704));
#1908 = CARTESIAN_POINT('',(68.067707166317,23.729452424965,
    -287.3075664977));
#1909 = CARTESIAN_POINT('',(70.972262263605,22.378622842502,
    -285.9255771023));
#1910 = CARTESIAN_POINT('',(73.914430566486,21.121983200114,
    -284.5255836176));
#1911 = CARTESIAN_POINT('',(76.883010824289,19.984242807393,
    -283.1128968021));
#1912 = CARTESIAN_POINT('',(79.796461992938,18.651570021297,
    -281.7266531507));
#1913 = CARTESIAN_POINT('',(83.239320607202,19.561783989904,
    -280.086116741));
#1914 = CARTESIAN_POINT('',(84.485798565156,22.987416728556,
    -279.4891791657));
#1915 = CARTESIAN_POINT('',(85.872299820466,26.038980226927,
    -278.8259163338));
#1916 = CARTESIAN_POINT('',(87.377902873406,29.13087086987,
    -278.1058924772));
#1917 = CARTESIAN_POINT('',(89.180749706021,31.97036827895,
    -277.2445498989));
#1918 = CARTESIAN_POINT('',(91.487201874369,34.508494280769,
    -276.143656304));
#1919 = CARTESIAN_POINT('',(93.248949715513,36.799380934185,
    -275.3024161299));
#1920 = CARTESIAN_POINT('',(96.742076360587,39.024237725176,
    -273.6366718597));
#1921 = CARTESIAN_POINT('',(97.237271224929,34.596753568901,
    -273.4051052625));
#1922 = CARTESIAN_POINT('',(94.235053495655,33.326328271192,
    -274.8361341662));
#1923 = CARTESIAN_POINT('',(92.2782627408,30.601372114091,
    -275.7706819586));
#1924 = CARTESIAN_POINT('',(90.317783189167,27.867838959494,
    -276.7069948087));
#1925 = CARTESIAN_POINT('',(89.313135187878,25.818524393333,
    -277.1874338339));
#1926 = CARTESIAN_POINT('',(88.875516008844,24.758988154595,
    -277.3968713618));
#1927 = CARTESIAN_POINT('',(88.875516008844,24.758988154595,
    -277.3968713618));
#1928 = CARTESIAN_POINT('',(88.875516008844,24.758988154595,
    -277.3968713618));
#1929 = ( GEOMETRIC_REPRESENTATION_CONTEXT(3) 
GLOBAL_UNCERTAINTY_ASSIGNED_CONTEXT((#1933)) 
GLOBAL_UNIT_ASSIGNED_CONTEXT((#1930,#1931,#1932)) REPRESENTATION_CONTEXT
('Context #1','3D Context with UNIT and UNCERTAINTY') );
#1930 = ( LENGTH_UNIT() NAMED_UNIT(*) SI_UNIT(.MILLI.,.METRE.) );
#1931 = ( NAMED_UNIT(*) PLANE_ANGLE_UNIT() SI_UNIT($,.RADIAN.) );
#1932 = ( NAMED_UNIT(*) SI_UNIT($,.STERADIAN.) SOLID_ANGLE_UNIT() );
#1933 = UNCERTAINTY_MEASURE_WITH_UNIT(LENGTH_MEASURE(1.E-07),#1930,
  'distance_accuracy_value','confusion accuracy');
#1934 = CONTEXT_DEPENDENT_SHAPE_REPRESENTATION(#1935,#1937);
#1935 = ( REPRESENTATION_RELATIONSHIP('','',#1840,#10) 
REPRESENTATION_RELATIONSHIP_WITH_TRANSFORMATION(#1936) 
SHAPE_REPRESENTATION_RELATIONSHIP() );
#1936 = ITEM_DEFINED_TRANSFORMATION('','',#11,#79);
#1937 = PRODUCT_DEFINITION_SHAPE('Placement','Placement of an item',
  #1938);
#1938 = NEXT_ASSEMBLY_USAGE_OCCURRENCE('17','','',#5,#1835,$);
#1939 = PRODUCT_RELATED_PRODUCT_CATEGORY('part',$,(#1837));
#1940 = SHAPE_DEFINITION_REPRESENTATION(#1941,#1947);
#1941 = PRODUCT_DEFINITION_SHAPE('','',#1942);
#1942 = PRODUCT_DEFINITION('design','',#1943,#1946);
#1943 = PRODUCT_DEFINITION_FORMATION('','',#1944);
#1944 = PRODUCT('Open CASCADE STEP translator 7.9 1.18',
  'Open CASCADE STEP translator 7.9 1.18','',(#1945));
#1945 = PRODUCT_CONTEXT('',#2,'mechanical');
#1946 = PRODUCT_DEFINITION_CONTEXT('part definition',#2,'design');
#1947 = GEOMETRICALLY_BOUNDED_WIREFRAME_SHAPE_REPRESENTATION('',(#11,
    #1948),#2036);
#1948 = GEOMETRIC_CURVE_SET('',(#1949));
#1949 = TRIMMED_CURVE('',#1950,(#2034,PARAMETER_VALUE(0.)),(#2035,
    PARAMETER_VALUE(267.04001265584)),.T.,.PARAMETER.);
#1950 = B_SPLINE_CURVE_WITH_KNOTS('',3,(#1951,#1952,#1953,#1954,#1955,
    #1956,#1957,#1958,#1959,#1960,#1961,#1962,#1963,#1964,#1965,#1966,
    #1967,#1968,#1969,#1970,#1971,#1972,#1973,#1974,#1975,#1976,#1977,
    #1978,#1979,#1980,#1981,#1982,#1983,#1984,#1985,#1986,#1987,#1988,
    #1989,#1990,#1991,#1992,#1993,#1994,#1995,#1996,#1997,#1998,#1999,
    #2000,#2001,#2002,#2003,#2004,#2005,#2006,#2007,#2008,#2009,#2010,
    #2011,#2012,#2013,#2014,#2015,#2016,#2017,#2018,#2019,#2020,#2021,
    #2022,#2023,#2024,#2025,#2026,#2027,#2028,#2029,#2030,#2031,#2032,
    #2033),.UNSPECIFIED.,.T.,.F.,(4,1,1,1,1,1,1,1,1,1,1,1,1,1,1,1,1,1,1,
    1,1,1,1,1,1,1,1,1,1,1,1,1,1,1,1,1,1,1,1,1,1,1,1,1,1,1,1,1,1,1,1,1,1,
    1,1,1,1,1,1,1,1,1,1,1,1,1,1,1,1,1,1,1,1,1,1,1,1,1,1,1,4),(0.,
    3.360775538797,6.734593387365,10.109073161314,13.484030626217,
    16.859069394041,20.234109520051,23.609150439738,26.984191433827,
    30.359187904728,33.733543301496,37.108197067264,40.483237339453,
    43.858213203091,47.178339458562,50.398525757454,53.771985627571,
    57.146185761376,60.517508990606,63.889357197919,67.263796031149,
    70.504506885781,73.120902494222,76.495302367664,79.869226280112,
    83.241566199854,86.61184557372,89.986885511392,93.339421874335,
    96.659384353809,100.03039531351,103.4053604829,106.49332015444,
    109.68502239935,113.05984744152,116.43431087819,119.80865781624,
    123.18360187692,126.55819192834,129.93309958264,133.30764281887,
    136.68255778645,140.05743501472,143.43236477593,146.79655368078,
    150.15542645691,153.5138885907,156.8671315202,160.2237905279,
    163.06485559223,166.14918243445,169.51402702361,172.84778310039,
    176.20249615671,179.57531945757,182.95008272192,186.32497854039,
    189.69962819068,193.0743754134,196.44917426358,199.82394780365,
    203.19870493311,206.57345301887,209.94845971088,213.3231855869,
    216.69772876738,220.07218153948,223.44719337801,226.82217950192,
    230.1963619546,233.56959461082,236.94417470622,240.31842525998,
    243.69308277037,247.06723801021,250.43971756885,253.81084723949,
    257.17629911935,260.52984272785,263.80842602178,267.04001265584),
  .UNSPECIFIED.);
#1951 = CARTESIAN_POINT('',(31.544320886481,41.088045864094,
    -294.5318882611));
#1952 = CARTESIAN_POINT('',(32.569743861629,40.993565439125,
    -294.0436224996));
#1953 = CARTESIAN_POINT('',(34.543097063871,40.486581611189,
    -293.1043035153));
#1954 = CARTESIAN_POINT('',(37.343780137265,39.132359785088,
    -291.7717863595));
#1955 = CARTESIAN_POINT('',(40.087851765824,37.673103774571,
    -290.4663316467));
#1956 = CARTESIAN_POINT('',(42.812956174615,36.158404734648,
    -289.1699635227));
#1957 = CARTESIAN_POINT('',(45.472844300226,34.510146437189,
    -287.9047833967));
#1958 = CARTESIAN_POINT('',(48.150695431895,32.898468382922,
    -286.6310131279));
#1959 = CARTESIAN_POINT('',(50.819128215393,31.267770584375,
    -285.3617466813));
#1960 = CARTESIAN_POINT('',(53.485038184161,29.631664865822,
    -284.0936869382));
#1961 = CARTESIAN_POINT('',(56.146482562346,27.988711405973,
    -282.8277605326));
#1962 = CARTESIAN_POINT('',(58.840594084572,26.405344470386,
    -281.5462189646));
#1963 = CARTESIAN_POINT('',(61.606377847976,25.000063278603,
    -280.2303718153));
#1964 = CARTESIAN_POINT('',(64.411591212864,23.626067494288,
    -278.8957161805));
#1965 = CARTESIAN_POINT('',(67.111523439467,22.290823653623,
    -277.6111632338));
#1966 = CARTESIAN_POINT('',(70.175696440559,21.055092697909,
    -276.1530449461));
#1967 = CARTESIAN_POINT('',(72.828980210896,23.413680042224,
    -274.8871462129));
#1968 = CARTESIAN_POINT('',(73.791256464195,26.555404645279,
    -274.4258332537));
#1969 = CARTESIAN_POINT('',(75.267114243804,29.528218178817,
    -273.7200903895));
#1970 = CARTESIAN_POINT('',(76.948665273972,32.321668237321,
    -272.916559245));
#1971 = CARTESIAN_POINT('',(79.034217342632,34.892482620022,
    -271.9208376235));
#1972 = CARTESIAN_POINT('',(81.142618910311,36.885771121292,
    -270.9147908726));
#1973 = CARTESIAN_POINT('',(83.601747806017,39.762551791234,
    -269.7408585331));
#1974 = CARTESIAN_POINT('',(86.331348486328,36.084916172623,
    -268.4444348506));
#1975 = CARTESIAN_POINT('',(82.644947936791,34.602187005721,
    -270.2015100065));
#1976 = CARTESIAN_POINT('',(80.894712914607,32.10185110173,
    -271.0374691881));
#1977 = CARTESIAN_POINT('',(78.865903043312,29.502942643585,
    -272.0061944755));
#1978 = CARTESIAN_POINT('',(77.389469000352,26.541355712407,
    -272.7122009584));
#1979 = CARTESIAN_POINT('',(76.056058365483,23.560704430209,
    -273.350111042));
#1980 = CARTESIAN_POINT('',(74.743137432028,20.380659447515,
    -273.9784552033));
#1981 = CARTESIAN_POINT('',(71.78187025093,18.977119844609,
    -275.3901098073));
#1982 = CARTESIAN_POINT('',(68.674465116426,18.89407457627,
    -276.870089101));
#1983 = CARTESIAN_POINT('',(66.010645204345,19.116665639798,
    -278.1385165525));
#1984 = CARTESIAN_POINT('',(62.164130921127,16.493363542465,
    -279.9729456361));
#1985 = CARTESIAN_POINT('',(66.479021045848,15.233973746151,
    -277.9191971334));
#1986 = CARTESIAN_POINT('',(68.968397880252,14.631698418588,
    -276.7342141995));
#1987 = CARTESIAN_POINT('',(72.058465127887,13.858101073097,
    -275.2633181478));
#1988 = CARTESIAN_POINT('',(75.019714688774,13.225021490602,
    -273.8536359108));
#1989 = CARTESIAN_POINT('',(78.049243020685,12.77613501663,
    -272.4112583404));
#1990 = CARTESIAN_POINT('',(81.072246560722,12.375701780856,
    -270.9719414721));
#1991 = CARTESIAN_POINT('',(84.104863819576,12.034875315766,
    -269.5279885971));
#1992 = CARTESIAN_POINT('',(87.146988964214,11.835361978697,
    -268.0793713265));
#1993 = CARTESIAN_POINT('',(90.190843051295,11.690708741243,
    -266.6298777452));
#1994 = CARTESIAN_POINT('',(93.237750928291,11.587758251642,
    -265.1788895835));
#1995 = CARTESIAN_POINT('',(96.279252447235,11.631083149981,
    -263.7303351377));
#1996 = CARTESIAN_POINT('',(99.326985960204,11.423724362917,
    -262.2790544518));
#1997 = CARTESIAN_POINT('',(102.25950249136,10.450341750966,
    -260.883384462));
#1998 = CARTESIAN_POINT('',(104.84421221372,8.478272321419,
    -259.6543202516));
#1999 = CARTESIAN_POINT('',(106.37188914425,5.623886343306,
    -258.9295179084));
#2000 = CARTESIAN_POINT('',(108.29230356838,2.891798639052,
    -258.017556712));
#2001 = CARTESIAN_POINT('',(105.87725736993,-1.0424185691,
    -259.1715144212));
#2002 = CARTESIAN_POINT('',(104.01765135553,2.91565082632,
    -260.0533334087));
#2003 = CARTESIAN_POINT('',(103.07596375418,5.630680696065,
    -260.4991931879));
#2004 = CARTESIAN_POINT('',(100.57781850557,7.933256347736,
    -261.6867124194));
#2005 = CARTESIAN_POINT('',(97.617741223968,8.838855755239,
    -263.0955735601));
#2006 = CARTESIAN_POINT('',(94.562034305399,8.765356975872,
    -264.5509224137));
#2007 = CARTESIAN_POINT('',(91.520656614289,8.872024913421,
    -265.9992732439));
#2008 = CARTESIAN_POINT('',(88.473658913957,8.960815580214,
    -267.4503178386));
#2009 = CARTESIAN_POINT('',(85.431774490218,9.158534927581,
    -268.898822196));
#2010 = CARTESIAN_POINT('',(82.393634279546,9.418117382737,
    -270.3454837185));
#2011 = CARTESIAN_POINT('',(79.362508535722,9.767798944154,
    -271.7887177213));
#2012 = CARTESIAN_POINT('',(76.342689886623,10.220003425874,
    -273.2264678633));
#2013 = CARTESIAN_POINT('',(73.331441363342,10.739866981342,
    -274.660071244));
#2014 = CARTESIAN_POINT('',(70.340214872114,11.385352411717,
    -276.0840180068));
#2015 = CARTESIAN_POINT('',(67.353250644838,12.054660939292,
    -277.5059118965));
#2016 = CARTESIAN_POINT('',(64.390035692183,12.843082455172,
    -278.9163803487));
#2017 = CARTESIAN_POINT('',(61.447977976098,13.727886806456,
    -280.316679739));
#2018 = CARTESIAN_POINT('',(58.566320139398,14.829275524426,
    -281.6880048759));
#2019 = CARTESIAN_POINT('',(55.69489589985,15.958324884842,
    -283.0544295964));
#2020 = CARTESIAN_POINT('',(52.81363703261,17.057865707364,
    -284.4255665064));
#2021 = CARTESIAN_POINT('',(49.954422169766,18.223032135095,
    -285.7861416922));
#2022 = CARTESIAN_POINT('',(47.132717897895,19.503854398938,
    -287.1287409585));
#2023 = CARTESIAN_POINT('',(44.426918364032,21.06085400573,
    -288.4158743595));
#2024 = CARTESIAN_POINT('',(41.750109312231,22.671175231086,
    -289.689149647));
#2025 = CARTESIAN_POINT('',(39.115145817175,24.373746530043,
    -290.9424070619));
#2026 = CARTESIAN_POINT('',(36.648581299337,26.359193950835,
    -292.1151918123));
#2027 = CARTESIAN_POINT('',(34.220486983177,28.396481299211,
    -293.269605169));
#2028 = CARTESIAN_POINT('',(31.972158772924,30.680215706111,
    -294.338167405));
#2029 = CARTESIAN_POINT('',(29.996616018254,33.241839557427,
    -295.2765478084));
#2030 = CARTESIAN_POINT('',(28.417713328505,36.126962366545,
    -296.025716738));
#2031 = CARTESIAN_POINT('',(28.581470331795,39.867233124893,
    -295.9441207364));
#2032 = CARTESIAN_POINT('',(30.220753291123,41.082459876793,
    -295.1622416568));
#2033 = CARTESIAN_POINT('',(31.544320886481,41.088045864094,
    -294.5318882611));
#2034 = CARTESIAN_POINT('',(31.544320886481,41.088045864094,
    -294.5318882611));
#2035 = CARTESIAN_POINT('',(31.544320886481,41.088045864094,
    -294.5318882611));
#2036 = ( GEOMETRIC_REPRESENTATION_CONTEXT(3) 
GLOBAL_UNCERTAINTY_ASSIGNED_CONTEXT((#2040)) 
GLOBAL_UNIT_ASSIGNED_CONTEXT((#2037,#2038,#2039)) REPRESENTATION_CONTEXT
('Context #1','3D Context with UNIT and UNCERTAINTY') );
#2037 = ( LENGTH_UNIT() NAMED_UNIT(*) SI_UNIT(.MILLI.,.METRE.) );
#2038 = ( NAMED_UNIT(*) PLANE_ANGLE_UNIT() SI_UNIT($,.RADIAN.) );
#2039 = ( NAMED_UNIT(*) SI_UNIT($,.STERADIAN.) SOLID_ANGLE_UNIT() );
#2040 = UNCERTAINTY_MEASURE_WITH_UNIT(LENGTH_MEASURE(1.E-07),#2037,
  'distance_accuracy_value','confusion accuracy');
#2041 = CONTEXT_DEPENDENT_SHAPE_REPRESENTATION(#2042,#2044);
#2042 = ( REPRESENTATION_RELATIONSHIP('','',#1947,#10) 
REPRESENTATION_RELATIONSHIP_WITH_TRANSFORMATION(#2043) 
SHAPE_REPRESENTATION_RELATIONSHIP() );
#2043 = ITEM_DEFINED_TRANSFORMATION('','',#11,#83);
#2044 = PRODUCT_DEFINITION_SHAPE('Placement','Placement of an item',
  #2045);
#2045 = NEXT_ASSEMBLY_USAGE_OCCURRENCE('18','','',#5,#1942,$);
#2046 = PRODUCT_RELATED_PRODUCT_CATEGORY('part',$,(#1944));
#2047 = SHAPE_DEFINITION_REPRESENTATION(#2048,#2054);
#2048 = PRODUCT_DEFINITION_SHAPE('','',#2049);
#2049 = PRODUCT_DEFINITION('design','',#2050,#2053);
#2050 = PRODUCT_DEFINITION_FORMATION('','',#2051);
#2051 = PRODUCT('Open CASCADE STEP translator 7.9 1.19',
  'Open CASCADE STEP translator 7.9 1.19','',(#2052));
#2052 = PRODUCT_CONTEXT('',#2,'mechanical');
#2053 = PRODUCT_DEFINITION_CONTEXT('part definition',#2,'design');
#2054 = GEOMETRICALLY_BOUNDED_WIREFRAME_SHAPE_REPRESENTATION('',(#11,
    #2055),#2143);
#2055 = GEOMETRIC_CURVE_SET('',(#2056));
#2056 = TRIMMED_CURVE('',#2057,(#2141,PARAMETER_VALUE(0.)),(#2142,
    PARAMETER_VALUE(231.3958466393)),.T.,.PARAMETER.);
#2057 = B_SPLINE_CURVE_WITH_KNOTS('',3,(#2058,#2059,#2060,#2061,#2062,
    #2063,#2064,#2065,#2066,#2067,#2068,#2069,#2070,#2071,#2072,#2073,
    #2074,#2075,#2076,#2077,#2078,#2079,#2080,#2081,#2082,#2083,#2084,
    #2085,#2086,#2087,#2088,#2089,#2090,#2091,#2092,#2093,#2094,#2095,
    #2096,#2097,#2098,#2099,#2100,#2101,#2102,#2103,#2104,#2105,#2106,
    #2107,#2108,#2109,#2110,#2111,#2112,#2113,#2114,#2115,#2116,#2117,
    #2118,#2119,#2120,#2121,#2122,#2123,#2124,#2125,#2126,#2127,#2128,
    #2129,#2130,#2131,#2132,#2133,#2134,#2135,#2136,#2137,#2138,#2139,
    #2140),.UNSPECIFIED.,.T.,.F.,(4,1,1,1,1,1,1,1,1,1,1,1,1,1,1,1,1,1,1,
    1,1,1,1,1,1,1,1,1,1,1,1,1,1,1,1,1,1,1,1,1,1,1,1,1,1,1,1,1,1,1,1,1,1,
    1,1,1,1,1,1,1,1,1,1,1,1,1,1,1,1,1,1,1,1,1,1,1,1,1,1,1,4),(0.,
    2.924147023834,5.848280814778,8.771380936921,11.695488280443,
    14.619648643418,17.54382493453,20.467205943548,23.391053061046,
    26.315157783359,29.239297642551,32.163212957564,35.087347157573,
    38.011483296947,40.935535649161,43.859459403789,46.783580259859,
    49.707757802273,52.628779656403,55.541705943232,58.447904943492,
    61.358873918648,64.276778297689,66.870977070039,69.474214698562,
    72.395299913724,75.318945644398,78.231801343288,81.144801510329,
    84.055358945233,86.97644775235,89.90059079809,92.824383704233,
    95.748537242944,98.672713519301,101.59685172285,104.52097493533,
    107.44484891014,110.36832741413,113.27614564077,115.84686217693,
    118.74142471977,121.62082506712,124.50905819682,127.43323098004,
    130.35197364075,133.27354200645,136.19300255357,139.1162754063,
    141.41925611529,144.13025577048,147.05083018966,149.97500447133,
    152.89481655377,155.81254211887,158.73565465013,161.62892477946,
    164.46337278025,167.37116225089,170.29511007034,173.2192805445,
    176.14345999491,179.0676367745,181.99181685802,184.91599671223,
    187.84014838877,190.76402445219,193.68764254219,196.60989239465,
    199.52393909244,202.34368583239,205.12858429521,208.02321291369,
    210.93564653601,213.85400563372,216.77689557471,219.70038617926,
    222.6242288617,225.54826457681,228.47171452014,231.3958466393),
  .UNSPECIFIED.);
#2058 = CARTESIAN_POINT('',(42.954244439311,19.74409687097,
    -278.9653316147));
#2059 = CARTESIAN_POINT('',(43.734040434632,19.292924026808,
    -278.5943894755));
#2060 = CARTESIAN_POINT('',(45.304535075564,18.410395234403,
    -277.8472937087));
#2061 = CARTESIAN_POINT('',(47.700483299382,17.179560692272,
    -276.7074122151));
#2062 = CARTESIAN_POINT('',(50.159907030093,16.112206659045,
    -275.5371429128));
#2063 = CARTESIAN_POINT('',(52.652488045374,15.148322893744,
    -274.3509827006));
#2064 = CARTESIAN_POINT('',(55.15180195082,14.205043440547,
    -273.1615960855));
#2065 = CARTESIAN_POINT('',(57.632062024433,13.20206319191,
    -271.9813414139));
#2066 = CARTESIAN_POINT('',(60.136627027368,12.276707900857,
    -270.7894366829));
#2067 = CARTESIAN_POINT('',(62.665874190242,11.433712608363,
    -269.5856976707));
#2068 = CARTESIAN_POINT('',(65.236646767025,10.764432485545,
    -268.3620146944));
#2069 = CARTESIAN_POINT('',(67.808982882646,10.103979328492,
    -267.1375785719));
#2070 = CARTESIAN_POINT('',(70.407149913064,9.581065282973,
    -265.9007078636));
#2071 = CARTESIAN_POINT('',(73.004812583877,9.058786454194,
    -264.6640767436));
#2072 = CARTESIAN_POINT('',(75.616160900824,8.62341891953,
    -263.4208440342));
#2073 = CARTESIAN_POINT('',(78.238323994681,8.281569851068,
    -262.1723706133));
#2074 = CARTESIAN_POINT('',(80.862843028317,7.965324160991,
    -260.9227504878));
#2075 = CARTESIAN_POINT('',(83.493384992545,7.709155841911,
    -259.6702040119));
#2076 = CARTESIAN_POINT('',(86.126757925779,7.531846902332,
    -258.4162332427));
#2077 = CARTESIAN_POINT('',(88.758028123175,7.29539688812,
    -257.1633209314));
#2078 = CARTESIAN_POINT('',(91.310271130197,6.428604317571,
    -255.9486531153));
#2079 = CARTESIAN_POINT('',(93.472328716128,4.690860691621,
    -254.9206506792));
#2080 = CARTESIAN_POINT('',(95.052645469901,2.274439655665,
    -254.1703563191));
#2081 = CARTESIAN_POINT('',(95.273018513742,-0.774686446191,
    -254.0683442006));
#2082 = CARTESIAN_POINT('',(98.86765640528,-1.654596342755,
    -252.3572493037));
#2083 = CARTESIAN_POINT('',(98.531359401077,2.055555108627,
    -252.5138326683));
#2084 = CARTESIAN_POINT('',(97.339920804112,4.285649314791,
    -253.079103798));
#2085 = CARTESIAN_POINT('',(95.779160502208,6.747954701116,
    -253.8200401658));
#2086 = CARTESIAN_POINT('',(93.633856166927,8.487015980897,
    -254.840062609));
#2087 = CARTESIAN_POINT('',(91.201085349038,9.664971357102,
    -255.9975318266));
#2088 = CARTESIAN_POINT('',(88.591770610782,10.157301806903,
    -257.2397411146));
#2089 = CARTESIAN_POINT('',(85.965625534934,10.380192575078,
    -258.4902256665));
#2090 = CARTESIAN_POINT('',(83.329918312127,10.542346996985,
    -259.7453227531));
#2091 = CARTESIAN_POINT('',(80.700615473862,10.804847066414,
    -260.9972729904));
#2092 = CARTESIAN_POINT('',(78.071350675907,11.080298262254,
    -262.2491926217));
#2093 = CARTESIAN_POINT('',(75.459785599894,11.504087860215,
    -263.4925397274));
#2094 = CARTESIAN_POINT('',(72.842266195233,11.926288776316,
    -264.7387241092));
#2095 = CARTESIAN_POINT('',(70.265236177922,12.468951030079,
    -265.9655092882));
#2096 = CARTESIAN_POINT('',(67.598572553362,12.971017588812,
    -267.2350215485));
#2097 = CARTESIAN_POINT('',(65.304623542356,13.805870536525,
    -268.326707856));
#2098 = CARTESIAN_POINT('',(61.880262377512,13.884347549568,
    -269.9574814446));
#2099 = CARTESIAN_POINT('',(62.957209367749,17.338713756674,
    -269.4412551487));
#2100 = CARTESIAN_POINT('',(63.603437783101,19.788047577494,
    -269.1311274136));
#2101 = CARTESIAN_POINT('',(62.695093863002,23.001754215841,
    -269.5606264017));
#2102 = CARTESIAN_POINT('',(65.137006856277,24.921553398177,
    -268.3958159691));
#2103 = CARTESIAN_POINT('',(65.975252635635,27.698869607331,
    -267.9939238343));
#2104 = CARTESIAN_POINT('',(67.321179476331,30.232103873021,
    -267.3504843759));
#2105 = CARTESIAN_POINT('',(68.87431538589,32.571457805804,
    -266.6085487289));
#2106 = CARTESIAN_POINT('',(70.753689888883,34.739411163338,
    -265.7114074997));
#2107 = CARTESIAN_POINT('',(72.796292423669,35.937158802889,
    -264.7374646504));
#2108 = CARTESIAN_POINT('',(74.099854521533,39.358839958198,
    -264.1133446098));
#2109 = CARTESIAN_POINT('',(70.450484566231,39.229828393283,
    -265.8514785428));
#2110 = CARTESIAN_POINT('',(69.034135974813,36.916153684011,
    -266.5282445755));
#2111 = CARTESIAN_POINT('',(66.941619798687,35.063342157168,
    -267.5265904551));
#2112 = CARTESIAN_POINT('',(65.262365882539,32.808866678937,
    -268.3285078509));
#2113 = CARTESIAN_POINT('',(63.807756808233,30.348519033561,
    -269.0236368493));
#2114 = CARTESIAN_POINT('',(62.608812927509,27.822490413318,
    -269.597068842));
#2115 = CARTESIAN_POINT('',(61.453698253305,24.993110870452,
    -270.1499197408));
#2116 = CARTESIAN_POINT('',(58.497035861262,24.491574970687,
    -271.5585114875));
#2117 = CARTESIAN_POINT('',(56.203906712015,25.957658616956,
    -272.6491986209));
#2118 = CARTESIAN_POINT('',(53.899992684355,27.351141473985,
    -273.7450920553));
#2119 = CARTESIAN_POINT('',(51.59576523632,28.78578291559,
    -274.8410950654));
#2120 = CARTESIAN_POINT('',(49.286435702303,30.202226286965,
    -275.9395454888));
#2121 = CARTESIAN_POINT('',(46.976534568638,31.619738049245,
    -277.0382671059));
#2122 = CARTESIAN_POINT('',(44.667467730479,33.038263355635,
    -278.1365904129));
#2123 = CARTESIAN_POINT('',(42.362256148572,34.464884736478,
    -279.23306985));
#2124 = CARTESIAN_POINT('',(40.043380204201,35.863000198211,
    -280.3360844179));
#2125 = CARTESIAN_POINT('',(37.702481030421,37.218889763995,
    -281.4496282509));
#2126 = CARTESIAN_POINT('',(35.327462940399,38.485573103293,
    -282.5795072149));
#2127 = CARTESIAN_POINT('',(32.890177937907,39.647859233034,
    -283.7391414196));
#2128 = CARTESIAN_POINT('',(30.422074204801,40.420580663243,
    -284.9138286895));
#2129 = CARTESIAN_POINT('',(27.573124143623,40.316625624101,
    -286.2707391251));
#2130 = CARTESIAN_POINT('',(26.202596663084,37.376795578944,
    -286.9262867116));
#2131 = CARTESIAN_POINT('',(26.910061476011,34.499143483213,
    -286.5921321698));
#2132 = CARTESIAN_POINT('',(28.332677050611,32.04485744968,
    -285.9169793846));
#2133 = CARTESIAN_POINT('',(30.047008385669,29.81727056747,
    -285.1026785886));
#2134 = CARTESIAN_POINT('',(31.978307474872,27.820966795754,
    -284.1848240397));
#2135 = CARTESIAN_POINT('',(34.024120233774,25.970915159782,
    -283.2122914117));
#2136 = CARTESIAN_POINT('',(36.156471109224,24.243754381618,
    -282.1984265673));
#2137 = CARTESIAN_POINT('',(38.373877179896,22.654220156159,
    -281.1439215367));
#2138 = CARTESIAN_POINT('',(40.642894372181,21.158288236689,
    -280.0647464871));
#2139 = CARTESIAN_POINT('',(42.18147589484,20.21028506199,
    -279.3329124563));
#2140 = CARTESIAN_POINT('',(42.954244439311,19.74409687097,
    -278.9653316147));
#2141 = CARTESIAN_POINT('',(42.954244439311,19.74409687097,
    -278.9653316147));
#2142 = CARTESIAN_POINT('',(42.954244439311,19.74409687097,
    -278.9653316147));
#2143 = ( GEOMETRIC_REPRESENTATION_CONTEXT(3) 
GLOBAL_UNCERTAINTY_ASSIGNED_CONTEXT((#2147)) 
GLOBAL_UNIT_ASSIGNED_CONTEXT((#2144,#2145,#2146)) REPRESENTATION_CONTEXT
('Context #1','3D Context with UNIT and UNCERTAINTY') );
#2144 = ( LENGTH_UNIT() NAMED_UNIT(*) SI_UNIT(.MILLI.,.METRE.) );
#2145 = ( NAMED_UNIT(*) PLANE_ANGLE_UNIT() SI_UNIT($,.RADIAN.) );
#2146 = ( NAMED_UNIT(*) SI_UNIT($,.STERADIAN.) SOLID_ANGLE_UNIT() );
#2147 = UNCERTAINTY_MEASURE_WITH_UNIT(LENGTH_MEASURE(1.E-07),#2144,
  'distance_accuracy_value','confusion accuracy');
#2148 = CONTEXT_DEPENDENT_SHAPE_REPRESENTATION(#2149,#2151);
#2149 = ( REPRESENTATION_RELATIONSHIP('','',#2054,#10) 
REPRESENTATION_RELATIONSHIP_WITH_TRANSFORMATION(#2150) 
SHAPE_REPRESENTATION_RELATIONSHIP() );
#2150 = ITEM_DEFINED_TRANSFORMATION('','',#11,#87);
#2151 = PRODUCT_DEFINITION_SHAPE('Placement','Placement of an item',
  #2152);
#2152 = NEXT_ASSEMBLY_USAGE_OCCURRENCE('19','','',#5,#2049,$);
#2153 = PRODUCT_RELATED_PRODUCT_CATEGORY('part',$,(#2051));
#2154 = SHAPE_DEFINITION_REPRESENTATION(#2155,#2161);
#2155 = PRODUCT_DEFINITION_SHAPE('','',#2156);
#2156 = PRODUCT_DEFINITION('design','',#2157,#2160);
#2157 = PRODUCT_DEFINITION_FORMATION('','',#2158);
#2158 = PRODUCT('Open CASCADE STEP translator 7.9 1.20',
  'Open CASCADE STEP translator 7.9 1.20','',(#2159));
#2159 = PRODUCT_CONTEXT('',#2,'mechanical');
#2160 = PRODUCT_DEFINITION_CONTEXT('part definition',#2,'design');
#2161 = GEOMETRICALLY_BOUNDED_WIREFRAME_SHAPE_REPRESENTATION('',(#11,
    #2162),#2250);
#2162 = GEOMETRIC_CURVE_SET('',(#2163));
#2163 = TRIMMED_CURVE('',#2164,(#2248,PARAMETER_VALUE(0.)),(#2249,
    PARAMETER_VALUE(209.22656045201)),.T.,.PARAMETER.);
#2164 = B_SPLINE_CURVE_WITH_KNOTS('',3,(#2165,#2166,#2167,#2168,#2169,
    #2170,#2171,#2172,#2173,#2174,#2175,#2176,#2177,#2178,#2179,#2180,
    #2181,#2182,#2183,#2184,#2185,#2186,#2187,#2188,#2189,#2190,#2191,
    #2192,#2193,#2194,#2195,#2196,#2197,#2198,#2199,#2200,#2201,#2202,
    #2203,#2204,#2205,#2206,#2207,#2208,#2209,#2210,#2211,#2212,#2213,
    #2214,#2215,#2216,#2217,#2218,#2219,#2220,#2221,#2222,#2223,#2224,
    #2225,#2226,#2227,#2228,#2229,#2230,#2231,#2232,#2233,#2234,#2235,
    #2236,#2237,#2238,#2239,#2240,#2241,#2242,#2243,#2244,#2245,#2246,
    #2247),.UNSPECIFIED.,.T.,.F.,(4,1,1,1,1,1,1,1,1,1,1,1,1,1,1,1,1,1,1,
    1,1,1,1,1,1,1,1,1,1,1,1,1,1,1,1,1,1,1,1,1,1,1,1,1,1,1,1,1,1,1,1,1,1,
    1,1,1,1,1,1,1,1,1,1,1,1,1,1,1,1,1,1,1,1,1,1,1,1,1,1,1,4),(0.,
    2.654785280556,5.309224035508,7.963337632477,10.616972115603,
    13.268769376599,15.87907204691,18.446772076319,21.066939186808,
    23.709809016648,26.35762517286,29.009106799002,31.662955492166,
    34.317633397154,36.972084501773,39.625865627522,42.280501603915,
    44.935284538201,47.58994247184,50.244649519355,52.899002672351,
    55.552751861058,58.207120510641,60.861905791197,63.51669025074,
    66.171393641968,68.826127572014,71.480566277063,74.135259906242,
    76.790014236922,79.44479197827,82.099350081694,84.754128603426,
    87.408852202129,90.062386573245,92.712783339072,95.352957928551,
    97.986761751972,100.63549195038,103.26604261803,105.70436016204,
    107.96262519782,110.6150081655,113.26013727018,115.90818815423,
    118.55869709571,121.20709897059,123.85909977493,126.51386102898,
    129.16864592046,131.82315776853,134.47791172075,137.13262504499,
    139.7874102762,142.4404372637,144.73678673115,147.37728772143,
    150.00826801212,152.64839245075,155.28106763504,157.92134183235,
    160.56634408404,163.20364887231,164.98154630803,167.6354281143,
    170.28575590904,172.9390207674,175.59379548072,177.75737631968,
    180.16263822168,182.80509970174,185.45630398913,188.11006712855,
    190.76277674392,193.41496587944,195.9913898505,198.60833091289,
    201.26220714861,203.91699242916,206.57177517146,209.22656045201),
  .UNSPECIFIED.);
#2165 = CARTESIAN_POINT('',(39.319066792837,34.090620626107,
    -270.5295749479));
#2166 = CARTESIAN_POINT('',(38.622810894016,34.524630652936,
    -270.8607477336));
#2167 = CARTESIAN_POINT('',(37.225043099629,35.383215954115,
    -271.5256055673));
#2168 = CARTESIAN_POINT('',(35.099699856085,36.612148618948,
    -272.5366134895));
#2169 = CARTESIAN_POINT('',(32.947056996807,37.776279739124,
    -273.5606853219));
#2170 = CARTESIAN_POINT('',(30.719807418457,38.782384288693,
    -274.6204409346));
#2171 = CARTESIAN_POINT('',(28.464057530414,39.550435659319,
    -275.6939993591));
#2172 = CARTESIAN_POINT('',(25.937473983932,39.633614457542,
    -276.8972025409));
#2173 = CARTESIAN_POINT('',(24.18276992141,37.366029303268,
    -277.7350656506));
#2174 = CARTESIAN_POINT('',(24.480960697624,34.604275731465,
    -277.595715777));
#2175 = CARTESIAN_POINT('',(25.556465117447,32.248454449657,
    -277.085779449));
#2176 = CARTESIAN_POINT('',(26.97304971149,30.099728066698,
    -276.4132042527));
#2177 = CARTESIAN_POINT('',(28.625594137962,28.176021061254,
    -275.6280363817));
#2178 = CARTESIAN_POINT('',(30.403394754129,26.39467518724,
    -274.7830780672));
#2179 = CARTESIAN_POINT('',(32.257487642391,24.710585677247,
    -273.9016918318));
#2180 = CARTESIAN_POINT('',(34.192595830814,23.141035361948,
    -272.9816116708));
#2181 = CARTESIAN_POINT('',(36.205974710483,21.699754141553,
    -272.0241314617));
#2182 = CARTESIAN_POINT('',(38.234466940104,20.284336603732,
    -271.0594285907));
#2183 = CARTESIAN_POINT('',(40.324131164875,18.982422711881,
    -270.0654831508));
#2184 = CARTESIAN_POINT('',(42.422422951751,17.696964696081,
    -269.0674129725));
#2185 = CARTESIAN_POINT('',(44.58549147228,16.551052827458,
    -268.0383583578));
#2186 = CARTESIAN_POINT('',(46.755154803845,15.42256274679,
    -267.0061461692));
#2187 = CARTESIAN_POINT('',(48.974237508334,14.416412780204,
    -265.9502800675));
#2188 = CARTESIAN_POINT('',(51.229862095042,13.517892043726,
    -264.8769071333));
#2189 = CARTESIAN_POINT('',(53.5005376332,12.667213266221,
    -263.7963200601));
#2190 = CARTESIAN_POINT('',(55.769417190622,11.810703660695,
    -262.7165939441));
#2191 = CARTESIAN_POINT('',(58.030409690677,10.927217024864,
    -261.6406500476));
#2192 = CARTESIAN_POINT('',(60.333456798213,10.185988731973,
    -260.5445404938));
#2193 = CARTESIAN_POINT('',(62.661371105635,9.553067895557,
    -259.4364835117));
#2194 = CARTESIAN_POINT('',(64.99032807894,8.924837398579,
    -258.3279254377));
#2195 = CARTESIAN_POINT('',(67.337440130155,8.382403489954,
    -257.2106382861));
#2196 = CARTESIAN_POINT('',(69.700133012413,7.934172954737,
    -256.0858399329));
#2197 = CARTESIAN_POINT('',(72.0647742306,7.499332278649,-254.9601007741
    ));
#2198 = CARTESIAN_POINT('',(74.437854501828,7.124966716878,
    -253.8302842049));
#2199 = CARTESIAN_POINT('',(76.815414862003,6.788908479975,
    -252.698297056));
#2200 = CARTESIAN_POINT('',(79.19551840957,6.497256168791,
    -251.5650558941));
#2201 = CARTESIAN_POINT('',(81.535553916142,5.859910483294,
    -250.4512304676));
#2202 = CARTESIAN_POINT('',(83.634108212635,4.519027114219,
    -249.4530887176));
#2203 = CARTESIAN_POINT('',(85.289066183549,2.573330318547,
    -248.6667926034));
#2204 = CARTESIAN_POINT('',(86.616865932862,0.415599270356,
    -248.0365098019));
#2205 = CARTESIAN_POINT('',(87.026181536955,-2.488419940446,
    -247.8443740091));
#2206 = CARTESIAN_POINT('',(90.406405533004,-2.469038615065,
    -246.2345263439));
#2207 = CARTESIAN_POINT('',(89.752884537633,0.655195849545,
    -246.5427523986));
#2208 = CARTESIAN_POINT('',(88.726142426978,2.674975192181,
    -247.0297897716));
#2209 = CARTESIAN_POINT('',(87.367191491108,4.9505581012,-247.6747946526
    ));
#2210 = CARTESIAN_POINT('',(85.484771854363,6.611086966228,
    -248.5696941996));
#2211 = CARTESIAN_POINT('',(83.429308590488,7.970868688557,
    -249.5472956554));
#2212 = CARTESIAN_POINT('',(81.205855304945,9.012101634729,
    -250.6052094113));
#2213 = CARTESIAN_POINT('',(78.823340986712,9.394233617281,
    -251.7395114484));
#2214 = CARTESIAN_POINT('',(76.445449174512,9.689637454378,
    -252.8716956554));
#2215 = CARTESIAN_POINT('',(74.067993127753,10.037657410214,
    -254.0036215901));
#2216 = CARTESIAN_POINT('',(71.696688260717,10.416562322503,
    -255.132588247));
#2217 = CARTESIAN_POINT('',(69.332430590561,10.881064262202,
    -256.2581161381));
#2218 = CARTESIAN_POINT('',(66.99400689077,11.386661677327,
    -257.3713009919));
#2219 = CARTESIAN_POINT('',(64.593987270159,11.934582145309,
    -258.5137800403));
#2220 = CARTESIAN_POINT('',(62.520640227103,12.292046335753,
    -259.5008651977));
#2221 = CARTESIAN_POINT('',(59.874470966125,14.108716932417,
    -260.7593493202));
#2222 = CARTESIAN_POINT('',(62.444478493988,16.175392421908,
    -259.5333923305));
#2223 = CARTESIAN_POINT('',(62.855205277327,18.751344180685,
    -259.3352999577));
#2224 = CARTESIAN_POINT('',(62.714099077543,21.410752729274,
    -259.399937122));
#2225 = CARTESIAN_POINT('',(61.874349656808,23.97272173688,
    -259.7973965255));
#2226 = CARTESIAN_POINT('',(60.080779136782,25.765386591434,
    -260.6498543288));
#2227 = CARTESIAN_POINT('',(58.110552694972,27.372680780485,
    -261.5866231323));
#2228 = CARTESIAN_POINT('',(55.431470238734,26.584695338764,
    -262.8632938887));
#2229 = CARTESIAN_POINT('',(54.867217715932,29.546723448147,
    -263.1291623254));
#2230 = CARTESIAN_POINT('',(56.634901548438,31.178453484749,
    -262.2857307856));
#2231 = CARTESIAN_POINT('',(57.797319725537,33.464485267482,
    -261.7299255665));
#2232 = CARTESIAN_POINT('',(59.623904539325,35.345605778916,
    -260.8582019864));
#2233 = CARTESIAN_POINT('',(61.33221852145,36.563000500623,
    -260.0434448467));
#2234 = CARTESIAN_POINT('',(62.882376457215,39.493053218135,
    -259.3023578282));
#2235 = CARTESIAN_POINT('',(59.578836484028,39.708917574248,
    -260.875457934));
#2236 = CARTESIAN_POINT('',(58.120820507126,37.781365769398,
    -261.5716956755));
#2237 = CARTESIAN_POINT('',(56.283336704239,36.043418044346,
    -262.4484718244));
#2238 = CARTESIAN_POINT('',(54.776727780952,33.987759386647,
    -263.1679754552));
#2239 = CARTESIAN_POINT('',(53.152251830735,32.00488362273,
    -263.9435429764));
#2240 = CARTESIAN_POINT('',(52.23668389138,29.548714736292,
    -264.3819500357));
#2241 = CARTESIAN_POINT('',(50.021091186533,27.950182506592,
    -265.4386658041));
#2242 = CARTESIAN_POINT('',(47.6058717543,28.83749314997,-266.5880564661
    ));
#2243 = CARTESIAN_POINT('',(45.607557297786,30.208166853298,
    -267.5384303447));
#2244 = CARTESIAN_POINT('',(43.497027700926,31.490386700443,
    -268.542331893));
#2245 = CARTESIAN_POINT('',(41.419871967966,32.810088543983,
    -269.5303030202));
#2246 = CARTESIAN_POINT('',(40.02154814022,33.668615889431,
    -270.1954257203));
#2247 = CARTESIAN_POINT('',(39.319066792837,34.090620626107,
    -270.5295749479));
#2248 = CARTESIAN_POINT('',(39.319066792837,34.090620626107,
    -270.5295749479));
#2249 = CARTESIAN_POINT('',(39.319066792837,34.090620626107,
    -270.5295749479));
#2250 = ( GEOMETRIC_REPRESENTATION_CONTEXT(3) 
GLOBAL_UNCERTAINTY_ASSIGNED_CONTEXT((#2254)) 
GLOBAL_UNIT_ASSIGNED_CONTEXT((#2251,#2252,#2253)) REPRESENTATION_CONTEXT
('Context #1','3D Context with UNIT and UNCERTAINTY') );
#2251 = ( LENGTH_UNIT() NAMED_UNIT(*) SI_UNIT(.MILLI.,.METRE.) );
#2252 = ( NAMED_UNIT(*) PLANE_ANGLE_UNIT() SI_UNIT($,.RADIAN.) );
#2253 = ( NAMED_UNIT(*) SI_UNIT($,.STERADIAN.) SOLID_ANGLE_UNIT() );
#2254 = UNCERTAINTY_MEASURE_WITH_UNIT(LENGTH_MEASURE(1.E-07),#2251,
  'distance_accuracy_value','confusion accuracy');
#2255 = CONTEXT_DEPENDENT_SHAPE_REPRESENTATION(#2256,#2258);
#2256 = ( REPRESENTATION_RELATIONSHIP('','',#2161,#10) 
REPRESENTATION_RELATIONSHIP_WITH_TRANSFORMATION(#2257) 
SHAPE_REPRESENTATION_RELATIONSHIP() );
#2257 = ITEM_DEFINED_TRANSFORMATION('','',#11,#91);
#2258 = PRODUCT_DEFINITION_SHAPE('Placement','Placement of an item',
  #2259);
#2259 = NEXT_ASSEMBLY_USAGE_OCCURRENCE('20','','',#5,#2156,$);
#2260 = PRODUCT_RELATED_PRODUCT_CATEGORY('part',$,(#2158));
#2261 = SHAPE_DEFINITION_REPRESENTATION(#2262,#2268);
#2262 = PRODUCT_DEFINITION_SHAPE('','',#2263);
#2263 = PRODUCT_DEFINITION('design','',#2264,#2267);
#2264 = PRODUCT_DEFINITION_FORMATION('','',#2265);
#2265 = PRODUCT('Open CASCADE STEP translator 7.9 1.21',
  'Open CASCADE STEP translator 7.9 1.21','',(#2266));
#2266 = PRODUCT_CONTEXT('',#2,'mechanical');
#2267 = PRODUCT_DEFINITION_CONTEXT('part definition',#2,'design');
#2268 = GEOMETRICALLY_BOUNDED_WIREFRAME_SHAPE_REPRESENTATION('',(#11,
    #2269),#2357);
#2269 = GEOMETRIC_CURVE_SET('',(#2270));
#2270 = TRIMMED_CURVE('',#2271,(#2355,PARAMETER_VALUE(0.)),(#2356,
    PARAMETER_VALUE(240.98862167791)),.T.,.PARAMETER.);
#2271 = B_SPLINE_CURVE_WITH_KNOTS('',3,(#2272,#2273,#2274,#2275,#2276,
    #2277,#2278,#2279,#2280,#2281,#2282,#2283,#2284,#2285,#2286,#2287,
    #2288,#2289,#2290,#2291,#2292,#2293,#2294,#2295,#2296,#2297,#2298,
    #2299,#2300,#2301,#2302,#2303,#2304,#2305,#2306,#2307,#2308,#2309,
    #2310,#2311,#2312,#2313,#2314,#2315,#2316,#2317,#2318,#2319,#2320,
    #2321,#2322,#2323,#2324,#2325,#2326,#2327,#2328,#2329,#2330,#2331,
    #2332,#2333,#2334,#2335,#2336,#2337,#2338,#2339,#2340,#2341,#2342,
    #2343,#2344,#2345,#2346,#2347,#2348,#2349,#2350,#2351,#2352,#2353,
    #2354),.UNSPECIFIED.,.T.,.F.,(4,1,1,1,1,1,1,1,1,1,1,1,1,1,1,1,1,1,1,
    1,1,1,1,1,1,1,1,1,1,1,1,1,1,1,1,1,1,1,1,1,1,1,1,1,1,1,1,1,1,1,1,1,1,
    1,1,1,1,1,1,1,1,1,1,1,1,1,1,1,1,1,1,1,1,1,1,1,1,1,1,1,4),(0.,
    3.067548210082,6.140698249321,9.215711598837,12.292310115977,
    15.368380995065,18.444926226582,21.521315670839,24.597244338719,
    27.67365495228,30.7500336767,33.826229538056,36.901357651892,
    39.977956169032,43.054526033413,46.130109001447,49.206707118196,
    52.283264227822,55.359514333858,58.435947318427,61.508718551388,
    64.5751998064,67.638224266838,70.703225446899,73.77472223882,
    76.509323142474,79.076577523047,82.149042639544,85.217500421032,
    88.289969199889,91.354853074069,94.428718808988,97.505129158853,
    100.58167234126,103.65709265338,106.73249515248,108.86330937135,
    111.92840502419,114.95714419181,118.00365437615,121.0329507267,
    124.08951103319,127.1358579149,130.1925186939,133.24584892282,
    136.29659616482,139.32427203752,142.33940473135,144.9924411817,
    148.06755324941,151.14394881274,154.22012611544,157.29571486211,
    160.37171153016,163.44751898319,166.52336134249,169.47702287871,
    172.14460114787,175.18270777619,178.25930629333,181.0060279547,
    183.82757596778,186.88862486648,189.92949111003,193.00410801927,
    196.07603810441,199.15148590949,201.41993424108,204.42559475887,
    207.49730748245,210.56796440587,213.62065746846,216.62542254615,
    219.69620798427,222.77267805676,225.84889026734,228.92349677745,
    231.99492817366,235.00688735742,237.9515282115,240.98862167791),
  .UNSPECIFIED.);
#2272 = CARTESIAN_POINT('',(22.707198240826,32.738117482818,
    -268.2890960094));
#2273 = CARTESIAN_POINT('',(23.098720113413,31.802113057312,
    -268.1035366489));
#2274 = CARTESIAN_POINT('',(24.059515731235,30.049888741395,
    -267.6476482288));
#2275 = CARTESIAN_POINT('',(25.879889440644,27.712613477216,
    -266.7829506127));
#2276 = CARTESIAN_POINT('',(27.925532455352,25.631117165606,
    -265.8107220146));
#2277 = CARTESIAN_POINT('',(30.045659174632,23.639457800626,
    -264.8029339791));
#2278 = CARTESIAN_POINT('',(32.318371454896,21.86570609498,
    -263.7222670571));
#2279 = CARTESIAN_POINT('',(34.634261054282,20.16587133192,
    -262.6209656909));
#2280 = CARTESIAN_POINT('',(37.019706771647,18.587366492532,
    -261.4864212769));
#2281 = CARTESIAN_POINT('',(39.438463639471,17.074001469552,
    -260.3359496379));
#2282 = CARTESIAN_POINT('',(41.901210397368,15.648608174699,
    -259.1644430149));
#2283 = CARTESIAN_POINT('',(44.418371933141,14.345911386897,
    -257.9669030775));
#2284 = CARTESIAN_POINT('',(46.958423363701,13.100598526388,
    -256.7584065088));
#2285 = CARTESIAN_POINT('',(49.548374199558,11.984204761684,
    -255.5260210676));
#2286 = CARTESIAN_POINT('',(52.192094526968,11.038247807005,
    -254.2678635915));
#2287 = CARTESIAN_POINT('',(54.811320634372,10.014896405644,
    -253.0214461019));
#2288 = CARTESIAN_POINT('',(57.449659437569,9.04694278295,
    -251.7658727845));
#2289 = CARTESIAN_POINT('',(60.145188478658,8.298211258238,
    -250.4828512593));
#2290 = CARTESIAN_POINT('',(62.849666152443,7.595476792753,
    -249.1955235985));
#2291 = CARTESIAN_POINT('',(65.574632631098,6.997483848092,
    -247.8983371553));
#2292 = CARTESIAN_POINT('',(68.300193417034,6.407482816545,
    -246.6008599669));
#2293 = CARTESIAN_POINT('',(71.037101511181,5.916853564647,
    -245.2978828046));
#2294 = CARTESIAN_POINT('',(73.683518878033,4.865655184289,
    -244.0385423532));
#2295 = CARTESIAN_POINT('',(75.874462366275,2.955500210804,
    -242.9969492909));
#2296 = CARTESIAN_POINT('',(77.693076047529,0.523101194991,
    -242.1331816177));
#2297 = CARTESIAN_POINT('',(78.005174762299,-2.588936671564,
    -241.9875458895));
#2298 = CARTESIAN_POINT('',(81.804146130034,-3.67319647477,
    -240.179334399));
#2299 = CARTESIAN_POINT('',(81.100025645599,0.169873012747,
    -240.5109652249));
#2300 = CARTESIAN_POINT('',(79.87524468944,2.406158589515,-241.092109656
    ));
#2301 = CARTESIAN_POINT('',(78.087589705662,4.885246228827,
    -241.941088251));
#2302 = CARTESIAN_POINT('',(75.901439695469,6.776255588483,
    -242.9804168859));
#2303 = CARTESIAN_POINT('',(73.394516211984,8.165632850151,
    -244.1729973705));
#2304 = CARTESIAN_POINT('',(70.669282031131,8.821064386553,
    -245.4702559168));
#2305 = CARTESIAN_POINT('',(67.953530461997,9.382183992028,
    -246.7630893249));
#2306 = CARTESIAN_POINT('',(65.157059315387,9.815890895865,
    -248.0944882352));
#2307 = CARTESIAN_POINT('',(62.65224764907,10.752268358357,
    -249.2864998103));
#2308 = CARTESIAN_POINT('',(59.570798605708,10.67287408348,
    -250.7541140156));
#2309 = CARTESIAN_POINT('',(59.292451855747,14.182446987861,
    -250.8832920421));
#2310 = CARTESIAN_POINT('',(61.743666639866,15.629089469234,
    -249.7145079187));
#2311 = CARTESIAN_POINT('',(62.445582135864,18.784265905869,
    -249.37717859));
#2312 = CARTESIAN_POINT('',(62.172957641992,21.863500856899,
    -249.5040463849));
#2313 = CARTESIAN_POINT('',(60.595438687358,24.492323899979,
    -250.2528034696));
#2314 = CARTESIAN_POINT('',(58.300537435396,26.280989298044,
    -251.3440234899));
#2315 = CARTESIAN_POINT('',(55.565738287328,27.021695594209,
    -252.6457551111));
#2316 = CARTESIAN_POINT('',(52.78378970718,26.806977605262,
    -253.9708629571));
#2317 = CARTESIAN_POINT('',(50.16459885968,25.45212075068,
    -255.2195570346));
#2318 = CARTESIAN_POINT('',(48.703037441979,22.757361666978,
    -255.9182231313));
#2319 = CARTESIAN_POINT('',(47.721179897741,19.930639165196,
    -256.3885578982));
#2320 = CARTESIAN_POINT('',(49.795167434156,16.256065038185,
    -255.4043664989));
#2321 = CARTESIAN_POINT('',(45.978750307908,16.38725341719,
    -257.2218055945));
#2322 = CARTESIAN_POINT('',(43.934955203283,17.790204626716,
    -258.1938084691));
#2323 = CARTESIAN_POINT('',(41.320533034104,19.056303928852,
    -259.4377039976));
#2324 = CARTESIAN_POINT('',(38.908094678615,20.536507311195,
    -260.585198429));
#2325 = CARTESIAN_POINT('',(36.503059806935,22.110311981198,
    -261.7290766946));
#2326 = CARTESIAN_POINT('',(34.265835171199,23.87002308712,
    -262.792856194));
#2327 = CARTESIAN_POINT('',(31.906506172418,25.746035639578,
    -263.9146756457));
#2328 = CARTESIAN_POINT('',(29.982941505952,27.095051353503,
    -264.829470882));
#2329 = CARTESIAN_POINT('',(27.532416835895,31.292379827902,
    -265.9924836819));
#2330 = CARTESIAN_POINT('',(30.996836151542,28.575491858158,
    -264.3451767329));
#2331 = CARTESIAN_POINT('',(33.090069464932,27.730310006647,
    -263.3490910764));
#2332 = CARTESIAN_POINT('',(35.737812109425,27.122590547628,
    -262.088691802));
#2333 = CARTESIAN_POINT('',(38.577410135158,26.592885311883,
    -260.7368463242));
#2334 = CARTESIAN_POINT('',(40.211700396249,29.474504866034,
    -259.9557380586));
#2335 = CARTESIAN_POINT('',(43.242718333883,29.0092071501,
    -258.5126668906));
#2336 = CARTESIAN_POINT('',(45.344470565962,31.297419273061,
    -257.5095024764));
#2337 = CARTESIAN_POINT('',(47.036974722107,33.685539266103,
    -256.7011457869));
#2338 = CARTESIAN_POINT('',(48.796683762834,35.953673899355,
    -255.8608985304));
#2339 = CARTESIAN_POINT('',(51.901363240439,37.002989582936,
    -254.381285524));
#2340 = CARTESIAN_POINT('',(50.354107335451,40.921219908286,
    -255.1143864398));
#2341 = CARTESIAN_POINT('',(47.868349994457,38.070639569793,
    -256.3009752892));
#2342 = CARTESIAN_POINT('',(45.748943394567,36.656666333606,
    -257.3117045262));
#2343 = CARTESIAN_POINT('',(43.762093554092,34.429951598343,
    -258.2600874644));
#2344 = CARTESIAN_POINT('',(42.116795342578,31.773675014667,
    -259.0462209523));
#2345 = CARTESIAN_POINT('',(38.99770065634,31.717896827302,
    -260.5317410911));
#2346 = CARTESIAN_POINT('',(36.686839634557,33.408019349421,
    -261.6306569671));
#2347 = CARTESIAN_POINT('',(34.205524248256,34.789993873226,
    -262.8110487545));
#2348 = CARTESIAN_POINT('',(31.774077631823,36.269140639643,
    -263.9675968739));
#2349 = CARTESIAN_POINT('',(29.194679343695,37.476233145573,
    -265.1948692091));
#2350 = CARTESIAN_POINT('',(26.634206894956,38.383665762295,
    -266.4134170998));
#2351 = CARTESIAN_POINT('',(23.608562082565,38.683124083418,
    -267.8540892453));
#2352 = CARTESIAN_POINT('',(21.949723157668,35.750594220994,
    -268.6469378868));
#2353 = CARTESIAN_POINT('',(22.12525833007,33.622711953348,
    -268.5653913845));
#2354 = CARTESIAN_POINT('',(22.707198240826,32.738117482818,
    -268.2890960094));
#2355 = CARTESIAN_POINT('',(22.707198240826,32.738117482818,
    -268.2890960094));
#2356 = CARTESIAN_POINT('',(22.707198240826,32.738117482818,
    -268.2890960094));
#2357 = ( GEOMETRIC_REPRESENTATION_CONTEXT(3) 
GLOBAL_UNCERTAINTY_ASSIGNED_CONTEXT((#2361)) 
GLOBAL_UNIT_ASSIGNED_CONTEXT((#2358,#2359,#2360)) REPRESENTATION_CONTEXT
('Context #1','3D Context with UNIT and UNCERTAINTY') );
#2358 = ( LENGTH_UNIT() NAMED_UNIT(*) SI_UNIT(.MILLI.,.METRE.) );
#2359 = ( NAMED_UNIT(*) PLANE_ANGLE_UNIT() SI_UNIT($,.RADIAN.) );
#2360 = ( NAMED_UNIT(*) SI_UNIT($,.STERADIAN.) SOLID_ANGLE_UNIT() );
#2361 = UNCERTAINTY_MEASURE_WITH_UNIT(LENGTH_MEASURE(1.E-07),#2358,
  'distance_accuracy_value','confusion accuracy');
#2362 = CONTEXT_DEPENDENT_SHAPE_REPRESENTATION(#2363,#2365);
#2363 = ( REPRESENTATION_RELATIONSHIP('','',#2268,#10) 
REPRESENTATION_RELATIONSHIP_WITH_TRANSFORMATION(#2364) 
SHAPE_REPRESENTATION_RELATIONSHIP() );
#2364 = ITEM_DEFINED_TRANSFORMATION('','',#11,#95);
#2365 = PRODUCT_DEFINITION_SHAPE('Placement','Placement of an item',
  #2366);
#2366 = NEXT_ASSEMBLY_USAGE_OCCURRENCE('21','','',#5,#2263,$);
#2367 = PRODUCT_RELATED_PRODUCT_CATEGORY('part',$,(#2265));
#2368 = SHAPE_DEFINITION_REPRESENTATION(#2369,#2375);
#2369 = PRODUCT_DEFINITION_SHAPE('','',#2370);
#2370 = PRODUCT_DEFINITION('design','',#2371,#2374);
#2371 = PRODUCT_DEFINITION_FORMATION('','',#2372);
#2372 = PRODUCT('Open CASCADE STEP translator 7.9 1.22',
  'Open CASCADE STEP translator 7.9 1.22','',(#2373));
#2373 = PRODUCT_CONTEXT('',#2,'mechanical');
#2374 = PRODUCT_DEFINITION_CONTEXT('part definition',#2,'design');
#2375 = GEOMETRICALLY_BOUNDED_WIREFRAME_SHAPE_REPRESENTATION('',(#11,
    #2376),#2464);
#2376 = GEOMETRIC_CURVE_SET('',(#2377));
#2377 = TRIMMED_CURVE('',#2378,(#2462,PARAMETER_VALUE(0.)),(#2463,
    PARAMETER_VALUE(220.0123973792)),.T.,.PARAMETER.);
#2378 = B_SPLINE_CURVE_WITH_KNOTS('',3,(#2379,#2380,#2381,#2382,#2383,
    #2384,#2385,#2386,#2387,#2388,#2389,#2390,#2391,#2392,#2393,#2394,
    #2395,#2396,#2397,#2398,#2399,#2400,#2401,#2402,#2403,#2404,#2405,
    #2406,#2407,#2408,#2409,#2410,#2411,#2412,#2413,#2414,#2415,#2416,
    #2417,#2418,#2419,#2420,#2421,#2422,#2423,#2424,#2425,#2426,#2427,
    #2428,#2429,#2430,#2431,#2432,#2433,#2434,#2435,#2436,#2437,#2438,
    #2439,#2440,#2441,#2442,#2443,#2444,#2445,#2446,#2447,#2448,#2449,
    #2450,#2451,#2452,#2453,#2454,#2455,#2456,#2457,#2458,#2459,#2460,
    #2461),.UNSPECIFIED.,.T.,.F.,(4,1,1,1,1,1,1,1,1,1,1,1,1,1,1,1,1,1,1,
    1,1,1,1,1,1,1,1,1,1,1,1,1,1,1,1,1,1,1,1,1,1,1,1,1,1,1,1,1,1,1,1,1,1,
    1,1,1,1,1,1,1,1,1,1,1,1,1,1,1,1,1,1,1,1,1,1,1,1,1,1,1,4),(0.,
    2.766112914994,5.561002153791,8.352304964276,10.887437903864,
    12.948095878121,15.744738321668,18.542020147812,21.305392774789,
    24.102289689045,26.876753183969,29.674053118735,32.471160346418,
    34.582927283814,37.372261722883,40.166498527084,42.962742523749,
    45.758173056991,48.554985158267,51.351530584247,54.148721273398,
    56.945289123064,59.742563301242,62.53953033149,65.336826729237,
    67.938786369299,70.566962423659,73.364262358425,76.101428692689,
    78.884002429427,81.650597522899,84.433975955125,87.216731357189,
    90.001824050533,92.783531026206,95.558821987489,98.335101604324,
    101.10862221463,103.88283098609,106.54801842159,109.20232261766,
    111.99887939137,114.79613164768,117.58843886392,120.37823213059,
    123.16545025169,125.95504451247,128.74867660334,131.08519134862,
    133.62858058998,136.39869146469,139.19329789877,141.97215150461,
    144.76012534439,147.55668238746,150.35397137359,153.15125552309,
    155.94828288571,158.74495948745,161.54199546592,164.33929392023,
    167.13637799195,169.9331606271,172.73043925557,175.5274527447,
    178.32450384913,181.12174729997,183.91900774072,186.71531322211,
    189.51125078632,192.30790772371,195.10311468074,197.8936121008,
    200.67804587481,203.45303516232,206.16700576552,208.89316315092,
    211.68349972395,214.47648234347,217.26963384025,220.0123973792),
  .UNSPECIFIED.);
#2379 = CARTESIAN_POINT('',(32.893444651624,34.670952360649,
    -253.2828680948));
#2380 = CARTESIAN_POINT('',(33.694959815674,35.005876813475,
    -252.9008241607));
#2381 = CARTESIAN_POINT('',(35.072477032393,36.034298892626,
    -252.2437909483));
#2382 = CARTESIAN_POINT('',(37.04752812159,37.798263689354,
    -251.3014734002));
#2383 = CARTESIAN_POINT('',(38.658187040043,39.777853292788,
    -250.5324893982));
#2384 = CARTESIAN_POINT('',(42.150832600108,39.155718094779,
    -248.8697196874));
#2385 = CARTESIAN_POINT('',(40.117674299969,36.534101860111,
    -249.8405378084));
#2386 = CARTESIAN_POINT('',(38.294457136001,35.477348092751,
    -250.7098625854));
#2387 = CARTESIAN_POINT('',(36.420836814504,33.469799280578,
    -251.6041087072));
#2388 = CARTESIAN_POINT('',(34.209834499232,32.096048646691,
    -252.6584215425));
#2389 = CARTESIAN_POINT('',(31.722453904082,31.530238835193,
    -253.8435801899));
#2390 = CARTESIAN_POINT('',(29.145963356379,31.697475815362,
    -255.0704704812));
#2391 = CARTESIAN_POINT('',(26.840793445928,31.803479627996,
    -256.168203585));
#2392 = CARTESIAN_POINT('',(23.918056087886,33.351059394812,
    -257.5586625352));
#2393 = CARTESIAN_POINT('',(23.57561690179,29.794772019383,
    -257.7251783625));
#2394 = CARTESIAN_POINT('',(25.587547851672,28.274557322411,
    -256.7684638469));
#2395 = CARTESIAN_POINT('',(27.304088416228,26.255638980379,
    -255.9529096816));
#2396 = CARTESIAN_POINT('',(29.349642561606,24.592054134544,
    -254.9803204023));
#2397 = CARTESIAN_POINT('',(31.365315860569,22.910633485234,
    -254.0219790518));
#2398 = CARTESIAN_POINT('',(33.523139875718,21.452560888053,
    -252.995723155));
#2399 = CARTESIAN_POINT('',(35.657450100083,19.955409851463,
    -251.9807033667));
#2400 = CARTESIAN_POINT('',(37.889090275264,18.6450033416,
    -250.9191501837));
#2401 = CARTESIAN_POINT('',(40.132743937044,17.350155197001,
    -249.8518605838));
#2402 = CARTESIAN_POINT('',(42.387649925087,16.131507520386,
    -248.7791385901));
#2403 = CARTESIAN_POINT('',(44.791888005509,15.05150917818,
    -247.6351636029));
#2404 = CARTESIAN_POINT('',(46.76528989518,13.9107261732,-246.6964326236
    ));
#2405 = CARTESIAN_POINT('',(50.121018890956,13.368216546161,
    -245.0987925317));
#2406 = CARTESIAN_POINT('',(49.1849232638,16.940692632859,
    -245.5411622755));
#2407 = CARTESIAN_POINT('',(48.643944358851,19.234359657021,
    -245.7965911917));
#2408 = CARTESIAN_POINT('',(47.960001828262,22.208479982094,
    -246.119450238));
#2409 = CARTESIAN_POINT('',(49.745407645642,24.503718586305,
    -245.266938775));
#2410 = CARTESIAN_POINT('',(51.878977797733,25.951318571484,
    -244.2494317303));
#2411 = CARTESIAN_POINT('',(54.405724751437,26.504580408934,
    -243.0455369865));
#2412 = CARTESIAN_POINT('',(56.93408019567,26.056627250059,
    -241.8418417031));
#2413 = CARTESIAN_POINT('',(59.19170578551,24.745058898185,
    -240.7679141075));
#2414 = CARTESIAN_POINT('',(61.004449327018,22.722937756998,
    -239.9065464399));
#2415 = CARTESIAN_POINT('',(61.884174549679,20.036827849946,
    -239.4901683056));
#2416 = CARTESIAN_POINT('',(61.901557619646,17.223184702919,
    -239.4846029163));
#2417 = CARTESIAN_POINT('',(60.655051829507,14.514756232492,
    -240.0808621241));
#2418 = CARTESIAN_POINT('',(58.568965504038,13.495606500833,
    -241.0753418664));
#2419 = CARTESIAN_POINT('',(55.830682826693,11.243183146446,
    -242.3816188839));
#2420 = CARTESIAN_POINT('',(58.876891786026,9.448244224767,
    -240.9325952185));
#2421 = CARTESIAN_POINT('',(61.085402973777,9.058695291128,
    -239.8811691855));
#2422 = CARTESIAN_POINT('',(63.587297804022,8.306076995181,
    -238.6903695465));
#2423 = CARTESIAN_POINT('',(65.963448305205,7.383589518003,
    -237.5596193538));
#2424 = CARTESIAN_POINT('',(68.090618970029,5.840163455138,
    -236.5480443996));
#2425 = CARTESIAN_POINT('',(69.983484914024,3.98851398717,
    -235.6483541107));
#2426 = CARTESIAN_POINT('',(71.378434586818,1.571604058073,
    -234.9863411461));
#2427 = CARTESIAN_POINT('',(72.665250784689,-0.384821577056,
    -234.3753826031));
#2428 = CARTESIAN_POINT('',(73.274767139936,-3.813079762108,
    -234.0884069026));
#2429 = CARTESIAN_POINT('',(69.779417634956,-3.243770556125,
    -235.7525153067));
#2430 = CARTESIAN_POINT('',(69.319963449368,-0.380747594557,
    -235.9685690928));
#2431 = CARTESIAN_POINT('',(67.824792685347,1.888128028641,
    -236.6784550261));
#2432 = CARTESIAN_POINT('',(65.993513767801,3.815375848496,
    -237.548741641));
#2433 = CARTESIAN_POINT('',(63.832446150831,5.311290958927,
    -238.5765058079));
#2434 = CARTESIAN_POINT('',(61.391152048528,6.082391394125,
    -239.7384265758));
#2435 = CARTESIAN_POINT('',(58.938650357172,6.731911657803,
    -240.9058021926));
#2436 = CARTESIAN_POINT('',(56.482035024564,7.389066663184,
    -242.0751295652));
#2437 = CARTESIAN_POINT('',(54.058292528788,8.175275721235,
    -243.2286768248));
#2438 = CARTESIAN_POINT('',(51.635632162012,8.968341456355,
    -244.3817021092));
#2439 = CARTESIAN_POINT('',(49.26277232906,9.929772765677,-245.510847569
    ));
#2440 = CARTESIAN_POINT('',(46.903830089704,10.928854890487,
    -246.6333284782));
#2441 = CARTESIAN_POINT('',(44.562152310744,11.978423705684,
    -247.747538516));
#2442 = CARTESIAN_POINT('',(42.255058687549,13.117410066197,
    -248.8451916491));
#2443 = CARTESIAN_POINT('',(39.964999007311,14.298420196928,
    -249.9346918557));
#2444 = CARTESIAN_POINT('',(37.717620076312,15.575341989765,
    -251.003772899));
#2445 = CARTESIAN_POINT('',(35.47288619181,16.860053706246,
    -252.0715867289));
#2446 = CARTESIAN_POINT('',(33.312195005862,18.311715798955,
    -253.0992142954));
#2447 = CARTESIAN_POINT('',(31.17314797183,19.798538294634,
    -254.1164999456));
#2448 = CARTESIAN_POINT('',(29.052325520639,21.317805365734,
    -255.1250748655));
#2449 = CARTESIAN_POINT('',(27.004926739031,22.958217375614,
    -256.0985649976));
#2450 = CARTESIAN_POINT('',(25.039279070956,24.711775487126,
    -257.0330121169));
#2451 = CARTESIAN_POINT('',(23.16940941108,26.604513768066,
    -257.9217108207));
#2452 = CARTESIAN_POINT('',(21.633757606896,28.820049116922,
    -258.6509272546));
#2453 = CARTESIAN_POINT('',(20.274608981423,31.199433058278,
    -259.2959261865));
#2454 = CARTESIAN_POINT('',(19.737244506395,33.930275915296,
    -259.5492121511));
#2455 = CARTESIAN_POINT('',(20.566756719758,36.911285591184,
    -259.1512829422));
#2456 = CARTESIAN_POINT('',(23.319270591238,37.506028236449,
    -257.8398268831));
#2457 = CARTESIAN_POINT('',(25.731556931174,36.854296403892,
    -256.691605928));
#2458 = CARTESIAN_POINT('',(28.07157033957,35.806378897691,
    -255.5781869529));
#2459 = CARTESIAN_POINT('',(30.375165996143,34.616852669303,
    -254.4822484608));
#2460 = CARTESIAN_POINT('',(32.022798345429,34.458219622649,
    -253.6977178467));
#2461 = CARTESIAN_POINT('',(32.893444651624,34.670952360649,
    -253.2828680948));
#2462 = CARTESIAN_POINT('',(32.893444651624,34.670952360649,
    -253.2828680948));
#2463 = CARTESIAN_POINT('',(32.893444651624,34.670952360649,
    -253.2828680948));
#2464 = ( GEOMETRIC_REPRESENTATION_CONTEXT(3) 
GLOBAL_UNCERTAINTY_ASSIGNED_CONTEXT((#2468)) 
GLOBAL_UNIT_ASSIGNED_CONTEXT((#2465,#2466,#2467)) REPRESENTATION_CONTEXT
('Context #1','3D Context with UNIT and UNCERTAINTY') );
#2465 = ( LENGTH_UNIT() NAMED_UNIT(*) SI_UNIT(.MILLI.,.METRE.) );
#2466 = ( NAMED_UNIT(*) PLANE_ANGLE_UNIT() SI_UNIT($,.RADIAN.) );
#2467 = ( NAMED_UNIT(*) SI_UNIT($,.STERADIAN.) SOLID_ANGLE_UNIT() );
#2468 = UNCERTAINTY_MEASURE_WITH_UNIT(LENGTH_MEASURE(1.E-07),#2465,
  'distance_accuracy_value','confusion accuracy');
#2469 = CONTEXT_DEPENDENT_SHAPE_REPRESENTATION(#2470,#2472);
#2470 = ( REPRESENTATION_RELATIONSHIP('','',#2375,#10) 
REPRESENTATION_RELATIONSHIP_WITH_TRANSFORMATION(#2471) 
SHAPE_REPRESENTATION_RELATIONSHIP() );
#2471 = ITEM_DEFINED_TRANSFORMATION('','',#11,#99);
#2472 = PRODUCT_DEFINITION_SHAPE('Placement','Placement of an item',
  #2473);
#2473 = NEXT_ASSEMBLY_USAGE_OCCURRENCE('22','','',#5,#2370,$);
#2474 = PRODUCT_RELATED_PRODUCT_CATEGORY('part',$,(#2372));
#2475 = SHAPE_DEFINITION_REPRESENTATION(#2476,#2482);
#2476 = PRODUCT_DEFINITION_SHAPE('','',#2477);
#2477 = PRODUCT_DEFINITION('design','',#2478,#2481);
#2478 = PRODUCT_DEFINITION_FORMATION('','',#2479);
#2479 = PRODUCT('Open CASCADE STEP translator 7.9 1.23',
  'Open CASCADE STEP translator 7.9 1.23','',(#2480));
#2480 = PRODUCT_CONTEXT('',#2,'mechanical');
#2481 = PRODUCT_DEFINITION_CONTEXT('part definition',#2,'design');
#2482 = GEOMETRICALLY_BOUNDED_WIREFRAME_SHAPE_REPRESENTATION('',(#11,
    #2483),#2571);
#2483 = GEOMETRIC_CURVE_SET('',(#2484));
#2484 = TRIMMED_CURVE('',#2485,(#2569,PARAMETER_VALUE(0.)),(#2570,
    PARAMETER_VALUE(166.63330130211)),.T.,.PARAMETER.);
#2485 = B_SPLINE_CURVE_WITH_KNOTS('',3,(#2486,#2487,#2488,#2489,#2490,
    #2491,#2492,#2493,#2494,#2495,#2496,#2497,#2498,#2499,#2500,#2501,
    #2502,#2503,#2504,#2505,#2506,#2507,#2508,#2509,#2510,#2511,#2512,
    #2513,#2514,#2515,#2516,#2517,#2518,#2519,#2520,#2521,#2522,#2523,
    #2524,#2525,#2526,#2527,#2528,#2529,#2530,#2531,#2532,#2533,#2534,
    #2535,#2536,#2537,#2538,#2539,#2540,#2541,#2542,#2543,#2544,#2545,
    #2546,#2547,#2548,#2549,#2550,#2551,#2552,#2553,#2554,#2555,#2556,
    #2557,#2558,#2559,#2560,#2561,#2562,#2563,#2564,#2565,#2566,#2567,
    #2568),.UNSPECIFIED.,.T.,.F.,(4,1,1,1,1,1,1,1,1,1,1,1,1,1,1,1,1,1,1,
    1,1,1,1,1,1,1,1,1,1,1,1,1,1,1,1,1,1,1,1,1,1,1,1,1,1,1,1,1,1,1,1,1,1,
    1,1,1,1,1,1,1,1,1,1,1,1,1,1,1,1,1,1,1,1,1,1,1,1,1,1,1,4),(0.,
    2.102139469361,4.200482841948,6.292730072155,8.362181488676,
    10.312288164836,12.400467415804,14.500419438995,16.600315980933,
    18.699790678625,20.797740450379,22.899870767259,24.993005798571,
    26.737773929703,28.675271533387,30.773804896556,32.875835788753,
    34.957734349022,37.056106189152,39.155918515293,41.254869655979,
    43.336037701474,45.404159693583,47.479280205174,49.562465691568,
    51.648911565543,53.745221055045,55.846018505057,57.946639692194,
    60.047754335085,62.150266361566,64.251900339576,66.353785533341,
    68.456299816869,70.558703918116,72.660972075448,74.763492819347,
    76.865510657811,78.96783816279,81.07035714233,83.172444103175,
    85.27495856377,87.377479307669,89.479970396619,91.582307224328,
    93.684827968227,95.78734384134,97.889864585239,99.985994299218,
    102.08541636433,104.18544371062,106.28674648623,108.38894083468,
    110.44883714921,112.48366020771,114.11268072763,116.21520147153,
    118.31231792011,120.40916535401,122.51049464271,124.61018853262,
    126.7108336824,128.81282101461,130.91509835834,133.0014892427,
    135.09898712942,137.20034781516,139.30286855906,141.40534880072,
    143.50786954461,145.60990434623,147.7122901059,149.81481073723,
    151.91693220562,154.01933004408,156.12185078798,158.22437153188,
    160.32668633791,162.42896769004,164.53119825046,166.63330130211),
  .UNSPECIFIED.);
#2486 = CARTESIAN_POINT('',(22.745603674328,24.643564034055,
    -247.9722666551));
#2487 = CARTESIAN_POINT('',(22.229761253597,25.049963386588,
    -248.2175442919));
#2488 = CARTESIAN_POINT('',(21.241169612646,25.933752508913,
    -248.6875080049));
#2489 = CARTESIAN_POINT('',(19.962847168895,27.481339289219,
    -249.2948156604));
#2490 = CARTESIAN_POINT('',(18.777075051186,29.128018138164,
    -249.8579507395));
#2491 = CARTESIAN_POINT('',(18.240089891315,31.148360595141,
    -250.1117412132));
#2492 = CARTESIAN_POINT('',(19.105084908171,33.382546225174,
    -249.6976335333));
#2493 = CARTESIAN_POINT('',(21.200572337727,33.218585444192,
    -248.6998174331));
#2494 = CARTESIAN_POINT('',(23.024431695397,33.127155587977,
    -247.8312940411));
#2495 = CARTESIAN_POINT('',(24.934806936046,33.312201310329,
    -246.921300915));
#2496 = CARTESIAN_POINT('',(26.800766467728,33.705654566015,
    -246.0322597609));
#2497 = CARTESIAN_POINT('',(28.529590346435,34.666085725024,
    -245.2079825973));
#2498 = CARTESIAN_POINT('',(29.964817462187,35.959173235578,
    -244.5232098665));
#2499 = CARTESIAN_POINT('',(32.064553171503,36.367167847956,
    -243.5228189721));
#2500 = CARTESIAN_POINT('',(31.856362033717,39.077142428187,
    -243.6193565219));
#2501 = CARTESIAN_POINT('',(29.631798955069,38.968343637515,
    -244.6789078274));
#2502 = CARTESIAN_POINT('',(28.215196043528,37.748152084861,-245.3547405
    ));
#2503 = CARTESIAN_POINT('',(26.598246256049,36.632946273313,
    -246.125886971));
#2504 = CARTESIAN_POINT('',(24.815320717663,35.833124650335,
    -246.9757751259));
#2505 = CARTESIAN_POINT('',(22.893762306228,35.891803541769,
    -247.8908591969));
#2506 = CARTESIAN_POINT('',(21.020572434577,36.144984063711,
    -248.7827202256));
#2507 = CARTESIAN_POINT('',(19.111641466569,36.092555747206,
    -249.6918976309));
#2508 = CARTESIAN_POINT('',(17.311027972393,35.206256944342,
    -250.5502930532));
#2509 = CARTESIAN_POINT('',(16.259360925287,33.376089880519,
    -251.0529135306));
#2510 = CARTESIAN_POINT('',(15.895590260255,31.322774570547,
    -251.228139095));
#2511 = CARTESIAN_POINT('',(15.960262274138,29.206307195313,
    -251.1993800755));
#2512 = CARTESIAN_POINT('',(16.723548124171,27.256137876169,
    -250.8377464089));
#2513 = CARTESIAN_POINT('',(17.830096322124,25.54694088448,
    -250.3124019464));
#2514 = CARTESIAN_POINT('',(19.17236556776,24.056562363597,-249.67458451
    ));
#2515 = CARTESIAN_POINT('',(20.596854200753,22.668239923545,
    -248.9975117403));
#2516 = CARTESIAN_POINT('',(22.093394028446,21.373962052273,
    -248.2860339565));
#2517 = CARTESIAN_POINT('',(23.644380026887,20.160849809177,
    -247.548547957));
#2518 = CARTESIAN_POINT('',(25.253447243603,19.043957026372,
    -246.7833080362));
#2519 = CARTESIAN_POINT('',(26.898317155892,17.994404513289,
    -246.000952172));
#2520 = CARTESIAN_POINT('',(28.549433180593,16.957400404337,
    -245.215609501));
#2521 = CARTESIAN_POINT('',(30.193308312296,15.903447272332,
    -244.4337316439));
#2522 = CARTESIAN_POINT('',(31.905060731843,14.991712930128,
    -243.6193901367));
#2523 = CARTESIAN_POINT('',(33.57782365945,13.996720429104,
    -242.8236976323));
#2524 = CARTESIAN_POINT('',(35.298904379797,13.107344265184,
    -242.0048919687));
#2525 = CARTESIAN_POINT('',(37.0413365948,12.273172493501,
    -241.1758644375));
#2526 = CARTESIAN_POINT('',(38.78647804407,11.445121687293,
    -240.3455407329));
#2527 = CARTESIAN_POINT('',(40.556703914559,10.68474093009,
    -239.5032053365));
#2528 = CARTESIAN_POINT('',(42.336744897669,9.954398620811,
    -238.6561665336));
#2529 = CARTESIAN_POINT('',(44.103693481348,9.18350288523,
    -237.8154020823));
#2530 = CARTESIAN_POINT('',(45.908659820157,8.530113188613,
    -236.9564183909));
#2531 = CARTESIAN_POINT('',(47.70536720919,7.850930139642,-236.101392891
    ));
#2532 = CARTESIAN_POINT('',(49.523871930378,7.245921589431,
    -235.2359149002));
#2533 = CARTESIAN_POINT('',(51.34024965168,6.636060512444,-234.371454571
    ));
#2534 = CARTESIAN_POINT('',(53.170043578693,6.075703056446,
    -233.5005570466));
#2535 = CARTESIAN_POINT('',(54.938173799525,5.317732082934,
    -232.6592173778));
#2536 = CARTESIAN_POINT('',(56.663859562417,4.422499813416,
    -231.8382242136));
#2537 = CARTESIAN_POINT('',(58.163748057549,3.126980482621,
    -231.1251528268));
#2538 = CARTESIAN_POINT('',(59.512777600906,1.600120890671,
    -230.4841509839));
#2539 = CARTESIAN_POINT('',(60.2272477305,-0.356583679398,
    -230.1457720672));
#2540 = CARTESIAN_POINT('',(61.393043253326,-2.017969202754,
    -229.5921650075));
#2541 = CARTESIAN_POINT('',(63.804846523666,-2.115809811561,
    -228.4436399794));
#2542 = CARTESIAN_POINT('',(63.665346568932,0.316146411035,-228.50773151
    ));
#2543 = CARTESIAN_POINT('',(62.640157960362,1.808861134536,
    -228.9945372937));
#2544 = CARTESIAN_POINT('',(61.609531202293,3.599760378326,
    -229.4836454431));
#2545 = CARTESIAN_POINT('',(60.297554820761,5.125458350174,
    -230.1070018676));
#2546 = CARTESIAN_POINT('',(58.80237796581,6.42317512129,-230.8178272204
    ));
#2547 = CARTESIAN_POINT('',(57.178999636936,7.529691148037,
    -231.5898928035));
#2548 = CARTESIAN_POINT('',(55.393650798943,8.261573139646,
    -232.4394579833));
#2549 = CARTESIAN_POINT('',(53.585318986244,8.89579015506,
    -233.3000629679));
#2550 = CARTESIAN_POINT('',(51.80313559636,9.600342620203,
    -234.1481469603));
#2551 = CARTESIAN_POINT('',(50.034999263147,10.368969186878,
    -234.9894792645));
#2552 = CARTESIAN_POINT('',(48.146385661337,10.655982547451,
    -235.8886532063));
#2553 = CARTESIAN_POINT('',(46.379709963903,11.445629216523,
    -236.7292696135));
#2554 = CARTESIAN_POINT('',(44.59229120761,12.146957694022,
    -237.579850054));
#2555 = CARTESIAN_POINT('',(42.808301249718,12.867552640447,
    -238.4287789527));
#2556 = CARTESIAN_POINT('',(41.030364565666,13.605367321464,
    -239.2748083791));
#2557 = CARTESIAN_POINT('',(39.284988345005,14.433064819531,
    -240.105244234));
#2558 = CARTESIAN_POINT('',(37.530730781666,15.23712293784,
    -240.9399326175));
#2559 = CARTESIAN_POINT('',(35.812647861196,16.13326486464,
    -241.7573040569));
#2560 = CARTESIAN_POINT('',(34.11398506179,17.071241007205,
    -242.5653863371));
#2561 = CARTESIAN_POINT('',(32.384075649575,17.942223896339,
    -243.3884143954));
#2562 = CARTESIAN_POINT('',(30.747975952955,19.012793779538,
    -244.1665731837));
#2563 = CARTESIAN_POINT('',(29.074282022426,20.005947717077,
    -244.9627108505));
#2564 = CARTESIAN_POINT('',(27.457189049775,21.109126740999,
    -245.7317862557));
#2565 = CARTESIAN_POINT('',(25.840869451762,22.21110779102,
    -246.5004944971));
#2566 = CARTESIAN_POINT('',(24.246915076267,23.355523004978,
    -247.2585103985));
#2567 = CARTESIAN_POINT('',(23.2331566607,24.194488557062,
    -247.7405029927));
#2568 = CARTESIAN_POINT('',(22.745603674328,24.643564034055,
    -247.9722666551));
#2569 = CARTESIAN_POINT('',(22.745603674328,24.643564034055,
    -247.9722666551));
#2570 = CARTESIAN_POINT('',(22.745603674328,24.643564034055,
    -247.9722666551));
#2571 = ( GEOMETRIC_REPRESENTATION_CONTEXT(3) 
GLOBAL_UNCERTAINTY_ASSIGNED_CONTEXT((#2575)) 
GLOBAL_UNIT_ASSIGNED_CONTEXT((#2572,#2573,#2574)) REPRESENTATION_CONTEXT
('Context #1','3D Context with UNIT and UNCERTAINTY') );
#2572 = ( LENGTH_UNIT() NAMED_UNIT(*) SI_UNIT(.MILLI.,.METRE.) );
#2573 = ( NAMED_UNIT(*) PLANE_ANGLE_UNIT() SI_UNIT($,.RADIAN.) );
#2574 = ( NAMED_UNIT(*) SI_UNIT($,.STERADIAN.) SOLID_ANGLE_UNIT() );
#2575 = UNCERTAINTY_MEASURE_WITH_UNIT(LENGTH_MEASURE(1.E-07),#2572,
  'distance_accuracy_value','confusion accuracy');
#2576 = CONTEXT_DEPENDENT_SHAPE_REPRESENTATION(#2577,#2579);
#2577 = ( REPRESENTATION_RELATIONSHIP('','',#2482,#10) 
REPRESENTATION_RELATIONSHIP_WITH_TRANSFORMATION(#2578) 
SHAPE_REPRESENTATION_RELATIONSHIP() );
#2578 = ITEM_DEFINED_TRANSFORMATION('','',#11,#103);
#2579 = PRODUCT_DEFINITION_SHAPE('Placement','Placement of an item',
  #2580);
#2580 = NEXT_ASSEMBLY_USAGE_OCCURRENCE('23','','',#5,#2477,$);
#2581 = PRODUCT_RELATED_PRODUCT_CATEGORY('part',$,(#2479));
#2582 = SHAPE_DEFINITION_REPRESENTATION(#2583,#2589);
#2583 = PRODUCT_DEFINITION_SHAPE('','',#2584);
#2584 = PRODUCT_DEFINITION('design','',#2585,#2588);
#2585 = PRODUCT_DEFINITION_FORMATION('','',#2586);
#2586 = PRODUCT('Open CASCADE STEP translator 7.9 1.24',
  'Open CASCADE STEP translator 7.9 1.24','',(#2587));
#2587 = PRODUCT_CONTEXT('',#2,'mechanical');
#2588 = PRODUCT_DEFINITION_CONTEXT('part definition',#2,'design');
#2589 = GEOMETRICALLY_BOUNDED_WIREFRAME_SHAPE_REPRESENTATION('',(#11,
    #2590),#2678);
#2590 = GEOMETRIC_CURVE_SET('',(#2591));
#2591 = TRIMMED_CURVE('',#2592,(#2676,PARAMETER_VALUE(0.)),(#2677,
    PARAMETER_VALUE(144.67007179108)),.T.,.PARAMETER.);
#2592 = B_SPLINE_CURVE_WITH_KNOTS('',3,(#2593,#2594,#2595,#2596,#2597,
    #2598,#2599,#2600,#2601,#2602,#2603,#2604,#2605,#2606,#2607,#2608,
    #2609,#2610,#2611,#2612,#2613,#2614,#2615,#2616,#2617,#2618,#2619,
    #2620,#2621,#2622,#2623,#2624,#2625,#2626,#2627,#2628,#2629,#2630,
    #2631,#2632,#2633,#2634,#2635,#2636,#2637,#2638,#2639,#2640,#2641,
    #2642,#2643,#2644,#2645,#2646,#2647,#2648,#2649,#2650,#2651,#2652,
    #2653,#2654,#2655,#2656,#2657,#2658,#2659,#2660,#2661,#2662,#2663,
    #2664,#2665,#2666,#2667,#2668,#2669,#2670,#2671,#2672,#2673,#2674,
    #2675),.UNSPECIFIED.,.T.,.F.,(4,1,1,1,1,1,1,1,1,1,1,1,1,1,1,1,1,1,1,
    1,1,1,1,1,1,1,1,1,1,1,1,1,1,1,1,1,1,1,1,1,1,1,1,1,1,1,1,1,1,1,1,1,1,
    1,1,1,1,1,1,1,1,1,1,1,1,1,1,1,1,1,1,1,1,1,1,1,1,1,1,1,4),(0.,
    1.819688707431,3.639653830563,5.459082669845,7.279061883913,
    9.098922300795,10.918953838385,12.738985345658,14.558999977795,
    16.379031515384,18.199060054388,20.018881278471,21.838908907893,
    23.653626532384,25.469760864601,27.287659378045,28.675618954972,
    30.474136778885,32.264767521738,34.084225525424,35.899472743278,
    37.719504280868,39.539534627808,41.359558157342,43.179580716687,
    44.99951424973,46.819522876919,48.639260977265,50.459210681332,
    52.279242218921,54.099273540017,55.919066064811,57.739085635061,
    59.559103833443,61.378702399461,63.198732202127,65.018763739717,
    66.838630243672,68.658638409962,70.478669947552,72.298500847794,
    74.118356958281,75.937801704138,77.757084120363,79.576864845604,
    81.39277276894,83.206161959331,85.014165438897,86.823343094593,
    88.631259324857,90.446048360616,92.257750494514,94.073531051092,
    95.892842352892,97.711858784845,99.529873438409,101.34398291389,
    103.14333846639,104.85179614837,106.55060049664,108.370608749,
    110.18992795931,112.00943642093,113.82804174642,115.64458796183,
    117.43732318588,119.23369511518,121.02248930748,122.83306964763,
    124.65309019459,126.47196938674,128.29200092433,130.11079256165,
    131.9308177239,133.75038483435,135.57037179376,137.3903736931,
    139.21013684058,141.03008917366,142.85004025349,144.67007179108),
  .UNSPECIFIED.);
#2593 = CARTESIAN_POINT('',(29.790739371464,14.032205840196,
    -234.4740869627));
#2594 = CARTESIAN_POINT('',(30.292919615152,13.790095256809,
    -234.2351574979));
#2595 = CARTESIAN_POINT('',(31.299188479945,13.310275881459,
    -233.7563854605));
#2596 = CARTESIAN_POINT('',(32.815942418913,12.610184961577,
    -233.0347077295));
#2597 = CARTESIAN_POINT('',(34.343856728244,11.940148460318,
    -232.3076858985));
#2598 = CARTESIAN_POINT('',(35.880649023682,11.295895378353,
    -231.57641107));
#2599 = CARTESIAN_POINT('',(37.423296671058,10.668118195189,
    -230.8423317466));
#2600 = CARTESIAN_POINT('',(38.979256953981,10.082314974896,
    -230.1018718144));
#2601 = CARTESIAN_POINT('',(40.526384276389,9.467715951325,
    -229.3656463413));
#2602 = CARTESIAN_POINT('',(42.094252786109,8.921572629996,
    -228.6194768803));
#2603 = CARTESIAN_POINT('',(43.65976686303,8.367613062424,
    -227.8744362535));
#2604 = CARTESIAN_POINT('',(45.214319494511,7.777930537268,
    -227.1346504551));
#2605 = CARTESIAN_POINT('',(46.773305943812,7.199401271856,
    -226.392742299));
#2606 = CARTESIAN_POINT('',(48.314239533029,6.580825991816,
    -225.6594704208));
#2607 = CARTESIAN_POINT('',(49.83793405228,5.870092269857,
    -224.9344975071));
#2608 = CARTESIAN_POINT('',(51.184439437407,4.868869206964,
    -224.2941909048));
#2609 = CARTESIAN_POINT('',(52.635281024145,4.123824989815,
    -223.6039472286));
#2610 = CARTESIAN_POINT('',(52.86430279894,1.985490384794,
    -223.4969378543));
#2611 = CARTESIAN_POINT('',(50.927404123995,1.719290861613,
    -224.4196410039));
#2612 = CARTESIAN_POINT('',(49.451246793466,2.30213696582,
    -225.1220976955));
#2613 = CARTESIAN_POINT('',(48.101401503792,3.376227357647,
    -225.7639246564));
#2614 = CARTESIAN_POINT('',(46.628988916988,4.189854950684,
    -226.464375367));
#2615 = CARTESIAN_POINT('',(45.046953696232,4.695988197996,
    -227.2173302958));
#2616 = CARTESIAN_POINT('',(43.489259024097,5.272747758635,
    -227.9586249506));
#2617 = CARTESIAN_POINT('',(41.928576673274,5.843884494541,
    -228.7013479072));
#2618 = CARTESIAN_POINT('',(40.367938629616,6.413842336167,
    -229.4440508994));
#2619 = CARTESIAN_POINT('',(38.810701817437,6.99568101039,
    -230.1851226008));
#2620 = CARTESIAN_POINT('',(37.263707387634,7.609717401861,
    -230.9212853265));
#2621 = CARTESIAN_POINT('',(35.704029330978,8.183758520749,
    -231.6635271881));
#2622 = CARTESIAN_POINT('',(34.168697092545,8.833888016667,
    -232.3941009988));
#2623 = CARTESIAN_POINT('',(32.64427230699,9.513729656658,
    -233.1194514914));
#2624 = CARTESIAN_POINT('',(31.116527828721,10.184494244067,
    -233.8463917383));
#2625 = CARTESIAN_POINT('',(29.599995655284,10.886071067646,
    -234.5679624208));
#2626 = CARTESIAN_POINT('',(28.097775982878,11.624395336578,
    -235.2826813495));
#2627 = CARTESIAN_POINT('',(26.602615939294,12.379457491882,
    -235.9940219947));
#2628 = CARTESIAN_POINT('',(25.115836227891,13.155945341388,
    -236.7013508519));
#2629 = CARTESIAN_POINT('',(23.665362250713,14.012113142669,
    -237.3913122943));
#2630 = CARTESIAN_POINT('',(22.192308370283,14.82032598103,
    -238.0920736421));
#2631 = CARTESIAN_POINT('',(20.764933520914,15.72351876978,
    -238.7709887958));
#2632 = CARTESIAN_POINT('',(19.321565167637,16.594173990007,
    -239.4575522199));
#2633 = CARTESIAN_POINT('',(17.918871928541,17.544494619732,
    -240.1246673295));
#2634 = CARTESIAN_POINT('',(16.555047671092,18.560195307572,
    -240.7732080697));
#2635 = CARTESIAN_POINT('',(15.188478360571,19.571241415213,
    -241.4230606278));
#2636 = CARTESIAN_POINT('',(13.872470565622,20.663147250446,
    -242.048755329));
#2637 = CARTESIAN_POINT('',(12.63534187351,21.864318023448,
    -242.6367785529));
#2638 = CARTESIAN_POINT('',(11.48116689805,23.156944382903,
    -243.1852069421));
#2639 = CARTESIAN_POINT('',(10.427860511163,24.565323369673,
    -243.6854851228));
#2640 = CARTESIAN_POINT('',(9.721769270805,26.213699380457,
    -244.020170931));
#2641 = CARTESIAN_POINT('',(9.351172021078,28.019380596945,
    -244.1949263002));
#2642 = CARTESIAN_POINT('',(9.710584258668,29.819938801775,
    -244.022020175));
#2643 = CARTESIAN_POINT('',(10.32847804774,31.503802221235,-243.72612495
    ));
#2644 = CARTESIAN_POINT('',(11.35143931812,32.954345686964,
    -243.2375416587));
#2645 = CARTESIAN_POINT('',(12.715441507287,34.00463986965,
    -242.5869238754));
#2646 = CARTESIAN_POINT('',(14.256317445234,34.637321262885,
    -241.8524728277));
#2647 = CARTESIAN_POINT('',(15.789457074933,35.291901795882,
    -241.1216850726));
#2648 = CARTESIAN_POINT('',(17.392780605381,35.693765530059,
    -240.3577159936));
#2649 = CARTESIAN_POINT('',(18.908977539434,36.45754141311,
    -239.6348918832));
#2650 = CARTESIAN_POINT('',(20.279266595711,37.302365393469,
    -238.9814781258));
#2651 = CARTESIAN_POINT('',(21.958963109142,38.139494467852,
    -238.1807167348));
#2652 = CARTESIAN_POINT('',(23.289948811613,36.206207955622,
    -237.5487001867));
#2653 = CARTESIAN_POINT('',(21.876942804621,34.77201368619,
    -238.2230262059));
#2654 = CARTESIAN_POINT('',(20.445347811252,34.155508131855,
    -238.9054166923));
#2655 = CARTESIAN_POINT('',(18.923689665717,33.409844800426,
    -239.6308242337));
#2656 = CARTESIAN_POINT('',(17.356913955145,32.879331249276,
    -240.3775115038));
#2657 = CARTESIAN_POINT('',(15.769047268656,32.395544165648,
    -241.1341982745));
#2658 = CARTESIAN_POINT('',(14.260255664305,31.732603095101,
    -241.8533983643));
#2659 = CARTESIAN_POINT('',(12.804702763804,30.779441344502,
    -242.5475234329));
#2660 = CARTESIAN_POINT('',(12.16469596711,29.022548855913,
    -242.8540203842));
#2661 = CARTESIAN_POINT('',(12.25579189595,27.151236181196,
    -242.8124405861));
#2662 = CARTESIAN_POINT('',(13.220698282478,25.629410012762,
    -242.3543722356));
#2663 = CARTESIAN_POINT('',(14.348268563688,24.316608799064,
    -241.8186337659));
#2664 = CARTESIAN_POINT('',(15.640197811746,23.183981843589,
    -241.2044457221));
#2665 = CARTESIAN_POINT('',(16.910333504552,22.030605340725,
    -240.600656851));
#2666 = CARTESIAN_POINT('',(18.25690592528,20.986051746416,
    -239.960360108));
#2667 = CARTESIAN_POINT('',(19.604935951482,19.943659819686,
    -239.319367097));
#2668 = CARTESIAN_POINT('',(21.037986991368,19.049564051095,
    -238.6377398896));
#2669 = CARTESIAN_POINT('',(22.465922437928,18.149777319445,
    -237.9585544674));
#2670 = CARTESIAN_POINT('',(23.893436130196,17.246783155064,
    -237.2795729984));
#2671 = CARTESIAN_POINT('',(25.361456634778,16.428066925247,
    -236.5812189206));
#2672 = CARTESIAN_POINT('',(26.810085714783,15.567611511425,
    -235.8921402436));
#2673 = CARTESIAN_POINT('',(28.302163652125,14.803455862378,
    -235.1822762182));
#2674 = CARTESIAN_POINT('',(29.296190452997,14.292880074337,
    -234.7093641133));
#2675 = CARTESIAN_POINT('',(29.790739371464,14.032205840196,
    -234.4740869627));
#2676 = CARTESIAN_POINT('',(29.790739371464,14.032205840196,
    -234.4740869627));
#2677 = CARTESIAN_POINT('',(29.790739371464,14.032205840196,
    -234.4740869627));
#2678 = ( GEOMETRIC_REPRESENTATION_CONTEXT(3) 
GLOBAL_UNCERTAINTY_ASSIGNED_CONTEXT((#2682)) 
GLOBAL_UNIT_ASSIGNED_CONTEXT((#2679,#2680,#2681)) REPRESENTATION_CONTEXT
('Context #1','3D Context with UNIT and UNCERTAINTY') );
#2679 = ( LENGTH_UNIT() NAMED_UNIT(*) SI_UNIT(.MILLI.,.METRE.) );
#2680 = ( NAMED_UNIT(*) PLANE_ANGLE_UNIT() SI_UNIT($,.RADIAN.) );
#2681 = ( NAMED_UNIT(*) SI_UNIT($,.STERADIAN.) SOLID_ANGLE_UNIT() );
#2682 = UNCERTAINTY_MEASURE_WITH_UNIT(LENGTH_MEASURE(1.E-07),#2679,
  'distance_accuracy_value','confusion accuracy');
#2683 = CONTEXT_DEPENDENT_SHAPE_REPRESENTATION(#2684,#2686);
#2684 = ( REPRESENTATION_RELATIONSHIP('','',#2589,#10) 
REPRESENTATION_RELATIONSHIP_WITH_TRANSFORMATION(#2685) 
SHAPE_REPRESENTATION_RELATIONSHIP() );
#2685 = ITEM_DEFINED_TRANSFORMATION('','',#11,#107);
#2686 = PRODUCT_DEFINITION_SHAPE('Placement','Placement of an item',
  #2687);
#2687 = NEXT_ASSEMBLY_USAGE_OCCURRENCE('24','','',#5,#2584,$);
#2688 = PRODUCT_RELATED_PRODUCT_CATEGORY('part',$,(#2586));
#2689 = SHAPE_DEFINITION_REPRESENTATION(#2690,#2696);
#2690 = PRODUCT_DEFINITION_SHAPE('','',#2691);
#2691 = PRODUCT_DEFINITION('design','',#2692,#2695);
#2692 = PRODUCT_DEFINITION_FORMATION('','',#2693);
#2693 = PRODUCT('Open CASCADE STEP translator 7.9 1.25',
  'Open CASCADE STEP translator 7.9 1.25','',(#2694));
#2694 = PRODUCT_CONTEXT('',#2,'mechanical');
#2695 = PRODUCT_DEFINITION_CONTEXT('part definition',#2,'design');
#2696 = GEOMETRICALLY_BOUNDED_WIREFRAME_SHAPE_REPRESENTATION('',(#11,
    #2697),#2785);
#2697 = GEOMETRIC_CURVE_SET('',(#2698));
#2698 = TRIMMED_CURVE('',#2699,(#2783,PARAMETER_VALUE(0.)),(#2784,
    PARAMETER_VALUE(64.740307370961)),.T.,.PARAMETER.);
#2699 = B_SPLINE_CURVE_WITH_KNOTS('',3,(#2700,#2701,#2702,#2703,#2704,
    #2705,#2706,#2707,#2708,#2709,#2710,#2711,#2712,#2713,#2714,#2715,
    #2716,#2717,#2718,#2719,#2720,#2721,#2722,#2723,#2724,#2725,#2726,
    #2727,#2728,#2729,#2730,#2731,#2732,#2733,#2734,#2735,#2736,#2737,
    #2738,#2739,#2740,#2741,#2742,#2743,#2744,#2745,#2746,#2747,#2748,
    #2749,#2750,#2751,#2752,#2753,#2754,#2755,#2756,#2757,#2758,#2759,
    #2760,#2761,#2762,#2763,#2764,#2765,#2766,#2767,#2768,#2769,#2770,
    #2771,#2772,#2773,#2774,#2775,#2776,#2777,#2778,#2779,#2780,#2781,
    #2782),.UNSPECIFIED.,.T.,.F.,(4,1,1,1,1,1,1,1,1,1,1,1,1,1,1,1,1,1,1,
    1,1,1,1,1,1,1,1,1,1,1,1,1,1,1,1,1,1,1,1,1,1,1,1,1,1,1,1,1,1,1,1,1,1,
    1,1,1,1,1,1,1,1,1,1,1,1,1,1,1,1,1,1,1,1,1,1,1,1,1,1,1,4),(0.,
    0.813346458612,1.616974793216,2.430321251828,3.23869975011,
    4.041777286956,4.855123745568,5.638878639948,6.432381316172,
    7.24509817256,8.038341264505,8.851687723117,9.66009895359,
    10.473371429509,11.282678925531,12.094686672611,12.905714019064,
    13.719060477676,14.532270436378,15.345558148215,16.158904606827,
    16.972010594402,17.785357053014,18.598544946942,19.41146066389,
    20.224807122502,21.038153581114,21.851277975362,22.664624433974,
    23.477970892586,24.290430793471,25.103769069746,25.915179693931,
    26.728526152543,27.541872611156,28.355219069768,29.167256835319,
    29.978897081418,30.792111989226,31.605110673171,32.415762826111,
    33.229109284723,34.038374431184,34.851311660475,35.664658119087,
    36.287313533854,37.099007954381,37.910640964637,38.723987423249,
    39.536999490124,40.350034067319,41.163365868578,41.976104430864,
    42.789450889476,43.602797348088,44.414996006501,45.228328538679,
    46.041674997291,46.855009267876,47.668320322219,48.481666780832,
    49.294886206852,50.105618793894,50.918829505199,51.732175963811,
    52.545522422423,53.358620075292,54.171966533905,54.985312992517,
    55.7986453928,56.611336906407,57.424683365019,58.238029823631,
    59.050488378424,59.863834837036,60.676502671032,61.489840489282,
    62.303186947894,63.114621089301,63.926960912349,64.740307370961),
  .UNSPECIFIED.);
#2700 = CARTESIAN_POINT('',(2.511398405871,25.429671467288,
    -237.3016880385));
#2701 = CARTESIAN_POINT('',(2.467245981264,25.696556329647,-237.32245823
    ));
#2702 = CARTESIAN_POINT('',(2.415299287075,26.235332470977,
    -237.3466782429));
#2703 = CARTESIAN_POINT('',(2.456269106629,27.045539439169,
    -237.3263850913));
#2704 = CARTESIAN_POINT('',(2.587434679266,27.847816379468,
    -237.2631439315));
#2705 = CARTESIAN_POINT('',(2.922324603462,28.576795413364,
    -237.1029498957));
#2706 = CARTESIAN_POINT('',(3.358752814959,29.223274563495,
    -236.894477889));
#2707 = CARTESIAN_POINT('',(3.84402543475,29.826645822482,
    -236.6627853421));
#2708 = CARTESIAN_POINT('',(4.688093302436,29.983644469408,
    -236.2606472964));
#2709 = CARTESIAN_POINT('',(5.115650820455,29.216637502079,
    -236.0577630191));
#2710 = CARTESIAN_POINT('',(5.328960411877,28.454027774665,
    -235.9569099051));
#2711 = CARTESIAN_POINT('',(5.191802312679,27.639577751971,
    -236.0230167397));
#2712 = CARTESIAN_POINT('',(5.266047734819,26.838925435849,
    -235.9884295108));
#2713 = CARTESIAN_POINT('',(5.202645412129,26.019066721181,
    -236.0194154316));
#2714 = CARTESIAN_POINT('',(5.444443241723,25.237641544558,
    -235.9050129612));
#2715 = CARTESIAN_POINT('',(5.770398250747,24.512537249851,
    -235.7504763895));
#2716 = CARTESIAN_POINT('',(6.164249994569,23.825958968426,
    -235.5635669003));
#2717 = CARTESIAN_POINT('',(6.628011459761,23.194700978637,
    -235.3433096151));
#2718 = CARTESIAN_POINT('',(7.142412404712,22.614685761713,
    -235.0988859032));
#2719 = CARTESIAN_POINT('',(7.660415675253,22.037896165454,
    -234.852743476));
#2720 = CARTESIAN_POINT('',(8.202023839222,21.488489749094,
    -234.5953328307));
#2721 = CARTESIAN_POINT('',(8.731452169574,20.923862446973,
    -234.3437374995));
#2722 = CARTESIAN_POINT('',(9.313424779353,20.425600784638,
    -234.0670539987));
#2723 = CARTESIAN_POINT('',(9.845294441556,19.864372496947,
    -233.8142927073));
#2724 = CARTESIAN_POINT('',(10.39456052007,19.322844182232,
    -233.5532273893));
#2725 = CARTESIAN_POINT('',(10.998558814534,18.858622925966,
    -233.2660213476));
#2726 = CARTESIAN_POINT('',(11.599299378326,18.39121013387,
    -232.9803698752));
#2727 = CARTESIAN_POINT('',(12.202218248788,17.926992976592,
    -232.6936779043));
#2728 = CARTESIAN_POINT('',(12.799928292426,17.45299715959,
    -232.4094760629));
#2729 = CARTESIAN_POINT('',(13.43971418489,17.052246399415,
    -232.1051649997));
#2730 = CARTESIAN_POINT('',(14.055933269473,16.608849622223,
    -231.8121187348));
#2731 = CARTESIAN_POINT('',(14.723622153139,16.263186257006,
    -231.4944657718));
#2732 = CARTESIAN_POINT('',(15.415740639577,15.997666084562,
    -231.1651009454));
#2733 = CARTESIAN_POINT('',(16.114002858412,15.7306219684,
    -230.8328116411));
#2734 = CARTESIAN_POINT('',(16.720469763856,15.263714649646,
    -230.5444325156));
#2735 = CARTESIAN_POINT('',(17.35707331705,14.860347625523,
    -230.2416395618));
#2736 = CARTESIAN_POINT('',(17.966709253794,14.401841900368,
    -229.9517430858));
#2737 = CARTESIAN_POINT('',(18.652668603536,14.10096351705,
    -229.6253456404));
#2738 = CARTESIAN_POINT('',(19.267204315483,13.652822418899,
    -229.3331056555));
#2739 = CARTESIAN_POINT('',(19.880719143287,13.207797377766,
    -229.0413488608));
#2740 = CARTESIAN_POINT('',(20.521011079515,12.809397138443,
    -228.736794528));
#2741 = CARTESIAN_POINT('',(21.094862241988,12.293199674035,
    -228.463996156));
#2742 = CARTESIAN_POINT('',(21.586007729351,11.699306065614,
    -228.2306612205));
#2743 = CARTESIAN_POINT('',(22.167692076844,11.160539772629,
    -227.9541540643));
#2744 = CARTESIAN_POINT('',(22.520976918299,10.534688458425,
    -227.786505969));
#2745 = CARTESIAN_POINT('',(23.396653909863,10.000526287903,
    -227.3699806113));
#2746 = CARTESIAN_POINT('',(22.576883054067,9.442204312822,
    -227.7609342331));
#2747 = CARTESIAN_POINT('',(21.946648332481,9.677984033489,
    -228.0608556456));
#2748 = CARTESIAN_POINT('',(21.2136169647,9.792598857276,-228.4098507217
    ));
#2749 = CARTESIAN_POINT('',(20.517573511593,10.051921810435,
    -228.7410907864));
#2750 = CARTESIAN_POINT('',(19.815051582516,10.291469531896,
    -229.07543529));
#2751 = CARTESIAN_POINT('',(19.145071567947,10.625854029123,
    -229.3941902788));
#2752 = CARTESIAN_POINT('',(18.459411168974,10.921019967868,
    -229.7204508578));
#2753 = CARTESIAN_POINT('',(17.833367605115,11.354239703387,
    -230.0181858372));
#2754 = CARTESIAN_POINT('',(17.141520008715,11.63384877445,
    -230.347408066));
#2755 = CARTESIAN_POINT('',(16.459117164943,11.933703816047,
    -230.6721127151));
#2756 = CARTESIAN_POINT('',(15.805341622749,12.305910907699,
    -230.9831138634));
#2757 = CARTESIAN_POINT('',(15.166802770879,12.706765515917,
    -231.2868309244));
#2758 = CARTESIAN_POINT('',(14.52231507427,13.096991946748,
    -231.593391367));
#2759 = CARTESIAN_POINT('',(13.880832415422,13.493073336137,
    -231.8985150167));
#2760 = CARTESIAN_POINT('',(13.243409249342,13.897314322356,
    -232.2016974677));
#2761 = CARTESIAN_POINT('',(12.620821822539,14.329404671723,
    -232.4977875536));
#2762 = CARTESIAN_POINT('',(11.95605494696,14.680134174113,
    -232.8140440272));
#2763 = CARTESIAN_POINT('',(11.367937896212,15.170272762719,
    -233.0936616464));
#2764 = CARTESIAN_POINT('',(10.748912473748,15.606260865511,
    -233.3880515719));
#2765 = CARTESIAN_POINT('',(10.124781855669,16.034712273262,
    -233.6848801106));
#2766 = CARTESIAN_POINT('',(9.489304404889,16.44440370642,
    -233.9871306602));
#2767 = CARTESIAN_POINT('',(8.903763814404,16.937047502837,
    -234.2655188264));
#2768 = CARTESIAN_POINT('',(8.309614334242,17.414819386043,
    -234.5480213109));
#2769 = CARTESIAN_POINT('',(7.721494075991,17.90199185331,-234.827643318
    ));
#2770 = CARTESIAN_POINT('',(7.117801518921,18.366496961466,
    -235.1147034788));
#2771 = CARTESIAN_POINT('',(6.566858558352,18.905630138157,
    -235.3765697203));
#2772 = CARTESIAN_POINT('',(6.016037231024,19.443036385297,
    -235.6383796994));
#2773 = CARTESIAN_POINT('',(5.455874752544,19.969022692717,
    -235.9046494068));
#2774 = CARTESIAN_POINT('',(4.933142001963,20.542188274021,
    -236.1530477398));
#2775 = CARTESIAN_POINT('',(4.459683630922,21.162767998772,
    -236.3779334661));
#2776 = CARTESIAN_POINT('',(3.937963784019,21.741527264212,
    -236.6258440104));
#2777 = CARTESIAN_POINT('',(3.560497863039,22.441893207223,
    -236.8049364687));
#2778 = CARTESIAN_POINT('',(3.085793566739,23.0742465386,-237.0304042122
    ));
#2779 = CARTESIAN_POINT('',(2.859230643878,23.857331820723,
    -237.1375494694));
#2780 = CARTESIAN_POINT('',(2.609133861361,24.620759214833,
    -237.2559216653));
#2781 = CARTESIAN_POINT('',(2.526622238411,25.156270119934,
    -237.2947013499));
#2782 = CARTESIAN_POINT('',(2.511398405871,25.429671467288,
    -237.3016880385));
#2783 = CARTESIAN_POINT('',(2.511398405871,25.429671467288,
    -237.3016880385));
#2784 = CARTESIAN_POINT('',(2.511398405871,25.429671467288,
    -237.3016880385));
#2785 = ( GEOMETRIC_REPRESENTATION_CONTEXT(3) 
GLOBAL_UNCERTAINTY_ASSIGNED_CONTEXT((#2789)) 
GLOBAL_UNIT_ASSIGNED_CONTEXT((#2786,#2787,#2788)) REPRESENTATION_CONTEXT
('Context #1','3D Context with UNIT and UNCERTAINTY') );
#2786 = ( LENGTH_UNIT() NAMED_UNIT(*) SI_UNIT(.MILLI.,.METRE.) );
#2787 = ( NAMED_UNIT(*) PLANE_ANGLE_UNIT() SI_UNIT($,.RADIAN.) );
#2788 = ( NAMED_UNIT(*) SI_UNIT($,.STERADIAN.) SOLID_ANGLE_UNIT() );
#2789 = UNCERTAINTY_MEASURE_WITH_UNIT(LENGTH_MEASURE(1.E-07),#2786,
  'distance_accuracy_value','confusion accuracy');
#2790 = CONTEXT_DEPENDENT_SHAPE_REPRESENTATION(#2791,#2793);
#2791 = ( REPRESENTATION_RELATIONSHIP('','',#2696,#10) 
REPRESENTATION_RELATIONSHIP_WITH_TRANSFORMATION(#2792) 
SHAPE_REPRESENTATION_RELATIONSHIP() );
#2792 = ITEM_DEFINED_TRANSFORMATION('','',#11,#111);
#2793 = PRODUCT_DEFINITION_SHAPE('Placement','Placement of an item',
  #2794);
#2794 = NEXT_ASSEMBLY_USAGE_OCCURRENCE('25','','',#5,#2691,$);
#2795 = PRODUCT_RELATED_PRODUCT_CATEGORY('part',$,(#2693));
ENDSEC;
END-ISO-10303-21;
