ISO-10303-21;
HEADER;
FILE_DESCRIPTION(('FreeCAD Model'),'2;1');
FILE_NAME('Open CASCADE Shape Model','2026-06-11T16:10:17',('FreeCAD'),(
    'FreeCAD'),'Open CASCADE STEP processor 7.8','FreeCAD','Unknown');
FILE_SCHEMA(('AUTOMOTIVE_DESIGN { 1 0 10303 214 1 1 1 1 }'));
ENDSEC;
DATA;
#1 = APPLICATION_PROTOCOL_DEFINITION('international standard',
  'automotive_design',2000,#2);
#2 = APPLICATION_CONTEXT(
  'core data for automotive mechanical design processes');
#3 = SHAPE_DEFINITION_REPRESENTATION(#4,#10);
#4 = PRODUCT_DEFINITION_SHAPE('','',#5);
#5 = PRODUCT_DEFINITION('design','',#6,#9);
#6 = PRODUCT_DEFINITION_FORMATION('','',#7);
#7 = PRODUCT('Open CASCADE STEP translator 7.8 1',
  'Open CASCADE STEP translator 7.8 1','',(#8));
#8 = PRODUCT_CONTEXT('',#2,'mechanical');
#9 = PRODUCT_DEFINITION_CONTEXT('part definition',#2,'design');
#10 = SHAPE_REPRESENTATION('',(#11,#15,#421,#863,#1983,#2671,#4002,#4874
    ,#4938,#4996,#5108),#5270);
#11 = AXIS2_PLACEMENT_3D('',#12,#13,#14);
#12 = CARTESIAN_POINT('',(0.,0.,0.));
#13 = DIRECTION('',(0.,0.,1.));
#14 = DIRECTION('',(1.,0.,-0.));
#15 = SHELL_BASED_SURFACE_MODEL('',(#16));
#16 = OPEN_SHELL('',(#17));
#17 = ADVANCED_FACE('',(#18),#120,.T.);
#18 = FACE_BOUND('',#19,.T.);
#19 = EDGE_LOOP('',(#20,#57,#72,#107));
#20 = ORIENTED_EDGE('',*,*,#21,.F.);
#21 = EDGE_CURVE('',#22,#24,#26,.T.);
#22 = VERTEX_POINT('',#23);
#23 = CARTESIAN_POINT('',(94.678123474121,-4.945923805237,-418.5));
#24 = VERTEX_POINT('',#25);
#25 = CARTESIAN_POINT('',(126.82344818115,-7.126927375793,-418.5));
#26 = B_SPLINE_CURVE_WITH_KNOTS('',3,(#27,#28,#29,#30,#31,#32,#33,#34,
    #35,#36,#37,#38,#39,#40,#41,#42,#43,#44,#45,#46,#47,#48,#49,#50,#51,
    #52,#53,#54,#55,#56),.UNSPECIFIED.,.F.,.F.,(4,1,1,1,1,1,1,1,1,1,1,1,
    1,1,1,1,1,1,1,1,1,1,1,1,1,1,1,4),(0.,3.703703703704E-02,
    7.407407407407E-02,0.111111111111,0.148148148148,0.185185185185,
    0.222222222222,0.259259259259,0.296296296296,0.333333333333,
    0.37037037037,0.407407407407,0.444444444444,0.481481481481,
    0.518518518519,0.555555555556,0.592592592593,0.62962962963,
    0.666666666667,0.703703703704,0.740740740741,0.777777777778,
    0.814814814815,0.851851851852,0.888888888889,0.925925925926,
    0.962962962963,1.),.UNSPECIFIED.);
#27 = CARTESIAN_POINT('',(94.678123474121,-4.945923805237,-418.5));
#28 = CARTESIAN_POINT('',(94.819238781554,-4.52805651607,-418.5));
#29 = CARTESIAN_POINT('',(95.63405280535,-4.369842204456,-418.5));
#30 = CARTESIAN_POINT('',(96.850026305375,-4.224078243562,-418.5));
#31 = CARTESIAN_POINT('',(98.059704921459,-4.155254049471,-418.5));
#32 = CARTESIAN_POINT('',(99.278918696331,-4.067809751645,
    -418.4999999999));
#33 = CARTESIAN_POINT('',(100.4906333817,-4.009371324141,-418.5));
#34 = CARTESIAN_POINT('',(101.71155774297,-3.963955533545,
    -418.4999999999));
#35 = CARTESIAN_POINT('',(102.92507853522,-3.954178313932,-418.5));
#36 = CARTESIAN_POINT('',(104.1456033225,-3.952880183113,-418.4999999999
    ));
#37 = CARTESIAN_POINT('',(105.3598157756,-3.948365114348,-418.5));
#38 = CARTESIAN_POINT('',(106.58174839044,-3.901969064777,-418.5));
#39 = CARTESIAN_POINT('',(107.78869234976,-3.956444488493,-418.5));
#40 = CARTESIAN_POINT('',(109.04617774423,-3.955183310898,-418.5));
#41 = CARTESIAN_POINT('',(110.18990010945,-4.063189276473,-418.5));
#42 = CARTESIAN_POINT('',(111.464140924,-4.153513609165,-418.5));
#43 = CARTESIAN_POINT('',(112.64325788145,-4.185511774346,-418.5));
#44 = CARTESIAN_POINT('',(113.87804667097,-4.321163774568,-418.5));
#45 = CARTESIAN_POINT('',(115.06146617183,-4.550330740669,-418.5));
#46 = CARTESIAN_POINT('',(116.28405209159,-4.652210606176,-418.5));
#47 = CARTESIAN_POINT('',(117.47711895074,-4.867014645792,-418.5));
#48 = CARTESIAN_POINT('',(118.69392147753,-5.000680253713,-418.5));
#49 = CARTESIAN_POINT('',(119.87145081615,-5.290549936419,-418.5));
#50 = CARTESIAN_POINT('',(121.06427890208,-5.573783196237,
    -418.4999999999));
#51 = CARTESIAN_POINT('',(122.25410047727,-5.752262112995,-418.5));
#52 = CARTESIAN_POINT('',(123.45399487208,-6.111299423868,
    -418.4999999999));
#53 = CARTESIAN_POINT('',(124.61575513927,-6.190382841959,-418.5));
#54 = CARTESIAN_POINT('',(125.9101335512,-6.620471360747,-418.5));
#55 = CARTESIAN_POINT('',(126.52226710941,-6.633106406064,-418.5));
#56 = CARTESIAN_POINT('',(126.82344818115,-7.126927375793,-418.5));
#57 = ORIENTED_EDGE('',*,*,#58,.T.);
#58 = EDGE_CURVE('',#22,#59,#61,.T.);
#59 = VERTEX_POINT('',#60);
#60 = CARTESIAN_POINT('',(42.462436676025,33.114402770996,-378.200012207
    ));
#61 = B_SPLINE_CURVE_WITH_KNOTS('',3,(#62,#63,#64,#65,#66,#67,#68,#69,
    #70,#71),.UNSPECIFIED.,.F.,.F.,(4,1,1,1,1,1,1,4),(0.,0.142857142857,
    0.285714285714,0.428571428571,0.571428571429,0.714285714286,
    0.857142857143,1.),.QUASI_UNIFORM_KNOTS.);
#62 = CARTESIAN_POINT('',(94.678123474121,-4.945923805237,-418.5));
#63 = CARTESIAN_POINT('',(72.3406136867,-1.977268842267,-416.8698133908)
  );
#64 = CARTESIAN_POINT('',(57.647759795032,7.165386849355,-412.5714988435
    ));
#65 = CARTESIAN_POINT('',(38.764753593748,8.484743657665,-406.142196236)
  );
#66 = CARTESIAN_POINT('',(41.216788070254,11.287073468388,
    -399.7153461474));
#67 = CARTESIAN_POINT('',(42.720299116634,27.019042017191,
    -393.2829904535));
#68 = CARTESIAN_POINT('',(42.791357582737,28.223888196589,
    -386.8703230303));
#69 = CARTESIAN_POINT('',(42.784357113142,33.881095061595,
    -380.2956481021));
#70 = CARTESIAN_POINT('',(42.349996006136,31.776518459104,
    -378.4815529818));
#71 = CARTESIAN_POINT('',(42.462436676025,33.114402770996,-378.200012207
    ));
#72 = ORIENTED_EDGE('',*,*,#73,.T.);
#73 = EDGE_CURVE('',#59,#74,#76,.T.);
#74 = VERTEX_POINT('',#75);
#75 = CARTESIAN_POINT('',(167.55152893066,41.645961761475,-378.200012207
    ));
#76 = B_SPLINE_CURVE_WITH_KNOTS('',3,(#77,#78,#79,#80,#81,#82,#83,#84,
    #85,#86,#87,#88,#89,#90,#91,#92,#93,#94,#95,#96,#97,#98,#99,#100,
    #101,#102,#103,#104,#105,#106),.UNSPECIFIED.,.F.,.F.,(4,1,1,1,1,1,1,
    1,1,1,1,1,1,1,1,1,1,1,1,1,1,1,1,1,1,1,1,4),(0.,3.703703703704E-02,
    7.407407407407E-02,0.111111111111,0.148148148148,0.185185185185,
    0.222222222222,0.259259259259,0.296296296296,0.333333333333,
    0.37037037037,0.407407407407,0.444444444444,0.481481481481,
    0.518518518519,0.555555555556,0.592592592593,0.62962962963,
    0.666666666667,0.703703703704,0.740740740741,0.777777777778,
    0.814814814815,0.851851851852,0.888888888889,0.925925925926,
    0.962962962963,1.),.UNSPECIFIED.);
#77 = CARTESIAN_POINT('',(42.462436676025,33.114402770996,-378.200012207
    ));
#78 = CARTESIAN_POINT('',(42.340238437033,35.210105030956,-378.200012207
    ));
#79 = CARTESIAN_POINT('',(45.324316386175,37.165156570043,-378.200012207
    ));
#80 = CARTESIAN_POINT('',(50.634373131556,36.690170938597,-378.200012207
    ));
#81 = CARTESIAN_POINT('',(55.541140932726,35.91022107515,-378.200012207)
  );
#82 = CARTESIAN_POINT('',(60.52895401693,34.550688287652,-378.200012207)
  );
#83 = CARTESIAN_POINT('',(65.326784797088,33.051708778531,-378.200012207
    ));
#84 = CARTESIAN_POINT('',(70.239877146133,31.526650645951,-378.200012207
    ));
#85 = CARTESIAN_POINT('',(75.015767763563,29.990840409286,-378.200012207
    ));
#86 = CARTESIAN_POINT('',(79.927853559339,28.322224813501,-378.200012207
    ));
#87 = CARTESIAN_POINT('',(84.611591091561,26.830016272064,-378.200012207
    ));
#88 = CARTESIAN_POINT('',(89.83652345686,25.434259271283,-378.200012207)
  );
#89 = CARTESIAN_POINT('',(94.120190258686,24.268834604832,-378.200012207
    ));
#90 = CARTESIAN_POINT('',(100.74760665163,23.000294062575,-378.200012207
    ));
#91 = CARTESIAN_POINT('',(99.024245114616,30.011582952127,-378.200012207
    ));
#92 = CARTESIAN_POINT('',(104.17683953026,32.447212530309,-378.200012207
    ));
#93 = CARTESIAN_POINT('',(108.89191295889,33.571947459753,-378.200012207
    ));
#94 = CARTESIAN_POINT('',(114.13042409175,33.823572679267,-378.200012207
    ));
#95 = CARTESIAN_POINT('',(119.121314994,34.169275083882,-378.200012207)
  );
#96 = CARTESIAN_POINT('',(124.24384339179,34.48603243091,-378.200012207)
  );
#97 = CARTESIAN_POINT('',(129.27761467717,35.025283557871,-378.200012207
    ));
#98 = CARTESIAN_POINT('',(134.35699127952,35.504179262849,-378.200012207
    ));
#99 = CARTESIAN_POINT('',(139.40322283899,36.034070918445,-378.200012207
    ));
#100 = CARTESIAN_POINT('',(144.44346103831,36.844243736842,
    -378.200012207));
#101 = CARTESIAN_POINT('',(149.39932673332,37.872085438597,
    -378.200012207));
#102 = CARTESIAN_POINT('',(154.36459926478,39.20511983829,-378.200012207
    ));
#103 = CARTESIAN_POINT('',(159.08161333334,40.798267226638,
    -378.200012207));
#104 = CARTESIAN_POINT('',(163.97194651233,42.946232895943,
    -378.200012207));
#105 = CARTESIAN_POINT('',(166.81616370309,44.501414787657,
    -378.200012207));
#106 = CARTESIAN_POINT('',(167.55152893066,41.645961761475,
    -378.200012207));
#107 = ORIENTED_EDGE('',*,*,#108,.F.);
#108 = EDGE_CURVE('',#24,#74,#109,.T.);
#109 = B_SPLINE_CURVE_WITH_KNOTS('',3,(#110,#111,#112,#113,#114,#115,
    #116,#117,#118,#119),.UNSPECIFIED.,.F.,.F.,(4,1,1,1,1,1,1,4),(0.,
    0.142857142857,0.285714285714,0.428571428571,0.571428571429,
    0.714285714286,0.857142857143,1.),.QUASI_UNIFORM_KNOTS.);
#110 = CARTESIAN_POINT('',(126.82344818115,-7.126927375793,-418.5));
#111 = CARTESIAN_POINT('',(134.05559699846,1.026077172608,
    -416.8698133908));
#112 = CARTESIAN_POINT('',(159.50286401977,17.537162876889,
    -412.5714988435));
#113 = CARTESIAN_POINT('',(161.54047899388,30.139691903885,
    -406.142196236));
#114 = CARTESIAN_POINT('',(163.51980785752,36.738999029789,
    -399.7153461474));
#115 = CARTESIAN_POINT('',(164.83345716611,39.235131891135,
    -393.2829904535));
#116 = CARTESIAN_POINT('',(166.13527378458,40.363792643933,
    -386.8703230303));
#117 = CARTESIAN_POINT('',(167.07992894461,41.501539944175,
    -380.2956481021));
#118 = CARTESIAN_POINT('',(167.64611613362,41.614640212316,
    -378.4815529818));
#119 = CARTESIAN_POINT('',(167.55152893066,41.645961761475,
    -378.200012207));
#120 = B_SPLINE_SURFACE_WITH_KNOTS('',3,3,(
    (#121,#122,#123,#124,#125,#126,#127,#128,#129,#130,#131,#132,#133
      ,#134,#135,#136,#137,#138,#139,#140,#141,#142,#143,#144,#145,#146
      ,#147,#148,#149,#150)
    ,(#151,#152,#153,#154,#155,#156,#157,#158,#159,#160,#161,#162,#163
      ,#164,#165,#166,#167,#168,#169,#170,#171,#172,#173,#174,#175,#176
      ,#177,#178,#179,#180)
    ,(#181,#182,#183,#184,#185,#186,#187,#188,#189,#190,#191,#192,#193
      ,#194,#195,#196,#197,#198,#199,#200,#201,#202,#203,#204,#205,#206
      ,#207,#208,#209,#210)
    ,(#211,#212,#213,#214,#215,#216,#217,#218,#219,#220,#221,#222,#223
      ,#224,#225,#226,#227,#228,#229,#230,#231,#232,#233,#234,#235,#236
      ,#237,#238,#239,#240)
    ,(#241,#242,#243,#244,#245,#246,#247,#248,#249,#250,#251,#252,#253
      ,#254,#255,#256,#257,#258,#259,#260,#261,#262,#263,#264,#265,#266
      ,#267,#268,#269,#270)
    ,(#271,#272,#273,#274,#275,#276,#277,#278,#279,#280,#281,#282,#283
      ,#284,#285,#286,#287,#288,#289,#290,#291,#292,#293,#294,#295,#296
      ,#297,#298,#299,#300)
    ,(#301,#302,#303,#304,#305,#306,#307,#308,#309,#310,#311,#312,#313
      ,#314,#315,#316,#317,#318,#319,#320,#321,#322,#323,#324,#325,#326
      ,#327,#328,#329,#330)
    ,(#331,#332,#333,#334,#335,#336,#337,#338,#339,#340,#341,#342,#343
      ,#344,#345,#346,#347,#348,#349,#350,#351,#352,#353,#354,#355,#356
      ,#357,#358,#359,#360)
    ,(#361,#362,#363,#364,#365,#366,#367,#368,#369,#370,#371,#372,#373
      ,#374,#375,#376,#377,#378,#379,#380,#381,#382,#383,#384,#385,#386
      ,#387,#388,#389,#390)
    ,(#391,#392,#393,#394,#395,#396,#397,#398,#399,#400,#401,#402,#403
      ,#404,#405,#406,#407,#408,#409,#410,#411,#412,#413,#414,#415,#416
      ,#417,#418,#419,#420
  )),.UNSPECIFIED.,.F.,.F.,.F.,(4,1,1,1,1,1,1,4),(4,1,1,1,1,1,1,1,1,1,1,
    1,1,1,1,1,1,1,1,1,1,1,1,1,1,1,1,4),(0.,0.142857142857,0.285714285714
    ,0.428571428571,0.571428571429,0.714285714286,0.857142857143,1.),(0.
    ,3.703703703704E-02,7.407407407407E-02,0.111111111111,0.148148148148
    ,0.185185185185,0.222222222222,0.259259259259,0.296296296296,
    0.333333333333,0.37037037037,0.407407407407,0.444444444444,
    0.481481481481,0.518518518519,0.555555555556,0.592592592593,
    0.62962962963,0.666666666667,0.703703703704,0.740740740741,
    0.777777777778,0.814814814815,0.851851851852,0.888888888889,
    0.925925925926,0.962962962963,1.),.UNSPECIFIED.);
#121 = CARTESIAN_POINT('',(94.678123474121,-4.945923805237,-418.5));
#122 = CARTESIAN_POINT('',(94.819238781554,-4.52805651607,-418.5));
#123 = CARTESIAN_POINT('',(95.63405280535,-4.369842204456,-418.5));
#124 = CARTESIAN_POINT('',(96.850026305375,-4.224078243562,-418.5));
#125 = CARTESIAN_POINT('',(98.059704921459,-4.155254049471,-418.5));
#126 = CARTESIAN_POINT('',(99.278918696331,-4.067809751645,
    -418.4999999999));
#127 = CARTESIAN_POINT('',(100.4906333817,-4.009371324141,-418.5));
#128 = CARTESIAN_POINT('',(101.71155774297,-3.963955533545,
    -418.4999999999));
#129 = CARTESIAN_POINT('',(102.92507853522,-3.954178313932,-418.5));
#130 = CARTESIAN_POINT('',(104.1456033225,-3.952880183113,
    -418.4999999999));
#131 = CARTESIAN_POINT('',(105.3598157756,-3.948365114348,-418.5));
#132 = CARTESIAN_POINT('',(106.58174839044,-3.901969064777,-418.5));
#133 = CARTESIAN_POINT('',(107.78869234976,-3.956444488493,-418.5));
#134 = CARTESIAN_POINT('',(109.04617774423,-3.955183310898,-418.5));
#135 = CARTESIAN_POINT('',(110.18990010945,-4.063189276473,-418.5));
#136 = CARTESIAN_POINT('',(111.464140924,-4.153513609165,-418.5));
#137 = CARTESIAN_POINT('',(112.64325788145,-4.185511774346,-418.5));
#138 = CARTESIAN_POINT('',(113.87804667097,-4.321163774568,-418.5));
#139 = CARTESIAN_POINT('',(115.06146617183,-4.550330740669,-418.5));
#140 = CARTESIAN_POINT('',(116.28405209159,-4.652210606176,-418.5));
#141 = CARTESIAN_POINT('',(117.47711895074,-4.867014645792,-418.5));
#142 = CARTESIAN_POINT('',(118.69392147753,-5.000680253713,-418.5));
#143 = CARTESIAN_POINT('',(119.87145081615,-5.290549936419,-418.5));
#144 = CARTESIAN_POINT('',(121.06427890208,-5.573783196237,
    -418.4999999999));
#145 = CARTESIAN_POINT('',(122.25410047727,-5.752262112995,-418.5));
#146 = CARTESIAN_POINT('',(123.45399487208,-6.111299423868,
    -418.4999999999));
#147 = CARTESIAN_POINT('',(124.61575513927,-6.190382841959,-418.5));
#148 = CARTESIAN_POINT('',(125.9101335512,-6.620471360747,-418.5));
#149 = CARTESIAN_POINT('',(126.52226710941,-6.633106406064,-418.5));
#150 = CARTESIAN_POINT('',(126.82344818115,-7.126927375793,-418.5));
#151 = CARTESIAN_POINT('',(72.3406136867,-1.977268842267,-416.8698133908
    ));
#152 = CARTESIAN_POINT('',(72.09508185689,-1.074950373615,
    -416.8698133908));
#153 = CARTESIAN_POINT('',(74.840988886885,-0.380443264116,
    -416.8698133908));
#154 = CARTESIAN_POINT('',(77.14343952514,-0.123855457373,
    -416.8698133908));
#155 = CARTESIAN_POINT('',(78.86935111896,1.09124202384,-416.8698133908)
  );
#156 = CARTESIAN_POINT('',(81.010155691523,1.789860486892,
    -416.8698133908));
#157 = CARTESIAN_POINT('',(83.116170124609,2.839603060218,
    -416.8698133908));
#158 = CARTESIAN_POINT('',(85.376912842565,2.842814857291,
    -416.8698133908));
#159 = CARTESIAN_POINT('',(87.458603702418,4.012936733494,
    -416.8698133908));
#160 = CARTESIAN_POINT('',(89.705371173506,4.429723046396,
    -416.8698133908));
#161 = CARTESIAN_POINT('',(91.87732731256,5.254388454473,-416.8698133908
    ));
#162 = CARTESIAN_POINT('',(94.154834910429,5.464823262916,
    -416.8698133908));
#163 = CARTESIAN_POINT('',(96.36848463307,5.810930229283,-416.8698133908
    ));
#164 = CARTESIAN_POINT('',(98.734256783496,5.651076875128,
    -416.8698133908));
#165 = CARTESIAN_POINT('',(100.84248136658,6.018752359423,
    -416.8698133908));
#166 = CARTESIAN_POINT('',(103.24248344477,5.746260201884,
    -416.8698133908));
#167 = CARTESIAN_POINT('',(105.43028428059,6.069443963321,
    -416.8698133908));
#168 = CARTESIAN_POINT('',(107.71970840222,6.183220528492,
    -416.8698133908));
#169 = CARTESIAN_POINT('',(109.97737750866,6.021676414756,
    -416.8698133908));
#170 = CARTESIAN_POINT('',(112.2524995483,5.963610553275,-416.8698133908
    ));
#171 = CARTESIAN_POINT('',(114.51133313456,6.00595005559,-416.8698133908
    ));
#172 = CARTESIAN_POINT('',(116.77151174662,5.846302735032,
    -416.8698133908));
#173 = CARTESIAN_POINT('',(119.08924890276,5.596378579308,
    -416.8698133908));
#174 = CARTESIAN_POINT('',(121.36112799391,4.924948609764,
    -416.8698133908));
#175 = CARTESIAN_POINT('',(123.69201999541,4.812769029114,
    -416.8698133908));
#176 = CARTESIAN_POINT('',(125.75506244956,3.440548384161,
    -416.8698133908));
#177 = CARTESIAN_POINT('',(128.34760412035,3.280441917292,
    -416.8698133908));
#178 = CARTESIAN_POINT('',(129.58735512092,-1.033381502296,
    -416.8698133908));
#179 = CARTESIAN_POINT('',(132.69377260335,1.730625796219,
    -416.8698133908));
#180 = CARTESIAN_POINT('',(134.05559699846,1.026077172608,
    -416.8698133908));
#181 = CARTESIAN_POINT('',(57.647759795032,7.165386849355,
    -412.5714988435));
#182 = CARTESIAN_POINT('',(58.608987253296,8.40072919383,-412.5714988435
    ));
#183 = CARTESIAN_POINT('',(59.766921704198,8.987614426092,
    -412.5714988435));
#184 = CARTESIAN_POINT('',(63.21787616712,11.32333881741,-412.5714988435
    ));
#185 = CARTESIAN_POINT('',(67.479361603206,11.805203336604,
    -412.5714988435));
#186 = CARTESIAN_POINT('',(71.406760182757,12.637440762019,
    -412.5714988435));
#187 = CARTESIAN_POINT('',(75.380918438132,12.843422115529,
    -412.5714988435));
#188 = CARTESIAN_POINT('',(79.247480472653,14.086775903079,
    -412.5714988435));
#189 = CARTESIAN_POINT('',(83.246305385069,14.202612019216,
    -412.5714988435));
#190 = CARTESIAN_POINT('',(87.216990930951,14.457462258031,
    -412.5714988435));
#191 = CARTESIAN_POINT('',(91.178311268744,14.63190756207,
    -412.5714988435));
#192 = CARTESIAN_POINT('',(95.111856150947,15.17930664542,
    -412.5714988435));
#193 = CARTESIAN_POINT('',(99.020464270618,15.666949301437,
    -412.5714988435));
#194 = CARTESIAN_POINT('',(103.04560379011,16.555223719879,
    -412.5714988435));
#195 = CARTESIAN_POINT('',(106.78734221623,16.706294058045,
    -412.5714988435));
#196 = CARTESIAN_POINT('',(110.90242483357,17.544661021809,
    -412.5714988435));
#197 = CARTESIAN_POINT('',(114.73194377282,17.645730034375,
    -412.5714988435));
#198 = CARTESIAN_POINT('',(118.77126479433,18.032558946113,
    -412.5714988435));
#199 = CARTESIAN_POINT('',(122.67783013965,18.410114872923,
    -412.5714988435));
#200 = CARTESIAN_POINT('',(126.66163875991,18.785338285347,
    -412.5714988435));
#201 = CARTESIAN_POINT('',(130.6125331377,18.96190260132,-412.5714988435
    ));
#202 = CARTESIAN_POINT('',(134.59440322148,19.34715170799,
    -412.5714988435));
#203 = CARTESIAN_POINT('',(138.50149280305,19.7516405662,-412.5714988435
    ));
#204 = CARTESIAN_POINT('',(142.48435223251,20.480616159989,
    -412.5714988435));
#205 = CARTESIAN_POINT('',(146.37745072899,20.443959343448,
    -412.5714988435));
#206 = CARTESIAN_POINT('',(150.61164626522,21.019553447911,
    -412.5714988435));
#207 = CARTESIAN_POINT('',(154.10800776044,20.76390987404,
    -412.5714988435));
#208 = CARTESIAN_POINT('',(159.26556986181,22.147002480488,
    -412.5714988435));
#209 = CARTESIAN_POINT('',(159.77525086076,19.530371447085,
    -412.5714988435));
#210 = CARTESIAN_POINT('',(159.50286401977,17.537162876889,
    -412.5714988435));
#211 = CARTESIAN_POINT('',(38.764753593748,8.484743657665,-406.142196236
    ));
#212 = CARTESIAN_POINT('',(38.89211645774,10.261987763119,-406.142196236
    ));
#213 = CARTESIAN_POINT('',(42.48488167282,12.54756304379,-406.142196236)
  );
#214 = CARTESIAN_POINT('',(46.744886825411,14.812037091723,
    -406.142196236));
#215 = CARTESIAN_POINT('',(50.610418282921,17.365515759813,
    -406.142196236));
#216 = CARTESIAN_POINT('',(55.171964876486,18.874575514341,
    -406.142196236));
#217 = CARTESIAN_POINT('',(59.688826169907,20.466921256709,
    -406.142196236));
#218 = CARTESIAN_POINT('',(64.46438239367,20.775306153858,-406.142196236
    ));
#219 = CARTESIAN_POINT('',(69.117085254638,21.606413417153,
    -406.142196236));
#220 = CARTESIAN_POINT('',(73.867417202764,22.134256571073,
    -406.142196236));
#221 = CARTESIAN_POINT('',(78.600719485052,22.487214700589,
    -406.142196236));
#222 = CARTESIAN_POINT('',(83.399376886312,22.693281532532,
    -406.142196236));
#223 = CARTESIAN_POINT('',(88.122703294768,22.943977842527,
    -406.142196236));
#224 = CARTESIAN_POINT('',(93.052710465912,23.098561201263,
    -406.142196236));
#225 = CARTESIAN_POINT('',(97.507375598719,23.711060296342,
    -406.142196236));
#226 = CARTESIAN_POINT('',(102.50962142863,23.80138171159,-406.142196236
    ));
#227 = CARTESIAN_POINT('',(107.10782906397,24.39554087902,-406.142196236
    ));
#228 = CARTESIAN_POINT('',(111.93269017025,24.773667945144,
    -406.142196236));
#229 = CARTESIAN_POINT('',(116.63696938858,25.102421548031,
    -406.142196236));
#230 = CARTESIAN_POINT('',(121.39233868742,25.624022266637,
    -406.142196236));
#231 = CARTESIAN_POINT('',(126.10432982543,26.203880156734,
    -406.142196236));
#232 = CARTESIAN_POINT('',(130.8287849174,26.882883995843,-406.142196236
    ));
#233 = CARTESIAN_POINT('',(135.53158317715,27.560778406509,
    -406.142196236));
#234 = CARTESIAN_POINT('',(140.26152266396,28.272113438837,
    -406.142196236));
#235 = CARTESIAN_POINT('',(144.86230681879,29.388266292747,
    -406.142196236));
#236 = CARTESIAN_POINT('',(149.58437196346,30.361936817215,
    -406.142196236));
#237 = CARTESIAN_POINT('',(154.1355914408,31.256694189583,-406.142196236
    ));
#238 = CARTESIAN_POINT('',(158.95175878712,32.792058103029,
    -406.142196236));
#239 = CARTESIAN_POINT('',(161.92331953072,33.210423626073,
    -406.142196236));
#240 = CARTESIAN_POINT('',(161.54047899388,30.139691903885,
    -406.142196236));
#241 = CARTESIAN_POINT('',(41.216788070254,11.287073468388,
    -399.7153461474));
#242 = CARTESIAN_POINT('',(41.549051611338,12.938107916189,
    -399.7153461474));
#243 = CARTESIAN_POINT('',(39.623729208637,16.559156346483,
    -399.7153461474));
#244 = CARTESIAN_POINT('',(41.60946304689,22.638704131091,
    -399.7153461474));
#245 = CARTESIAN_POINT('',(46.46170315647,24.598416736329,
    -399.7153461474));
#246 = CARTESIAN_POINT('',(51.152804994705,26.363707565923,
    -399.7153461474));
#247 = CARTESIAN_POINT('',(56.215823187014,26.479014481475,
    -399.7153461474));
#248 = CARTESIAN_POINT('',(61.041791246583,28.109130429482,
    -399.7153461474));
#249 = CARTESIAN_POINT('',(66.073619512873,28.324951093924,
    -399.7153461474));
#250 = CARTESIAN_POINT('',(71.076530977463,28.452329917459,
    -399.7153461474));
#251 = CARTESIAN_POINT('',(76.077157752153,28.293593602239,
    -399.7153461474));
#252 = CARTESIAN_POINT('',(81.058777933897,27.873274390126,
    -399.7153461474));
#253 = CARTESIAN_POINT('',(86.013885294768,27.511455314423,
    -399.7153461474));
#254 = CARTESIAN_POINT('',(91.143106274887,27.542818406651,
    -399.7153461474));
#255 = CARTESIAN_POINT('',(95.883563486041,27.268688783968,
    -399.7153461474));
#256 = CARTESIAN_POINT('',(101.07830482263,28.005091131176,
    -399.7153461474));
#257 = CARTESIAN_POINT('',(105.89423457133,28.121892756338,
    -399.7153461474));
#258 = CARTESIAN_POINT('',(110.98408732778,28.403659277857,
    -399.7153461474));
#259 = CARTESIAN_POINT('',(115.89784134974,28.872711073327,
    -399.7153461474));
#260 = CARTESIAN_POINT('',(120.89029269283,29.415665887557,
    -399.7153461474));
#261 = CARTESIAN_POINT('',(125.80161891541,30.206484162897,
    -399.7153461474));
#262 = CARTESIAN_POINT('',(130.72736982598,31.063603187908,
    -399.7153461474));
#263 = CARTESIAN_POINT('',(135.61160372881,32.042026206669,
    -399.7153461474));
#264 = CARTESIAN_POINT('',(140.4995944337,33.106436202749,
    -399.7153461474));
#265 = CARTESIAN_POINT('',(145.35119083376,34.168633289363,
    -399.7153461474));
#266 = CARTESIAN_POINT('',(150.25207436478,35.353056970416,
    -399.7153461474));
#267 = CARTESIAN_POINT('',(154.94291064783,36.73030795419,
    -399.7153461474));
#268 = CARTESIAN_POINT('',(159.96903143752,38.182345066709,
    -399.7153461474));
#269 = CARTESIAN_POINT('',(162.88484629935,39.495181262371,
    -399.7153461474));
#270 = CARTESIAN_POINT('',(163.51980785752,36.738999029789,
    -399.7153461474));
#271 = CARTESIAN_POINT('',(42.720299116634,27.019042017191,
    -393.2829904535));
#272 = CARTESIAN_POINT('',(42.470444444115,28.754286844358,
    -393.2829904535));
#273 = CARTESIAN_POINT('',(45.253978755515,31.481003243914,
    -393.2829904535));
#274 = CARTESIAN_POINT('',(51.175473693144,31.444593794551,
    -393.2829904535));
#275 = CARTESIAN_POINT('',(55.615103099785,31.855405721752,
    -393.2829904535));
#276 = CARTESIAN_POINT('',(60.496918898948,31.764748938969,
    -393.2829904535));
#277 = CARTESIAN_POINT('',(65.000489575771,32.712750291383,
    -393.2829904535));
#278 = CARTESIAN_POINT('',(69.828133769675,32.128665985142,
    -393.2829904535));
#279 = CARTESIAN_POINT('',(74.397082740349,31.393510182041,
    -393.2829904535));
#280 = CARTESIAN_POINT('',(79.077934799114,30.724952484861,
    -393.2829904535));
#281 = CARTESIAN_POINT('',(83.672959673829,30.074420133376,
    -393.2829904535));
#282 = CARTESIAN_POINT('',(88.379997847822,29.769730296456,
    -393.2829904535));
#283 = CARTESIAN_POINT('',(92.986960602386,29.770980516295,
    -393.2829904535));
#284 = CARTESIAN_POINT('',(97.864957447767,29.427456873235,
    -393.2829904535));
#285 = CARTESIAN_POINT('',(102.18771431486,30.051769926795,
    -393.2829904535));
#286 = CARTESIAN_POINT('',(107.18337014775,28.993472146038,
    -393.2829904535));
#287 = CARTESIAN_POINT('',(111.7577054154,29.177186802581,
    -393.2829904535));
#288 = CARTESIAN_POINT('',(116.43691749116,30.044250511008,
    -393.2829904535));
#289 = CARTESIAN_POINT('',(121.03460811111,30.61951456667,
    -393.2829904535));
#290 = CARTESIAN_POINT('',(125.6555894262,31.483751774298,
    -393.2829904535));
#291 = CARTESIAN_POINT('',(130.25867322951,32.207217764652,
    -393.2829904535));
#292 = CARTESIAN_POINT('',(134.85648792409,33.111733388156,
    -393.2829904535));
#293 = CARTESIAN_POINT('',(139.4322691439,34.004377446749,
    -393.2829904535));
#294 = CARTESIAN_POINT('',(144.02655674169,34.95221378549,
    -393.2829904535));
#295 = CARTESIAN_POINT('',(148.51292617015,36.175887433722,
    -393.2829904535));
#296 = CARTESIAN_POINT('',(152.99755065276,37.687586029694,
    -393.2829904535));
#297 = CARTESIAN_POINT('',(157.35315974756,39.033263432256,
    -393.2829904535));
#298 = CARTESIAN_POINT('',(161.83383959214,41.15929231828,
    -393.2829904535));
#299 = CARTESIAN_POINT('',(164.61395593126,42.052034738695,
    -393.2829904535));
#300 = CARTESIAN_POINT('',(164.83345716611,39.235131891135,
    -393.2829904535));
#301 = CARTESIAN_POINT('',(42.791357582737,28.223888196589,
    -386.8703230303));
#302 = CARTESIAN_POINT('',(42.850056212417,30.116426521979,
    -386.8703230303));
#303 = CARTESIAN_POINT('',(44.694337740502,32.253191968413,
    -386.8703230303));
#304 = CARTESIAN_POINT('',(48.941418168463,33.696771352639,
    -386.8703230303));
#305 = CARTESIAN_POINT('',(53.707570850471,33.948572284364,
    -386.8703230303));
#306 = CARTESIAN_POINT('',(58.484332257976,34.229903683214,
    -386.8703230303));
#307 = CARTESIAN_POINT('',(63.350113433273,33.414688700008,
    -386.8703230303));
#308 = CARTESIAN_POINT('',(68.072720645754,33.036095698324,
    -386.8703230303));
#309 = CARTESIAN_POINT('',(72.812686200962,32.188361031745,
    -386.8703230303));
#310 = CARTESIAN_POINT('',(77.561862612476,31.666983664962,
    -386.8703230303));
#311 = CARTESIAN_POINT('',(82.386029573342,31.126696477365,
    -386.8703230303));
#312 = CARTESIAN_POINT('',(87.119893212521,30.787501717297,
    -386.8703230303));
#313 = CARTESIAN_POINT('',(91.96317913235,29.498399971263,
    -386.8703230303));
#314 = CARTESIAN_POINT('',(96.672802786419,29.78159882207,
    -386.8703230303));
#315 = CARTESIAN_POINT('',(101.56380013579,26.411089934098,
    -386.8703230303));
#316 = CARTESIAN_POINT('',(106.23538072517,29.728611317149,
    -386.8703230303));
#317 = CARTESIAN_POINT('',(110.5465036142,31.661921728289,
    -386.8703230303));
#318 = CARTESIAN_POINT('',(115.58677240705,31.359767941284,
    -386.8703230303));
#319 = CARTESIAN_POINT('',(120.22460293385,32.313031393932,
    -386.8703230303));
#320 = CARTESIAN_POINT('',(125.05740218309,32.781124542369,
    -386.8703230303));
#321 = CARTESIAN_POINT('',(129.77213982129,33.590240041399,
    -386.8703230303));
#322 = CARTESIAN_POINT('',(134.57789976869,34.082963972207,
    -386.8703230303));
#323 = CARTESIAN_POINT('',(139.26672970757,35.107805010562,
    -386.8703230303));
#324 = CARTESIAN_POINT('',(143.96798096571,36.160810076012,
    -386.8703230303));
#325 = CARTESIAN_POINT('',(148.70414493329,36.905834156851,
    -386.8703230303));
#326 = CARTESIAN_POINT('',(153.4312501209,38.056360393967,
    -386.8703230303));
#327 = CARTESIAN_POINT('',(157.85864628502,39.631623766134,
    -386.8703230303));
#328 = CARTESIAN_POINT('',(162.55286726508,41.511621897729,
    -386.8703230303));
#329 = CARTESIAN_POINT('',(165.20836051112,42.924355007196,
    -386.8703230303));
#330 = CARTESIAN_POINT('',(166.13527378458,40.363792643933,
    -386.8703230303));
#331 = CARTESIAN_POINT('',(42.784357113142,33.881095061595,
    -380.2956481021));
#332 = CARTESIAN_POINT('',(42.355810456337,35.832325612812,
    -380.2956481021));
#333 = CARTESIAN_POINT('',(45.621624932992,38.23494678567,
    -380.2956481021));
#334 = CARTESIAN_POINT('',(51.672269568326,37.043098376118,
    -380.2956481021));
#335 = CARTESIAN_POINT('',(56.344603479968,36.526022310919,
    -380.2956481021));
#336 = CARTESIAN_POINT('',(61.387991748751,35.265703150138,
    -380.2956481021));
#337 = CARTESIAN_POINT('',(65.993473566111,34.66589292502,
    -380.2956481021));
#338 = CARTESIAN_POINT('',(70.827095861563,32.827451150222,
    -380.2956481021));
#339 = CARTESIAN_POINT('',(75.494934546194,31.857125630185,
    -380.2956481021));
#340 = CARTESIAN_POINT('',(80.320447983043,30.091024033287,
    -380.2956481021));
#341 = CARTESIAN_POINT('',(84.763393239573,28.714848163049,
    -380.2956481021));
#342 = CARTESIAN_POINT('',(89.726980071257,26.03521037663,
    -380.2956481021));
#343 = CARTESIAN_POINT('',(93.805602151002,26.554775713623,
    -380.2956481021));
#344 = CARTESIAN_POINT('',(99.693309274499,21.081943824273,
    -380.2956481021));
#345 = CARTESIAN_POINT('',(102.19749956824,31.385258205585,
    -380.2956481021));
#346 = CARTESIAN_POINT('',(105.94235522067,33.585836424394,
    -380.2956481021));
#347 = CARTESIAN_POINT('',(111.41838931327,32.414159675105,
    -380.2956481021));
#348 = CARTESIAN_POINT('',(115.96898043878,33.747771730808,
    -380.2956481021));
#349 = CARTESIAN_POINT('',(121.00380675421,33.628556472181,
    -380.2956481021));
#350 = CARTESIAN_POINT('',(125.77505964607,34.385225760715,
    -380.2956481021));
#351 = CARTESIAN_POINT('',(130.67279609943,34.797971680431,
    -380.2956481021));
#352 = CARTESIAN_POINT('',(135.48928223415,35.455673289475,
    -380.2956481021));
#353 = CARTESIAN_POINT('',(140.38725546568,35.773051645061,
    -380.2956481021));
#354 = CARTESIAN_POINT('',(145.2558354228,36.393181677667,
    -380.2956481021));
#355 = CARTESIAN_POINT('',(149.90831261669,37.851476181161,
    -380.2956481021));
#356 = CARTESIAN_POINT('',(154.62456329332,39.276848326194,
    -380.2956481021));
#357 = CARTESIAN_POINT('',(159.15330001275,40.817305845784,
    -380.2956481021));
#358 = CARTESIAN_POINT('',(163.82064801271,42.909204420269,
    -380.2956481021));
#359 = CARTESIAN_POINT('',(166.60087055039,44.426403322553,
    -380.2956481021));
#360 = CARTESIAN_POINT('',(167.07992894461,41.501539944175,
    -380.2956481021));
#361 = CARTESIAN_POINT('',(42.349996006136,31.776518459104,
    -378.4815529818));
#362 = CARTESIAN_POINT('',(42.569963798473,33.915016505839,
    -378.4815529818));
#363 = CARTESIAN_POINT('',(45.076183727945,35.514693443306,
    -378.4815529818));
#364 = CARTESIAN_POINT('',(49.567196720039,35.971448206055,
    -378.4815529818));
#365 = CARTESIAN_POINT('',(54.599840558533,35.359987845273,
    -378.4815529818));
#366 = CARTESIAN_POINT('',(59.48296950634,34.284376192143,
    -378.4815529818));
#367 = CARTESIAN_POINT('',(64.398475724635,32.218436003954,
    -378.4815529818));
#368 = CARTESIAN_POINT('',(69.263097634215,31.14936880473,
    -378.4815529818));
#369 = CARTESIAN_POINT('',(74.085288067729,29.33394532504,
    -378.4815529818));
#370 = CARTESIAN_POINT('',(78.921808309756,27.880696728768,
    -378.4815529818));
#371 = CARTESIAN_POINT('',(83.755213704378,26.286737010748,
    -378.4815529818));
#372 = CARTESIAN_POINT('',(88.905593025388,26.083960228191,
    -378.4815529818));
#373 = CARTESIAN_POINT('',(93.5361342395,23.372697532317,-378.4815529818
    ));
#374 = CARTESIAN_POINT('',(99.935746392524,25.726483460573,
    -378.4815529818));
#375 = CARTESIAN_POINT('',(97.379944817195,29.623904742788,
    -378.4815529818));
#376 = CARTESIAN_POINT('',(104.14474161574,30.810170033504,
    -378.4815529818));
#377 = CARTESIAN_POINT('',(107.86101718156,34.35204483438,
    -378.4815529818));
#378 = CARTESIAN_POINT('',(113.67497164798,33.311336814026,
    -378.4815529818));
#379 = CARTESIAN_POINT('',(118.4221530683,34.274115354536,
    -378.4815529818));
#380 = CARTESIAN_POINT('',(123.73582482524,34.212828478292,
    -378.4815529818));
#381 = CARTESIAN_POINT('',(128.71890761922,34.997653373426,
    -378.4815529818));
#382 = CARTESIAN_POINT('',(133.896590388,35.283827280414,-378.4815529818
    ));
#383 = CARTESIAN_POINT('',(138.91512723909,36.096043768401,
    -378.4815529818));
#384 = CARTESIAN_POINT('',(143.95533937702,37.101436520819,
    -378.4815529818));
#385 = CARTESIAN_POINT('',(149.03856579434,37.73224212889,
    -378.4815529818));
#386 = CARTESIAN_POINT('',(154.08248062284,38.930347136997,
    -378.4815529818));
#387 = CARTESIAN_POINT('',(158.81696001258,40.613545070686,
    -378.4815529818));
#388 = CARTESIAN_POINT('',(163.78161867079,42.615125099081,
    -378.4815529818));
#389 = CARTESIAN_POINT('',(166.61989862913,44.280327232417,
    -378.4815529818));
#390 = CARTESIAN_POINT('',(167.64611613362,41.614640212316,
    -378.4815529818));
#391 = CARTESIAN_POINT('',(42.462436676025,33.114402770996,
    -378.200012207));
#392 = CARTESIAN_POINT('',(42.340238437033,35.210105030956,
    -378.200012207));
#393 = CARTESIAN_POINT('',(45.324316386175,37.165156570043,
    -378.200012207));
#394 = CARTESIAN_POINT('',(50.634373131556,36.690170938597,
    -378.200012207));
#395 = CARTESIAN_POINT('',(55.541140932726,35.91022107515,-378.200012207
    ));
#396 = CARTESIAN_POINT('',(60.52895401693,34.550688287652,-378.200012207
    ));
#397 = CARTESIAN_POINT('',(65.326784797088,33.051708778531,
    -378.200012207));
#398 = CARTESIAN_POINT('',(70.239877146133,31.526650645951,
    -378.200012207));
#399 = CARTESIAN_POINT('',(75.015767763563,29.990840409286,
    -378.200012207));
#400 = CARTESIAN_POINT('',(79.927853559339,28.322224813501,
    -378.200012207));
#401 = CARTESIAN_POINT('',(84.611591091561,26.830016272064,
    -378.200012207));
#402 = CARTESIAN_POINT('',(89.83652345686,25.434259271283,-378.200012207
    ));
#403 = CARTESIAN_POINT('',(94.120190258686,24.268834604832,
    -378.200012207));
#404 = CARTESIAN_POINT('',(100.74760665163,23.000294062575,
    -378.200012207));
#405 = CARTESIAN_POINT('',(99.024245114616,30.011582952127,
    -378.200012207));
#406 = CARTESIAN_POINT('',(104.17683953026,32.447212530309,
    -378.200012207));
#407 = CARTESIAN_POINT('',(108.89191295889,33.571947459753,
    -378.200012207));
#408 = CARTESIAN_POINT('',(114.13042409175,33.823572679267,
    -378.200012207));
#409 = CARTESIAN_POINT('',(119.121314994,34.169275083882,-378.200012207)
  );
#410 = CARTESIAN_POINT('',(124.24384339179,34.48603243091,-378.200012207
    ));
#411 = CARTESIAN_POINT('',(129.27761467717,35.025283557871,
    -378.200012207));
#412 = CARTESIAN_POINT('',(134.35699127952,35.504179262849,
    -378.200012207));
#413 = CARTESIAN_POINT('',(139.40322283899,36.034070918445,
    -378.200012207));
#414 = CARTESIAN_POINT('',(144.44346103831,36.844243736842,
    -378.200012207));
#415 = CARTESIAN_POINT('',(149.39932673332,37.872085438597,
    -378.200012207));
#416 = CARTESIAN_POINT('',(154.36459926478,39.20511983829,-378.200012207
    ));
#417 = CARTESIAN_POINT('',(159.08161333334,40.798267226638,
    -378.200012207));
#418 = CARTESIAN_POINT('',(163.97194651233,42.946232895943,
    -378.200012207));
#419 = CARTESIAN_POINT('',(166.81616370309,44.501414787657,
    -378.200012207));
#420 = CARTESIAN_POINT('',(167.55152893066,41.645961761475,
    -378.200012207));
#421 = SHELL_BASED_SURFACE_MODEL('',(#422));
#422 = OPEN_SHELL('',(#423));
#423 = ADVANCED_FACE('',(#424),#532,.T.);
#424 = FACE_BOUND('',#425,.T.);
#425 = EDGE_LOOP('',(#426,#466,#481,#519));
#426 = ORIENTED_EDGE('',*,*,#427,.F.);
#427 = EDGE_CURVE('',#428,#430,#432,.T.);
#428 = VERTEX_POINT('',#429);
#429 = CARTESIAN_POINT('',(94.678123474121,-4.945923805237,-418.5));
#430 = VERTEX_POINT('',#431);
#431 = CARTESIAN_POINT('',(126.82344818115,-7.126927375793,-418.5));
#432 = B_SPLINE_CURVE_WITH_KNOTS('',3,(#433,#434,#435,#436,#437,#438,
    #439,#440,#441,#442,#443,#444,#445,#446,#447,#448,#449,#450,#451,
    #452,#453,#454,#455,#456,#457,#458,#459,#460,#461,#462,#463,#464,
    #465),.UNSPECIFIED.,.F.,.F.,(4,1,1,1,1,1,1,1,1,1,1,1,1,1,1,1,1,1,1,1
    ,1,1,1,1,1,1,1,1,1,1,4),(0.,3.333333333333E-02,6.666666666667E-02,
    1.E-01,0.133333333333,0.166666666667,0.2,0.233333333333,
    0.266666666667,0.3,0.333333333333,0.366666666667,0.4,0.433333333333,
    0.466666666667,0.5,0.533333333333,0.566666666667,0.6,0.633333333333,
    0.666666666667,0.7,0.733333333333,0.766666666667,0.8,0.833333333333,
    0.866666666667,0.9,0.933333333333,0.966666666667,1.),.UNSPECIFIED.);
#433 = CARTESIAN_POINT('',(94.678123474121,-4.945923805237,-418.5));
#434 = CARTESIAN_POINT('',(94.831327181206,-5.347982390874,-418.5));
#435 = CARTESIAN_POINT('',(95.464174194278,-5.703044089441,-418.5));
#436 = CARTESIAN_POINT('',(96.5933216002,-6.214802595771,-418.4999999999
    ));
#437 = CARTESIAN_POINT('',(97.627820766238,-6.625780117845,-418.5));
#438 = CARTESIAN_POINT('',(98.774827870516,-7.035010092807,-418.5));
#439 = CARTESIAN_POINT('',(99.833727442414,-7.369461383168,-418.5));
#440 = CARTESIAN_POINT('',(101.02074650475,-7.747167044108,-418.5));
#441 = CARTESIAN_POINT('',(102.07304095721,-8.051120033646,-418.5));
#442 = CARTESIAN_POINT('',(103.2448007641,-8.361300161747,-418.5));
#443 = CARTESIAN_POINT('',(104.35729069423,-8.679258375835,-418.5));
#444 = CARTESIAN_POINT('',(105.48463636018,-9.007537352392,-418.5));
#445 = CARTESIAN_POINT('',(106.61718341205,-9.282018731386,-418.5));
#446 = CARTESIAN_POINT('',(107.74831544273,-9.596137622821,-418.5));
#447 = CARTESIAN_POINT('',(108.89004739677,-9.864625602775,-418.5));
#448 = CARTESIAN_POINT('',(110.0082641437,-10.16773317181,-418.5));
#449 = CARTESIAN_POINT('',(111.17527265173,-10.44100086906,-418.5));
#450 = CARTESIAN_POINT('',(112.23872816453,-10.70242381786,-418.5));
#451 = CARTESIAN_POINT('',(113.67886186791,-11.04440444747,-418.5));
#452 = CARTESIAN_POINT('',(113.99235775939,-11.13347670561,-418.5));
#453 = CARTESIAN_POINT('',(115.95806598479,-11.55334214035,-418.5));
#454 = CARTESIAN_POINT('',(116.74761057856,-11.63541716774,-418.5));
#455 = CARTESIAN_POINT('',(118.10457761473,-11.74174831257,-418.5));
#456 = CARTESIAN_POINT('',(119.18171713115,-11.66165752142,
    -418.4999999999));
#457 = CARTESIAN_POINT('',(120.39623511389,-11.54934735133,-418.5));
#458 = CARTESIAN_POINT('',(121.50488921477,-11.25481358996,-418.5));
#459 = CARTESIAN_POINT('',(122.62220732519,-10.87830027376,-418.5));
#460 = CARTESIAN_POINT('',(123.71325438994,-10.36338270811,-418.5));
#461 = CARTESIAN_POINT('',(124.65413333933,-9.820379775961,-418.5));
#462 = CARTESIAN_POINT('',(125.65497711301,-9.040194373864,-418.5));
#463 = CARTESIAN_POINT('',(126.39806613766,-8.235612990879,-418.5));
#464 = CARTESIAN_POINT('',(126.86491897213,-7.516059159652,-418.5));
#465 = CARTESIAN_POINT('',(126.82344818115,-7.126927375793,-418.5));
#466 = ORIENTED_EDGE('',*,*,#467,.T.);
#467 = EDGE_CURVE('',#428,#468,#470,.T.);
#468 = VERTEX_POINT('',#469);
#469 = CARTESIAN_POINT('',(42.462436676025,33.114402770996,
    -378.200012207));
#470 = B_SPLINE_CURVE_WITH_KNOTS('',3,(#471,#472,#473,#474,#475,#476,
    #477,#478,#479,#480),.UNSPECIFIED.,.F.,.F.,(4,1,1,1,1,1,1,4),(0.,
    0.142857142857,0.285714285714,0.428571428571,0.571428571429,
    0.714285714286,0.857142857143,1.),.QUASI_UNIFORM_KNOTS.);
#471 = CARTESIAN_POINT('',(94.678123474121,-4.945923805237,-418.5));
#472 = CARTESIAN_POINT('',(72.3406136867,-1.977268842267,-416.8698133908
    ));
#473 = CARTESIAN_POINT('',(57.647759795032,7.165386849355,
    -412.5714988435));
#474 = CARTESIAN_POINT('',(38.764753593748,8.484743657665,-406.142196236
    ));
#475 = CARTESIAN_POINT('',(41.216788070254,11.287073468388,
    -399.7153461474));
#476 = CARTESIAN_POINT('',(42.720299116634,27.019042017191,
    -393.2829904535));
#477 = CARTESIAN_POINT('',(42.791357582737,28.223888196589,
    -386.8703230303));
#478 = CARTESIAN_POINT('',(42.784357113142,33.881095061595,
    -380.2956481021));
#479 = CARTESIAN_POINT('',(42.349996006136,31.776518459104,
    -378.4815529818));
#480 = CARTESIAN_POINT('',(42.462436676025,33.114402770996,
    -378.200012207));
#481 = ORIENTED_EDGE('',*,*,#482,.T.);
#482 = EDGE_CURVE('',#468,#483,#485,.T.);
#483 = VERTEX_POINT('',#484);
#484 = CARTESIAN_POINT('',(167.55152893066,41.645961761475,
    -378.200012207));
#485 = B_SPLINE_CURVE_WITH_KNOTS('',3,(#486,#487,#488,#489,#490,#491,
    #492,#493,#494,#495,#496,#497,#498,#499,#500,#501,#502,#503,#504,
    #505,#506,#507,#508,#509,#510,#511,#512,#513,#514,#515,#516,#517,
    #518),.UNSPECIFIED.,.F.,.F.,(4,1,1,1,1,1,1,1,1,1,1,1,1,1,1,1,1,1,1,1
    ,1,1,1,1,1,1,1,1,1,1,4),(0.,3.333333333333E-02,6.666666666667E-02,
    1.E-01,0.133333333333,0.166666666667,0.2,0.233333333333,
    0.266666666667,0.3,0.333333333333,0.366666666667,0.4,0.433333333333,
    0.466666666667,0.5,0.533333333333,0.566666666667,0.6,0.633333333333,
    0.666666666667,0.7,0.733333333333,0.766666666667,0.8,0.833333333333,
    0.866666666667,0.9,0.933333333333,0.966666666667,1.),.UNSPECIFIED.);
#486 = CARTESIAN_POINT('',(42.462436676025,33.114402770996,
    -378.200012207));
#487 = CARTESIAN_POINT('',(42.496999360359,31.407010803633,
    -378.200012207));
#488 = CARTESIAN_POINT('',(43.993925466627,28.8893226668,-378.200012207)
  );
#489 = CARTESIAN_POINT('',(47.689985907089,25.573318058996,
    -378.200012207));
#490 = CARTESIAN_POINT('',(51.442087606462,23.173618519781,
    -378.200012207));
#491 = CARTESIAN_POINT('',(55.731659869326,20.904138452503,
    -378.200012207));
#492 = CARTESIAN_POINT('',(59.864186201288,19.272814436552,
    -378.200012207));
#493 = CARTESIAN_POINT('',(64.553101854478,17.657223256736,
    -378.200012207));
#494 = CARTESIAN_POINT('',(68.799498667262,16.608728868253,
    -378.200012207));
#495 = CARTESIAN_POINT('',(73.553499076026,15.773545984054,
    -378.200012207));
#496 = CARTESIAN_POINT('',(78.133463800329,15.2049951655,-378.200012207)
  );
#497 = CARTESIAN_POINT('',(82.788572643707,14.809314934516,
    -378.200012207));
#498 = CARTESIAN_POINT('',(87.439812579084,14.677597907075,
    -378.200012207));
#499 = CARTESIAN_POINT('',(92.098683986752,14.775442341668,
    -378.200012207));
#500 = CARTESIAN_POINT('',(96.792398326959,15.066277768572,
    -378.200012207));
#501 = CARTESIAN_POINT('',(101.32311339122,15.574298629276,
    -378.200012207));
#502 = CARTESIAN_POINT('',(106.15258853807,16.274721960193,
    -378.200012207));
#503 = CARTESIAN_POINT('',(110.20584724902,17.161954661578,
    -378.200012207));
#504 = CARTESIAN_POINT('',(116.61491683202,18.205720471582,
    -378.200012207));
#505 = CARTESIAN_POINT('',(112.82283255044,22.513827558239,
    -378.200012207));
#506 = CARTESIAN_POINT('',(121.87393304963,22.952084666785,
    -378.200012207));
#507 = CARTESIAN_POINT('',(124.45436146636,23.90607372967,-378.200012207
    ));
#508 = CARTESIAN_POINT('',(129.98121135237,25.032387828534,
    -378.200012207));
#509 = CARTESIAN_POINT('',(133.9566922493,26.324375869058,-378.200012207
    ));
#510 = CARTESIAN_POINT('',(138.67947991682,27.693356876792,
    -378.200012207));
#511 = CARTESIAN_POINT('',(142.94233983204,29.200146394758,
    -378.200012207));
#512 = CARTESIAN_POINT('',(147.36455355133,30.826082783952,
    -378.200012207));
#513 = CARTESIAN_POINT('',(151.78525746755,32.687176208648,
    -378.200012207));
#514 = CARTESIAN_POINT('',(155.71005445208,34.460009154192,
    -378.200012207));
#515 = CARTESIAN_POINT('',(160.31250951934,36.624105010522,
    -378.200012207));
#516 = CARTESIAN_POINT('',(164.05116943868,38.655608922457,
    -378.200012207));
#517 = CARTESIAN_POINT('',(167.37284253676,40.061815465943,
    -378.200012207));
#518 = CARTESIAN_POINT('',(167.55152893066,41.645961761475,
    -378.200012207));
#519 = ORIENTED_EDGE('',*,*,#520,.F.);
#520 = EDGE_CURVE('',#430,#483,#521,.T.);
#521 = B_SPLINE_CURVE_WITH_KNOTS('',3,(#522,#523,#524,#525,#526,#527,
    #528,#529,#530,#531),.UNSPECIFIED.,.F.,.F.,(4,1,1,1,1,1,1,4),(0.,
    0.142857142857,0.285714285714,0.428571428571,0.571428571429,
    0.714285714286,0.857142857143,1.),.QUASI_UNIFORM_KNOTS.);
#522 = CARTESIAN_POINT('',(126.82344818115,-7.126927375793,-418.5));
#523 = CARTESIAN_POINT('',(134.05559699846,1.026077172608,
    -416.8698133908));
#524 = CARTESIAN_POINT('',(159.50286401977,17.537162876889,
    -412.5714988435));
#525 = CARTESIAN_POINT('',(161.54047899388,30.139691903885,
    -406.142196236));
#526 = CARTESIAN_POINT('',(163.51980785752,36.738999029789,
    -399.7153461474));
#527 = CARTESIAN_POINT('',(164.83345716611,39.235131891135,
    -393.2829904535));
#528 = CARTESIAN_POINT('',(166.13527378458,40.363792643933,
    -386.8703230303));
#529 = CARTESIAN_POINT('',(167.07992894461,41.501539944175,
    -380.2956481021));
#530 = CARTESIAN_POINT('',(167.64611613362,41.614640212316,
    -378.4815529818));
#531 = CARTESIAN_POINT('',(167.55152893066,41.645961761475,
    -378.200012207));
#532 = B_SPLINE_SURFACE_WITH_KNOTS('',3,3,(
    (#533,#534,#535,#536,#537,#538,#539,#540,#541,#542,#543,#544,#545
      ,#546,#547,#548,#549,#550,#551,#552,#553,#554,#555,#556,#557,#558
      ,#559,#560,#561,#562,#563,#564,#565)
    ,(#566,#567,#568,#569,#570,#571,#572,#573,#574,#575,#576,#577,#578
      ,#579,#580,#581,#582,#583,#584,#585,#586,#587,#588,#589,#590,#591
      ,#592,#593,#594,#595,#596,#597,#598)
    ,(#599,#600,#601,#602,#603,#604,#605,#606,#607,#608,#609,#610,#611
      ,#612,#613,#614,#615,#616,#617,#618,#619,#620,#621,#622,#623,#624
      ,#625,#626,#627,#628,#629,#630,#631)
    ,(#632,#633,#634,#635,#636,#637,#638,#639,#640,#641,#642,#643,#644
      ,#645,#646,#647,#648,#649,#650,#651,#652,#653,#654,#655,#656,#657
      ,#658,#659,#660,#661,#662,#663,#664)
    ,(#665,#666,#667,#668,#669,#670,#671,#672,#673,#674,#675,#676,#677
      ,#678,#679,#680,#681,#682,#683,#684,#685,#686,#687,#688,#689,#690
      ,#691,#692,#693,#694,#695,#696,#697)
    ,(#698,#699,#700,#701,#702,#703,#704,#705,#706,#707,#708,#709,#710
      ,#711,#712,#713,#714,#715,#716,#717,#718,#719,#720,#721,#722,#723
      ,#724,#725,#726,#727,#728,#729,#730)
    ,(#731,#732,#733,#734,#735,#736,#737,#738,#739,#740,#741,#742,#743
      ,#744,#745,#746,#747,#748,#749,#750,#751,#752,#753,#754,#755,#756
      ,#757,#758,#759,#760,#761,#762,#763)
    ,(#764,#765,#766,#767,#768,#769,#770,#771,#772,#773,#774,#775,#776
      ,#777,#778,#779,#780,#781,#782,#783,#784,#785,#786,#787,#788,#789
      ,#790,#791,#792,#793,#794,#795,#796)
    ,(#797,#798,#799,#800,#801,#802,#803,#804,#805,#806,#807,#808,#809
      ,#810,#811,#812,#813,#814,#815,#816,#817,#818,#819,#820,#821,#822
      ,#823,#824,#825,#826,#827,#828,#829)
    ,(#830,#831,#832,#833,#834,#835,#836,#837,#838,#839,#840,#841,#842
      ,#843,#844,#845,#846,#847,#848,#849,#850,#851,#852,#853,#854,#855
      ,#856,#857,#858,#859,#860,#861,#862
    )),.UNSPECIFIED.,.F.,.F.,.F.,(4,1,1,1,1,1,1,4),(4,1,1,1,1,1,1,1,1,1,
    1,1,1,1,1,1,1,1,1,1,1,1,1,1,1,1,1,1,1,1,4),(0.,0.142857142857,
    0.285714285714,0.428571428571,0.571428571429,0.714285714286,
    0.857142857143,1.),(0.,3.333333333333E-02,6.666666666667E-02,1.E-01,
    0.133333333333,0.166666666667,0.2,0.233333333333,0.266666666667,0.3,
    0.333333333333,0.366666666667,0.4,0.433333333333,0.466666666667,0.5,
    0.533333333333,0.566666666667,0.6,0.633333333333,0.666666666667,0.7,
    0.733333333333,0.766666666667,0.8,0.833333333333,0.866666666667,0.9,
    0.933333333333,0.966666666667,1.),.UNSPECIFIED.);
#533 = CARTESIAN_POINT('',(94.678123474121,-4.945923805237,-418.5));
#534 = CARTESIAN_POINT('',(94.831327181206,-5.347982390874,-418.5));
#535 = CARTESIAN_POINT('',(95.464174194278,-5.703044089441,-418.5));
#536 = CARTESIAN_POINT('',(96.5933216002,-6.214802595771,-418.4999999999
    ));
#537 = CARTESIAN_POINT('',(97.627820766238,-6.625780117845,-418.5));
#538 = CARTESIAN_POINT('',(98.774827870516,-7.035010092807,-418.5));
#539 = CARTESIAN_POINT('',(99.833727442414,-7.369461383168,-418.5));
#540 = CARTESIAN_POINT('',(101.02074650475,-7.747167044108,-418.5));
#541 = CARTESIAN_POINT('',(102.07304095721,-8.051120033646,-418.5));
#542 = CARTESIAN_POINT('',(103.2448007641,-8.361300161747,-418.5));
#543 = CARTESIAN_POINT('',(104.35729069423,-8.679258375835,-418.5));
#544 = CARTESIAN_POINT('',(105.48463636018,-9.007537352392,-418.5));
#545 = CARTESIAN_POINT('',(106.61718341205,-9.282018731386,-418.5));
#546 = CARTESIAN_POINT('',(107.74831544273,-9.596137622821,-418.5));
#547 = CARTESIAN_POINT('',(108.89004739677,-9.864625602775,-418.5));
#548 = CARTESIAN_POINT('',(110.0082641437,-10.16773317181,-418.5));
#549 = CARTESIAN_POINT('',(111.17527265173,-10.44100086906,-418.5));
#550 = CARTESIAN_POINT('',(112.23872816453,-10.70242381786,-418.5));
#551 = CARTESIAN_POINT('',(113.67886186791,-11.04440444747,-418.5));
#552 = CARTESIAN_POINT('',(113.99235775939,-11.13347670561,-418.5));
#553 = CARTESIAN_POINT('',(115.95806598479,-11.55334214035,-418.5));
#554 = CARTESIAN_POINT('',(116.74761057856,-11.63541716774,-418.5));
#555 = CARTESIAN_POINT('',(118.10457761473,-11.74174831257,-418.5));
#556 = CARTESIAN_POINT('',(119.18171713115,-11.66165752142,
    -418.4999999999));
#557 = CARTESIAN_POINT('',(120.39623511389,-11.54934735133,-418.5));
#558 = CARTESIAN_POINT('',(121.50488921477,-11.25481358996,-418.5));
#559 = CARTESIAN_POINT('',(122.62220732519,-10.87830027376,-418.5));
#560 = CARTESIAN_POINT('',(123.71325438994,-10.36338270811,-418.5));
#561 = CARTESIAN_POINT('',(124.65413333933,-9.820379775961,-418.5));
#562 = CARTESIAN_POINT('',(125.65497711301,-9.040194373864,-418.5));
#563 = CARTESIAN_POINT('',(126.39806613766,-8.235612990879,-418.5));
#564 = CARTESIAN_POINT('',(126.86491897213,-7.516059159652,-418.5));
#565 = CARTESIAN_POINT('',(126.82344818115,-7.126927375793,-418.5));
#566 = CARTESIAN_POINT('',(72.3406136867,-1.977268842267,-416.8698133908
    ));
#567 = CARTESIAN_POINT('',(72.936122612076,-2.993874008373,
    -416.8698133908));
#568 = CARTESIAN_POINT('',(77.815481234285,-0.495668405388,
    -416.8698133908));
#569 = CARTESIAN_POINT('',(79.298841386954,-1.30482651651,
    -416.8698133908));
#570 = CARTESIAN_POINT('',(81.000630092472,-4.385083424674,
    -416.8698133908));
#571 = CARTESIAN_POINT('',(82.826089684998,-9.160384569717,
    -416.8698133908));
#572 = CARTESIAN_POINT('',(84.557251311529,-10.51376911181,
    -416.8698133908));
#573 = CARTESIAN_POINT('',(87.012660463401,-13.84790601243,
    -416.8698133908));
#574 = CARTESIAN_POINT('',(88.80042580297,-8.822792949216,
    -416.8698133908));
#575 = CARTESIAN_POINT('',(88.995339534926,-1.577412252772,
    -416.8698133908));
#576 = CARTESIAN_POINT('',(91.839434393383,0.663652042063,
    -416.8698133908));
#577 = CARTESIAN_POINT('',(92.548064572164,3.102761713628,
    -416.8698133908));
#578 = CARTESIAN_POINT('',(98.590859970966,-8.906289849107,
    -416.8698133908));
#579 = CARTESIAN_POINT('',(102.21140592155,-15.66204589887,
    -416.8698133908));
#580 = CARTESIAN_POINT('',(104.49816133257,-20.26773983399,
    -416.8698133908));
#581 = CARTESIAN_POINT('',(106.77319094697,-23.44055450747,
    -416.8698133908));
#582 = CARTESIAN_POINT('',(109.00165881707,-26.23955973477,
    -416.8698133908));
#583 = CARTESIAN_POINT('',(111.27569540794,-29.45560458626,
    -416.8698133908));
#584 = CARTESIAN_POINT('',(114.18093152712,-32.67423022658,
    -416.8698133908));
#585 = CARTESIAN_POINT('',(114.98147309551,-33.19592522761,
    -416.8698133908));
#586 = CARTESIAN_POINT('',(118.80827323642,-33.93726867729,
    -416.8698133908));
#587 = CARTESIAN_POINT('',(120.426809923,-33.77488835087,-416.8698133908
    ));
#588 = CARTESIAN_POINT('',(121.87057193713,-30.64194540874,
    -416.8698133908));
#589 = CARTESIAN_POINT('',(122.69029158079,-27.8722383268,
    -416.8698133908));
#590 = CARTESIAN_POINT('',(122.94731544752,-23.23702360783,
    -416.8698133908));
#591 = CARTESIAN_POINT('',(123.4944245862,-18.91685419325,
    -416.8698133908));
#592 = CARTESIAN_POINT('',(123.33538092909,-13.7040652126,
    -416.8698133908));
#593 = CARTESIAN_POINT('',(123.53686111105,-3.368681047446,
    -416.8698133908));
#594 = CARTESIAN_POINT('',(123.60311370372,3.075103892509,
    -416.8698133908));
#595 = CARTESIAN_POINT('',(124.83758968308,3.024166187601,
    -416.8698133908));
#596 = CARTESIAN_POINT('',(130.81132229045,-1.201204641361,
    -416.8698133908));
#597 = CARTESIAN_POINT('',(133.80049123652,0.456578163826,
    -416.8698133908));
#598 = CARTESIAN_POINT('',(134.05559699846,1.026077172608,
    -416.8698133908));
#599 = CARTESIAN_POINT('',(57.647759795032,7.165386849355,
    -412.5714988435));
#600 = CARTESIAN_POINT('',(58.169943361388,6.294583659917,
    -412.5714988435));
#601 = CARTESIAN_POINT('',(56.397814062099,1.667774429116,
    -412.5714988435));
#602 = CARTESIAN_POINT('',(60.96360069676,-0.16871690075,-412.5714988435
    ));
#603 = CARTESIAN_POINT('',(64.948007844336,1.325204875654,
    -412.5714988435));
#604 = CARTESIAN_POINT('',(69.301425518943,4.461399642409,
    -412.5714988435));
#605 = CARTESIAN_POINT('',(73.408374565487,4.773552711303,
    -412.5714988435));
#606 = CARTESIAN_POINT('',(77.149950101509,6.027819268148,
    -412.5714988435));
#607 = CARTESIAN_POINT('',(80.983841420984,-0.881059299646,
    -412.5714988435));
#608 = CARTESIAN_POINT('',(87.103061248198,-10.06726796519,
    -412.5714988435));
#609 = CARTESIAN_POINT('',(90.209178356485,-14.05548157538,
    -412.5714988435));
#610 = CARTESIAN_POINT('',(95.422621267081,-18.28752087545,
    -412.5714988435));
#611 = CARTESIAN_POINT('',(95.641918571358,-8.849246979898,
    -412.5714988435));
#612 = CARTESIAN_POINT('',(98.147343380394,-4.450583438468,
    -412.5714988435));
#613 = CARTESIAN_POINT('',(101.91089585068,-1.836751825466,
    -412.5714988435));
#614 = CARTESIAN_POINT('',(105.6622158758,-0.520370039134,
    -412.5714988435));
#615 = CARTESIAN_POINT('',(109.70330454413,0.713720865537,
    -412.5714988435));
#616 = CARTESIAN_POINT('',(113.19559785485,2.295189713903,
    -412.5714988435));
#617 = CARTESIAN_POINT('',(118.09494852762,3.938629592106,
    -412.5714988435));
#618 = CARTESIAN_POINT('',(119.12514989814,4.225002883928,
    -412.5714988435));
#619 = CARTESIAN_POINT('',(125.86161993006,6.091354172795,
    -412.5714988435));
#620 = CARTESIAN_POINT('',(128.31471862647,7.24979060777,-412.5714988435
    ));
#621 = CARTESIAN_POINT('',(133.12369835995,7.757973281098,
    -412.5714988435));
#622 = CARTESIAN_POINT('',(136.61639690561,8.92551387641,-412.5714988435
    ));
#623 = CARTESIAN_POINT('',(141.20589285787,8.715749590203,
    -412.5714988435));
#624 = CARTESIAN_POINT('',(145.1580337007,8.660502317219,-412.5714988435
    ));
#625 = CARTESIAN_POINT('',(149.83498964388,7.983432443504,
    -412.5714988435));
#626 = CARTESIAN_POINT('',(154.16617837942,2.784317258353,
    -412.5714988435));
#627 = CARTESIAN_POINT('',(158.09933984358,0.837920979526,
    -412.5714988435));
#628 = CARTESIAN_POINT('',(161.58403208515,5.626173816171,
    -412.5714988435));
#629 = CARTESIAN_POINT('',(159.32847739707,14.409419176957,
    -412.5714988435));
#630 = CARTESIAN_POINT('',(159.35284179427,16.210231001952,
    -412.5714988435));
#631 = CARTESIAN_POINT('',(159.50286401977,17.537162876889,
    -412.5714988435));
#632 = CARTESIAN_POINT('',(38.764753593748,8.484743657665,-406.142196236
    ));
#633 = CARTESIAN_POINT('',(39.249808784049,6.514746683212,-406.142196236
    ));
#634 = CARTESIAN_POINT('',(45.277606611825,8.233224709694,-406.142196236
    ));
#635 = CARTESIAN_POINT('',(49.094708945261,7.031410165939,-406.142196236
    ));
#636 = CARTESIAN_POINT('',(52.699462719987,3.113749023163,-406.142196236
    ));
#637 = CARTESIAN_POINT('',(56.684257547007,-2.200061773649,
    -406.142196236));
#638 = CARTESIAN_POINT('',(60.18860613917,-4.944848678705,-406.142196236
    ));
#639 = CARTESIAN_POINT('',(64.952444548555,-8.498487962083,
    -406.142196236));
#640 = CARTESIAN_POINT('',(68.50949235725,-5.235187517998,-406.142196236
    ));
#641 = CARTESIAN_POINT('',(71.474289992738,0.714159949354,-406.142196236
    ));
#642 = CARTESIAN_POINT('',(75.968059783227,2.288294967961,-406.142196236
    ));
#643 = CARTESIAN_POINT('',(80.035444006227,4.008113414953,-406.142196236
    ));
#644 = CARTESIAN_POINT('',(84.764974389593,3.639206300795,-406.142196236
    ));
#645 = CARTESIAN_POINT('',(89.190105884519,4.057881128884,-406.142196236
    ));
#646 = CARTESIAN_POINT('',(93.545988824987,4.505281128043,-406.142196236
    ));
#647 = CARTESIAN_POINT('',(97.73651440088,5.496006845321,-406.142196236)
  );
#648 = CARTESIAN_POINT('',(102.05050627637,6.602935954061,-406.142196236
    ));
#649 = CARTESIAN_POINT('',(105.95693006355,7.75883152387,-406.142196236)
  );
#650 = CARTESIAN_POINT('',(111.18814629504,9.444950592607,-406.142196236
    ));
#651 = CARTESIAN_POINT('',(112.25703399391,10.149629242744,
    -406.142196236));
#652 = CARTESIAN_POINT('',(119.49947798767,11.954970488941,
    -406.142196236));
#653 = CARTESIAN_POINT('',(122.39037301147,12.604832234204,
    -406.142196236));
#654 = CARTESIAN_POINT('',(127.08844496107,14.524802169461,
    -406.142196236));
#655 = CARTESIAN_POINT('',(130.92974251576,15.666828299029,
    -406.142196236));
#656 = CARTESIAN_POINT('',(135.1371459789,17.422773807107,-406.142196236
    ));
#657 = CARTESIAN_POINT('',(139.0721828608,19.033122104256,-406.142196236
    ));
#658 = CARTESIAN_POINT('',(143.17373445749,20.659027129941,
    -406.142196236));
#659 = CARTESIAN_POINT('',(147.35359512403,22.717688742792,
    -406.142196236));
#660 = CARTESIAN_POINT('',(151.34708759561,24.048440350681,
    -406.142196236));
#661 = CARTESIAN_POINT('',(155.44975473536,25.820258323485,
    -406.142196236));
#662 = CARTESIAN_POINT('',(161.05593569493,24.39785479068,-406.142196236
    ));
#663 = CARTESIAN_POINT('',(161.64586641474,29.113055794238,
    -406.142196236));
#664 = CARTESIAN_POINT('',(161.54047899388,30.139691903885,
    -406.142196236));
#665 = CARTESIAN_POINT('',(41.216788070254,11.287073468388,
    -399.7153461474));
#666 = CARTESIAN_POINT('',(41.20814980175,9.904574956848,-399.7153461474
    ));
#667 = CARTESIAN_POINT('',(39.493573635209,5.643543259389,
    -399.7153461474));
#668 = CARTESIAN_POINT('',(44.246424422238,2.7641141602,-399.7153461474)
  );
#669 = CARTESIAN_POINT('',(48.686357796325,4.983837224119,
    -399.7153461474));
#670 = CARTESIAN_POINT('',(53.431912872521,8.170640998113,
    -399.7153461474));
#671 = CARTESIAN_POINT('',(57.785837549953,9.247728275612,
    -399.7153461474));
#672 = CARTESIAN_POINT('',(62.508923913945,10.452886913671,
    -399.7153461474));
#673 = CARTESIAN_POINT('',(66.800894603897,9.806768007538,
    -399.7153461474));
#674 = CARTESIAN_POINT('',(71.736422629648,8.491195136059,
    -399.7153461474));
#675 = CARTESIAN_POINT('',(76.110032252552,8.23439254604,-399.7153461474
    ));
#676 = CARTESIAN_POINT('',(80.645005199767,7.849752063747,
    -399.7153461474));
#677 = CARTESIAN_POINT('',(84.984488668514,8.42285801156,-399.7153461474
    ));
#678 = CARTESIAN_POINT('',(89.401181253413,8.978041107867,
    -399.7153461474));
#679 = CARTESIAN_POINT('',(93.802944822031,9.760912821314,
    -399.7153461474));
#680 = CARTESIAN_POINT('',(98.117957832252,10.683614217646,
    -399.7153461474));
#681 = CARTESIAN_POINT('',(102.55448057171,11.79389561967,
    -399.7153461474));
#682 = CARTESIAN_POINT('',(106.6017035249,12.817405532034,
    -399.7153461474));
#683 = CARTESIAN_POINT('',(112.03528405099,14.366917109476,
    -399.7153461474));
#684 = CARTESIAN_POINT('',(113.1596385889,14.877161345635,
    -399.7153461474));
#685 = CARTESIAN_POINT('',(120.68632308168,16.392781877596,
    -399.7153461474));
#686 = CARTESIAN_POINT('',(123.45628209468,17.668551892926,
    -399.7153461474));
#687 = CARTESIAN_POINT('',(128.3572301813,19.32627939945,-399.7153461474
    ));
#688 = CARTESIAN_POINT('',(132.16980848546,20.856210876454,
    -399.7153461474));
#689 = CARTESIAN_POINT('',(136.48060760977,22.568797580023,
    -399.7153461474));
#690 = CARTESIAN_POINT('',(140.45150617399,24.353117702472,
    -399.7153461474));
#691 = CARTESIAN_POINT('',(144.60398186591,26.051144798789,
    -399.7153461474));
#692 = CARTESIAN_POINT('',(148.72379676162,28.000281985938,
    -399.7153461474));
#693 = CARTESIAN_POINT('',(152.45753077593,29.661520146948,
    -399.7153461474));
#694 = CARTESIAN_POINT('',(156.86036308262,31.844170614539,
    -399.7153461474));
#695 = CARTESIAN_POINT('',(160.31658054566,33.865899384101,
    -399.7153461474));
#696 = CARTESIAN_POINT('',(163.79622804611,34.846379986272,
    -399.7153461474));
#697 = CARTESIAN_POINT('',(163.51980785752,36.738999029789,
    -399.7153461474));
#698 = CARTESIAN_POINT('',(42.720299116634,27.019042017191,
    -393.2829904535));
#699 = CARTESIAN_POINT('',(42.644137464175,25.273983505431,
    -393.2829904535));
#700 = CARTESIAN_POINT('',(45.17499543943,23.574022411379,
    -393.2829904535));
#701 = CARTESIAN_POINT('',(48.94343880435,21.100359539807,
    -393.2829904535));
#702 = CARTESIAN_POINT('',(52.832006515809,18.718012685224,
    -393.2829904535));
#703 = CARTESIAN_POINT('',(57.079925859004,15.68364558113,
    -393.2829904535));
#704 = CARTESIAN_POINT('',(61.089711186896,14.094784813833,
    -393.2829904535));
#705 = CARTESIAN_POINT('',(65.725655709745,12.870795628529,
    -393.2829904535));
#706 = CARTESIAN_POINT('',(69.736138185232,12.486779501329,
    -393.2829904535));
#707 = CARTESIAN_POINT('',(74.137299968181,12.642164885568,
    -393.2829904535));
#708 = CARTESIAN_POINT('',(78.468525164638,12.373077585037,
    -393.2829904535));
#709 = CARTESIAN_POINT('',(82.840502447496,12.544856022254,
    -393.2829904535));
#710 = CARTESIAN_POINT('',(87.2308000227,12.63166247868,-393.2829904535)
  );
#711 = CARTESIAN_POINT('',(91.621938507724,12.992580911731,
    -393.2829904535));
#712 = CARTESIAN_POINT('',(95.979182895002,13.50239750052,
    -393.2829904535));
#713 = CARTESIAN_POINT('',(100.27644503067,14.121463291884,
    -393.2829904535));
#714 = CARTESIAN_POINT('',(104.69816574551,14.818816409785,
    -393.2829904535));
#715 = CARTESIAN_POINT('',(108.78727531817,15.316144407044,
    -393.2829904535));
#716 = CARTESIAN_POINT('',(114.14612019312,16.632794938286,
    -393.2829904535));
#717 = CARTESIAN_POINT('',(115.48046710454,16.547944257717,
    -393.2829904535));
#718 = CARTESIAN_POINT('',(122.52507151434,19.209671353707,
    -393.2829904535));
#719 = CARTESIAN_POINT('',(125.31864302509,20.166921611301,
    -393.2829904535));
#720 = CARTESIAN_POINT('',(130.08367884705,21.972767436359,
    -393.2829904535));
#721 = CARTESIAN_POINT('',(133.808273589,23.487327592469,-393.2829904535
    ));
#722 = CARTESIAN_POINT('',(138.04927039055,25.180736042059,
    -393.2829904535));
#723 = CARTESIAN_POINT('',(141.97109810913,26.870553510395,
    -393.2829904535));
#724 = CARTESIAN_POINT('',(145.93986565491,28.80466188858,
    -393.2829904535));
#725 = CARTESIAN_POINT('',(150.08471977639,30.613683634725,
    -393.2829904535));
#726 = CARTESIAN_POINT('',(153.64110876199,32.570537642382,
    -393.2829904535));
#727 = CARTESIAN_POINT('',(157.95337107048,34.57766262462,
    -393.2829904535));
#728 = CARTESIAN_POINT('',(161.50409991423,36.460460807087,
    -393.2829904535));
#729 = CARTESIAN_POINT('',(164.54848232718,37.847933366913,
    -393.2829904535));
#730 = CARTESIAN_POINT('',(164.83345716611,39.235131891135,
    -393.2829904535));
#731 = CARTESIAN_POINT('',(42.791357582737,28.223888196589,
    -386.8703230303));
#732 = CARTESIAN_POINT('',(42.708938259796,26.606805606013,
    -386.8703230303));
#733 = CARTESIAN_POINT('',(43.560760022859,23.797904398799,
    -386.8703230303));
#734 = CARTESIAN_POINT('',(47.555590155954,20.891591272777,
    -386.8703230303));
#735 = CARTESIAN_POINT('',(51.304932591696,19.41376693149,
    -386.8703230303));
#736 = CARTESIAN_POINT('',(55.682399985985,18.63568251083,
    -386.8703230303));
#737 = CARTESIAN_POINT('',(59.687270189008,17.533425990773,
    -386.8703230303));
#738 = CARTESIAN_POINT('',(64.395106014273,16.932768102354,
    -386.8703230303));
#739 = CARTESIAN_POINT('',(68.556566063244,16.091234856497,
    -386.8703230303));
#740 = CARTESIAN_POINT('',(73.286945792236,15.31341772701,
    -386.8703230303));
#741 = CARTESIAN_POINT('',(77.678721651625,14.687259895015,
    -386.8703230303));
#742 = CARTESIAN_POINT('',(82.200497753383,14.26485884304,
    -386.8703230303));
#743 = CARTESIAN_POINT('',(86.649211556719,14.066744900389,
    -386.8703230303));
#744 = CARTESIAN_POINT('',(91.154031077635,14.014134312956,
    -386.8703230303));
#745 = CARTESIAN_POINT('',(95.668951713814,14.08433319824,
    -386.8703230303));
#746 = CARTESIAN_POINT('',(100.08696326954,14.494117229743,
    -386.8703230303));
#747 = CARTESIAN_POINT('',(104.67427719746,15.05629003371,
    -386.8703230303));
#748 = CARTESIAN_POINT('',(108.72607702233,16.056730576952,
    -386.8703230303));
#749 = CARTESIAN_POINT('',(114.45699517205,16.799388633066,
    -386.8703230303));
#750 = CARTESIAN_POINT('',(114.89456658222,19.183568318608,
    -386.8703230303));
#751 = CARTESIAN_POINT('',(122.64324573968,20.319531825629,
    -386.8703230303));
#752 = CARTESIAN_POINT('',(125.40199419902,21.661349398288,
    -386.8703230303));
#753 = CARTESIAN_POINT('',(130.40533851615,23.177584191327,
    -386.8703230303));
#754 = CARTESIAN_POINT('',(134.27982831015,24.623760720914,
    -386.8703230303));
#755 = CARTESIAN_POINT('',(138.66974342103,26.25006889807,
    -386.8703230303));
#756 = CARTESIAN_POINT('',(142.72489931025,27.923906360677,
    -386.8703230303));
#757 = CARTESIAN_POINT('',(146.94223148508,29.572315300672,
    -386.8703230303));
#758 = CARTESIAN_POINT('',(151.12766211071,31.532283899007,
    -386.8703230303));
#759 = CARTESIAN_POINT('',(154.91480046908,33.204915909452,
    -386.8703230303));
#760 = CARTESIAN_POINT('',(159.33040134076,35.371741702226,
    -386.8703230303));
#761 = CARTESIAN_POINT('',(162.86489718925,37.411017104447,
    -386.8703230303));
#762 = CARTESIAN_POINT('',(166.12484831791,38.735856283512,
    -386.8703230303));
#763 = CARTESIAN_POINT('',(166.13527378458,40.363792643933,
    -386.8703230303));
#764 = CARTESIAN_POINT('',(42.784357113142,33.881095061595,
    -380.2956481021));
#765 = CARTESIAN_POINT('',(42.989447673357,32.152876381108,
    -380.2956481021));
#766 = CARTESIAN_POINT('',(45.354673193503,30.231994272045,
    -380.2956481021));
#767 = CARTESIAN_POINT('',(48.876454906847,27.094151219488,
    -380.2956481021));
#768 = CARTESIAN_POINT('',(52.671011946346,24.211939481631,
    -380.2956481021));
#769 = CARTESIAN_POINT('',(56.883220552213,20.933184869478,
    -380.2956481021));
#770 = CARTESIAN_POINT('',(61.156863727683,19.459854691362,
    -380.2956481021));
#771 = CARTESIAN_POINT('',(65.636749195076,17.054885897701,
    -380.2956481021));
#772 = CARTESIAN_POINT('',(69.74892975038,15.920824307886,
    -380.2956481021));
#773 = CARTESIAN_POINT('',(74.246991559322,15.013069852013,
    -380.2956481021));
#774 = CARTESIAN_POINT('',(78.785898807963,14.651471284979,
    -380.2956481021));
#775 = CARTESIAN_POINT('',(83.321381281441,14.318187195345,
    -380.2956481021));
#776 = CARTESIAN_POINT('',(87.926097277709,14.238331455503,
    -380.2956481021));
#777 = CARTESIAN_POINT('',(92.497397409888,14.459772818261,
    -380.2956481021));
#778 = CARTESIAN_POINT('',(97.102156190475,14.981432384505,
    -380.2956481021));
#779 = CARTESIAN_POINT('',(101.52738805445,15.617402904514,
    -380.2956481021));
#780 = CARTESIAN_POINT('',(106.28173668743,16.398166964654,
    -380.2956481021));
#781 = CARTESIAN_POINT('',(110.23149900784,17.258799476404,
    -380.2956481021));
#782 = CARTESIAN_POINT('',(116.64774291006,18.148496761116,
    -380.2956481021));
#783 = CARTESIAN_POINT('',(113.3891166629,22.013240599273,
    -380.2956481021));
#784 = CARTESIAN_POINT('',(122.47682550158,22.5176948316,-380.2956481021
    ));
#785 = CARTESIAN_POINT('',(124.83503580183,23.687214370919,
    -380.2956481021));
#786 = CARTESIAN_POINT('',(130.33491076631,24.829177496709,
    -380.2956481021));
#787 = CARTESIAN_POINT('',(134.14563798124,26.285126259526,
    -380.2956481021));
#788 = CARTESIAN_POINT('',(138.82314178239,27.596683150107,
    -380.2956481021));
#789 = CARTESIAN_POINT('',(142.97612911501,29.165061003564,
    -380.2956481021));
#790 = CARTESIAN_POINT('',(147.26911682506,30.894799526851,
    -380.2956481021));
#791 = CARTESIAN_POINT('',(151.6428649601,32.690134548626,
    -380.2956481021));
#792 = CARTESIAN_POINT('',(155.45608317725,34.534427891577,
    -380.2956481021));
#793 = CARTESIAN_POINT('',(159.99417611075,36.616356194981,
    -380.2956481021));
#794 = CARTESIAN_POINT('',(163.70187999149,38.547252424253,
    -380.2956481021));
#795 = CARTESIAN_POINT('',(166.97079497289,39.95362791304,
    -380.2956481021));
#796 = CARTESIAN_POINT('',(167.07992894461,41.501539944175,
    -380.2956481021));
#797 = CARTESIAN_POINT('',(42.349996006136,31.776518459104,
    -378.4815529818));
#798 = CARTESIAN_POINT('',(42.17588095526,30.08622645215,-378.4815529818
    ));
#799 = CARTESIAN_POINT('',(42.939603399516,27.111015669144,
    -378.4815529818));
#800 = CARTESIAN_POINT('',(46.755845618235,23.639411228941,
    -378.4815529818));
#801 = CARTESIAN_POINT('',(50.50628097003,21.828907626645,
    -378.4815529818));
#802 = CARTESIAN_POINT('',(54.887913316117,20.645269693713,
    -378.4815529818));
#803 = CARTESIAN_POINT('',(58.829690169518,18.836828672586,
    -378.4815529818));
#804 = CARTESIAN_POINT('',(63.677237812006,17.995010922578,
    -378.4815529818));
#805 = CARTESIAN_POINT('',(67.983037340081,16.948235695903,
    -378.4815529818));
#806 = CARTESIAN_POINT('',(72.942955862143,16.240110726826,
    -378.4815529818));
#807 = CARTESIAN_POINT('',(77.518226869779,15.511079789258,
    -378.4815529818));
#808 = CARTESIAN_POINT('',(82.241339575299,15.06892225686,
    -378.4815529818));
#809 = CARTESIAN_POINT('',(86.890791010738,14.89667186373,
    -378.4815529818));
#810 = CARTESIAN_POINT('',(91.585269789214,14.859533827397,
    -378.4815529818));
#811 = CARTESIAN_POINT('',(96.321398359852,14.924011112407,
    -378.4815529818));
#812 = CARTESIAN_POINT('',(100.89420512315,15.352762945946,
    -378.4815529818));
#813 = CARTESIAN_POINT('',(105.76617786673,15.93398454644,
    -378.4815529818));
#814 = CARTESIAN_POINT('',(109.83696163921,16.921115175739,
    -378.4815529818));
#815 = CARTESIAN_POINT('',(116.25401863256,17.920225339696,
    -378.4815529818));
#816 = CARTESIAN_POINT('',(112.75070394315,22.253919878378,
    -378.4815529818));
#817 = CARTESIAN_POINT('',(121.71061237356,22.653678488189,
    -378.4815529818));
#818 = CARTESIAN_POINT('',(124.3766385586,23.688159873186,
    -378.4815529818));
#819 = CARTESIAN_POINT('',(129.89195378626,24.8026377123,-378.4815529818
    ));
#820 = CARTESIAN_POINT('',(133.92764052088,26.090503948281,
    -378.4815529818));
#821 = CARTESIAN_POINT('',(138.64780566469,27.509258247634,
    -378.4815529818));
#822 = CARTESIAN_POINT('',(142.94840787816,29.013614084562,
    -378.4815529818));
#823 = CARTESIAN_POINT('',(147.42356380412,30.591156060885,
    -378.4815529818));
#824 = CARTESIAN_POINT('',(151.83500601568,32.52185341438,
    -378.4815529818));
#825 = CARTESIAN_POINT('',(155.82272346331,34.213837610466,
    -378.4815529818));
#826 = CARTESIAN_POINT('',(160.4396971077,36.444566571844,
    -378.4815529818));
#827 = CARTESIAN_POINT('',(164.15959660843,38.554645616678,
    -378.4815529818));
#828 = CARTESIAN_POINT('',(167.51902977195,39.948495111882,
    -378.4815529818));
#829 = CARTESIAN_POINT('',(167.64611613362,41.614640212316,
    -378.4815529818));
#830 = CARTESIAN_POINT('',(42.462436676025,33.114402770996,
    -378.200012207));
#831 = CARTESIAN_POINT('',(42.496999360359,31.407010803633,
    -378.200012207));
#832 = CARTESIAN_POINT('',(43.993925466627,28.8893226668,-378.200012207)
  );
#833 = CARTESIAN_POINT('',(47.689985907089,25.573318058996,
    -378.200012207));
#834 = CARTESIAN_POINT('',(51.442087606462,23.173618519781,
    -378.200012207));
#835 = CARTESIAN_POINT('',(55.731659869326,20.904138452503,
    -378.200012207));
#836 = CARTESIAN_POINT('',(59.864186201288,19.272814436552,
    -378.200012207));
#837 = CARTESIAN_POINT('',(64.553101854478,17.657223256736,
    -378.200012207));
#838 = CARTESIAN_POINT('',(68.799498667262,16.608728868253,
    -378.200012207));
#839 = CARTESIAN_POINT('',(73.553499076026,15.773545984054,
    -378.200012207));
#840 = CARTESIAN_POINT('',(78.133463800329,15.2049951655,-378.200012207)
  );
#841 = CARTESIAN_POINT('',(82.788572643707,14.809314934516,
    -378.200012207));
#842 = CARTESIAN_POINT('',(87.439812579084,14.677597907075,
    -378.200012207));
#843 = CARTESIAN_POINT('',(92.098683986752,14.775442341668,
    -378.200012207));
#844 = CARTESIAN_POINT('',(96.792398326959,15.066277768572,
    -378.200012207));
#845 = CARTESIAN_POINT('',(101.32311339122,15.574298629276,
    -378.200012207));
#846 = CARTESIAN_POINT('',(106.15258853807,16.274721960193,
    -378.200012207));
#847 = CARTESIAN_POINT('',(110.20584724902,17.161954661578,
    -378.200012207));
#848 = CARTESIAN_POINT('',(116.61491683202,18.205720471582,
    -378.200012207));
#849 = CARTESIAN_POINT('',(112.82283255044,22.513827558239,
    -378.200012207));
#850 = CARTESIAN_POINT('',(121.87393304963,22.952084666785,
    -378.200012207));
#851 = CARTESIAN_POINT('',(124.45436146636,23.90607372967,-378.200012207
    ));
#852 = CARTESIAN_POINT('',(129.98121135237,25.032387828534,
    -378.200012207));
#853 = CARTESIAN_POINT('',(133.9566922493,26.324375869058,-378.200012207
    ));
#854 = CARTESIAN_POINT('',(138.67947991682,27.693356876792,
    -378.200012207));
#855 = CARTESIAN_POINT('',(142.94233983204,29.200146394758,
    -378.200012207));
#856 = CARTESIAN_POINT('',(147.36455355133,30.826082783952,
    -378.200012207));
#857 = CARTESIAN_POINT('',(151.78525746755,32.687176208648,
    -378.200012207));
#858 = CARTESIAN_POINT('',(155.71005445208,34.460009154192,
    -378.200012207));
#859 = CARTESIAN_POINT('',(160.31250951934,36.624105010522,
    -378.200012207));
#860 = CARTESIAN_POINT('',(164.05116943868,38.655608922457,
    -378.200012207));
#861 = CARTESIAN_POINT('',(167.37284253676,40.061815465943,
    -378.200012207));
#862 = CARTESIAN_POINT('',(167.55152893066,41.645961761475,
    -378.200012207));
#863 = SHELL_BASED_SURFACE_MODEL('',(#864));
#864 = OPEN_SHELL('',(#865));
#865 = ADVANCED_FACE('',(#866),#1038,.T.);
#866 = FACE_BOUND('',#867,.T.);
#867 = EDGE_LOOP('',(#868,#934,#955,#1019));
#868 = ORIENTED_EDGE('',*,*,#869,.F.);
#869 = EDGE_CURVE('',#870,#872,#874,.T.);
#870 = VERTEX_POINT('',#871);
#871 = CARTESIAN_POINT('',(112.96173095703,24.033670425415,-370.));
#872 = VERTEX_POINT('',#873);
#873 = CARTESIAN_POINT('',(101.15966796875,28.237289428711,-370.));
#874 = B_SPLINE_CURVE_WITH_KNOTS('',3,(#875,#876,#877,#878,#879,#880,
    #881,#882,#883,#884,#885,#886,#887,#888,#889,#890,#891,#892,#893,
    #894,#895,#896,#897,#898,#899,#900,#901,#902,#903,#904,#905,#906,
    #907,#908,#909,#910,#911,#912,#913,#914,#915,#916,#917,#918,#919,
    #920,#921,#922,#923,#924,#925,#926,#927,#928,#929,#930,#931,#932,
    #933),.UNSPECIFIED.,.F.,.F.,(4,1,1,1,1,1,1,1,1,1,1,1,1,1,1,1,1,1,1,1
    ,1,1,1,1,1,1,1,1,1,1,1,1,1,1,1,1,1,1,1,1,1,1,1,1,1,1,1,1,1,1,1,1,1,1
    ,1,1,4),(0.,1.785714285714E-02,3.571428571429E-02,5.357142857143E-02
    ,7.142857142857E-02,8.928571428571E-02,0.107142857143,0.125,
    0.142857142857,0.160714285714,0.178571428571,0.196428571429,
    0.214285714286,0.232142857143,0.25,0.267857142857,0.285714285714,
    0.303571428571,0.321428571429,0.339285714286,0.357142857143,0.375,
    0.392857142857,0.410714285714,0.428571428571,0.446428571429,
    0.464285714286,0.482142857143,0.5,0.517857142857,0.535714285714,
    0.553571428571,0.571428571429,0.589285714286,0.607142857143,0.625,
    0.642857142857,0.660714285714,0.678571428571,0.696428571429,
    0.714285714286,0.732142857143,0.75,0.767857142857,0.785714285714,
    0.803571428571,0.821428571429,0.839285714286,0.857142857143,0.875,
    0.892857142857,0.910714285714,0.928571428571,0.946428571429,
    0.964285714286,0.982142857143,1.),.UNSPECIFIED.);
#875 = CARTESIAN_POINT('',(112.96173095703,24.033670425415,-370.));
#876 = CARTESIAN_POINT('',(113.5681400481,24.694202557493,-370.));
#877 = CARTESIAN_POINT('',(115.22640217792,24.755436960733,-370.));
#878 = CARTESIAN_POINT('',(117.65658483191,24.779928466262,-370.));
#879 = CARTESIAN_POINT('',(120.09509411672,24.938313456412,-370.));
#880 = CARTESIAN_POINT('',(122.52562081056,25.143978200968,-370.));
#881 = CARTESIAN_POINT('',(124.94612590908,25.456094391176,-370.));
#882 = CARTESIAN_POINT('',(127.360101843,25.811260258188,-370.));
#883 = CARTESIAN_POINT('',(129.76156512571,26.244581953941,-370.));
#884 = CARTESIAN_POINT('',(132.15018265618,26.744228476943,-370.));
#885 = CARTESIAN_POINT('',(134.51228761464,27.357484567136,
    -369.9999999999));
#886 = CARTESIAN_POINT('',(136.87598035552,27.962005513701,-370.));
#887 = CARTESIAN_POINT('',(139.21843870769,28.645706940094,-370.));
#888 = CARTESIAN_POINT('',(141.55075940771,29.362216810934,-370.));
#889 = CARTESIAN_POINT('',(143.87463085984,30.106141989575,
    -369.9999999999));
#890 = CARTESIAN_POINT('',(146.17262683821,30.926839058665,-370.));
#891 = CARTESIAN_POINT('',(148.4609498557,31.774001513419,-370.));
#892 = CARTESIAN_POINT('',(150.73421240278,32.658230700115,-370.));
#893 = CARTESIAN_POINT('',(152.98089650455,33.617008104561,-370.));
#894 = CARTESIAN_POINT('',(155.21378314003,34.587245665816,-370.));
#895 = CARTESIAN_POINT('',(157.4381454451,35.612966727085,-370.));
#896 = CARTESIAN_POINT('',(159.63638051977,36.638468475066,-370.));
#897 = CARTESIAN_POINT('',(161.84060275475,37.73654408239,-370.));
#898 = CARTESIAN_POINT('',(164.0761444331,38.829600489554,-370.));
#899 = CARTESIAN_POINT('',(166.04114156734,39.934580145022,-370.));
#900 = CARTESIAN_POINT('',(168.6035901539,41.022287758484,-370.));
#901 = CARTESIAN_POINT('',(169.48242940914,43.446709834872,-370.));
#902 = CARTESIAN_POINT('',(166.95388624591,45.197658846216,-370.));
#903 = CARTESIAN_POINT('',(164.63499713782,43.605085008209,-370.));
#904 = CARTESIAN_POINT('',(162.50034537919,42.786095134139,-370.));
#905 = CARTESIAN_POINT('',(160.30351266711,41.767506591664,-370.));
#906 = CARTESIAN_POINT('',(157.91577625986,40.949491035162,-370.));
#907 = CARTESIAN_POINT('',(155.63326669231,40.173414768739,-370.));
#908 = CARTESIAN_POINT('',(153.26374805115,39.531955209181,-370.));
#909 = CARTESIAN_POINT('',(150.91102585969,38.925380570576,-370.));
#910 = CARTESIAN_POINT('',(148.52550891115,38.378489465261,-370.));
#911 = CARTESIAN_POINT('',(146.13699467421,37.903393433909,-370.));
#912 = CARTESIAN_POINT('',(143.73261346322,37.47000157606,-370.));
#913 = CARTESIAN_POINT('',(141.31783099726,37.130265827916,-370.));
#914 = CARTESIAN_POINT('',(138.89263761803,36.853811756181,-370.));
#915 = CARTESIAN_POINT('',(136.46547188904,36.607927976025,-370.));
#916 = CARTESIAN_POINT('',(134.03679619842,36.374895124771,-370.));
#917 = CARTESIAN_POINT('',(131.60292015738,36.196500730398,-370.));
#918 = CARTESIAN_POINT('',(129.17185365433,35.994050812337,-370.));
#919 = CARTESIAN_POINT('',(126.73592855693,35.845255834838,-370.));
#920 = CARTESIAN_POINT('',(124.29767935204,35.756169292421,-370.));
#921 = CARTESIAN_POINT('',(121.85856126881,35.703820851261,-370.));
#922 = CARTESIAN_POINT('',(119.41807438238,35.667918312001,
    -369.9999999999));
#923 = CARTESIAN_POINT('',(116.98090884042,35.631837237437,-370.));
#924 = CARTESIAN_POINT('',(114.53667954028,35.561534461663,-370.));
#925 = CARTESIAN_POINT('',(112.10812139648,35.476690845779,-370.));
#926 = CARTESIAN_POINT('',(109.65347709657,35.34343173529,-370.));
#927 = CARTESIAN_POINT('',(107.25560957668,35.134468494622,-370.));
#928 = CARTESIAN_POINT('',(104.7835823574,34.731536616446,
    -369.9999999999));
#929 = CARTESIAN_POINT('',(102.51264477978,34.217445530262,-370.));
#930 = CARTESIAN_POINT('',(100.20942975172,32.769742472491,-370.));
#931 = CARTESIAN_POINT('',(99.596016796466,30.45482536908,-370.));
#932 = CARTESIAN_POINT('',(100.74437332307,28.74250667339,-370.));
#933 = CARTESIAN_POINT('',(101.15966796875,28.237289428711,-370.));
#934 = ORIENTED_EDGE('',*,*,#935,.T.);
#935 = EDGE_CURVE('',#870,#936,#938,.T.);
#936 = VERTEX_POINT('',#937);
#937 = CARTESIAN_POINT('',(112.75138092041,22.407428741455,-292.));
#938 = B_SPLINE_CURVE_WITH_KNOTS('',3,(#939,#940,#941,#942,#943,#944,
    #945,#946,#947,#948,#949,#950,#951,#952,#953,#954),.UNSPECIFIED.,.F.
  ,.F.,(4,1,1,1,1,1,1,1,1,1,1,1,1,4),(0.,7.692307692308E-02,
    0.153846153846,0.230769230769,0.307692307692,0.384615384615,
    0.461538461538,0.538461538462,0.615384615385,0.692307692308,
    0.769230769231,0.846153846154,0.923076923077,1.),
  .QUASI_UNIFORM_KNOTS.);
#939 = CARTESIAN_POINT('',(112.96173095703,24.033670425415,-370.));
#940 = CARTESIAN_POINT('',(111.30784974968,23.483403217113,
    -369.5726532024));
#941 = CARTESIAN_POINT('',(111.79729092754,25.819193365103,
    -362.3189663156));
#942 = CARTESIAN_POINT('',(112.90347081532,25.13819874788,
    -358.8432230756));
#943 = CARTESIAN_POINT('',(112.18723507887,25.763639046346,
    -350.102435939));
#944 = CARTESIAN_POINT('',(110.68138664621,25.532016337595,
    -348.2983656094));
#945 = CARTESIAN_POINT('',(113.52760935247,25.306196089974,
    -334.0462764703));
#946 = CARTESIAN_POINT('',(112.47413261838,26.028679755422,
    -336.1817845222));
#947 = CARTESIAN_POINT('',(112.75385810428,25.287684579818,
    -325.8384341253));
#948 = CARTESIAN_POINT('',(112.36590233335,24.989057753939,
    -318.9543611384));
#949 = CARTESIAN_POINT('',(113.80350435063,24.836042662903,
    -314.9297447893));
#950 = CARTESIAN_POINT('',(112.30171670013,24.149371761552,
    -308.6815448481));
#951 = CARTESIAN_POINT('',(112.82090807472,23.639997745833,
    -302.1405261961));
#952 = CARTESIAN_POINT('',(113.23776090389,22.976099270589,
    -296.2932522896));
#953 = CARTESIAN_POINT('',(111.68570601101,22.450253164699,
    -294.350617993));
#954 = CARTESIAN_POINT('',(112.75138092041,22.407428741455,-292.));
#955 = ORIENTED_EDGE('',*,*,#956,.T.);
#956 = EDGE_CURVE('',#936,#957,#959,.T.);
#957 = VERTEX_POINT('',#958);
#958 = CARTESIAN_POINT('',(99.169761657715,28.38038444519,-292.));
#959 = B_SPLINE_CURVE_WITH_KNOTS('',3,(#960,#961,#962,#963,#964,#965,
    #966,#967,#968,#969,#970,#971,#972,#973,#974,#975,#976,#977,#978,
    #979,#980,#981,#982,#983,#984,#985,#986,#987,#988,#989,#990,#991,
    #992,#993,#994,#995,#996,#997,#998,#999,#1000,#1001,#1002,#1003,
    #1004,#1005,#1006,#1007,#1008,#1009,#1010,#1011,#1012,#1013,#1014,
    #1015,#1016,#1017,#1018),.UNSPECIFIED.,.F.,.F.,(4,1,1,1,1,1,1,1,1,1,
    1,1,1,1,1,1,1,1,1,1,1,1,1,1,1,1,1,1,1,1,1,1,1,1,1,1,1,1,1,1,1,1,1,1,
    1,1,1,1,1,1,1,1,1,1,1,1,4),(0.,1.785714285714E-02,3.571428571429E-02
    ,5.357142857143E-02,7.142857142857E-02,8.928571428571E-02,
    0.107142857143,0.125,0.142857142857,0.160714285714,0.178571428571,
    0.196428571429,0.214285714286,0.232142857143,0.25,0.267857142857,
    0.285714285714,0.303571428571,0.321428571429,0.339285714286,
    0.357142857143,0.375,0.392857142857,0.410714285714,0.428571428571,
    0.446428571429,0.464285714286,0.482142857143,0.5,0.517857142857,
    0.535714285714,0.553571428571,0.571428571429,0.589285714286,
    0.607142857143,0.625,0.642857142857,0.660714285714,0.678571428571,
    0.696428571429,0.714285714286,0.732142857143,0.75,0.767857142857,
    0.785714285714,0.803571428571,0.821428571429,0.839285714286,
    0.857142857143,0.875,0.892857142857,0.910714285714,0.928571428571,
    0.946428571429,0.964285714286,0.982142857143,1.),.UNSPECIFIED.);
#960 = CARTESIAN_POINT('',(112.75138092041,22.407428741455,-292.));
#961 = CARTESIAN_POINT('',(113.82616212641,22.79452280672,-292.));
#962 = CARTESIAN_POINT('',(116.10572934589,22.838396466181,-292.));
#963 = CARTESIAN_POINT('',(119.50741205762,22.60229344059,-292.));
#964 = CARTESIAN_POINT('',(122.91221956665,22.74472302115,-292.));
#965 = CARTESIAN_POINT('',(126.31846614975,22.831932286547,-292.));
#966 = CARTESIAN_POINT('',(129.71123655249,23.139047859237,-292.));
#967 = CARTESIAN_POINT('',(133.10643657352,23.416651965359,-292.));
#968 = CARTESIAN_POINT('',(136.478400201,23.912698995958,-292.));
#969 = CARTESIAN_POINT('',(139.82741415969,24.529476184884,-292.));
#970 = CARTESIAN_POINT('',(143.16067428015,25.235478332949,-292.));
#971 = CARTESIAN_POINT('',(146.47391324295,26.023541082414,-292.));
#972 = CARTESIAN_POINT('',(149.76136639369,26.919003852734,-292.));
#973 = CARTESIAN_POINT('',(153.0305897065,27.87033918169,-292.));
#974 = CARTESIAN_POINT('',(156.27072550913,28.93100353865,-292.));
#975 = CARTESIAN_POINT('',(159.48913795923,30.028133778957,-292.));
#976 = CARTESIAN_POINT('',(162.69698645054,31.207872755758,-292.));
#977 = CARTESIAN_POINT('',(165.86418746969,32.397075924462,-292.));
#978 = CARTESIAN_POINT('',(169.04736913636,33.732635030251,-292.));
#979 = CARTESIAN_POINT('',(172.19416051026,34.801862872892,-292.));
#980 = CARTESIAN_POINT('',(175.48845953698,36.165225405617,-292.));
#981 = CARTESIAN_POINT('',(178.62091209491,36.624328776488,-292.));
#982 = CARTESIAN_POINT('',(182.21041762217,38.529630133318,-292.));
#983 = CARTESIAN_POINT('',(184.77898803701,35.94818253379,-292.));
#984 = CARTESIAN_POINT('',(187.70510193536,37.901597797302,-292.));
#985 = CARTESIAN_POINT('',(190.14327803916,40.869089963718,-292.));
#986 = CARTESIAN_POINT('',(190.6840940046,43.944050073907,-292.));
#987 = CARTESIAN_POINT('',(189.37050069507,47.206221225686,
    -291.9999999999));
#988 = CARTESIAN_POINT('',(185.54873845148,49.111084503172,-292.));
#989 = CARTESIAN_POINT('',(183.00981001697,46.881200976311,
    -291.9999999999));
#990 = CARTESIAN_POINT('',(183.86873012956,42.289711190623,-292.));
#991 = CARTESIAN_POINT('',(179.12454506957,44.943722968935,-292.));
#992 = CARTESIAN_POINT('',(176.61548363958,42.799832062072,-292.));
#993 = CARTESIAN_POINT('',(173.38959050299,41.352163871775,-292.));
#994 = CARTESIAN_POINT('',(170.35172396775,39.992804284395,-292.));
#995 = CARTESIAN_POINT('',(167.06933845591,38.907052266602,-292.));
#996 = CARTESIAN_POINT('',(163.83171105724,37.95276793144,-292.));
#997 = CARTESIAN_POINT('',(160.50296439941,37.148380662281,-292.));
#998 = CARTESIAN_POINT('',(157.17033925768,36.496629886992,-292.));
#999 = CARTESIAN_POINT('',(153.8043588848,35.938723471255,-292.));
#1000 = CARTESIAN_POINT('',(150.42396873033,35.53554089742,-292.));
#1001 = CARTESIAN_POINT('',(147.03536786759,35.19284820273,-292.));
#1002 = CARTESIAN_POINT('',(143.63426899769,34.96868404487,-292.));
#1003 = CARTESIAN_POINT('',(140.23146997171,34.88043736158,-292.));
#1004 = CARTESIAN_POINT('',(136.82386392629,34.801008619573,-292.));
#1005 = CARTESIAN_POINT('',(133.41936273344,34.90659332351,-292.));
#1006 = CARTESIAN_POINT('',(130.01356802672,34.833468263805,-292.));
#1007 = CARTESIAN_POINT('',(126.60792644717,34.907436113318,-292.));
#1008 = CARTESIAN_POINT('',(123.20551528454,34.960484625386,-292.));
#1009 = CARTESIAN_POINT('',(119.7946227542,35.091574093032,-292.));
#1010 = CARTESIAN_POINT('',(116.40481586997,35.203250652553,-292.));
#1011 = CARTESIAN_POINT('',(112.9730967484,35.282642151127,-292.));
#1012 = CARTESIAN_POINT('',(109.61570191511,35.314006271407,-292.));
#1013 = CARTESIAN_POINT('',(106.12065911575,35.243314691652,-292.));
#1014 = CARTESIAN_POINT('',(102.88440587725,34.912915929237,
    -291.9999999999));
#1015 = CARTESIAN_POINT('',(99.284963525483,34.194305087614,-292.));
#1016 = CARTESIAN_POINT('',(96.799350851404,31.779150477744,-292.));
#1017 = CARTESIAN_POINT('',(98.526446205642,28.87086267589,-292.));
#1018 = CARTESIAN_POINT('',(99.169761657715,28.38038444519,-292.));
#1019 = ORIENTED_EDGE('',*,*,#1020,.F.);
#1020 = EDGE_CURVE('',#872,#957,#1021,.T.);
#1021 = B_SPLINE_CURVE_WITH_KNOTS('',3,(#1022,#1023,#1024,#1025,#1026,
    #1027,#1028,#1029,#1030,#1031,#1032,#1033,#1034,#1035,#1036,#1037),
  .UNSPECIFIED.,.F.,.F.,(4,1,1,1,1,1,1,1,1,1,1,1,1,4),(0.,
    7.692307692308E-02,0.153846153846,0.230769230769,0.307692307692,
    0.384615384615,0.461538461538,0.538461538462,0.615384615385,
    0.692307692308,0.769230769231,0.846153846154,0.923076923077,1.),
  .QUASI_UNIFORM_KNOTS.);
#1022 = CARTESIAN_POINT('',(101.15966796875,28.237289428711,-370.));
#1023 = CARTESIAN_POINT('',(103.2742786043,26.302462725709,
    -369.5726532024));
#1024 = CARTESIAN_POINT('',(99.391273397604,32.29117971645,
    -362.3189663156));
#1025 = CARTESIAN_POINT('',(102.26053121225,28.642805144023,
    -358.8432230756));
#1026 = CARTESIAN_POINT('',(99.954178279528,32.043507060066,
    -350.102435939));
#1027 = CARTESIAN_POINT('',(101.25793039401,30.27510373468,
    -348.2983656094));
#1028 = CARTESIAN_POINT('',(100.78050415349,30.97321210763,
    -334.0462764703));
#1029 = CARTESIAN_POINT('',(100.2251293258,31.130202400455,
    -336.1817845222));
#1030 = CARTESIAN_POINT('',(100.60579619111,30.784237036943,
    -325.8384341253));
#1031 = CARTESIAN_POINT('',(100.59632881968,29.806508070181,
    -318.9543611384));
#1032 = CARTESIAN_POINT('',(100.78248077793,29.421611884759,
    -314.9297447893));
#1033 = CARTESIAN_POINT('',(99.001686457014,30.764000512218,
    -308.6815448481));
#1034 = CARTESIAN_POINT('',(101.57200020659,27.267524594538,
    -302.1405261961));
#1035 = CARTESIAN_POINT('',(96.814100171551,31.666349102393,
    -296.2932522896));
#1036 = CARTESIAN_POINT('',(102.92452214225,24.625819691186,
    -294.350617993));
#1037 = CARTESIAN_POINT('',(99.169761657715,28.38038444519,-292.));
#1038 = B_SPLINE_SURFACE_WITH_KNOTS('',3,3,(
    (#1039,#1040,#1041,#1042,#1043,#1044,#1045,#1046,#1047,#1048,#1049
      ,#1050,#1051,#1052,#1053,#1054,#1055,#1056,#1057,#1058,#1059,#1060
      ,#1061,#1062,#1063,#1064,#1065,#1066,#1067,#1068,#1069,#1070,#1071
      ,#1072,#1073,#1074,#1075,#1076,#1077,#1078,#1079,#1080,#1081,#1082
      ,#1083,#1084,#1085,#1086,#1087,#1088,#1089,#1090,#1091,#1092,#1093
      ,#1094,#1095,#1096,#1097)
    ,(#1098,#1099,#1100,#1101,#1102,#1103,#1104,#1105,#1106,#1107,#1108
      ,#1109,#1110,#1111,#1112,#1113,#1114,#1115,#1116,#1117,#1118,#1119
      ,#1120,#1121,#1122,#1123,#1124,#1125,#1126,#1127,#1128,#1129,#1130
      ,#1131,#1132,#1133,#1134,#1135,#1136,#1137,#1138,#1139,#1140,#1141
      ,#1142,#1143,#1144,#1145,#1146,#1147,#1148,#1149,#1150,#1151,#1152
      ,#1153,#1154,#1155,#1156)
    ,(#1157,#1158,#1159,#1160,#1161,#1162,#1163,#1164,#1165,#1166,#1167
      ,#1168,#1169,#1170,#1171,#1172,#1173,#1174,#1175,#1176,#1177,#1178
      ,#1179,#1180,#1181,#1182,#1183,#1184,#1185,#1186,#1187,#1188,#1189
      ,#1190,#1191,#1192,#1193,#1194,#1195,#1196,#1197,#1198,#1199,#1200
      ,#1201,#1202,#1203,#1204,#1205,#1206,#1207,#1208,#1209,#1210,#1211
      ,#1212,#1213,#1214,#1215)
    ,(#1216,#1217,#1218,#1219,#1220,#1221,#1222,#1223,#1224,#1225,#1226
      ,#1227,#1228,#1229,#1230,#1231,#1232,#1233,#1234,#1235,#1236,#1237
      ,#1238,#1239,#1240,#1241,#1242,#1243,#1244,#1245,#1246,#1247,#1248
      ,#1249,#1250,#1251,#1252,#1253,#1254,#1255,#1256,#1257,#1258,#1259
      ,#1260,#1261,#1262,#1263,#1264,#1265,#1266,#1267,#1268,#1269,#1270
      ,#1271,#1272,#1273,#1274)
    ,(#1275,#1276,#1277,#1278,#1279,#1280,#1281,#1282,#1283,#1284,#1285
      ,#1286,#1287,#1288,#1289,#1290,#1291,#1292,#1293,#1294,#1295,#1296
      ,#1297,#1298,#1299,#1300,#1301,#1302,#1303,#1304,#1305,#1306,#1307
      ,#1308,#1309,#1310,#1311,#1312,#1313,#1314,#1315,#1316,#1317,#1318
      ,#1319,#1320,#1321,#1322,#1323,#1324,#1325,#1326,#1327,#1328,#1329
      ,#1330,#1331,#1332,#1333)
    ,(#1334,#1335,#1336,#1337,#1338,#1339,#1340,#1341,#1342,#1343,#1344
      ,#1345,#1346,#1347,#1348,#1349,#1350,#1351,#1352,#1353,#1354,#1355
      ,#1356,#1357,#1358,#1359,#1360,#1361,#1362,#1363,#1364,#1365,#1366
      ,#1367,#1368,#1369,#1370,#1371,#1372,#1373,#1374,#1375,#1376,#1377
      ,#1378,#1379,#1380,#1381,#1382,#1383,#1384,#1385,#1386,#1387,#1388
      ,#1389,#1390,#1391,#1392)
    ,(#1393,#1394,#1395,#1396,#1397,#1398,#1399,#1400,#1401,#1402,#1403
      ,#1404,#1405,#1406,#1407,#1408,#1409,#1410,#1411,#1412,#1413,#1414
      ,#1415,#1416,#1417,#1418,#1419,#1420,#1421,#1422,#1423,#1424,#1425
      ,#1426,#1427,#1428,#1429,#1430,#1431,#1432,#1433,#1434,#1435,#1436
      ,#1437,#1438,#1439,#1440,#1441,#1442,#1443,#1444,#1445,#1446,#1447
      ,#1448,#1449,#1450,#1451)
    ,(#1452,#1453,#1454,#1455,#1456,#1457,#1458,#1459,#1460,#1461,#1462
      ,#1463,#1464,#1465,#1466,#1467,#1468,#1469,#1470,#1471,#1472,#1473
      ,#1474,#1475,#1476,#1477,#1478,#1479,#1480,#1481,#1482,#1483,#1484
      ,#1485,#1486,#1487,#1488,#1489,#1490,#1491,#1492,#1493,#1494,#1495
      ,#1496,#1497,#1498,#1499,#1500,#1501,#1502,#1503,#1504,#1505,#1506
      ,#1507,#1508,#1509,#1510)
    ,(#1511,#1512,#1513,#1514,#1515,#1516,#1517,#1518,#1519,#1520,#1521
      ,#1522,#1523,#1524,#1525,#1526,#1527,#1528,#1529,#1530,#1531,#1532
      ,#1533,#1534,#1535,#1536,#1537,#1538,#1539,#1540,#1541,#1542,#1543
      ,#1544,#1545,#1546,#1547,#1548,#1549,#1550,#1551,#1552,#1553,#1554
      ,#1555,#1556,#1557,#1558,#1559,#1560,#1561,#1562,#1563,#1564,#1565
      ,#1566,#1567,#1568,#1569)
    ,(#1570,#1571,#1572,#1573,#1574,#1575,#1576,#1577,#1578,#1579,#1580
      ,#1581,#1582,#1583,#1584,#1585,#1586,#1587,#1588,#1589,#1590,#1591
      ,#1592,#1593,#1594,#1595,#1596,#1597,#1598,#1599,#1600,#1601,#1602
      ,#1603,#1604,#1605,#1606,#1607,#1608,#1609,#1610,#1611,#1612,#1613
      ,#1614,#1615,#1616,#1617,#1618,#1619,#1620,#1621,#1622,#1623,#1624
      ,#1625,#1626,#1627,#1628)
    ,(#1629,#1630,#1631,#1632,#1633,#1634,#1635,#1636,#1637,#1638,#1639
      ,#1640,#1641,#1642,#1643,#1644,#1645,#1646,#1647,#1648,#1649,#1650
      ,#1651,#1652,#1653,#1654,#1655,#1656,#1657,#1658,#1659,#1660,#1661
      ,#1662,#1663,#1664,#1665,#1666,#1667,#1668,#1669,#1670,#1671,#1672
      ,#1673,#1674,#1675,#1676,#1677,#1678,#1679,#1680,#1681,#1682,#1683
      ,#1684,#1685,#1686,#1687)
    ,(#1688,#1689,#1690,#1691,#1692,#1693,#1694,#1695,#1696,#1697,#1698
      ,#1699,#1700,#1701,#1702,#1703,#1704,#1705,#1706,#1707,#1708,#1709
      ,#1710,#1711,#1712,#1713,#1714,#1715,#1716,#1717,#1718,#1719,#1720
      ,#1721,#1722,#1723,#1724,#1725,#1726,#1727,#1728,#1729,#1730,#1731
      ,#1732,#1733,#1734,#1735,#1736,#1737,#1738,#1739,#1740,#1741,#1742
      ,#1743,#1744,#1745,#1746)
    ,(#1747,#1748,#1749,#1750,#1751,#1752,#1753,#1754,#1755,#1756,#1757
      ,#1758,#1759,#1760,#1761,#1762,#1763,#1764,#1765,#1766,#1767,#1768
      ,#1769,#1770,#1771,#1772,#1773,#1774,#1775,#1776,#1777,#1778,#1779
      ,#1780,#1781,#1782,#1783,#1784,#1785,#1786,#1787,#1788,#1789,#1790
      ,#1791,#1792,#1793,#1794,#1795,#1796,#1797,#1798,#1799,#1800,#1801
      ,#1802,#1803,#1804,#1805)
    ,(#1806,#1807,#1808,#1809,#1810,#1811,#1812,#1813,#1814,#1815,#1816
      ,#1817,#1818,#1819,#1820,#1821,#1822,#1823,#1824,#1825,#1826,#1827
      ,#1828,#1829,#1830,#1831,#1832,#1833,#1834,#1835,#1836,#1837,#1838
      ,#1839,#1840,#1841,#1842,#1843,#1844,#1845,#1846,#1847,#1848,#1849
      ,#1850,#1851,#1852,#1853,#1854,#1855,#1856,#1857,#1858,#1859,#1860
      ,#1861,#1862,#1863,#1864)
    ,(#1865,#1866,#1867,#1868,#1869,#1870,#1871,#1872,#1873,#1874,#1875
      ,#1876,#1877,#1878,#1879,#1880,#1881,#1882,#1883,#1884,#1885,#1886
      ,#1887,#1888,#1889,#1890,#1891,#1892,#1893,#1894,#1895,#1896,#1897
      ,#1898,#1899,#1900,#1901,#1902,#1903,#1904,#1905,#1906,#1907,#1908
      ,#1909,#1910,#1911,#1912,#1913,#1914,#1915,#1916,#1917,#1918,#1919
      ,#1920,#1921,#1922,#1923)
    ,(#1924,#1925,#1926,#1927,#1928,#1929,#1930,#1931,#1932,#1933,#1934
      ,#1935,#1936,#1937,#1938,#1939,#1940,#1941,#1942,#1943,#1944,#1945
      ,#1946,#1947,#1948,#1949,#1950,#1951,#1952,#1953,#1954,#1955,#1956
      ,#1957,#1958,#1959,#1960,#1961,#1962,#1963,#1964,#1965,#1966,#1967
      ,#1968,#1969,#1970,#1971,#1972,#1973,#1974,#1975,#1976,#1977,#1978
      ,#1979,#1980,#1981,#1982
    )),.UNSPECIFIED.,.F.,.F.,.F.,(4,1,1,1,1,1,1,1,1,1,1,1,1,4),(4,1,1,1,
    1,1,1,1,1,1,1,1,1,1,1,1,1,1,1,1,1,1,1,1,1,1,1,1,1,1,1,1,1,1,1,1,1,1,
    1,1,1,1,1,1,1,1,1,1,1,1,1,1,1,1,1,1,4),(0.,7.692307692308E-02,
    0.153846153846,0.230769230769,0.307692307692,0.384615384615,
    0.461538461538,0.538461538462,0.615384615385,0.692307692308,
    0.769230769231,0.846153846154,0.923076923077,1.),(0.,
    1.785714285714E-02,3.571428571429E-02,5.357142857143E-02,
    7.142857142857E-02,8.928571428571E-02,0.107142857143,0.125,
    0.142857142857,0.160714285714,0.178571428571,0.196428571429,
    0.214285714286,0.232142857143,0.25,0.267857142857,0.285714285714,
    0.303571428571,0.321428571429,0.339285714286,0.357142857143,0.375,
    0.392857142857,0.410714285714,0.428571428571,0.446428571429,
    0.464285714286,0.482142857143,0.5,0.517857142857,0.535714285714,
    0.553571428571,0.571428571429,0.589285714286,0.607142857143,0.625,
    0.642857142857,0.660714285714,0.678571428571,0.696428571429,
    0.714285714286,0.732142857143,0.75,0.767857142857,0.785714285714,
    0.803571428571,0.821428571429,0.839285714286,0.857142857143,0.875,
    0.892857142857,0.910714285714,0.928571428571,0.946428571429,
    0.964285714286,0.982142857143,1.),.UNSPECIFIED.);
#1039 = CARTESIAN_POINT('',(112.96173095703,24.033670425415,-370.));
#1040 = CARTESIAN_POINT('',(113.5681400481,24.694202557493,-370.));
#1041 = CARTESIAN_POINT('',(115.22640217792,24.755436960733,-370.));
#1042 = CARTESIAN_POINT('',(117.65658483191,24.779928466262,-370.));
#1043 = CARTESIAN_POINT('',(120.09509411672,24.938313456412,-370.));
#1044 = CARTESIAN_POINT('',(122.52562081056,25.143978200968,-370.));
#1045 = CARTESIAN_POINT('',(124.94612590908,25.456094391176,-370.));
#1046 = CARTESIAN_POINT('',(127.360101843,25.811260258188,-370.));
#1047 = CARTESIAN_POINT('',(129.76156512571,26.244581953941,-370.));
#1048 = CARTESIAN_POINT('',(132.15018265618,26.744228476943,-370.));
#1049 = CARTESIAN_POINT('',(134.51228761464,27.357484567136,
    -369.9999999999));
#1050 = CARTESIAN_POINT('',(136.87598035552,27.962005513701,-370.));
#1051 = CARTESIAN_POINT('',(139.21843870769,28.645706940094,-370.));
#1052 = CARTESIAN_POINT('',(141.55075940771,29.362216810934,-370.));
#1053 = CARTESIAN_POINT('',(143.87463085984,30.106141989575,
    -369.9999999999));
#1054 = CARTESIAN_POINT('',(146.17262683821,30.926839058665,-370.));
#1055 = CARTESIAN_POINT('',(148.4609498557,31.774001513419,-370.));
#1056 = CARTESIAN_POINT('',(150.73421240278,32.658230700115,-370.));
#1057 = CARTESIAN_POINT('',(152.98089650455,33.617008104561,-370.));
#1058 = CARTESIAN_POINT('',(155.21378314003,34.587245665816,-370.));
#1059 = CARTESIAN_POINT('',(157.4381454451,35.612966727085,-370.));
#1060 = CARTESIAN_POINT('',(159.63638051977,36.638468475066,-370.));
#1061 = CARTESIAN_POINT('',(161.84060275475,37.73654408239,-370.));
#1062 = CARTESIAN_POINT('',(164.0761444331,38.829600489554,-370.));
#1063 = CARTESIAN_POINT('',(166.04114156734,39.934580145022,-370.));
#1064 = CARTESIAN_POINT('',(168.6035901539,41.022287758484,-370.));
#1065 = CARTESIAN_POINT('',(169.48242940914,43.446709834872,-370.));
#1066 = CARTESIAN_POINT('',(166.95388624591,45.197658846216,-370.));
#1067 = CARTESIAN_POINT('',(164.63499713782,43.605085008209,-370.));
#1068 = CARTESIAN_POINT('',(162.50034537919,42.786095134139,-370.));
#1069 = CARTESIAN_POINT('',(160.30351266711,41.767506591664,-370.));
#1070 = CARTESIAN_POINT('',(157.91577625986,40.949491035162,-370.));
#1071 = CARTESIAN_POINT('',(155.63326669231,40.173414768739,-370.));
#1072 = CARTESIAN_POINT('',(153.26374805115,39.531955209181,-370.));
#1073 = CARTESIAN_POINT('',(150.91102585969,38.925380570576,-370.));
#1074 = CARTESIAN_POINT('',(148.52550891115,38.378489465261,-370.));
#1075 = CARTESIAN_POINT('',(146.13699467421,37.903393433909,-370.));
#1076 = CARTESIAN_POINT('',(143.73261346322,37.47000157606,-370.));
#1077 = CARTESIAN_POINT('',(141.31783099726,37.130265827916,-370.));
#1078 = CARTESIAN_POINT('',(138.89263761803,36.853811756181,-370.));
#1079 = CARTESIAN_POINT('',(136.46547188904,36.607927976025,-370.));
#1080 = CARTESIAN_POINT('',(134.03679619842,36.374895124771,-370.));
#1081 = CARTESIAN_POINT('',(131.60292015738,36.196500730398,-370.));
#1082 = CARTESIAN_POINT('',(129.17185365433,35.994050812337,-370.));
#1083 = CARTESIAN_POINT('',(126.73592855693,35.845255834838,-370.));
#1084 = CARTESIAN_POINT('',(124.29767935204,35.756169292421,-370.));
#1085 = CARTESIAN_POINT('',(121.85856126881,35.703820851261,-370.));
#1086 = CARTESIAN_POINT('',(119.41807438238,35.667918312001,
    -369.9999999999));
#1087 = CARTESIAN_POINT('',(116.98090884042,35.631837237437,-370.));
#1088 = CARTESIAN_POINT('',(114.53667954028,35.561534461663,-370.));
#1089 = CARTESIAN_POINT('',(112.10812139648,35.476690845779,-370.));
#1090 = CARTESIAN_POINT('',(109.65347709657,35.34343173529,-370.));
#1091 = CARTESIAN_POINT('',(107.25560957668,35.134468494622,-370.));
#1092 = CARTESIAN_POINT('',(104.7835823574,34.731536616446,
    -369.9999999999));
#1093 = CARTESIAN_POINT('',(102.51264477978,34.217445530262,-370.));
#1094 = CARTESIAN_POINT('',(100.20942975172,32.769742472491,-370.));
#1095 = CARTESIAN_POINT('',(99.596016796466,30.45482536908,-370.));
#1096 = CARTESIAN_POINT('',(100.74437332307,28.74250667339,-370.));
#1097 = CARTESIAN_POINT('',(101.15966796875,28.237289428711,-370.));
#1098 = CARTESIAN_POINT('',(111.30784974968,23.483403217113,
    -369.5726532024));
#1099 = CARTESIAN_POINT('',(111.82398673081,24.718905616459,
    -369.5726532024));
#1100 = CARTESIAN_POINT('',(113.52573266331,25.457563498443,
    -369.5726532024));
#1101 = CARTESIAN_POINT('',(116.04910169208,25.004609673392,
    -369.5726532024));
#1102 = CARTESIAN_POINT('',(118.58974630155,25.192378620997,
    -369.5726532024));
#1103 = CARTESIAN_POINT('',(121.11358912689,25.297205632746,
    -369.5726532024));
#1104 = CARTESIAN_POINT('',(123.63900827307,25.561940810738,
    -369.5726532024));
#1105 = CARTESIAN_POINT('',(126.16057580091,25.786144937352,
    -369.5726532024));
#1106 = CARTESIAN_POINT('',(128.64147839767,26.337429818177,
    -369.5726532024));
#1107 = CARTESIAN_POINT('',(131.16382517599,26.619530626388,
    -369.5726532024));
#1108 = CARTESIAN_POINT('',(133.6018362771,27.339895468986,
    -369.5726532024));
#1109 = CARTESIAN_POINT('',(136.06486535773,27.928490895028,
    -369.5726532024));
#1110 = CARTESIAN_POINT('',(138.49543642916,28.644750186664,
    -369.5726532024));
#1111 = CARTESIAN_POINT('',(140.93101230084,29.347039475821,
    -369.5726532024));
#1112 = CARTESIAN_POINT('',(143.33187296762,30.153416046024,
    -369.5726532024));
#1113 = CARTESIAN_POINT('',(145.7507815541,30.910605320108,
    -369.5726532024));
#1114 = CARTESIAN_POINT('',(148.11700594286,31.821573188136,
    -369.5726532024));
#1115 = CARTESIAN_POINT('',(150.449987596,32.808814988219,
    -369.5726532024));
#1116 = CARTESIAN_POINT('',(152.82852457274,33.689130899675,
    -369.5726532024));
#1117 = CARTESIAN_POINT('',(155.13564963602,34.730991235851,
    -369.5726532024));
#1118 = CARTESIAN_POINT('',(157.43347637248,35.809932761045,
    -369.5726532024));
#1119 = CARTESIAN_POINT('',(159.77752877385,36.763847774524,
    -369.5726532024));
#1120 = CARTESIAN_POINT('',(161.93044600499,38.150642879758,
    -369.5726532024));
#1121 = CARTESIAN_POINT('',(164.40861478975,39.029741767172,
    -369.5726532024));
#1122 = CARTESIAN_POINT('',(166.26786197857,40.430620703061,
    -369.5726532024));
#1123 = CARTESIAN_POINT('',(169.1984824681,41.179147916472,
    -369.5726532024));
#1124 = CARTESIAN_POINT('',(170.22522156278,43.789532814201,
    -369.5726532024));
#1125 = CARTESIAN_POINT('',(166.46124536459,46.349500939377,
    -369.5726532024));
#1126 = CARTESIAN_POINT('',(164.35441875136,43.251127719791,
    -369.5726532024));
#1127 = CARTESIAN_POINT('',(162.00652681301,42.947784603329,
    -369.5726532024));
#1128 = CARTESIAN_POINT('',(159.77856118153,41.642138354185,
    -369.5726532024));
#1129 = CARTESIAN_POINT('',(157.24199242814,41.003156668189,
    -369.5726532024));
#1130 = CARTESIAN_POINT('',(154.89194369613,40.107533577387,
    -369.5726532024));
#1131 = CARTESIAN_POINT('',(152.42897153945,39.469804151292,
    -369.5726532024));
#1132 = CARTESIAN_POINT('',(149.98880181803,38.805606090999,
    -369.5726532024));
#1133 = CARTESIAN_POINT('',(147.47267957589,38.427866506555,
    -369.5726532024));
#1134 = CARTESIAN_POINT('',(145.02297445792,37.765761734818,
    -369.5726532024));
#1135 = CARTESIAN_POINT('',(142.50129664781,37.465968618237,
    -369.5726532024));
#1136 = CARTESIAN_POINT('',(139.98702338569,37.145617883001,
    -369.5726532024));
#1137 = CARTESIAN_POINT('',(137.46535835871,36.891805821988,
    -369.5726532024));
#1138 = CARTESIAN_POINT('',(134.94845556057,36.605868139448,
    -369.5726532024));
#1139 = CARTESIAN_POINT('',(132.41629919943,36.484400739176,
    -369.5726532024));
#1140 = CARTESIAN_POINT('',(129.89700272405,36.209157390624,
    -369.5726532024));
#1141 = CARTESIAN_POINT('',(127.36554709477,36.075047367013,
    -369.5726532024));
#1142 = CARTESIAN_POINT('',(124.83377872023,35.992962907748,
    -369.5726532024));
#1143 = CARTESIAN_POINT('',(122.29948617267,35.910680715356,
    -369.5726532024));
#1144 = CARTESIAN_POINT('',(119.76764662292,35.96241153712,
    -369.5726532024));
#1145 = CARTESIAN_POINT('',(117.23267995543,35.992910987826,
    -369.5726532024));
#1146 = CARTESIAN_POINT('',(114.70296678051,35.815247727319,
    -369.5726532024));
#1147 = CARTESIAN_POINT('',(112.16163291957,35.783305532808,
    -369.5726532024));
#1148 = CARTESIAN_POINT('',(109.64353985578,35.805971850139,
    -369.5726532024));
#1149 = CARTESIAN_POINT('',(107.08336332932,35.613079084466,
    -369.5726532024));
#1150 = CARTESIAN_POINT('',(104.6192219575,35.326905549396,
    -369.5726532024));
#1151 = CARTESIAN_POINT('',(102.01012853513,34.799762129613,
    -369.5726532024));
#1152 = CARTESIAN_POINT('',(99.741474015528,34.334837171627,
    -369.5726532024));
#1153 = CARTESIAN_POINT('',(97.280618272857,31.771720148983,
    -369.5726532024));
#1154 = CARTESIAN_POINT('',(99.402117694805,27.137870285987,
    -369.5726532024));
#1155 = CARTESIAN_POINT('',(103.12357573609,26.812949025886,
    -369.5726532024));
#1156 = CARTESIAN_POINT('',(103.2742786043,26.302462725709,
    -369.5726532024));
#1157 = CARTESIAN_POINT('',(111.79729092754,25.819193365103,
    -362.3189663156));
#1158 = CARTESIAN_POINT('',(112.7165928904,25.611826112399,
    -362.3189663156));
#1159 = CARTESIAN_POINT('',(114.34251736529,25.210165375179,
    -362.3189663156));
#1160 = CARTESIAN_POINT('',(116.78103440904,25.407905746254,
    -362.3189663156));
#1161 = CARTESIAN_POINT('',(119.20667863905,25.281450867903,
    -362.3189663156));
#1162 = CARTESIAN_POINT('',(121.64489871457,25.462874783846,
    -362.3189663156));
#1163 = CARTESIAN_POINT('',(124.05591080403,25.733094740404,
    -362.3189663156));
#1164 = CARTESIAN_POINT('',(126.46618081294,26.10383302137,
    -362.3189663156));
#1165 = CARTESIAN_POINT('',(128.89310064311,26.314714945674,
    -362.3189663156));
#1166 = CARTESIAN_POINT('',(131.26482300424,26.88762580631,
    -362.3189663156));
#1167 = CARTESIAN_POINT('',(133.65169372575,27.353967248799,
    -362.3189663156));
#1168 = CARTESIAN_POINT('',(136.00466376199,27.977605015922,
    -362.3189663156));
#1169 = CARTESIAN_POINT('',(138.34646179786,28.63754113578,
    -362.3189663156));
#1170 = CARTESIAN_POINT('',(140.68963979787,29.291283067928,
    -362.3189663156));
#1171 = CARTESIAN_POINT('',(143.02130491894,29.989338526129,
    -362.3189663156));
#1172 = CARTESIAN_POINT('',(145.30887016276,30.82085568992,
    -362.3189663156));
#1173 = CARTESIAN_POINT('',(147.62408117952,31.569312194775,
    -362.3189663156));
#1174 = CARTESIAN_POINT('',(149.92846032753,32.355234547459,
    -362.3189663156));
#1175 = CARTESIAN_POINT('',(152.16507006855,33.326864685688,
    -362.3189663156));
#1176 = CARTESIAN_POINT('',(154.39832668954,34.267379275389,
    -362.3189663156));
#1177 = CARTESIAN_POINT('',(156.64915447986,35.239564525994,
    -362.3189663156));
#1178 = CARTESIAN_POINT('',(158.78755316694,36.337249295628,
    -362.3189663156));
#1179 = CARTESIAN_POINT('',(161.13350949459,37.197231805639,
    -362.3189663156));
#1180 = CARTESIAN_POINT('',(163.19553369209,38.495278981346,
    -362.3189663156));
#1181 = CARTESIAN_POINT('',(165.43781159694,39.281807737998,
    -362.3189663156));
#1182 = CARTESIAN_POINT('',(167.44723674502,40.932162713104,
    -362.3189663156));
#1183 = CARTESIAN_POINT('',(170.27326466512,41.163958515125,
    -362.3189663156));
#1184 = CARTESIAN_POINT('',(170.80541402138,44.925324581177,
    -362.3189663156));
#1185 = CARTESIAN_POINT('',(167.5293225277,45.741439509341,
    -362.3189663156));
#1186 = CARTESIAN_POINT('',(165.80015409257,43.915875775864,
    -362.3189663156));
#1187 = CARTESIAN_POINT('',(163.43563072327,43.357689213851,
    -362.3189663156));
#1188 = CARTESIAN_POINT('',(161.19307091533,42.174796360893,
    -362.3189663156));
#1189 = CARTESIAN_POINT('',(158.8997013932,41.439479230073,
    -362.3189663156));
#1190 = CARTESIAN_POINT('',(156.56749887508,40.70421657199,
    -362.3189663156));
#1191 = CARTESIAN_POINT('',(154.22390594163,40.090997603136,
    -362.3189663156));
#1192 = CARTESIAN_POINT('',(151.886136591,39.361668770461,
    -362.3189663156));
#1193 = CARTESIAN_POINT('',(149.48102949007,39.016071754132,
    -362.3189663156));
#1194 = CARTESIAN_POINT('',(147.10965980627,38.429126489334,
    -362.3189663156));
#1195 = CARTESIAN_POINT('',(144.71465787177,38.017473220163,
    -362.3189663156));
#1196 = CARTESIAN_POINT('',(142.30111177736,37.692949302291,
    -362.3189663156));
#1197 = CARTESIAN_POINT('',(139.88083148915,37.447287841364,
    -362.3189663156));
#1198 = CARTESIAN_POINT('',(137.46710264598,37.116664946657,
    -362.3189663156));
#1199 = CARTESIAN_POINT('',(135.04000355675,36.93809482116,
    -362.3189663156));
#1200 = CARTESIAN_POINT('',(132.61915090324,36.702450725031,
    -362.3189663156));
#1201 = CARTESIAN_POINT('',(130.19210370618,36.494733702572,
    -362.3189663156));
#1202 = CARTESIAN_POINT('',(127.76172031257,36.426885050442,
    -362.3189663156));
#1203 = CARTESIAN_POINT('',(125.32832820423,36.305614865273,
    -362.3189663156));
#1204 = CARTESIAN_POINT('',(122.89464742016,36.254295059547,
    -362.3189663156));
#1205 = CARTESIAN_POINT('',(120.46381242486,36.37769657811,
    -362.3189663156));
#1206 = CARTESIAN_POINT('',(118.02765698283,36.301954573708,
    -362.3189663156));
#1207 = CARTESIAN_POINT('',(115.60236170827,36.196739708465,
    -362.3189663156));
#1208 = CARTESIAN_POINT('',(113.15884219112,36.165386722794,
    -362.3189663156));
#1209 = CARTESIAN_POINT('',(110.74136567863,36.163019784626,
    -362.3189663156));
#1210 = CARTESIAN_POINT('',(108.2759640136,36.062425042651,
    -362.3189663156));
#1211 = CARTESIAN_POINT('',(105.89648992972,35.783381690949,
    -362.3189663156));
#1212 = CARTESIAN_POINT('',(103.3271473494,35.973986695829,
    -362.3189663156));
#1213 = CARTESIAN_POINT('',(99.641658862799,35.789786334917,
    -362.3189663156));
#1214 = CARTESIAN_POINT('',(98.649708360261,32.700053847893,
    -362.3189663156));
#1215 = CARTESIAN_POINT('',(99.391273397604,32.29117971645,
    -362.3189663156));
#1216 = CARTESIAN_POINT('',(112.90347081532,25.13819874788,
    -358.8432230756));
#1217 = CARTESIAN_POINT('',(113.64875336684,25.57717973375,
    -358.8432230756));
#1218 = CARTESIAN_POINT('',(115.33727709888,25.86754058705,
    -358.8432230756));
#1219 = CARTESIAN_POINT('',(117.86722445949,25.586706386707,
    -358.8432230756));
#1220 = CARTESIAN_POINT('',(120.40154142664,25.792057492059,
    -358.8432230756));
#1221 = CARTESIAN_POINT('',(122.92589077391,25.94473735406,
    -358.8432230756));
#1222 = CARTESIAN_POINT('',(125.44502506178,26.23491071474,
    -358.8432230756));
#1223 = CARTESIAN_POINT('',(127.95980844145,26.522929606573,
    -358.8432230756));
#1224 = CARTESIAN_POINT('',(130.44170514938,27.059900627706,
    -358.8432230756));
#1225 = CARTESIAN_POINT('',(132.93086837696,27.512216375691,
    -358.8432230756));
#1226 = CARTESIAN_POINT('',(135.39638979139,28.102097449847,
    -358.8432230756));
#1227 = CARTESIAN_POINT('',(137.85166836708,28.722308766998,
    -358.8432230756));
#1228 = CARTESIAN_POINT('',(140.27946952008,29.445732702369,
    -358.8432230756));
#1229 = CARTESIAN_POINT('',(142.70611882503,30.172524683053,
    -358.8432230756));
#1230 = CARTESIAN_POINT('',(145.12221855117,30.931616673631,
    -358.8432230756));
#1231 = CARTESIAN_POINT('',(147.52344705729,31.73752754085,
    -358.8432230756));
#1232 = CARTESIAN_POINT('',(149.89294045175,32.637235023947,
    -358.8432230756));
#1233 = CARTESIAN_POINT('',(152.23376811788,33.602109951932,
    -358.8432230756));
#1234 = CARTESIAN_POINT('',(154.58537795646,34.549082861746,
    -358.8432230756));
#1235 = CARTESIAN_POINT('',(156.90853202284,35.546947163274,
    -358.8432230756));
#1236 = CARTESIAN_POINT('',(159.20470452312,36.636550667725,
    -358.8432230756));
#1237 = CARTESIAN_POINT('',(161.51068433576,37.656051295482,
    -358.8432230756));
#1238 = CARTESIAN_POINT('',(163.73726975698,38.91271066274,
    -358.8432230756));
#1239 = CARTESIAN_POINT('',(166.12426611475,39.931557756897,
    -358.8432230756));
#1240 = CARTESIAN_POINT('',(168.07187565466,41.23311640511,
    -358.8432230756));
#1241 = CARTESIAN_POINT('',(170.89640656916,42.057729984777,
    -358.8432230756));
#1242 = CARTESIAN_POINT('',(171.857299177,44.895414802112,
    -358.8432230756));
#1243 = CARTESIAN_POINT('',(168.07520353544,47.040796361124,
    -358.8432230756));
#1244 = CARTESIAN_POINT('',(165.92029069517,44.201964126871,
    -358.8432230756));
#1245 = CARTESIAN_POINT('',(163.63134851324,43.749887077252,
    -358.8432230756));
#1246 = CARTESIAN_POINT('',(161.37198547378,42.528360423873,
    -358.8432230756));
#1247 = CARTESIAN_POINT('',(158.87078800724,41.793470513429,
    -358.8432230756));
#1248 = CARTESIAN_POINT('',(156.49572244938,40.975521503072,
    -358.8432230756));
#1249 = CARTESIAN_POINT('',(154.03897570225,40.318572972409,
    -358.8432230756));
#1250 = CARTESIAN_POINT('',(151.59875203292,39.660220501235,
    -358.8432230756));
#1251 = CARTESIAN_POINT('',(149.09628484875,39.223110609558,
    -358.8432230756));
#1252 = CARTESIAN_POINT('',(146.63859421559,38.604383372789,
    -358.8432230756));
#1253 = CARTESIAN_POINT('',(144.12477521829,38.266725790948,
    -358.8432230756));
#1254 = CARTESIAN_POINT('',(141.61784851906,37.903571111366,
    -358.8432230756));
#1255 = CARTESIAN_POINT('',(139.0956662304,37.655603676968,
    -358.8432230756));
#1256 = CARTESIAN_POINT('',(136.57294308286,37.434803204701,
    -358.8432230756));
#1257 = CARTESIAN_POINT('',(134.04385426293,37.284954041108,
    -358.8432230756));
#1258 = CARTESIAN_POINT('',(131.52550645419,37.007489358637,
    -358.8432230756));
#1259 = CARTESIAN_POINT('',(128.99644322228,36.85161188275,
    -358.8432230756));
#1260 = CARTESIAN_POINT('',(126.46560876983,36.76148246153,
    -358.8432230756));
#1261 = CARTESIAN_POINT('',(123.93156860191,36.691449977134,
    -358.8432230756));
#1262 = CARTESIAN_POINT('',(121.40027184526,36.768370734994,
    -358.8432230756));
#1263 = CARTESIAN_POINT('',(118.86537531942,36.81054422493,
    -358.8432230756));
#1264 = CARTESIAN_POINT('',(116.33698940269,36.672004695113,
    -358.8432230756));
#1265 = CARTESIAN_POINT('',(113.7957805157,36.636482379185,
    -358.8432230756));
#1266 = CARTESIAN_POINT('',(111.28026586415,36.603789049597,
    -358.8432230756));
#1267 = CARTESIAN_POINT('',(108.71775044551,36.484236901118,
    -358.8432230756));
#1268 = CARTESIAN_POINT('',(106.25202344359,36.261345258134,
    -358.8432230756));
#1269 = CARTESIAN_POINT('',(103.63184185458,35.849181583303,
    -358.8432230756));
#1270 = CARTESIAN_POINT('',(101.35628918386,35.423008234229,
    -358.8432230756));
#1271 = CARTESIAN_POINT('',(98.661265667761,33.858270488465,
    -358.8432230756));
#1272 = CARTESIAN_POINT('',(99.338648060484,30.161615970505,
    -358.8432230756));
#1273 = CARTESIAN_POINT('',(101.95448557534,29.109277083801,
    -358.8432230756));
#1274 = CARTESIAN_POINT('',(102.26053121225,28.642805144023,
    -358.8432230756));
#1275 = CARTESIAN_POINT('',(112.18723507887,25.763639046346,
    -350.102435939));
#1276 = CARTESIAN_POINT('',(113.07661842191,25.76658629642,
    -350.102435939));
#1277 = CARTESIAN_POINT('',(114.75379955439,25.858868866942,
    -350.102435939));
#1278 = CARTESIAN_POINT('',(117.28359162791,25.890851836769,
    -350.102435939));
#1279 = CARTESIAN_POINT('',(119.80491012214,25.774450252588,
    -350.102435939));
#1280 = CARTESIAN_POINT('',(122.32882742839,25.976541177255,
    -350.102435939));
#1281 = CARTESIAN_POINT('',(124.83677538705,26.230394289572,
    -350.102435939));
#1282 = CARTESIAN_POINT('',(127.34494933506,26.537427708721,
    -350.102435939));
#1283 = CARTESIAN_POINT('',(129.84125157276,26.907708598482,
    -350.102435939));
#1284 = CARTESIAN_POINT('',(132.32176830352,27.384621694151,
    -350.102435939));
#1285 = CARTESIAN_POINT('',(134.78724472355,27.928002832425,
    -350.102435939));
#1286 = CARTESIAN_POINT('',(137.24544710527,28.50350384316,
    -350.102435939));
#1287 = CARTESIAN_POINT('',(139.67250554484,29.201765310417,
    -350.102435939));
#1288 = CARTESIAN_POINT('',(142.11487162977,29.841188677902,
    -350.102435939));
#1289 = CARTESIAN_POINT('',(144.52376291533,30.599731113905,
    -350.102435939));
#1290 = CARTESIAN_POINT('',(146.9160965044,31.404596357243,
    -350.102435939));
#1291 = CARTESIAN_POINT('',(149.31537315067,32.193013599258,
    -350.102435939));
#1292 = CARTESIAN_POINT('',(151.67972610497,33.077030086972,
    -350.102435939));
#1293 = CARTESIAN_POINT('',(154.01397050458,34.047863637312,
    -350.102435939));
#1294 = CARTESIAN_POINT('',(156.32800907551,35.039450148398,
    -350.102435939));
#1295 = CARTESIAN_POINT('',(158.65865875937,36.042562268062,
    -350.102435939));
#1296 = CARTESIAN_POINT('',(160.91560401909,37.12917349921,
    -350.102435939));
#1297 = CARTESIAN_POINT('',(163.25217143952,38.170487262168,
    -350.102435939));
#1298 = CARTESIAN_POINT('',(165.52246232914,39.349434256347,
    -350.102435939));
#1299 = CARTESIAN_POINT('',(167.66507512011,40.351927626933,
    -350.102435939));
#1300 = CARTESIAN_POINT('',(170.08107283996,41.755451762689,
    -350.102435939));
#1301 = CARTESIAN_POINT('',(172.30635274066,42.63082877134,
    -350.102435939));
#1302 = CARTESIAN_POINT('',(172.00055428933,46.034413271692,
    -350.102435939));
#1303 = CARTESIAN_POINT('',(168.90974704933,46.005373698001,
    -350.102435939));
#1304 = CARTESIAN_POINT('',(166.95902701165,44.551670157049,
    -350.102435939));
#1305 = CARTESIAN_POINT('',(164.5758918398,43.763532517229,
    -350.102435939));
#1306 = CARTESIAN_POINT('',(162.18347182386,42.72242043757,
    -350.102435939));
#1307 = CARTESIAN_POINT('',(159.80975925779,41.942793057001,
    -350.102435939));
#1308 = CARTESIAN_POINT('',(157.38633806821,41.189530383148,
    -350.102435939));
#1309 = CARTESIAN_POINT('',(154.94543456423,40.588807575092,
    -350.102435939));
#1310 = CARTESIAN_POINT('',(152.5098307836,39.87727948734,-350.102435939
    ));
#1311 = CARTESIAN_POINT('',(150.02479283368,39.464379183662,
    -350.102435939));
#1312 = CARTESIAN_POINT('',(147.55155654933,38.926165048711,
    -350.102435939));
#1313 = CARTESIAN_POINT('',(145.06064464812,38.538577610404,
    -350.102435939));
#1314 = CARTESIAN_POINT('',(142.56000166598,38.175116530912,
    -350.102435939));
#1315 = CARTESIAN_POINT('',(140.04709512996,37.935636361456,
    -350.102435939));
#1316 = CARTESIAN_POINT('',(137.5334174938,37.704485820608,
    -350.102435939));
#1317 = CARTESIAN_POINT('',(135.01773574496,37.483380481886,
    -350.102435939));
#1318 = CARTESIAN_POINT('',(132.49972254436,37.320689818829,
    -350.102435939));
#1319 = CARTESIAN_POINT('',(129.98192208786,37.109589209115,
    -350.102435939));
#1320 = CARTESIAN_POINT('',(127.46055184983,37.007526312078,
    -350.102435939));
#1321 = CARTESIAN_POINT('',(124.93540313724,36.950667965229,
    -350.102435939));
#1322 = CARTESIAN_POINT('',(122.41087450051,36.997454271328,
    -350.102435939));
#1323 = CARTESIAN_POINT('',(119.88891941065,37.073933402565,
    -350.102435939));
#1324 = CARTESIAN_POINT('',(117.36014453586,37.023030084187,
    -350.102435939));
#1325 = CARTESIAN_POINT('',(114.84365015363,37.025121550623,
    -350.102435939));
#1326 = CARTESIAN_POINT('',(112.30612887361,36.904555285077,
    -350.102435939));
#1327 = CARTESIAN_POINT('',(109.80767986104,36.904189633631,
    -350.102435939));
#1328 = CARTESIAN_POINT('',(107.23804376824,36.695589806346,
    -350.102435939));
#1329 = CARTESIAN_POINT('',(104.81646050944,36.407413502607,
    -350.102435939));
#1330 = CARTESIAN_POINT('',(102.17136790115,36.054526045459,
    -350.102435939));
#1331 = CARTESIAN_POINT('',(99.524887711116,35.150203237371,
    -350.102435939));
#1332 = CARTESIAN_POINT('',(99.244169451849,32.453773119672,
    -350.102435939));
#1333 = CARTESIAN_POINT('',(99.954178279528,32.043507060066,
    -350.102435939));
#1334 = CARTESIAN_POINT('',(110.68138664621,25.532016337595,
    -348.2983656094));
#1335 = CARTESIAN_POINT('',(111.36419980445,26.451207226281,
    -348.2983656094));
#1336 = CARTESIAN_POINT('',(113.12326246225,26.153538456078,
    -348.2983656094));
#1337 = CARTESIAN_POINT('',(115.72151232157,26.013801495572,
    -348.2983656094));
#1338 = CARTESIAN_POINT('',(118.33181708439,25.974201329052,
    -348.2983656094));
#1339 = CARTESIAN_POINT('',(120.94508167149,25.981943971155,
    -348.2983656094));
#1340 = CARTESIAN_POINT('',(123.54762315142,26.19527134065,
    -348.2983656094));
#1341 = CARTESIAN_POINT('',(126.13697062862,26.516013397976,
    -348.2983656094));
#1342 = CARTESIAN_POINT('',(128.72131725569,26.888449311009,
    -348.2983656094));
#1343 = CARTESIAN_POINT('',(131.29488582877,27.31057758707,
    -348.2983656094));
#1344 = CARTESIAN_POINT('',(133.86640793171,27.773256062003,
    -348.2983656094));
#1345 = CARTESIAN_POINT('',(136.39211304555,28.429119934841,
    -348.2983656094));
#1346 = CARTESIAN_POINT('',(138.92962183759,29.041698282899,
    -348.2983656094));
#1347 = CARTESIAN_POINT('',(141.4318994736,29.783966977226,
    -348.2983656094));
#1348 = CARTESIAN_POINT('',(143.94652063618,30.482172291488,
    -348.2983656094));
#1349 = CARTESIAN_POINT('',(146.42822200756,31.291693115776,
    -348.2983656094));
#1350 = CARTESIAN_POINT('',(148.87879602894,32.191016482536,
    -348.2983656094));
#1351 = CARTESIAN_POINT('',(151.31631603736,33.115739392961,
    -348.2983656094));
#1352 = CARTESIAN_POINT('',(153.76920975484,34.021971271315,
    -348.2983656094));
#1353 = CARTESIAN_POINT('',(156.16829104323,35.028635183656,
    -348.2983656094));
#1354 = CARTESIAN_POINT('',(158.57196279338,36.083569700052,
    -348.2983656094));
#1355 = CARTESIAN_POINT('',(160.93030401452,37.140544379786,
    -348.2983656094));
#1356 = CARTESIAN_POINT('',(163.32507566571,38.282501375026,
    -348.2983656094));
#1357 = CARTESIAN_POINT('',(165.65812601564,39.487027306287,
    -348.2983656094));
#1358 = CARTESIAN_POINT('',(167.91926984323,40.510718241423,
    -348.2983656094));
#1359 = CARTESIAN_POINT('',(170.32249029745,41.977657986662,
    -348.2983656094));
#1360 = CARTESIAN_POINT('',(172.98590829936,42.704886358032,
    -348.2983656094));
#1361 = CARTESIAN_POINT('',(172.09874569194,46.622000406597,
    -348.2983656094));
#1362 = CARTESIAN_POINT('',(169.04159864087,46.210340895066,
    -348.2983656094));
#1363 = CARTESIAN_POINT('',(166.9937203931,44.73161434404,
    -348.2983656094));
#1364 = CARTESIAN_POINT('',(164.56728144269,43.861897001676,
    -348.2983656094));
#1365 = CARTESIAN_POINT('',(162.09436873523,42.763114315124,
    -348.2983656094));
#1366 = CARTESIAN_POINT('',(159.62186460688,42.018567335756,
    -348.2983656094));
#1367 = CARTESIAN_POINT('',(157.12897672363,41.205896776038,
    -348.2983656094));
#1368 = CARTESIAN_POINT('',(154.60775720297,40.553219622666,
    -348.2983656094));
#1369 = CARTESIAN_POINT('',(152.07683070294,39.908596027911,
    -348.2983656094));
#1370 = CARTESIAN_POINT('',(149.52326073811,39.363230047451,
    -348.2983656094));
#1371 = CARTESIAN_POINT('',(146.93688287152,39.011209240318,
    -348.2983656094));
#1372 = CARTESIAN_POINT('',(144.36915813684,38.527019708059,
    -348.2983656094));
#1373 = CARTESIAN_POINT('',(141.77300191557,38.255407777938,
    -348.2983656094));
#1374 = CARTESIAN_POINT('',(139.17743644297,37.982252238975,
    -348.2983656094));
#1375 = CARTESIAN_POINT('',(136.57434396719,37.796871822836,
    -348.2983656094));
#1376 = CARTESIAN_POINT('',(133.97179993203,37.601856827577,
    -348.2983656094));
#1377 = CARTESIAN_POINT('',(131.37245076536,37.360151054525,
    -348.2983656094));
#1378 = CARTESIAN_POINT('',(128.76484580867,37.253896129253,
    -348.2983656094));
#1379 = CARTESIAN_POINT('',(126.15644784956,37.142111496698,
    -348.2983656094));
#1380 = CARTESIAN_POINT('',(123.54708761265,37.195953828222,
    -348.2983656094));
#1381 = CARTESIAN_POINT('',(120.93665977728,37.246691861769,
    -348.2983656094));
#1382 = CARTESIAN_POINT('',(118.32947708043,37.154258063034,
    -348.2983656094));
#1383 = CARTESIAN_POINT('',(115.71295420822,37.229577681165,
    -348.2983656094));
#1384 = CARTESIAN_POINT('',(113.11713652886,37.098442489462,
    -348.2983656094));
#1385 = CARTESIAN_POINT('',(110.48415969482,37.110017632886,
    -348.2983656094));
#1386 = CARTESIAN_POINT('',(107.92273058895,36.879925732304,
    -348.2983656094));
#1387 = CARTESIAN_POINT('',(105.24817281929,36.636566515136,
    -348.2983656094));
#1388 = CARTESIAN_POINT('',(102.81405331965,36.215731119441,
    -348.2983656094));
#1389 = CARTESIAN_POINT('',(100.110186663,35.140723767362,
    -348.2983656094));
#1390 = CARTESIAN_POINT('',(99.163386348269,32.545615305077,
    -348.2983656094));
#1391 = CARTESIAN_POINT('',(100.90061598494,30.785671047783,
    -348.2983656094));
#1392 = CARTESIAN_POINT('',(101.25793039401,30.27510373468,
    -348.2983656094));
#1393 = CARTESIAN_POINT('',(113.52760935247,25.306196089974,
    -334.0462764703));
#1394 = CARTESIAN_POINT('',(114.4186946385,25.254278141616,
    -334.0462764703));
#1395 = CARTESIAN_POINT('',(116.1484396131,25.959878666987,
    -334.0462764703));
#1396 = CARTESIAN_POINT('',(118.79473713878,25.843831121434,
    -334.0462764703));
#1397 = CARTESIAN_POINT('',(121.4220625363,25.804926846107,
    -334.0462764703));
#1398 = CARTESIAN_POINT('',(124.05201065795,26.052266182027,
    -334.0462764703));
#1399 = CARTESIAN_POINT('',(126.65814853642,26.415365742841,
    -334.0462764703));
#1400 = CARTESIAN_POINT('',(129.27625098198,26.709910863818,
    -334.0462764703));
#1401 = CARTESIAN_POINT('',(131.88098039446,27.084260636219,
    -334.0462764703));
#1402 = CARTESIAN_POINT('',(134.47319103611,27.556697578936,
    -334.0462764703));
#1403 = CARTESIAN_POINT('',(137.03367289237,28.170480186194,
    -334.0462764703));
#1404 = CARTESIAN_POINT('',(139.60285882047,28.748959670821,
    -334.0462764703));
#1405 = CARTESIAN_POINT('',(142.13437283672,29.474372111881,
    -334.0462764703));
#1406 = CARTESIAN_POINT('',(144.68086219964,30.144339747651,
    -334.0462764703));
#1407 = CARTESIAN_POINT('',(147.19627011791,30.923296748075,
    -334.0462764703));
#1408 = CARTESIAN_POINT('',(149.673877499,31.81810976151,-334.0462764703
    ));
#1409 = CARTESIAN_POINT('',(152.15906814349,32.683762807555,
    -334.0462764703));
#1410 = CARTESIAN_POINT('',(154.64099561443,33.566492669499,
    -334.0462764703));
#1411 = CARTESIAN_POINT('',(157.03650708947,34.671730604812,
    -334.0462764703));
#1412 = CARTESIAN_POINT('',(159.4868897907,35.619546362266,
    -334.0462764703));
#1413 = CARTESIAN_POINT('',(161.90842778432,36.676546411831,
    -334.0462764703));
#1414 = CARTESIAN_POINT('',(164.2767039191,37.796891300324,
    -334.0462764703));
#1415 = CARTESIAN_POINT('',(166.66341082478,38.953837145531,
    -334.0462764703));
#1416 = CARTESIAN_POINT('',(169.11256737408,40.077155700657,
    -334.0462764703));
#1417 = CARTESIAN_POINT('',(171.19572906074,41.315663903802,
    -334.0462764703));
#1418 = CARTESIAN_POINT('',(174.06135853787,42.3070965587,
    -334.0462764703));
#1419 = CARTESIAN_POINT('',(175.35588827233,44.702758876836,
    -334.0462764703));
#1420 = CARTESIAN_POINT('',(172.59002318129,47.237617633207,
    -334.0462764703));
#1421 = CARTESIAN_POINT('',(170.06484007949,45.144537280491,
    -334.0462764703));
#1422 = CARTESIAN_POINT('',(167.79510937869,44.358863387996,
    -334.0462764703));
#1423 = CARTESIAN_POINT('',(165.36464403282,43.314434067638,
    -334.0462764703));
#1424 = CARTESIAN_POINT('',(162.78447723449,42.491429760012,
    -334.0462764703));
#1425 = CARTESIAN_POINT('',(160.33360581258,41.594514046412,
    -334.0462764703));
#1426 = CARTESIAN_POINT('',(157.7529892955,40.989596376986,
    -334.0462764703));
#1427 = CARTESIAN_POINT('',(155.23468996274,40.270004754718,
    -334.0462764703));
#1428 = CARTESIAN_POINT('',(152.64727043019,39.7134742223,
    -334.0462764703));
#1429 = CARTESIAN_POINT('',(150.06470324272,39.255688466642,
    -334.0462764703));
#1430 = CARTESIAN_POINT('',(147.48830218105,38.662370761137,
    -334.0462764703));
#1431 = CARTESIAN_POINT('',(144.86463177917,38.438751223118,
    -334.0462764703));
#1432 = CARTESIAN_POINT('',(142.24760056828,38.138695150167,
    -334.0462764703));
#1433 = CARTESIAN_POINT('',(139.62308991779,37.935396494552,
    -334.0462764703));
#1434 = CARTESIAN_POINT('',(136.99750988703,37.743669245962,
    -334.0462764703));
#1435 = CARTESIAN_POINT('',(134.36840635361,37.590430169063,
    -334.0462764703));
#1436 = CARTESIAN_POINT('',(131.73993668005,37.458747655271,
    -334.0462764703));
#1437 = CARTESIAN_POINT('',(129.11091615783,37.288247229987,
    -334.0462764703));
#1438 = CARTESIAN_POINT('',(126.47881396091,37.268213903712,
    -334.0462764703));
#1439 = CARTESIAN_POINT('',(123.84576581154,37.215050027575,
    -334.0462764703));
#1440 = CARTESIAN_POINT('',(121.21309875131,37.282018958654,
    -334.0462764703));
#1441 = CARTESIAN_POINT('',(118.58558099614,37.444896349245,
    -334.0462764703));
#1442 = CARTESIAN_POINT('',(115.9462678451,37.302939824615,
    -334.0462764703));
#1443 = CARTESIAN_POINT('',(113.32506969116,37.382375745391,
    -334.0462764703));
#1444 = CARTESIAN_POINT('',(110.67339214862,37.169195762488,
    -334.0462764703));
#1445 = CARTESIAN_POINT('',(108.07622380719,37.299489872368,
    -334.0462764703));
#1446 = CARTESIAN_POINT('',(105.38096116342,36.907665110177,
    -334.0462764703));
#1447 = CARTESIAN_POINT('',(102.92037621939,36.578676284999,
    -334.0462764703));
#1448 = CARTESIAN_POINT('',(100.16456583593,35.607884603786,
    -334.0462764703));
#1449 = CARTESIAN_POINT('',(98.908775570003,33.335180528211,
    -334.0462764703));
#1450 = CARTESIAN_POINT('',(100.177035802,31.33808475131,-334.0462764703
    ));
#1451 = CARTESIAN_POINT('',(100.78050415349,30.97321210763,
    -334.0462764703));
#1452 = CARTESIAN_POINT('',(112.47413261838,26.028679755422,
    -336.1817845222));
#1453 = CARTESIAN_POINT('',(113.3157297091,26.377460426166,
    -336.1817845222));
#1454 = CARTESIAN_POINT('',(115.08951929035,25.915909334711,
    -336.1817845222));
#1455 = CARTESIAN_POINT('',(117.70765438426,25.815310556904,
    -336.1817845222));
#1456 = CARTESIAN_POINT('',(120.34036066112,25.812858433026,
    -336.1817845222));
#1457 = CARTESIAN_POINT('',(122.96597587642,25.985342244647,
    -336.1817845222));
#1458 = CARTESIAN_POINT('',(125.58335271071,26.228327925309,
    -336.1817845222));
#1459 = CARTESIAN_POINT('',(128.19840627435,26.516888736887,
    -336.1817845222));
#1460 = CARTESIAN_POINT('',(130.80053041003,26.904030522848,
    -336.1817845222));
#1461 = CARTESIAN_POINT('',(133.38773398182,27.37326046984,
    -336.1817845222));
#1462 = CARTESIAN_POINT('',(135.96353109224,27.908008774157,
    -336.1817845222));
#1463 = CARTESIAN_POINT('',(138.51563673088,28.54335256072,
    -336.1817845223));
#1464 = CARTESIAN_POINT('',(141.0652931925,29.188478383107,
    -336.1817845222));
#1465 = CARTESIAN_POINT('',(143.5925668407,29.917408225876,
    -336.1817845223));
#1466 = CARTESIAN_POINT('',(146.12139920822,30.638722999935,
    -336.1817845222));
#1467 = CARTESIAN_POINT('',(148.61874209518,31.465547908212,
    -336.1817845222));
#1468 = CARTESIAN_POINT('',(151.09610810071,32.348721451506,
    -336.1817845222));
#1469 = CARTESIAN_POINT('',(153.55497573824,33.27824851377,
    -336.1817845222));
#1470 = CARTESIAN_POINT('',(156.02302504876,34.197833110123,
    -336.1817845222));
#1471 = CARTESIAN_POINT('',(158.43374104773,35.234274531928,
    -336.1817845222));
#1472 = CARTESIAN_POINT('',(160.85507277372,36.292535265702,
    -336.1817845222));
#1473 = CARTESIAN_POINT('',(163.23726996798,37.358121499435,
    -336.1817845222));
#1474 = CARTESIAN_POINT('',(165.63801229583,38.514050558667,
    -336.1817845222));
#1475 = CARTESIAN_POINT('',(168.03784978834,39.66757521961,
    -336.1817845222));
#1476 = CARTESIAN_POINT('',(170.22917330359,40.802417046144,
    -336.1817845222));
#1477 = CARTESIAN_POINT('',(172.82576249273,42.079656132766,
    -336.1817845222));
#1478 = CARTESIAN_POINT('',(174.97719809066,43.46957215387,
    -336.1817845222));
#1479 = CARTESIAN_POINT('',(173.2649484616,46.8358954659,-336.1817845222
    ));
#1480 = CARTESIAN_POINT('',(170.4079963922,45.76220332807,
    -336.1817845222));
#1481 = CARTESIAN_POINT('',(168.24830819774,44.587616028373,
    -336.1817845222));
#1482 = CARTESIAN_POINT('',(165.8143083273,43.629318601493,
    -336.1817845222));
#1483 = CARTESIAN_POINT('',(163.28940941254,42.637264792935,
    -336.1817845222));
#1484 = CARTESIAN_POINT('',(160.79732098172,41.874551770107,
    -336.1817845222));
#1485 = CARTESIAN_POINT('',(158.28071365641,41.077264019538,
    -336.1817845222));
#1486 = CARTESIAN_POINT('',(155.73963022176,40.414515278609,
    -336.1817845222));
#1487 = CARTESIAN_POINT('',(153.15944753689,39.891741616733,
    -336.1817845222));
#1488 = CARTESIAN_POINT('',(150.60434785684,39.264532151416,
    -336.1817845222));
#1489 = CARTESIAN_POINT('',(147.99952226978,38.887344929623,
    -336.1817845222));
#1490 = CARTESIAN_POINT('',(145.40906210865,38.420734445002,
    -336.1817845222));
#1491 = CARTESIAN_POINT('',(142.78778224363,38.18789395977,
    -336.1817845222));
#1492 = CARTESIAN_POINT('',(140.16850888832,37.955553192242,
    -336.1817845222));
#1493 = CARTESIAN_POINT('',(137.54530975731,37.765410376788,
    -336.1817845222));
#1494 = CARTESIAN_POINT('',(134.91844693128,37.632066726853,
    -336.1817845223));
#1495 = CARTESIAN_POINT('',(132.29714227353,37.406074302961,
    -336.1817845222));
#1496 = CARTESIAN_POINT('',(129.67044791022,37.28306125632,
    -336.1817845222));
#1497 = CARTESIAN_POINT('',(127.04070823629,37.187979483038,
    -336.1817845222));
#1498 = CARTESIAN_POINT('',(124.41178614524,37.204002265454,
    -336.1817845222));
#1499 = CARTESIAN_POINT('',(121.77990544248,37.225943826115,
    -336.1817845222));
#1500 = CARTESIAN_POINT('',(119.15392580592,37.272640869989,
    -336.1817845222));
#1501 = CARTESIAN_POINT('',(116.5169473269,37.338917742045,
    -336.1817845222));
#1502 = CARTESIAN_POINT('',(113.89930375488,37.290148577938,
    -336.1817845222));
#1503 = CARTESIAN_POINT('',(111.24652856192,37.300596305891,
    -336.1817845222));
#1504 = CARTESIAN_POINT('',(108.66363552459,37.06045547458,
    -336.1817845222));
#1505 = CARTESIAN_POINT('',(105.96290554809,36.963507504122,
    -336.1817845222));
#1506 = CARTESIAN_POINT('',(103.48990887821,36.540204348787,
    -336.1817845222));
#1507 = CARTESIAN_POINT('',(100.7218540716,35.848293196177,
    -336.1817845222));
#1508 = CARTESIAN_POINT('',(98.931986439943,33.959439525412,
    -336.1817845222));
#1509 = CARTESIAN_POINT('',(99.715932673221,31.62244812271,
    -336.1817845222));
#1510 = CARTESIAN_POINT('',(100.2251293258,31.130202400455,
    -336.1817845222));
#1511 = CARTESIAN_POINT('',(112.75385810428,25.287684579818,
    -325.8384341253));
#1512 = CARTESIAN_POINT('',(113.64923342242,25.405275567704,
    -325.8384341253));
#1513 = CARTESIAN_POINT('',(115.44131559422,25.621535496183,
    -325.8384341253));
#1514 = CARTESIAN_POINT('',(118.14571895112,25.533110762139,
    -325.8384341253));
#1515 = CARTESIAN_POINT('',(120.84196682876,25.552224486562,
    -325.8384341253));
#1516 = CARTESIAN_POINT('',(123.53981115177,25.71715043294,
    -325.8384341253));
#1517 = CARTESIAN_POINT('',(126.22378174364,25.995444341397,
    -325.8384341253));
#1518 = CARTESIAN_POINT('',(128.90579166802,26.301547320691,
    -325.8384341253));
#1519 = CARTESIAN_POINT('',(131.58683780833,26.621956819887,
    -325.8384341253));
#1520 = CARTESIAN_POINT('',(134.24689111358,27.084549095891,
    -325.8384341253));
#1521 = CARTESIAN_POINT('',(136.88358335893,27.667947179085,
    -325.8384341253));
#1522 = CARTESIAN_POINT('',(139.51766588708,28.255381940008,
    -325.8384341253));
#1523 = CARTESIAN_POINT('',(142.12783110892,28.946426158635,
    -325.8384341253));
#1524 = CARTESIAN_POINT('',(144.73526936384,29.642097369103,
    -325.8384341253));
#1525 = CARTESIAN_POINT('',(147.32114885485,30.420560674223,
    -325.8384341253));
#1526 = CARTESIAN_POINT('',(149.88953858276,31.247275037587,
    -325.8384341253));
#1527 = CARTESIAN_POINT('',(152.42589939344,32.17622325615,
    -325.8384341253));
#1528 = CARTESIAN_POINT('',(154.96988781635,33.072411394345,
    -325.8384341253));
#1529 = CARTESIAN_POINT('',(157.49154139058,34.046724967196,
    -325.8384341253));
#1530 = CARTESIAN_POINT('',(159.98719922926,35.057193894426,
    -325.8384341253));
#1531 = CARTESIAN_POINT('',(162.47411970001,36.13699491061,
    -325.8384341253));
#1532 = CARTESIAN_POINT('',(164.91399280472,37.249495762246,
    -325.8384341253));
#1533 = CARTESIAN_POINT('',(167.38199046191,38.411678439946,
    -325.8384341253));
#1534 = CARTESIAN_POINT('',(169.86197794718,39.590587368484,
    -325.8384341253));
#1535 = CARTESIAN_POINT('',(172.07454034001,40.773813688371,
    -325.8384341253));
#1536 = CARTESIAN_POINT('',(174.88285977636,41.917820937226,
    -325.8384341253));
#1537 = CARTESIAN_POINT('',(176.58712415175,43.930390221258,
    -325.8384341253));
#1538 = CARTESIAN_POINT('',(174.26192285695,46.819805526782,
    -325.8384341253));
#1539 = CARTESIAN_POINT('',(171.5160110942,45.170432016603,
    -325.8384341253));
#1540 = CARTESIAN_POINT('',(169.2184172437,44.218002730535,
    -325.8384341253));
#1541 = CARTESIAN_POINT('',(166.72604004917,43.190923009908,
    -325.8384341253));
#1542 = CARTESIAN_POINT('',(164.11357271831,42.236960757012,
    -325.8384341253));
#1543 = CARTESIAN_POINT('',(161.56517896484,41.431505856847,
    -325.8384341253));
#1544 = CARTESIAN_POINT('',(158.93632069887,40.757378907866,
    -325.8384341253));
#1545 = CARTESIAN_POINT('',(156.33282191917,40.091935917274,
    -325.8384341253));
#1546 = CARTESIAN_POINT('',(153.69424475717,39.475646364475,
    -325.8384341253));
#1547 = CARTESIAN_POINT('',(151.04466713045,38.996780088661,
    -325.8384341253));
#1548 = CARTESIAN_POINT('',(148.38843594579,38.479204834838,
    -325.8384341253));
#1549 = CARTESIAN_POINT('',(145.70278997752,38.219704548778,
    -325.8384341253));
#1550 = CARTESIAN_POINT('',(143.01474939315,37.959778040862,
    -325.8384341253));
#1551 = CARTESIAN_POINT('',(140.3255690306,37.734359585965,
    -325.8384341253));
#1552 = CARTESIAN_POINT('',(137.63096969929,37.568861265341,
    -325.8384341253));
#1553 = CARTESIAN_POINT('',(134.93480298603,37.428477424427,
    -325.8384341253));
#1554 = CARTESIAN_POINT('',(132.23758043233,37.335164677907,
    -325.8384341253));
#1555 = CARTESIAN_POINT('',(129.54466880316,37.119514456337,
    -325.8384341253));
#1556 = CARTESIAN_POINT('',(126.84519522054,37.095308119354,
    -325.8384341253));
#1557 = CARTESIAN_POINT('',(124.14611097221,37.053195420983,
    -325.8384341253));
#1558 = CARTESIAN_POINT('',(121.44785693212,37.200743444575,
    -325.8384341253));
#1559 = CARTESIAN_POINT('',(118.75221662857,37.244910929783,
    -325.8384341253));
#1560 = CARTESIAN_POINT('',(116.04687394917,37.282635738703,
    -325.8384341253));
#1561 = CARTESIAN_POINT('',(113.36005997876,37.296840635816,
    -325.8384341253));
#1562 = CARTESIAN_POINT('',(110.63804000627,37.219807120077,
    -325.8384341253));
#1563 = CARTESIAN_POINT('',(107.98237503219,37.161201251556,
    -325.8384341253));
#1564 = CARTESIAN_POINT('',(105.21574094146,36.877856111252,
    -325.8384341253));
#1565 = CARTESIAN_POINT('',(102.68697286596,36.511429441508,
    -325.8384341253));
#1566 = CARTESIAN_POINT('',(99.864831457036,35.554386220273,
    -325.8384341253));
#1567 = CARTESIAN_POINT('',(98.503149296813,33.149482746249,
    -325.8384341253));
#1568 = CARTESIAN_POINT('',(99.97113651861,31.104252859732,
    -325.8384341253));
#1569 = CARTESIAN_POINT('',(100.60579619111,30.784237036943,
    -325.8384341253));
#1570 = CARTESIAN_POINT('',(112.36590233335,24.989057753939,
    -318.9543611384));
#1571 = CARTESIAN_POINT('',(113.23025095429,25.45536834991,
    -318.9543611384));
#1572 = CARTESIAN_POINT('',(115.08598824908,25.185397927172,
    -318.9543611384));
#1573 = CARTESIAN_POINT('',(117.8404776005,25.139661831142,
    -318.9543611384));
#1574 = CARTESIAN_POINT('',(120.60341820118,25.075384466125,
    -318.9543611384));
#1575 = CARTESIAN_POINT('',(123.359496289,25.305651662935,
    -318.9543611384));
#1576 = CARTESIAN_POINT('',(126.11324145383,25.48140108336,
    -318.9543611384));
#1577 = CARTESIAN_POINT('',(128.8578036888,25.805771716775,
    -318.9543611384));
#1578 = CARTESIAN_POINT('',(131.59773560408,26.141152167571,
    -318.9543611384));
#1579 = CARTESIAN_POINT('',(134.330212229,26.544731767299,
    -318.9543611384));
#1580 = CARTESIAN_POINT('',(137.0393899841,27.08240973253,
    -318.9543611384));
#1581 = CARTESIAN_POINT('',(139.73521385369,27.677590346172,
    -318.9543611384));
#1582 = CARTESIAN_POINT('',(142.42283967915,28.314395691764,
    -318.9543611384));
#1583 = CARTESIAN_POINT('',(145.0870219321,29.040300491402,
    -318.9543611384));
#1584 = CARTESIAN_POINT('',(147.74173609094,29.796787470278,
    -318.9543611384));
#1585 = CARTESIAN_POINT('',(150.37266332287,30.641415311043,
    -318.9543611384));
#1586 = CARTESIAN_POINT('',(152.97877446401,31.551166285362,
    -318.9543611384));
#1587 = CARTESIAN_POINT('',(155.57627312248,32.488994433105,
    -318.9543611384));
#1588 = CARTESIAN_POINT('',(158.15274873545,33.486840797482,
    -318.9543611384));
#1589 = CARTESIAN_POINT('',(160.72650248888,34.477058391864,
    -318.9543611384));
#1590 = CARTESIAN_POINT('',(163.25899097457,35.598910140282,
    -318.9543611384));
#1591 = CARTESIAN_POINT('',(165.80106192288,36.648499775196,
    -318.9543611384));
#1592 = CARTESIAN_POINT('',(168.28972610667,37.890901606257,
    -318.9543611384));
#1593 = CARTESIAN_POINT('',(170.88439383181,39.018815377978,
    -318.9543611384));
#1594 = CARTESIAN_POINT('',(173.08670121142,40.277382096269,
    -318.9543611384));
#1595 = CARTESIAN_POINT('',(176.08074239718,41.338296178416,
    -318.9543611384));
#1596 = CARTESIAN_POINT('',(177.66921798547,43.54329653453,
    -318.9543611384));
#1597 = CARTESIAN_POINT('',(175.07648292956,46.384097621194,
    -318.9543611384));
#1598 = CARTESIAN_POINT('',(172.35631088546,44.581434971253,
    -318.9543611384));
#1599 = CARTESIAN_POINT('',(169.95571785954,43.68974594433,
    -318.9543611384));
#1600 = CARTESIAN_POINT('',(167.42793454503,42.602860378065,
    -318.9543611384));
#1601 = CARTESIAN_POINT('',(164.7242557484,41.699669021273,
    -318.9543611384));
#1602 = CARTESIAN_POINT('',(162.11247107315,40.899461114791,
    -318.9543611384));
#1603 = CARTESIAN_POINT('',(159.43426473241,40.174019577282,
    -318.9543611384));
#1604 = CARTESIAN_POINT('',(156.76957347373,39.482721836155,
    -318.9543611384));
#1605 = CARTESIAN_POINT('',(154.05223568199,38.951641758173,
    -318.9543611384));
#1606 = CARTESIAN_POINT('',(151.35239156248,38.392392216754,
    -318.9543611384));
#1607 = CARTESIAN_POINT('',(148.60640830141,38.053664742938,
    -318.9543611384));
#1608 = CARTESIAN_POINT('',(145.86578089255,37.733208970959,
    -318.9543611384));
#1609 = CARTESIAN_POINT('',(143.11390476786,37.492981346144,
    -318.9543611384));
#1610 = CARTESIAN_POINT('',(140.35880373119,37.301410967362,
    -318.9543611384));
#1611 = CARTESIAN_POINT('',(137.60109401991,37.171877276725,
    -318.9543611384));
#1612 = CARTESIAN_POINT('',(134.84080833163,37.07731912106,
    -318.9543611384));
#1613 = CARTESIAN_POINT('',(132.08519522724,36.899386029991,
    -318.9543611384));
#1614 = CARTESIAN_POINT('',(129.32595669594,36.796821968745,
    -318.9543611384));
#1615 = CARTESIAN_POINT('',(126.56490996632,36.698336198497,
    -318.9543611384));
#1616 = CARTESIAN_POINT('',(123.80459022211,36.754088374087,
    -318.9543611384));
#1617 = CARTESIAN_POINT('',(121.04312088051,36.842860812408,
    -318.9543611384));
#1618 = CARTESIAN_POINT('',(118.28860636411,36.966912906268,
    -318.9543611384));
#1619 = CARTESIAN_POINT('',(115.51854243161,37.005651881721,
    -318.9543611384));
#1620 = CARTESIAN_POINT('',(112.77290304998,37.010963192073,
    -318.9543611384));
#1621 = CARTESIAN_POINT('',(109.98298073119,36.995418424458,
    -318.9543611384));
#1622 = CARTESIAN_POINT('',(107.27580472811,36.899210567147,
    -318.9543611384));
#1623 = CARTESIAN_POINT('',(104.4291569316,36.576042160107,
    -318.9543611384));
#1624 = CARTESIAN_POINT('',(101.8855728246,36.185552219339,
    -318.9543611384));
#1625 = CARTESIAN_POINT('',(98.98609917983,34.873394179298,
    -318.9543611384));
#1626 = CARTESIAN_POINT('',(98.542539321557,32.097211734314,
    -318.9543611384));
#1627 = CARTESIAN_POINT('',(100.11782907367,30.349167685097,
    -318.9543611384));
#1628 = CARTESIAN_POINT('',(100.59632881968,29.806508070181,
    -318.9543611384));
#1629 = CARTESIAN_POINT('',(113.80350435063,24.836042662903,
    -314.9297447893));
#1630 = CARTESIAN_POINT('',(114.74316350295,24.78830871748,
    -314.9297447893));
#1631 = CARTESIAN_POINT('',(116.57849869446,25.012719461992,
    -314.9297447893));
#1632 = CARTESIAN_POINT('',(119.3460285663,24.765245726867,
    -314.9297447893));
#1633 = CARTESIAN_POINT('',(122.10730384802,24.978846931592,
    -314.9297447893));
#1634 = CARTESIAN_POINT('',(124.86459040879,25.176536370238,
    -314.9297447893));
#1635 = CARTESIAN_POINT('',(127.61486845728,25.466026177935,
    -314.9297447893));
#1636 = CARTESIAN_POINT('',(130.37592617631,25.638429107531,
    -314.9297447893));
#1637 = CARTESIAN_POINT('',(133.1153657704,26.026242969042,
    -314.9297447893));
#1638 = CARTESIAN_POINT('',(135.84035503596,26.491809122604,
    -314.9297447893));
#1639 = CARTESIAN_POINT('',(138.5482754301,27.0555143379,-314.9297447893
    ));
#1640 = CARTESIAN_POINT('',(141.24598883948,27.659703377151,
    -314.9297447893));
#1641 = CARTESIAN_POINT('',(143.92724653036,28.336396498717,
    -314.9297447893));
#1642 = CARTESIAN_POINT('',(146.59606106676,29.059073790144,
    -314.9297447893));
#1643 = CARTESIAN_POINT('',(149.24535517983,29.852139914966,
    -314.9297447893));
#1644 = CARTESIAN_POINT('',(151.87614454607,30.701868875407,
    -314.9297447893));
#1645 = CARTESIAN_POINT('',(154.48075132424,31.631865964685,
    -314.9297447893));
#1646 = CARTESIAN_POINT('',(157.06652442485,32.60921593481,
    -314.9297447893));
#1647 = CARTESIAN_POINT('',(159.64720322459,33.605047235818,
    -314.9297447893));
#1648 = CARTESIAN_POINT('',(162.19865823238,34.664369231281,
    -314.9297447893));
#1649 = CARTESIAN_POINT('',(164.76125447685,35.712858175331,
    -314.9297447893));
#1650 = CARTESIAN_POINT('',(167.28219024166,36.840464538811,
    -314.9297447893));
#1651 = CARTESIAN_POINT('',(169.77721587272,38.03811788154,
    -314.9297447893));
#1652 = CARTESIAN_POINT('',(172.40650183981,39.174901263309,
    -314.9297447893));
#1653 = CARTESIAN_POINT('',(174.54023125278,40.433509198304,
    -314.9297447893));
#1654 = CARTESIAN_POINT('',(177.75141506669,41.453238948869,
    -314.9297447893));
#1655 = CARTESIAN_POINT('',(177.73943231838,44.81462337809,
    -314.9297447893));
#1656 = CARTESIAN_POINT('',(174.51582949724,45.741019060199,
    -314.9297447893));
#1657 = CARTESIAN_POINT('',(172.09877009229,43.701767300647,
    -314.9297447893));
#1658 = CARTESIAN_POINT('',(169.5444876193,43.00543777495,
    -314.9297447893));
#1659 = CARTESIAN_POINT('',(167.04535313954,41.921237817534,
    -314.9297447893));
#1660 = CARTESIAN_POINT('',(164.27939170576,41.136643408422,
    -314.9297447893));
#1661 = CARTESIAN_POINT('',(161.67103285053,40.352209986324,
    -314.9297447893));
#1662 = CARTESIAN_POINT('',(158.97151587542,39.664007011518,
    -314.9297447893));
#1663 = CARTESIAN_POINT('',(156.29341486725,39.036462957449,
    -314.9297447893));
#1664 = CARTESIAN_POINT('',(153.56281329181,38.540238061585,
    -314.9297447893));
#1665 = CARTESIAN_POINT('',(150.84873778511,38.044287244133,
    -314.9297447893));
#1666 = CARTESIAN_POINT('',(148.09388786863,37.750522979645,
    -314.9297447893));
#1667 = CARTESIAN_POINT('',(145.34936346477,37.450115252296,
    -314.9297447893));
#1668 = CARTESIAN_POINT('',(142.5846825842,37.295878630708,
    -314.9297447893));
#1669 = CARTESIAN_POINT('',(139.83040915595,37.082100609095,
    -314.9297447893));
#1670 = CARTESIAN_POINT('',(137.06856590052,36.923757520587,
    -314.9297447893));
#1671 = CARTESIAN_POINT('',(134.3051278141,36.853180714884,
    -314.9297447893));
#1672 = CARTESIAN_POINT('',(131.54242601649,36.740169179224,
    -314.9297447893));
#1673 = CARTESIAN_POINT('',(128.78350876211,36.540544830965,
    -314.9297447893));
#1674 = CARTESIAN_POINT('',(126.01792859918,36.533181917176,
    -314.9297447893));
#1675 = CARTESIAN_POINT('',(123.25330435528,36.534178786577,
    -314.9297447893));
#1676 = CARTESIAN_POINT('',(120.49090061131,36.721414691078,
    -314.9297447893));
#1677 = CARTESIAN_POINT('',(117.73204426119,36.816366137048,
    -314.9297447893));
#1678 = CARTESIAN_POINT('',(114.95905985983,36.860316560285,
    -314.9297447893));
#1679 = CARTESIAN_POINT('',(112.21012305095,36.88459141624,
    -314.9297447893));
#1680 = CARTESIAN_POINT('',(109.4161183932,36.857714196097,
    -314.9297447893));
#1681 = CARTESIAN_POINT('',(106.70845389163,36.685585483193,
    -314.9297447893));
#1682 = CARTESIAN_POINT('',(103.85951128839,36.394022584571,
    -314.9297447893));
#1683 = CARTESIAN_POINT('',(101.3137293379,35.936633498862,
    -314.9297447893));
#1684 = CARTESIAN_POINT('',(98.475682851012,34.447978089244,
    -314.9297447893));
#1685 = CARTESIAN_POINT('',(98.429503774984,31.41108624181,
    -314.9297447893));
#1686 = CARTESIAN_POINT('',(100.32693664865,30.002211402885,
    -314.9297447893));
#1687 = CARTESIAN_POINT('',(100.78248077793,29.421611884759,
    -314.9297447893));
#1688 = CARTESIAN_POINT('',(112.30171670013,24.149371761552,
    -308.6815448481));
#1689 = CARTESIAN_POINT('',(113.15864254533,24.699162420165,
    -308.6815448481));
#1690 = CARTESIAN_POINT('',(115.03339859271,24.527625269149,
    -308.6815448481));
#1691 = CARTESIAN_POINT('',(117.80992180412,24.407447864608,
    -308.6815448481));
#1692 = CARTESIAN_POINT('',(120.60118144848,24.300481769088,
    -308.6815448481));
#1693 = CARTESIAN_POINT('',(123.38303570456,24.498096053702,
    -308.6815448481));
#1694 = CARTESIAN_POINT('',(126.17214093295,24.563158996319,
    -308.6815448481));
#1695 = CARTESIAN_POINT('',(128.9363859213,24.934513872317,
    -308.6815448481));
#1696 = CARTESIAN_POINT('',(131.70678366524,25.239433656713,
    -308.6815448481));
#1697 = CARTESIAN_POINT('',(134.46454478436,25.637700722686,
    -308.6815448481));
#1698 = CARTESIAN_POINT('',(137.21452369494,26.103013065932,
    -308.6815448481));
#1699 = CARTESIAN_POINT('',(139.92993219915,26.72404563299,
    -308.6815448481));
#1700 = CARTESIAN_POINT('',(142.65151985644,27.323647508024,
    -308.6815448481));
#1701 = CARTESIAN_POINT('',(145.35424609397,28.007330092518,
    -308.6815448481));
#1702 = CARTESIAN_POINT('',(148.03681237283,28.759606935388,
    -308.6815448481));
#1703 = CARTESIAN_POINT('',(150.71523698953,29.53327895896,
    -308.6815448481));
#1704 = CARTESIAN_POINT('',(153.36289354934,30.405357839228,
    -308.6815448481));
#1705 = CARTESIAN_POINT('',(155.98283761543,31.350935082666,
    -308.6815448481));
#1706 = CARTESIAN_POINT('',(158.60057304328,32.318887098447,
    -308.6815448481));
#1707 = CARTESIAN_POINT('',(161.18879977469,33.330697677715,
    -308.6815448481));
#1708 = CARTESIAN_POINT('',(163.76715318393,34.425966834078,
    -308.6815448481));
#1709 = CARTESIAN_POINT('',(166.32572275846,35.471100280498,
    -308.6815448481));
#1710 = CARTESIAN_POINT('',(168.89364697734,36.651921429555,
    -308.6815448481));
#1711 = CARTESIAN_POINT('',(171.47382149596,37.781464236039,
    -308.6815448481));
#1712 = CARTESIAN_POINT('',(173.82564971951,38.955346519022,
    -308.6815448481));
#1713 = CARTESIAN_POINT('',(176.61400745839,40.110805668926,
    -308.6815448481));
#1714 = CARTESIAN_POINT('',(179.49340283809,41.302963135779,
    -308.6815448481));
#1715 = CARTESIAN_POINT('',(177.51919002978,45.593013344872,
    -308.6815448481));
#1716 = CARTESIAN_POINT('',(174.54927750737,43.888252457698,
    -308.6815448481));
#1717 = CARTESIAN_POINT('',(172.10037940355,43.176408415716,
    -308.6815448481));
#1718 = CARTESIAN_POINT('',(169.5169899807,42.108637940989,
    -308.6815448481));
#1719 = CARTESIAN_POINT('',(166.81131969849,41.1641079381,
    -308.6815448481));
#1720 = CARTESIAN_POINT('',(164.20814281856,40.235188892775,
    -308.6815448481));
#1721 = CARTESIAN_POINT('',(161.48564720248,39.573570688576,
    -308.6815448481));
#1722 = CARTESIAN_POINT('',(158.79379309794,38.895254638911,
    -308.6815448481));
#1723 = CARTESIAN_POINT('',(156.06710907185,38.271429575987,
    -308.6815448481));
#1724 = CARTESIAN_POINT('',(153.30752417267,37.906780133851,
    -308.6815448481));
#1725 = CARTESIAN_POINT('',(150.53961986261,37.558399059178,
    -308.6815448481));
#1726 = CARTESIAN_POINT('',(147.77337775385,37.236864344104,
    -308.6815448481));
#1727 = CARTESIAN_POINT('',(145.00370781739,36.907922216015,
    -308.6815448481));
#1728 = CARTESIAN_POINT('',(142.22227997673,36.727005445496,
    -308.6815448481));
#1729 = CARTESIAN_POINT('',(139.43777000612,36.626415132063,
    -308.6815448481));
#1730 = CARTESIAN_POINT('',(136.65248872026,36.515528524603,
    -308.6815448481));
#1731 = CARTESIAN_POINT('',(133.86576976183,36.483898879127,
    -308.6815448481));
#1732 = CARTESIAN_POINT('',(131.08168972429,36.34736904345,
    -308.6815448481));
#1733 = CARTESIAN_POINT('',(128.29554531045,36.261835050842,
    -308.6815448481));
#1734 = CARTESIAN_POINT('',(125.50962072473,36.30734787636,
    -308.6815448481));
#1735 = CARTESIAN_POINT('',(122.71862939617,36.186677073815,
    -308.6815448481));
#1736 = CARTESIAN_POINT('',(119.94242049774,36.457296167493,
    -308.6815448481));
#1737 = CARTESIAN_POINT('',(117.14842141147,36.470977419042,
    -308.6815448481));
#1738 = CARTESIAN_POINT('',(114.374785167,36.565690095373,
    -308.6815448481));
#1739 = CARTESIAN_POINT('',(111.56633591286,36.564161544403,
    -308.6815448481));
#1740 = CARTESIAN_POINT('',(108.816899492,36.572955713704,
    -308.6815448481));
#1741 = CARTESIAN_POINT('',(105.96163896346,36.402402327904,
    -308.6815448481));
#1742 = CARTESIAN_POINT('',(103.31404654982,36.085262880732,
    -308.6815448481));
#1743 = CARTESIAN_POINT('',(100.32924001203,35.663501680011,
    -308.6815448481));
#1744 = CARTESIAN_POINT('',(97.568211712551,33.98295134114,
    -308.6815448481));
#1745 = CARTESIAN_POINT('',(98.370984446721,31.094390528822,
    -308.6815448481));
#1746 = CARTESIAN_POINT('',(99.001686457014,30.764000512218,
    -308.6815448481));
#1747 = CARTESIAN_POINT('',(112.82090807472,23.639997745833,
    -302.1405261961));
#1748 = CARTESIAN_POINT('',(113.78912249234,23.636151471234,
    -302.1405261961));
#1749 = CARTESIAN_POINT('',(115.7134667619,24.050391143111,
    -302.1405261961));
#1750 = CARTESIAN_POINT('',(118.61106413354,23.759736152105,
    -302.1405261961));
#1751 = CARTESIAN_POINT('',(121.50431973738,23.79936243166,
    -302.1405261961));
#1752 = CARTESIAN_POINT('',(124.39967747895,23.966951116422,
    -302.1405261961));
#1753 = CARTESIAN_POINT('',(127.28861846509,24.145166068293,
    -302.1405261961));
#1754 = CARTESIAN_POINT('',(130.17704938543,24.402933118901,
    -302.1405261961));
#1755 = CARTESIAN_POINT('',(133.05450260073,24.735753554407,
    -302.1405261961));
#1756 = CARTESIAN_POINT('',(135.91896772271,25.175937888312,
    -302.1405261961));
#1757 = CARTESIAN_POINT('',(138.76545660339,25.714890293295,
    -302.1405261961));
#1758 = CARTESIAN_POINT('',(141.60623072099,26.290282069954,
    -302.1405261961));
#1759 = CARTESIAN_POINT('',(144.41346908328,27.011671365279,
    -302.1405261961));
#1760 = CARTESIAN_POINT('',(147.21990165463,27.730184547773,
    -302.1405261961));
#1761 = CARTESIAN_POINT('',(150.01855772878,28.479913188624,
    -302.1405261961));
#1762 = CARTESIAN_POINT('',(152.78237988941,29.352903398647,
    -302.1405261961));
#1763 = CARTESIAN_POINT('',(155.53388227095,30.256091655197,
    -302.1405261961));
#1764 = CARTESIAN_POINT('',(158.26071535975,31.240251439434,
    -302.1405261961));
#1765 = CARTESIAN_POINT('',(160.97161889213,32.259214576006,
    -302.1405261961));
#1766 = CARTESIAN_POINT('',(163.66614403121,33.32719142275,
    -302.1405261961));
#1767 = CARTESIAN_POINT('',(166.34154959376,34.435279121154,
    -302.1405261961));
#1768 = CARTESIAN_POINT('',(169.01076841344,35.578740636029,
    -302.1405261961));
#1769 = CARTESIAN_POINT('',(171.62629304347,36.786337226495,
    -302.1405261961));
#1770 = CARTESIAN_POINT('',(174.43823977905,37.936227318212,
    -302.1405261961));
#1771 = CARTESIAN_POINT('',(176.60705309062,39.247179728984,
    -302.1405261961));
#1772 = CARTESIAN_POINT('',(180.18256210249,40.173939185992,
    -302.1405261961));
#1773 = CARTESIAN_POINT('',(179.61667921091,44.126312121789,
    -302.1405261961));
#1774 = CARTESIAN_POINT('',(175.84287072772,44.663076954743,
    -302.1405261961));
#1775 = CARTESIAN_POINT('',(173.56609792442,42.141609602285,
    -302.1405261961));
#1776 = CARTESIAN_POINT('',(170.73800065953,41.706386089686,
    -302.1405261961));
#1777 = CARTESIAN_POINT('',(168.14008815693,40.568429005629,
    -302.1405261961));
#1778 = CARTESIAN_POINT('',(165.25437369958,39.679997468373,
    -302.1405261961));
#1779 = CARTESIAN_POINT('',(162.5080567763,38.908762768577,
    -302.1405261961));
#1780 = CARTESIAN_POINT('',(159.66183957144,38.253340529448,
    -302.1405261961));
#1781 = CARTESIAN_POINT('',(156.83590132964,37.676981512838,
    -302.1405261961));
#1782 = CARTESIAN_POINT('',(153.93588269834,37.362920077192,
    -302.1405261961));
#1783 = CARTESIAN_POINT('',(151.07626749235,36.959143250224,
    -302.1405261961));
#1784 = CARTESIAN_POINT('',(148.20467667084,36.533199372443,
    -302.1405261961));
#1785 = CARTESIAN_POINT('',(145.31390385378,36.34184791798,
    -302.1405261961));
#1786 = CARTESIAN_POINT('',(142.41787691811,36.186617324417,
    -302.1405261961));
#1787 = CARTESIAN_POINT('',(139.52392409406,36.063533348085,
    -302.1405261961));
#1788 = CARTESIAN_POINT('',(136.63252235865,35.857384000051,
    -302.1405261961));
#1789 = CARTESIAN_POINT('',(133.73191037957,35.91827137708,
    -302.1405261961));
#1790 = CARTESIAN_POINT('',(130.83707082002,35.843882965325,
    -302.1405261961));
#1791 = CARTESIAN_POINT('',(127.94122659458,35.675836295831,
    -302.1405261961));
#1792 = CARTESIAN_POINT('',(125.04304384848,35.825124372264,
    -302.1405261961));
#1793 = CARTESIAN_POINT('',(122.14602235615,35.754991914403,
    -302.1405261961));
#1794 = CARTESIAN_POINT('',(119.2516486324,36.052955851192,
    -302.1405261961));
#1795 = CARTESIAN_POINT('',(116.35785939973,36.033793972333,
    -302.1405261961));
#1796 = CARTESIAN_POINT('',(113.45347148676,36.194596354993,
    -302.1405261961));
#1797 = CARTESIAN_POINT('',(110.57371366159,36.135480568978,
    -302.1405261961));
#1798 = CARTESIAN_POINT('',(107.64189657836,36.147736375532,
    -302.1405261961));
#1799 = CARTESIAN_POINT('',(104.81290236892,35.943729125247,
    -302.1405261961));
#1800 = CARTESIAN_POINT('',(101.81929638701,35.461000582549,
    -302.1405261961));
#1801 = CARTESIAN_POINT('',(99.206476998529,34.992485630644,
    -302.1405261961));
#1802 = CARTESIAN_POINT('',(96.302475766159,32.568168135557,
    -302.1405261961));
#1803 = CARTESIAN_POINT('',(98.475244566557,28.447781786187,
    -302.1405261961));
#1804 = CARTESIAN_POINT('',(101.17827719394,28.042205585157,
    -302.1405261961));
#1805 = CARTESIAN_POINT('',(101.57200020659,27.267524594538,
    -302.1405261961));
#1806 = CARTESIAN_POINT('',(113.23776090389,22.976099270589,
    -296.2932522896));
#1807 = CARTESIAN_POINT('',(114.05463301782,23.916965443831,
    -296.2932522896));
#1808 = CARTESIAN_POINT('',(115.95091728711,23.212340184284,
    -296.2932522896));
#1809 = CARTESIAN_POINT('',(118.73416467643,23.137709400843,
    -296.2932522896));
#1810 = CARTESIAN_POINT('',(121.53998177086,23.180170546073,
    -296.2932522896));
#1811 = CARTESIAN_POINT('',(124.33527704166,23.261031921536,
    -296.2932522896));
#1812 = CARTESIAN_POINT('',(127.14103999549,23.297582829592,
    -296.2932522896));
#1813 = CARTESIAN_POINT('',(129.91013185602,23.731357383605,
    -296.2932522896));
#1814 = CARTESIAN_POINT('',(132.70687478804,23.912948242676,
    -296.2932522896));
#1815 = CARTESIAN_POINT('',(135.47960614234,24.296458265613,
    -296.2932522896));
#1816 = CARTESIAN_POINT('',(138.23811497683,24.785276005921,
    -296.2932522896));
#1817 = CARTESIAN_POINT('',(140.96735354361,25.39664618853,
    -296.2932522896));
#1818 = CARTESIAN_POINT('',(143.71381455039,25.947126915194,
    -296.2932522896));
#1819 = CARTESIAN_POINT('',(146.42961518952,26.625440778254,
    -296.2932522896));
#1820 = CARTESIAN_POINT('',(149.12107731883,27.397003066012,
    -296.2932522896));
#1821 = CARTESIAN_POINT('',(151.81929473905,28.139148769397,
    -296.2932522896));
#1822 = CARTESIAN_POINT('',(154.50678823652,28.935352350469,
    -296.2932522896));
#1823 = CARTESIAN_POINT('',(157.14934116666,29.847960418476,
    -296.2932522896));
#1824 = CARTESIAN_POINT('',(159.78696029988,30.803967707675,
    -296.2932522896));
#1825 = CARTESIAN_POINT('',(162.38281619568,31.823145447864,
    -296.2932522896));
#1826 = CARTESIAN_POINT('',(164.9747550812,32.924475580905,
    -296.2932522896));
#1827 = CARTESIAN_POINT('',(167.60002874193,33.829914746991,
    -296.2932522896));
#1828 = CARTESIAN_POINT('',(170.16592527363,35.069788925458,
    -296.2932522896));
#1829 = CARTESIAN_POINT('',(172.77092548589,36.133987598134,
    -296.2932522896));
#1830 = CARTESIAN_POINT('',(175.13398066944,37.382273123354,
    -296.2932522896));
#1831 = CARTESIAN_POINT('',(177.94276639518,38.354443155298,
    -296.2932522896));
#1832 = CARTESIAN_POINT('',(181.4032255947,39.138842039602,
    -296.2932522896));
#1833 = CARTESIAN_POINT('',(179.95978499814,44.138781219862,
    -296.2932522896));
#1834 = CARTESIAN_POINT('',(176.53318802898,42.992257505368,
    -296.2932522896));
#1835 = CARTESIAN_POINT('',(174.37929255423,41.72983675186,
    -296.2932522896));
#1836 = CARTESIAN_POINT('',(171.72059856585,40.698170738353,
    -296.2932522896));
#1837 = CARTESIAN_POINT('',(168.9862389593,39.869360822551,
    -296.2932522896));
#1838 = CARTESIAN_POINT('',(166.31321321743,39.102920121305,
    -296.2932522896));
#1839 = CARTESIAN_POINT('',(163.60228177665,38.363667871892,
    -296.2932522896));
#1840 = CARTESIAN_POINT('',(160.84126448228,37.947472891126,
    -296.2932522896));
#1841 = CARTESIAN_POINT('',(158.1310793923,37.18821061444,
    -296.2932522896));
#1842 = CARTESIAN_POINT('',(155.38467056156,36.63805567047,
    -296.2932522896));
#1843 = CARTESIAN_POINT('',(152.58214871884,36.462585287934,
    -296.2932522896));
#1844 = CARTESIAN_POINT('',(149.81773046651,36.016149531841,
    -296.2932522896));
#1845 = CARTESIAN_POINT('',(147.0311576831,35.731261369617,
    -296.2932522896));
#1846 = CARTESIAN_POINT('',(144.24086710054,35.491780663413,
    -296.2932522896));
#1847 = CARTESIAN_POINT('',(141.43632991798,35.572865025885,
    -296.2932522896));
#1848 = CARTESIAN_POINT('',(138.64272319199,35.33878209001,
    -296.2932522896));
#1849 = CARTESIAN_POINT('',(135.83997667977,35.483236707518,
    -296.2932522896));
#1850 = CARTESIAN_POINT('',(133.04127728047,35.493193811227,
    -296.2932522896));
#1851 = CARTESIAN_POINT('',(130.24324673611,35.25193805002,
    -296.2932522896));
#1852 = CARTESIAN_POINT('',(127.44560136424,35.394332937097,
    -296.2932522896));
#1853 = CARTESIAN_POINT('',(124.63964136751,35.129440416389,
    -296.2932522896));
#1854 = CARTESIAN_POINT('',(121.85701133299,35.573897377141,
    -296.2932522896));
#1855 = CARTESIAN_POINT('',(119.04749237558,35.471346459724,
    -296.2932522896));
#1856 = CARTESIAN_POINT('',(116.26412517214,35.691210366624,
    -296.2932522896));
#1857 = CARTESIAN_POINT('',(113.44207233117,35.680982367981,
    -296.2932522896));
#1858 = CARTESIAN_POINT('',(110.67877587714,35.820020750434,
    -296.2932522896));
#1859 = CARTESIAN_POINT('',(107.79031527207,35.964467357548,
    -296.2932522896));
#1860 = CARTESIAN_POINT('',(105.09683010096,35.662587605968,
    -296.2932522896));
#1861 = CARTESIAN_POINT('',(101.86227298366,36.578057683336,
    -296.2932522896));
#1862 = CARTESIAN_POINT('',(96.013620791629,36.069576863875,
    -296.2932522896));
#1863 = CARTESIAN_POINT('',(95.998262984251,31.638287062325,
    -296.2932522896));
#1864 = CARTESIAN_POINT('',(96.814100171551,31.666349102393,
    -296.2932522896));
#1865 = CARTESIAN_POINT('',(111.68570601101,22.450253164699,
    -294.350617993));
#1866 = CARTESIAN_POINT('',(112.57802876057,22.661371497703,
    -294.350617993));
#1867 = CARTESIAN_POINT('',(114.59965862903,23.311443513444,
    -294.350617993));
#1868 = CARTESIAN_POINT('',(117.59537466604,22.954068662006,
    -294.350617993));
#1869 = CARTESIAN_POINT('',(120.59835331135,22.897587204109,
    -294.350617993));
#1870 = CARTESIAN_POINT('',(123.60266845123,23.071779904437,
    -294.350617993));
#1871 = CARTESIAN_POINT('',(126.59915834097,23.223875315601,
    -294.350617993));
#1872 = CARTESIAN_POINT('',(129.60660025272,23.393516246712,
    -294.350617993));
#1873 = CARTESIAN_POINT('',(132.59431560565,23.700364404173,
    -294.350617993));
#1874 = CARTESIAN_POINT('',(135.57327519843,24.109138513019,
    -294.350617993));
#1875 = CARTESIAN_POINT('',(138.52878618899,24.648122774905,
    -294.350617993));
#1876 = CARTESIAN_POINT('',(141.49829081543,25.140380956613,
    -294.350617993));
#1877 = CARTESIAN_POINT('',(144.40822518992,25.896818015517,
    -294.350617993));
#1878 = CARTESIAN_POINT('',(147.32883351963,26.606802042135,
    -294.350617993));
#1879 = CARTESIAN_POINT('',(150.23681444318,27.365436722754,
    -294.350617993));
#1880 = CARTESIAN_POINT('',(153.09405886376,28.308561900848,
    -294.350617993));
#1881 = CARTESIAN_POINT('',(155.94717733629,29.241337184792,
    -294.350617993));
#1882 = CARTESIAN_POINT('',(158.79742457309,30.206532379191,
    -294.350617993));
#1883 = CARTESIAN_POINT('',(161.6410283284,31.167616544388,
    -294.350617993));
#1884 = CARTESIAN_POINT('',(164.46609513756,32.21084441365,
    -294.350617993));
#1885 = CARTESIAN_POINT('',(167.2484645903,33.329839174746,
    -294.350617993));
#1886 = CARTESIAN_POINT('',(169.94345134816,34.71827712023,
    -294.350617993));
#1887 = CARTESIAN_POINT('',(172.69307276161,35.83834890225,
    -294.350617993));
#1888 = CARTESIAN_POINT('',(175.61629595362,37.146353574119,
    -294.350617993));
#1889 = CARTESIAN_POINT('',(177.84937614952,38.46064374986,
    -294.350617993));
#1890 = CARTESIAN_POINT('',(181.64197476002,39.408071355265,
    -294.350617993));
#1891 = CARTESIAN_POINT('',(180.58399291339,43.96955133614,
    -294.350617993));
#1892 = CARTESIAN_POINT('',(176.02046006497,43.609232928604,
    -294.350617993));
#1893 = CARTESIAN_POINT('',(173.97409613755,40.668930178384,
    -294.350617993));
#1894 = CARTESIAN_POINT('',(170.85794502354,40.470147635457,
    -294.350617993));
#1895 = CARTESIAN_POINT('',(168.13152028558,39.359881172514,
    -294.350617993));
#1896 = CARTESIAN_POINT('',(165.12735892868,38.425281714857,
    -294.350617993));
#1897 = CARTESIAN_POINT('',(162.26522832688,37.667937358238,
    -294.350617993));
#1898 = CARTESIAN_POINT('',(159.26067992749,37.215683931253,
    -294.350617993));
#1899 = CARTESIAN_POINT('',(156.36472049066,36.429008703686,
    -294.350617993));
#1900 = CARTESIAN_POINT('',(153.34107722963,36.186107135453,
    -294.350617993));
#1901 = CARTESIAN_POINT('',(150.35583917263,35.87518330648,
    -294.350617993));
#1902 = CARTESIAN_POINT('',(147.38611786636,35.38447009756,
    -294.350617993));
#1903 = CARTESIAN_POINT('',(144.38081888495,35.215966828539,
    -294.350617993));
#1904 = CARTESIAN_POINT('',(141.3704232319,35.159207295967,
    -294.350617993));
#1905 = CARTESIAN_POINT('',(138.36704989226,35.024210575994,
    -294.350617993));
#1906 = CARTESIAN_POINT('',(135.36590920636,34.920304986805,
    -294.350617993));
#1907 = CARTESIAN_POINT('',(132.35513831953,35.037064465002,
    -294.350617993));
#1908 = CARTESIAN_POINT('',(129.35386452317,35.090858275985,
    -294.350617993));
#1909 = CARTESIAN_POINT('',(126.34870895944,34.824857572935,
    -294.350617993));
#1910 = CARTESIAN_POINT('',(123.34310555548,35.173136281135,
    -294.350617993));
#1911 = CARTESIAN_POINT('',(120.33828935288,35.143879203911,
    -294.350617993));
#1912 = CARTESIAN_POINT('',(117.33824238074,35.502209809246,
    -294.350617993));
#1913 = CARTESIAN_POINT('',(114.3325951571,35.387484643808,
    -294.350617993));
#1914 = CARTESIAN_POINT('',(111.32006109497,35.604692952725,
    -294.350617993));
#1915 = CARTESIAN_POINT('',(108.33476192115,35.502213416409,
    -294.350617993));
#1916 = CARTESIAN_POINT('',(105.28879345912,35.52212608504,
    -294.350617993));
#1917 = CARTESIAN_POINT('',(102.3674094649,35.239812731329,
    -294.350617993));
#1918 = CARTESIAN_POINT('',(99.250991756111,34.526659589653,
    -294.350617993));
#1919 = CARTESIAN_POINT('',(96.618076857817,33.983132356453,
    -294.350617993));
#1920 = CARTESIAN_POINT('',(93.715310577927,30.298432313069,
    -294.350617993));
#1921 = CARTESIAN_POINT('',(98.994677538204,24.686262288663,
    -294.350617993));
#1922 = CARTESIAN_POINT('',(102.84444475761,25.86953500147,
    -294.350617993));
#1923 = CARTESIAN_POINT('',(102.92452214225,24.625819691186,
    -294.350617993));
#1924 = CARTESIAN_POINT('',(112.75138092041,22.407428741455,-292.));
#1925 = CARTESIAN_POINT('',(113.82616212641,22.79452280672,-292.));
#1926 = CARTESIAN_POINT('',(116.10572934589,22.838396466181,-292.));
#1927 = CARTESIAN_POINT('',(119.50741205762,22.60229344059,-292.));
#1928 = CARTESIAN_POINT('',(122.91221956665,22.74472302115,-292.));
#1929 = CARTESIAN_POINT('',(126.31846614975,22.831932286547,-292.));
#1930 = CARTESIAN_POINT('',(129.71123655249,23.139047859237,-292.));
#1931 = CARTESIAN_POINT('',(133.10643657352,23.416651965359,-292.));
#1932 = CARTESIAN_POINT('',(136.478400201,23.912698995958,-292.));
#1933 = CARTESIAN_POINT('',(139.82741415969,24.529476184884,-292.));
#1934 = CARTESIAN_POINT('',(143.16067428015,25.235478332949,-292.));
#1935 = CARTESIAN_POINT('',(146.47391324295,26.023541082414,-292.));
#1936 = CARTESIAN_POINT('',(149.76136639369,26.919003852734,-292.));
#1937 = CARTESIAN_POINT('',(153.0305897065,27.87033918169,-292.));
#1938 = CARTESIAN_POINT('',(156.27072550913,28.93100353865,-292.));
#1939 = CARTESIAN_POINT('',(159.48913795923,30.028133778957,-292.));
#1940 = CARTESIAN_POINT('',(162.69698645054,31.207872755758,-292.));
#1941 = CARTESIAN_POINT('',(165.86418746969,32.397075924462,-292.));
#1942 = CARTESIAN_POINT('',(169.04736913636,33.732635030251,-292.));
#1943 = CARTESIAN_POINT('',(172.19416051026,34.801862872892,-292.));
#1944 = CARTESIAN_POINT('',(175.48845953698,36.165225405617,-292.));
#1945 = CARTESIAN_POINT('',(178.62091209491,36.624328776488,-292.));
#1946 = CARTESIAN_POINT('',(182.21041762217,38.529630133318,-292.));
#1947 = CARTESIAN_POINT('',(184.77898803701,35.94818253379,-292.));
#1948 = CARTESIAN_POINT('',(187.70510193536,37.901597797302,-292.));
#1949 = CARTESIAN_POINT('',(190.14327803916,40.869089963718,-292.));
#1950 = CARTESIAN_POINT('',(190.6840940046,43.944050073907,-292.));
#1951 = CARTESIAN_POINT('',(189.37050069507,47.206221225686,
    -291.9999999999));
#1952 = CARTESIAN_POINT('',(185.54873845148,49.111084503172,-292.));
#1953 = CARTESIAN_POINT('',(183.00981001697,46.881200976311,
    -291.9999999999));
#1954 = CARTESIAN_POINT('',(183.86873012956,42.289711190623,-292.));
#1955 = CARTESIAN_POINT('',(179.12454506957,44.943722968935,-292.));
#1956 = CARTESIAN_POINT('',(176.61548363958,42.799832062072,-292.));
#1957 = CARTESIAN_POINT('',(173.38959050299,41.352163871775,-292.));
#1958 = CARTESIAN_POINT('',(170.35172396775,39.992804284395,-292.));
#1959 = CARTESIAN_POINT('',(167.06933845591,38.907052266602,-292.));
#1960 = CARTESIAN_POINT('',(163.83171105724,37.95276793144,-292.));
#1961 = CARTESIAN_POINT('',(160.50296439941,37.148380662281,-292.));
#1962 = CARTESIAN_POINT('',(157.17033925768,36.496629886992,-292.));
#1963 = CARTESIAN_POINT('',(153.8043588848,35.938723471255,-292.));
#1964 = CARTESIAN_POINT('',(150.42396873033,35.53554089742,-292.));
#1965 = CARTESIAN_POINT('',(147.03536786759,35.19284820273,-292.));
#1966 = CARTESIAN_POINT('',(143.63426899769,34.96868404487,-292.));
#1967 = CARTESIAN_POINT('',(140.23146997171,34.88043736158,-292.));
#1968 = CARTESIAN_POINT('',(136.82386392629,34.801008619573,-292.));
#1969 = CARTESIAN_POINT('',(133.41936273344,34.90659332351,-292.));
#1970 = CARTESIAN_POINT('',(130.01356802672,34.833468263805,-292.));
#1971 = CARTESIAN_POINT('',(126.60792644717,34.907436113318,-292.));
#1972 = CARTESIAN_POINT('',(123.20551528454,34.960484625386,-292.));
#1973 = CARTESIAN_POINT('',(119.7946227542,35.091574093032,-292.));
#1974 = CARTESIAN_POINT('',(116.40481586997,35.203250652553,-292.));
#1975 = CARTESIAN_POINT('',(112.9730967484,35.282642151127,-292.));
#1976 = CARTESIAN_POINT('',(109.61570191511,35.314006271407,-292.));
#1977 = CARTESIAN_POINT('',(106.12065911575,35.243314691652,-292.));
#1978 = CARTESIAN_POINT('',(102.88440587725,34.912915929237,
    -291.9999999999));
#1979 = CARTESIAN_POINT('',(99.284963525483,34.194305087614,-292.));
#1980 = CARTESIAN_POINT('',(96.799350851404,31.779150477744,-292.));
#1981 = CARTESIAN_POINT('',(98.526446205642,28.87086267589,-292.));
#1982 = CARTESIAN_POINT('',(99.169761657715,28.38038444519,-292.));
#1983 = SHELL_BASED_SURFACE_MODEL('',(#1984));
#1984 = OPEN_SHELL('',(#1985));
#1985 = ADVANCED_FACE('',(#1986),#2110,.T.);
#1986 = FACE_BOUND('',#1987,.T.);
#1987 = EDGE_LOOP('',(#1988,#2030,#2051,#2091));
#1988 = ORIENTED_EDGE('',*,*,#1989,.F.);
#1989 = EDGE_CURVE('',#1990,#1992,#1994,.T.);
#1990 = VERTEX_POINT('',#1991);
#1991 = CARTESIAN_POINT('',(107.77240753173,20.992244720459,-370.));
#1992 = VERTEX_POINT('',#1993);
#1993 = CARTESIAN_POINT('',(115.0489654541,20.407564163208,-370.));
#1994 = B_SPLINE_CURVE_WITH_KNOTS('',3,(#1995,#1996,#1997,#1998,#1999,
    #2000,#2001,#2002,#2003,#2004,#2005,#2006,#2007,#2008,#2009,#2010,
    #2011,#2012,#2013,#2014,#2015,#2016,#2017,#2018,#2019,#2020,#2021,
    #2022,#2023,#2024,#2025,#2026,#2027,#2028,#2029),.UNSPECIFIED.,.F.,
  .F.,(4,1,1,1,1,1,1,1,1,1,1,1,1,1,1,1,1,1,1,1,1,1,1,1,1,1,1,1,1,1,1,1,4
    ),(0.,3.125E-02,6.25E-02,9.375E-02,0.125,0.15625,0.1875,0.21875,0.25
    ,0.28125,0.3125,0.34375,0.375,0.40625,0.4375,0.46875,0.5,0.53125,
    0.5625,0.59375,0.625,0.65625,0.6875,0.71875,0.75,0.78125,0.8125,
    0.84375,0.875,0.90625,0.9375,0.96875,1.),.QUASI_UNIFORM_KNOTS.);
#1995 = CARTESIAN_POINT('',(107.77240753173,20.992244720459,-370.));
#1996 = CARTESIAN_POINT('',(106.53267304596,20.141314709363,-370.));
#1997 = CARTESIAN_POINT('',(103.03327285925,20.686624339881,
    -369.9999999999));
#1998 = CARTESIAN_POINT('',(98.434236095743,21.060644433988,-370.));
#1999 = CARTESIAN_POINT('',(93.60953666352,21.931868516324,
    -369.9999999999));
#2000 = CARTESIAN_POINT('',(88.970538503143,22.922581645127,-370.));
#2001 = CARTESIAN_POINT('',(84.315891698448,24.220043775591,-370.));
#2002 = CARTESIAN_POINT('',(79.755924146177,25.677881174213,-370.));
#2003 = CARTESIAN_POINT('',(75.265106467251,27.371288572589,-370.));
#2004 = CARTESIAN_POINT('',(70.794423163395,29.164349272866,-370.));
#2005 = CARTESIAN_POINT('',(66.343162236333,30.843979282821,-370.));
#2006 = CARTESIAN_POINT('',(61.838256698971,32.742642058298,-370.));
#2007 = CARTESIAN_POINT('',(57.599189121883,34.58822481615,-370.));
#2008 = CARTESIAN_POINT('',(52.793351469273,36.413070468579,-370.));
#2009 = CARTESIAN_POINT('',(48.914404823481,37.941687643184,-370.));
#2010 = CARTESIAN_POINT('',(42.938744109786,38.851069464333,-370.));
#2011 = CARTESIAN_POINT('',(40.53683255109,34.54497352727,-370.));
#2012 = CARTESIAN_POINT('',(43.820081508652,29.791363081831,-370.));
#2013 = CARTESIAN_POINT('',(47.075345217714,26.687852697484,-370.));
#2014 = CARTESIAN_POINT('',(51.162262335735,23.973834673076,-370.));
#2015 = CARTESIAN_POINT('',(55.390222374321,21.726927642651,-370.));
#2016 = CARTESIAN_POINT('',(59.84517663988,19.944095123473,-370.));
#2017 = CARTESIAN_POINT('',(64.398814828359,18.391171803383,-370.));
#2018 = CARTESIAN_POINT('',(69.090557884635,17.365786552144,
    -369.9999999999));
#2019 = CARTESIAN_POINT('',(73.803674750167,16.485049557046,-370.));
#2020 = CARTESIAN_POINT('',(78.572947985615,15.83844548654,
    -369.9999999999));
#2021 = CARTESIAN_POINT('',(83.340045027037,15.473099180733,-370.));
#2022 = CARTESIAN_POINT('',(88.174933670398,15.355996377637,-370.));
#2023 = CARTESIAN_POINT('',(92.912507157483,15.46237516127,-370.));
#2024 = CARTESIAN_POINT('',(97.812058028513,15.771099940374,-370.));
#2025 = CARTESIAN_POINT('',(102.38991608398,16.299087200692,-370.));
#2026 = CARTESIAN_POINT('',(107.49306319558,17.005335688065,-370.));
#2027 = CARTESIAN_POINT('',(111.46375932392,18.032413585274,-370.));
#2028 = CARTESIAN_POINT('',(116.03593116574,18.628163176206,-370.));
#2029 = CARTESIAN_POINT('',(115.0489654541,20.407564163208,-370.));
#2030 = ORIENTED_EDGE('',*,*,#2031,.T.);
#2031 = EDGE_CURVE('',#1990,#2032,#2034,.T.);
#2032 = VERTEX_POINT('',#2033);
#2033 = CARTESIAN_POINT('',(107.34647369384,16.953256607056,-292.));
#2034 = B_SPLINE_CURVE_WITH_KNOTS('',3,(#2035,#2036,#2037,#2038,#2039,
    #2040,#2041,#2042,#2043,#2044,#2045,#2046,#2047,#2048,#2049,#2050),
  .UNSPECIFIED.,.F.,.F.,(4,1,1,1,1,1,1,1,1,1,1,1,1,4),(0.,
    7.692307692308E-02,0.153846153846,0.230769230769,0.307692307692,
    0.384615384615,0.461538461538,0.538461538462,0.615384615385,
    0.692307692308,0.769230769231,0.846153846154,0.923076923077,1.),
  .QUASI_UNIFORM_KNOTS.);
#2035 = CARTESIAN_POINT('',(107.77240753173,20.992244720459,-370.));
#2036 = CARTESIAN_POINT('',(110.76837413057,21.59264416411,
    -367.9674268563));
#2037 = CARTESIAN_POINT('',(109.84512849567,20.698184529399,
    -363.8286993977));
#2038 = CARTESIAN_POINT('',(111.13511801047,21.468813382458,
    -357.7052897267));
#2039 = CARTESIAN_POINT('',(110.84556801852,21.228783832379,
    -351.5268153502));
#2040 = CARTESIAN_POINT('',(110.74404329118,21.108129554604,
    -345.4189297823));
#2041 = CARTESIAN_POINT('',(110.99186615776,21.026200296977,
    -338.5657590607));
#2042 = CARTESIAN_POINT('',(111.5680679076,21.180559633706,
    -335.1452750579));
#2043 = CARTESIAN_POINT('',(110.99440823871,20.293871322811,
    -326.6199487616));
#2044 = CARTESIAN_POINT('',(111.84566609602,20.316669719694,
    -321.4628302408));
#2045 = CARTESIAN_POINT('',(110.54408871388,19.269304692514,
    -314.13041892));
#2046 = CARTESIAN_POINT('',(111.40809746808,19.119600894057,
    -308.7052619372));
#2047 = CARTESIAN_POINT('',(111.80645032669,18.746457593859,
    -302.1101655412));
#2048 = CARTESIAN_POINT('',(110.37267047279,17.154293543792,
    -296.3309769926));
#2049 = CARTESIAN_POINT('',(110.15078217132,18.231704002611,
    -294.3108904808));
#2050 = CARTESIAN_POINT('',(107.34647369384,16.953256607056,-292.));
#2051 = ORIENTED_EDGE('',*,*,#2052,.T.);
#2052 = EDGE_CURVE('',#2032,#2053,#2055,.T.);
#2053 = VERTEX_POINT('',#2054);
#2054 = CARTESIAN_POINT('',(115.61131286621,18.090982437134,-292.));
#2055 = B_SPLINE_CURVE_WITH_KNOTS('',3,(#2056,#2057,#2058,#2059,#2060,
    #2061,#2062,#2063,#2064,#2065,#2066,#2067,#2068,#2069,#2070,#2071,
    #2072,#2073,#2074,#2075,#2076,#2077,#2078,#2079,#2080,#2081,#2082,
    #2083,#2084,#2085,#2086,#2087,#2088,#2089,#2090),.UNSPECIFIED.,.F.,
  .F.,(4,1,1,1,1,1,1,1,1,1,1,1,1,1,1,1,1,1,1,1,1,1,1,1,1,1,1,1,1,1,1,1,4
    ),(0.,3.125E-02,6.25E-02,9.375E-02,0.125,0.15625,0.1875,0.21875,0.25
    ,0.28125,0.3125,0.34375,0.375,0.40625,0.4375,0.46875,0.5,0.53125,
    0.5625,0.59375,0.625,0.65625,0.6875,0.71875,0.75,0.78125,0.8125,
    0.84375,0.875,0.90625,0.9375,0.96875,1.),.QUASI_UNIFORM_KNOTS.);
#2056 = CARTESIAN_POINT('',(107.34647369384,16.953256607056,-292.));
#2057 = CARTESIAN_POINT('',(105.65205473415,16.410020184782,-292.));
#2058 = CARTESIAN_POINT('',(101.49044826319,16.750207935983,-292.));
#2059 = CARTESIAN_POINT('',(95.859989351136,17.175711159164,-292.));
#2060 = CARTESIAN_POINT('',(90.012221018806,18.093948554907,-292.));
#2061 = CARTESIAN_POINT('',(84.376045270499,19.309548126377,-292.));
#2062 = CARTESIAN_POINT('',(78.729324097743,20.837310755117,-292.));
#2063 = CARTESIAN_POINT('',(73.175415332017,22.546899049895,-292.));
#2064 = CARTESIAN_POINT('',(67.737061615563,24.601157881452,-292.));
#2065 = CARTESIAN_POINT('',(62.276045981138,26.695653292651,-292.));
#2066 = CARTESIAN_POINT('',(57.031747221955,29.075329980415,-292.));
#2067 = CARTESIAN_POINT('',(51.827815602884,31.960860601487,-292.));
#2068 = CARTESIAN_POINT('',(46.876596061457,34.510793096909,-292.));
#2069 = CARTESIAN_POINT('',(41.270218794047,37.375324989668,-292.));
#2070 = CARTESIAN_POINT('',(36.815731139902,39.499500351371,-292.));
#2071 = CARTESIAN_POINT('',(29.75549488307,42.011287922123,-292.));
#2072 = CARTESIAN_POINT('',(26.290372453134,36.984319569468,-292.));
#2073 = CARTESIAN_POINT('',(30.663087747225,31.175188237952,-292.));
#2074 = CARTESIAN_POINT('',(34.61231924889,27.625624104606,-292.));
#2075 = CARTESIAN_POINT('',(39.613291793583,24.283453166294,-292.));
#2076 = CARTESIAN_POINT('',(44.692905012724,21.554575916213,-292.));
#2077 = CARTESIAN_POINT('',(50.031184947289,19.184401378499,-292.));
#2078 = CARTESIAN_POINT('',(55.628480923459,17.559134608219,-292.));
#2079 = CARTESIAN_POINT('',(61.168741273834,15.778083897854,-292.));
#2080 = CARTESIAN_POINT('',(66.859675839147,14.55334256859,-292.));
#2081 = CARTESIAN_POINT('',(72.620915556304,13.654362290735,
    -291.9999999999));
#2082 = CARTESIAN_POINT('',(78.384979426498,13.004504095797,-292.));
#2083 = CARTESIAN_POINT('',(84.225251276555,12.575868008955,-292.));
#2084 = CARTESIAN_POINT('',(89.98837778576,12.610397196186,-292.));
#2085 = CARTESIAN_POINT('',(95.906199443144,12.794847749962,-292.));
#2086 = CARTESIAN_POINT('',(101.53602034892,13.153717598119,-292.));
#2087 = CARTESIAN_POINT('',(107.63123590387,14.025148178023,-292.));
#2088 = CARTESIAN_POINT('',(112.74073051942,14.545047843333,-292.));
#2089 = CARTESIAN_POINT('',(117.8845272733,15.985657454519,-292.));
#2090 = CARTESIAN_POINT('',(115.61131286621,18.090982437134,-292.));
#2091 = ORIENTED_EDGE('',*,*,#2092,.F.);
#2092 = EDGE_CURVE('',#1992,#2053,#2093,.T.);
#2093 = B_SPLINE_CURVE_WITH_KNOTS('',3,(#2094,#2095,#2096,#2097,#2098,
    #2099,#2100,#2101,#2102,#2103,#2104,#2105,#2106,#2107,#2108,#2109),
  .UNSPECIFIED.,.F.,.F.,(4,1,1,1,1,1,1,1,1,1,1,1,1,4),(0.,
    7.692307692308E-02,0.153846153846,0.230769230769,0.307692307692,
    0.384615384615,0.461538461538,0.538461538462,0.615384615385,
    0.692307692308,0.769230769231,0.846153846154,0.923076923077,1.),
  .QUASI_UNIFORM_KNOTS.);
#2094 = CARTESIAN_POINT('',(115.0489654541,20.407564163208,-370.));
#2095 = CARTESIAN_POINT('',(115.54136623345,19.324560977057,
    -367.9674268563));
#2096 = CARTESIAN_POINT('',(114.82510868538,21.09240906227,
    -363.8286993977));
#2097 = CARTESIAN_POINT('',(115.37485740829,20.879093237746,
    -357.7052897267));
#2098 = CARTESIAN_POINT('',(115.53079256982,20.900604036592,
    -351.5268153502));
#2099 = CARTESIAN_POINT('',(115.6389439145,20.887050301363,
    -345.4189297823));
#2100 = CARTESIAN_POINT('',(116.25459713263,19.713962514636,
    -338.5657590607));
#2101 = CARTESIAN_POINT('',(115.59677702005,21.159425263659,
    -335.1452750579));
#2102 = CARTESIAN_POINT('',(116.14146459838,20.040484643711,
    -326.6199487616));
#2103 = CARTESIAN_POINT('',(116.05241585264,20.249820080234,
    -321.4628302408));
#2104 = CARTESIAN_POINT('',(116.52430863151,18.581491625512,
    -314.13041892));
#2105 = CARTESIAN_POINT('',(116.26331163868,18.250229998268,
    -308.7052619372));
#2106 = CARTESIAN_POINT('',(116.25419134614,18.354507697802,
    -302.1101655412));
#2107 = CARTESIAN_POINT('',(116.0162852049,16.953019927555,
    -296.3309769926));
#2108 = CARTESIAN_POINT('',(116.20796762503,17.936133414615,
    -294.3108904808));
#2109 = CARTESIAN_POINT('',(115.61131286621,18.090982437134,-292.));
#2110 = B_SPLINE_SURFACE_WITH_KNOTS('',3,3,(
    (#2111,#2112,#2113,#2114,#2115,#2116,#2117,#2118,#2119,#2120,#2121
      ,#2122,#2123,#2124,#2125,#2126,#2127,#2128,#2129,#2130,#2131,#2132
      ,#2133,#2134,#2135,#2136,#2137,#2138,#2139,#2140,#2141,#2142,#2143
      ,#2144,#2145)
    ,(#2146,#2147,#2148,#2149,#2150,#2151,#2152,#2153,#2154,#2155,#2156
      ,#2157,#2158,#2159,#2160,#2161,#2162,#2163,#2164,#2165,#2166,#2167
      ,#2168,#2169,#2170,#2171,#2172,#2173,#2174,#2175,#2176,#2177,#2178
      ,#2179,#2180)
    ,(#2181,#2182,#2183,#2184,#2185,#2186,#2187,#2188,#2189,#2190,#2191
      ,#2192,#2193,#2194,#2195,#2196,#2197,#2198,#2199,#2200,#2201,#2202
      ,#2203,#2204,#2205,#2206,#2207,#2208,#2209,#2210,#2211,#2212,#2213
      ,#2214,#2215)
    ,(#2216,#2217,#2218,#2219,#2220,#2221,#2222,#2223,#2224,#2225,#2226
      ,#2227,#2228,#2229,#2230,#2231,#2232,#2233,#2234,#2235,#2236,#2237
      ,#2238,#2239,#2240,#2241,#2242,#2243,#2244,#2245,#2246,#2247,#2248
      ,#2249,#2250)
    ,(#2251,#2252,#2253,#2254,#2255,#2256,#2257,#2258,#2259,#2260,#2261
      ,#2262,#2263,#2264,#2265,#2266,#2267,#2268,#2269,#2270,#2271,#2272
      ,#2273,#2274,#2275,#2276,#2277,#2278,#2279,#2280,#2281,#2282,#2283
      ,#2284,#2285)
    ,(#2286,#2287,#2288,#2289,#2290,#2291,#2292,#2293,#2294,#2295,#2296
      ,#2297,#2298,#2299,#2300,#2301,#2302,#2303,#2304,#2305,#2306,#2307
      ,#2308,#2309,#2310,#2311,#2312,#2313,#2314,#2315,#2316,#2317,#2318
      ,#2319,#2320)
    ,(#2321,#2322,#2323,#2324,#2325,#2326,#2327,#2328,#2329,#2330,#2331
      ,#2332,#2333,#2334,#2335,#2336,#2337,#2338,#2339,#2340,#2341,#2342
      ,#2343,#2344,#2345,#2346,#2347,#2348,#2349,#2350,#2351,#2352,#2353
      ,#2354,#2355)
    ,(#2356,#2357,#2358,#2359,#2360,#2361,#2362,#2363,#2364,#2365,#2366
      ,#2367,#2368,#2369,#2370,#2371,#2372,#2373,#2374,#2375,#2376,#2377
      ,#2378,#2379,#2380,#2381,#2382,#2383,#2384,#2385,#2386,#2387,#2388
      ,#2389,#2390)
    ,(#2391,#2392,#2393,#2394,#2395,#2396,#2397,#2398,#2399,#2400,#2401
      ,#2402,#2403,#2404,#2405,#2406,#2407,#2408,#2409,#2410,#2411,#2412
      ,#2413,#2414,#2415,#2416,#2417,#2418,#2419,#2420,#2421,#2422,#2423
      ,#2424,#2425)
    ,(#2426,#2427,#2428,#2429,#2430,#2431,#2432,#2433,#2434,#2435,#2436
      ,#2437,#2438,#2439,#2440,#2441,#2442,#2443,#2444,#2445,#2446,#2447
      ,#2448,#2449,#2450,#2451,#2452,#2453,#2454,#2455,#2456,#2457,#2458
      ,#2459,#2460)
    ,(#2461,#2462,#2463,#2464,#2465,#2466,#2467,#2468,#2469,#2470,#2471
      ,#2472,#2473,#2474,#2475,#2476,#2477,#2478,#2479,#2480,#2481,#2482
      ,#2483,#2484,#2485,#2486,#2487,#2488,#2489,#2490,#2491,#2492,#2493
      ,#2494,#2495)
    ,(#2496,#2497,#2498,#2499,#2500,#2501,#2502,#2503,#2504,#2505,#2506
      ,#2507,#2508,#2509,#2510,#2511,#2512,#2513,#2514,#2515,#2516,#2517
      ,#2518,#2519,#2520,#2521,#2522,#2523,#2524,#2525,#2526,#2527,#2528
      ,#2529,#2530)
    ,(#2531,#2532,#2533,#2534,#2535,#2536,#2537,#2538,#2539,#2540,#2541
      ,#2542,#2543,#2544,#2545,#2546,#2547,#2548,#2549,#2550,#2551,#2552
      ,#2553,#2554,#2555,#2556,#2557,#2558,#2559,#2560,#2561,#2562,#2563
      ,#2564,#2565)
    ,(#2566,#2567,#2568,#2569,#2570,#2571,#2572,#2573,#2574,#2575,#2576
      ,#2577,#2578,#2579,#2580,#2581,#2582,#2583,#2584,#2585,#2586,#2587
      ,#2588,#2589,#2590,#2591,#2592,#2593,#2594,#2595,#2596,#2597,#2598
      ,#2599,#2600)
    ,(#2601,#2602,#2603,#2604,#2605,#2606,#2607,#2608,#2609,#2610,#2611
      ,#2612,#2613,#2614,#2615,#2616,#2617,#2618,#2619,#2620,#2621,#2622
      ,#2623,#2624,#2625,#2626,#2627,#2628,#2629,#2630,#2631,#2632,#2633
      ,#2634,#2635)
    ,(#2636,#2637,#2638,#2639,#2640,#2641,#2642,#2643,#2644,#2645,#2646
      ,#2647,#2648,#2649,#2650,#2651,#2652,#2653,#2654,#2655,#2656,#2657
      ,#2658,#2659,#2660,#2661,#2662,#2663,#2664,#2665,#2666,#2667,#2668
      ,#2669,#2670
    )),.UNSPECIFIED.,.F.,.F.,.F.,(4,1,1,1,1,1,1,1,1,1,1,1,1,4),(4,1,1,1,
    1,1,1,1,1,1,1,1,1,1,1,1,1,1,1,1,1,1,1,1,1,1,1,1,1,1,1,1,4),(0.,
    7.692307692308E-02,0.153846153846,0.230769230769,0.307692307692,
    0.384615384615,0.461538461538,0.538461538462,0.615384615385,
    0.692307692308,0.769230769231,0.846153846154,0.923076923077,1.),(0.,
    3.125E-02,6.25E-02,9.375E-02,0.125,0.15625,0.1875,0.21875,0.25,
    0.28125,0.3125,0.34375,0.375,0.40625,0.4375,0.46875,0.5,0.53125,
    0.5625,0.59375,0.625,0.65625,0.6875,0.71875,0.75,0.78125,0.8125,
    0.84375,0.875,0.90625,0.9375,0.96875,1.),.QUASI_UNIFORM_KNOTS.);
#2111 = CARTESIAN_POINT('',(107.77240753173,20.992244720459,-370.));
#2112 = CARTESIAN_POINT('',(106.53267304596,20.141314709363,-370.));
#2113 = CARTESIAN_POINT('',(103.03327285925,20.686624339881,
    -369.9999999999));
#2114 = CARTESIAN_POINT('',(98.434236095743,21.060644433988,-370.));
#2115 = CARTESIAN_POINT('',(93.60953666352,21.931868516324,
    -369.9999999999));
#2116 = CARTESIAN_POINT('',(88.970538503143,22.922581645127,-370.));
#2117 = CARTESIAN_POINT('',(84.315891698448,24.220043775591,-370.));
#2118 = CARTESIAN_POINT('',(79.755924146177,25.677881174213,-370.));
#2119 = CARTESIAN_POINT('',(75.265106467251,27.371288572589,-370.));
#2120 = CARTESIAN_POINT('',(70.794423163395,29.164349272866,-370.));
#2121 = CARTESIAN_POINT('',(66.343162236333,30.843979282821,-370.));
#2122 = CARTESIAN_POINT('',(61.838256698971,32.742642058298,-370.));
#2123 = CARTESIAN_POINT('',(57.599189121883,34.58822481615,-370.));
#2124 = CARTESIAN_POINT('',(52.793351469273,36.413070468579,-370.));
#2125 = CARTESIAN_POINT('',(48.914404823481,37.941687643184,-370.));
#2126 = CARTESIAN_POINT('',(42.938744109786,38.851069464333,-370.));
#2127 = CARTESIAN_POINT('',(40.53683255109,34.54497352727,-370.));
#2128 = CARTESIAN_POINT('',(43.820081508652,29.791363081831,-370.));
#2129 = CARTESIAN_POINT('',(47.075345217714,26.687852697484,-370.));
#2130 = CARTESIAN_POINT('',(51.162262335735,23.973834673076,-370.));
#2131 = CARTESIAN_POINT('',(55.390222374321,21.726927642651,-370.));
#2132 = CARTESIAN_POINT('',(59.84517663988,19.944095123473,-370.));
#2133 = CARTESIAN_POINT('',(64.398814828359,18.391171803383,-370.));
#2134 = CARTESIAN_POINT('',(69.090557884635,17.365786552144,
    -369.9999999999));
#2135 = CARTESIAN_POINT('',(73.803674750167,16.485049557046,-370.));
#2136 = CARTESIAN_POINT('',(78.572947985615,15.83844548654,
    -369.9999999999));
#2137 = CARTESIAN_POINT('',(83.340045027037,15.473099180733,-370.));
#2138 = CARTESIAN_POINT('',(88.174933670398,15.355996377637,-370.));
#2139 = CARTESIAN_POINT('',(92.912507157483,15.46237516127,-370.));
#2140 = CARTESIAN_POINT('',(97.812058028513,15.771099940374,-370.));
#2141 = CARTESIAN_POINT('',(102.38991608398,16.299087200692,-370.));
#2142 = CARTESIAN_POINT('',(107.49306319558,17.005335688065,-370.));
#2143 = CARTESIAN_POINT('',(111.46375932392,18.032413585274,-370.));
#2144 = CARTESIAN_POINT('',(116.03593116574,18.628163176206,-370.));
#2145 = CARTESIAN_POINT('',(115.0489654541,20.407564163208,-370.));
#2146 = CARTESIAN_POINT('',(110.76837413057,21.59264416411,
    -367.9674268563));
#2147 = CARTESIAN_POINT('',(110.04303016245,19.741778722587,
    -367.9674268563));
#2148 = CARTESIAN_POINT('',(106.28715105503,20.160030732631,
    -367.9674268563));
#2149 = CARTESIAN_POINT('',(101.69386981483,20.261161433037,
    -367.9674268563));
#2150 = CARTESIAN_POINT('',(96.733350502911,20.977363735737,
    -367.9674268563));
#2151 = CARTESIAN_POINT('',(92.033774318805,21.938338911516,
    -367.9674268563));
#2152 = CARTESIAN_POINT('',(87.277651130948,23.151292408592,
    -367.9674268563));
#2153 = CARTESIAN_POINT('',(82.608822971997,24.442331496606,
    -367.9674268563));
#2154 = CARTESIAN_POINT('',(78.018170326441,26.087662608581,
    -367.9674268563));
#2155 = CARTESIAN_POINT('',(73.499847041441,27.896536953668,
    -367.9674268563));
#2156 = CARTESIAN_POINT('',(68.890488196093,29.441782776667,
    -367.9674268563));
#2157 = CARTESIAN_POINT('',(64.355659449831,31.320188601512,
    -367.9674268563));
#2158 = CARTESIAN_POINT('',(59.977492776934,33.238907175798,
    -367.9674268563));
#2159 = CARTESIAN_POINT('',(55.332598659154,35.207767065023,
    -367.9674268563));
#2160 = CARTESIAN_POINT('',(51.085303127076,36.8909412248,
    -367.9674268563));
#2161 = CARTESIAN_POINT('',(46.17312897991,38.783230885751,
    -367.9674268563));
#2162 = CARTESIAN_POINT('',(40.785042129984,38.536706291066,
    -367.9674268563));
#2163 = CARTESIAN_POINT('',(41.457219298363,31.975076731346,
    -367.9674268563));
#2164 = CARTESIAN_POINT('',(44.907495590446,28.758629474534,
    -367.9674268563));
#2165 = CARTESIAN_POINT('',(48.586304352539,25.583760131908,
    -367.9674268563));
#2166 = CARTESIAN_POINT('',(52.891200285283,23.124857870411,
    -367.9674268563));
#2167 = CARTESIAN_POINT('',(57.253936852831,21.125752182276,
    -367.9674268563));
#2168 = CARTESIAN_POINT('',(61.821077989811,19.300584988432,
    -367.9674268563));
#2169 = CARTESIAN_POINT('',(66.499414276807,18.02756163616,
    -367.9674268563));
#2170 = CARTESIAN_POINT('',(71.308368614278,17.204967778928,
    -367.9674268563));
#2171 = CARTESIAN_POINT('',(76.087531155914,16.285180532583,
    -367.9674268563));
#2172 = CARTESIAN_POINT('',(80.919800078068,15.734875159286,
    -367.9674268563));
#2173 = CARTESIAN_POINT('',(85.803247989122,15.565594680651,
    -367.9674268563));
#2174 = CARTESIAN_POINT('',(90.633665818892,15.524082688197,
    -367.9674268563));
#2175 = CARTESIAN_POINT('',(95.559787300484,15.686682347636,
    -367.9674268563));
#2176 = CARTESIAN_POINT('',(100.29922941052,16.250913158282,
    -367.9674268563));
#2177 = CARTESIAN_POINT('',(105.31156561254,16.6780256939,
    -367.9674268563));
#2178 = CARTESIAN_POINT('',(109.75054183716,17.991553695612,
    -367.9674268563));
#2179 = CARTESIAN_POINT('',(113.51565334691,17.915764296881,
    -367.9674268563));
#2180 = CARTESIAN_POINT('',(115.54136623345,19.324560977057,
    -367.9674268563));
#2181 = CARTESIAN_POINT('',(109.84512849567,20.698184529399,
    -363.8286993977));
#2182 = CARTESIAN_POINT('',(108.47216469094,19.911383591466,
    -363.8286993977));
#2183 = CARTESIAN_POINT('',(104.89045568716,20.229914015975,
    -363.8286993976));
#2184 = CARTESIAN_POINT('',(100.0912098133,20.198704978274,
    -363.8286993977));
#2185 = CARTESIAN_POINT('',(95.072060397469,20.817217865491,
    -363.8286993976));
#2186 = CARTESIAN_POINT('',(90.208180798941,21.431432705049,
    -363.8286993977));
#2187 = CARTESIAN_POINT('',(85.335203253779,22.54882539242,
    -363.8286993977));
#2188 = CARTESIAN_POINT('',(80.612968344814,24.012879453497,
    -363.8286993976));
#2189 = CARTESIAN_POINT('',(75.91879282323,25.623738486864,
    -363.8286993976));
#2190 = CARTESIAN_POINT('',(71.348792532328,27.596040891781,
    -363.8286993977));
#2191 = CARTESIAN_POINT('',(66.861692549012,29.609826887346,
    -363.8286993976));
#2192 = CARTESIAN_POINT('',(62.272394086451,31.709807182489,
    -363.8286993977));
#2193 = CARTESIAN_POINT('',(57.956958071241,33.765879537087,
    -363.8286993977));
#2194 = CARTESIAN_POINT('',(53.244751229689,36.194654361163,
    -363.8286993976));
#2195 = CARTESIAN_POINT('',(49.239330054823,37.866251738652,
    -363.8286993977));
#2196 = CARTESIAN_POINT('',(43.589071623235,40.055203675186,
    -363.8286993976));
#2197 = CARTESIAN_POINT('',(39.327794271631,36.75451334772,
    -363.8286993977));
#2198 = CARTESIAN_POINT('',(42.316438618602,30.979597439404,
    -363.8286993977));
#2199 = CARTESIAN_POINT('',(45.65991791621,28.018642095754,
    -363.8286993977));
#2200 = CARTESIAN_POINT('',(49.852203765546,25.018434498573,
    -363.8286993977));
#2201 = CARTESIAN_POINT('',(54.1945932197,22.735457446356,
    -363.8286993977));
#2202 = CARTESIAN_POINT('',(58.769120584073,20.781896565231,
    -363.8286993977));
#2203 = CARTESIAN_POINT('',(63.457527181978,19.143648507836,
    -363.8286993977));
#2204 = CARTESIAN_POINT('',(68.300932669153,18.061326175625,
    -363.8286993977));
#2205 = CARTESIAN_POINT('',(73.13081354806,16.960497358933,
    -363.8286993977));
#2206 = CARTESIAN_POINT('',(78.073235572947,16.360291621279,
    -363.8286993976));
#2207 = CARTESIAN_POINT('',(82.988159525392,15.934333158608,
    -363.8286993977));
#2208 = CARTESIAN_POINT('',(87.986910250366,15.716519495331,
    -363.8286993976));
#2209 = CARTESIAN_POINT('',(92.86974345907,15.855253443647,
    -363.8286993977));
#2210 = CARTESIAN_POINT('',(97.955276938549,16.179972244817,
    -363.8286993976));
#2211 = CARTESIAN_POINT('',(102.63608555105,16.716521419502,
    -363.8286993977));
#2212 = CARTESIAN_POINT('',(107.9975031948,17.501897957355,
    -363.8286993976));
#2213 = CARTESIAN_POINT('',(111.90710295277,18.419158617684,
    -363.8286993977));
#2214 = CARTESIAN_POINT('',(117.04159771191,19.31481197492,
    -363.8286993977));
#2215 = CARTESIAN_POINT('',(114.82510868538,21.09240906227,
    -363.8286993977));
#2216 = CARTESIAN_POINT('',(111.13511801047,21.468813382458,
    -357.7052897267));
#2217 = CARTESIAN_POINT('',(109.98312271205,20.234258914739,
    -357.7052897267));
#2218 = CARTESIAN_POINT('',(106.25811592629,20.428888418751,
    -357.7052897267));
#2219 = CARTESIAN_POINT('',(101.42384741566,20.457607307433,
    -357.7052897267));
#2220 = CARTESIAN_POINT('',(96.296840561527,20.900163357253,
    -357.7052897267));
#2221 = CARTESIAN_POINT('',(91.361557911313,21.561300841837,
    -357.7052897267));
#2222 = CARTESIAN_POINT('',(86.383930272494,22.534625446329,
    -357.7052897267));
#2223 = CARTESIAN_POINT('',(81.52372896656,23.807906964376,
    -357.7052897267));
#2224 = CARTESIAN_POINT('',(76.727572811751,25.365963704194,
    -357.7052897267));
#2225 = CARTESIAN_POINT('',(72.032818907694,27.217692367363,
    -357.7052897267));
#2226 = CARTESIAN_POINT('',(67.347379025694,29.001078083242,
    -357.7052897267));
#2227 = CARTESIAN_POINT('',(62.725853231315,31.153585307496,
    -357.7052897267));
#2228 = CARTESIAN_POINT('',(58.32126219307,33.333652979709,
    -357.7052897267));
#2229 = CARTESIAN_POINT('',(53.634936763691,35.754145956794,
    -357.7052897267));
#2230 = CARTESIAN_POINT('',(49.469253990563,37.743010588398,
    -357.7052897267));
#2231 = CARTESIAN_POINT('',(44.318875205735,40.181428727277,
    -357.7052897267));
#2232 = CARTESIAN_POINT('',(39.032315756702,39.181208729452,
    -357.7052897267));
#2233 = CARTESIAN_POINT('',(40.497531689217,32.583629839696,
    -357.7052897267));
#2234 = CARTESIAN_POINT('',(44.139785817479,29.52821698524,
    -357.7052897267));
#2235 = CARTESIAN_POINT('',(48.107114977632,26.30992645233,
    -357.7052897267));
#2236 = CARTESIAN_POINT('',(52.574232858089,23.911080825247,
    -357.7052897267));
#2237 = CARTESIAN_POINT('',(57.108293065643,21.789419319179,
    -357.7052897267));
#2238 = CARTESIAN_POINT('',(61.875393116719,20.070140516274,
    -357.7052897267));
#2239 = CARTESIAN_POINT('',(66.719700903511,18.725321709628,
    -357.7052897267));
#2240 = CARTESIAN_POINT('',(71.655452590548,17.705397658741,
    -357.7052897267));
#2241 = CARTESIAN_POINT('',(76.625706805724,16.827978054485,
    -357.7052897267));
#2242 = CARTESIAN_POINT('',(81.620616310963,16.31502164032,
    -357.7052897267));
#2243 = CARTESIAN_POINT('',(86.689128781685,16.079114776045,
    -357.7052897267));
#2244 = CARTESIAN_POINT('',(91.66474835103,16.078564496934,
    -357.7052897267));
#2245 = CARTESIAN_POINT('',(96.806939525049,16.347646652168,
    -357.7052897267));
#2246 = CARTESIAN_POINT('',(101.62056486334,16.904204041596,
    -357.7052897267));
#2247 = CARTESIAN_POINT('',(106.97142012528,17.538532904419,
    -357.7052897267));
#2248 = CARTESIAN_POINT('',(111.18653791579,18.632326852583,
    -357.7052897267));
#2249 = CARTESIAN_POINT('',(115.90384659228,19.087950854615,
    -357.7052897267));
#2250 = CARTESIAN_POINT('',(115.37485740829,20.879093237746,
    -357.7052897267));
#2251 = CARTESIAN_POINT('',(110.84556801852,21.228783832379,
    -351.5268153502));
#2252 = CARTESIAN_POINT('',(109.52048700833,20.267665528358,
    -351.5268153502));
#2253 = CARTESIAN_POINT('',(105.79872565243,20.579380634815,
    -351.5268153502));
#2254 = CARTESIAN_POINT('',(100.87205671507,20.581765954783,
    -351.5268153502));
#2255 = CARTESIAN_POINT('',(95.690595774233,21.128031670285,
    -351.5268153502));
#2256 = CARTESIAN_POINT('',(90.691698418006,21.833448943412,
    -351.5268153502));
#2257 = CARTESIAN_POINT('',(85.652074974043,22.861144852089,
    -351.5268153502));
#2258 = CARTESIAN_POINT('',(80.747953821388,24.229529878685,
    -351.5268153502));
#2259 = CARTESIAN_POINT('',(75.892232305983,25.82731297837,
    -351.5268153502));
#2260 = CARTESIAN_POINT('',(71.119251943473,27.671123354418,
    -351.5268153502));
#2261 = CARTESIAN_POINT('',(66.421289569082,29.597230783898,
    -351.5268153502));
#2262 = CARTESIAN_POINT('',(61.729534165996,31.777472797748,
    -351.5268153502));
#2263 = CARTESIAN_POINT('',(57.242058174882,33.91260973219,
    -351.5268153502));
#2264 = CARTESIAN_POINT('',(52.53134775889,36.503821477999,
    -351.5268153502));
#2265 = CARTESIAN_POINT('',(48.310098051906,38.402592116156,
    -351.5268153502));
#2266 = CARTESIAN_POINT('',(43.03624241672,41.059709160469,
    -351.5268153502));
#2267 = CARTESIAN_POINT('',(37.885404084718,39.262716369618,
    -351.5268153502));
#2268 = CARTESIAN_POINT('',(39.790848001121,32.851451058008,
    -351.5268153502));
#2269 = CARTESIAN_POINT('',(43.477610592452,29.779181008434,
    -351.5268153502));
#2270 = CARTESIAN_POINT('',(47.629087177562,26.662296038475,
    -351.5268153502));
#2271 = CARTESIAN_POINT('',(52.130123671636,24.218039632904,
    -351.5268153502));
#2272 = CARTESIAN_POINT('',(56.75943044583,22.122092413617,
    -351.5268153502));
#2273 = CARTESIAN_POINT('',(61.567500863593,20.315713281227,
    -351.5268153502));
#2274 = CARTESIAN_POINT('',(66.488522962282,18.997443784751,
    -351.5268153502));
#2275 = CARTESIAN_POINT('',(71.470871814782,17.854989584703,
    -351.5268153502));
#2276 = CARTESIAN_POINT('',(76.518982242248,17.030747606541,
    -351.5268153502));
#2277 = CARTESIAN_POINT('',(81.580757736357,16.501606054076,
    -351.5268153502));
#2278 = CARTESIAN_POINT('',(86.718109515684,16.210054629434,
    -351.5268153502));
#2279 = CARTESIAN_POINT('',(91.758568581878,16.282707034367,
    -351.5268153502));
#2280 = CARTESIAN_POINT('',(96.981819428872,16.499994844609,
    -351.5268153502));
#2281 = CARTESIAN_POINT('',(101.84588731685,17.045633107164,
    -351.5268153502));
#2282 = CARTESIAN_POINT('',(107.30826461343,17.668253693444,
    -351.5268153502));
#2283 = CARTESIAN_POINT('',(111.51087572423,18.736336811385,
    -351.5268153502));
#2284 = CARTESIAN_POINT('',(116.44207298738,19.266420993212,
    -351.5268153502));
#2285 = CARTESIAN_POINT('',(115.53079256982,20.900604036592,
    -351.5268153502));
#2286 = CARTESIAN_POINT('',(110.74404329118,21.108129554604,
    -345.4189297823));
#2287 = CARTESIAN_POINT('',(109.30285733096,20.337083227346,
    -345.4189297823));
#2288 = CARTESIAN_POINT('',(105.58473190626,20.536875078659,
    -345.4189297823));
#2289 = CARTESIAN_POINT('',(100.57996239346,20.687090814143,
    -345.4189297823));
#2290 = CARTESIAN_POINT('',(95.349549902049,21.207511069853,
    -345.4189297823));
#2291 = CARTESIAN_POINT('',(90.284466297881,21.946134134714,
    -345.4189297823));
#2292 = CARTESIAN_POINT('',(85.203190222611,23.039805820808,
    -345.4189297823));
#2293 = CARTESIAN_POINT('',(80.233316583398,24.412547248763,
    -345.4189297823));
#2294 = CARTESIAN_POINT('',(75.341621149615,26.087393855685,
    -345.4189297823));
#2295 = CARTESIAN_POINT('',(70.526261200505,27.995241040617,
    -345.4189297823));
#2296 = CARTESIAN_POINT('',(65.759635266451,29.908176144794,
    -345.4189297823));
#2297 = CARTESIAN_POINT('',(61.017667519452,32.135313401593,
    -345.4189297823));
#2298 = CARTESIAN_POINT('',(56.501516049879,34.333665944913,
    -345.4189297823));
#2299 = CARTESIAN_POINT('',(51.689927023053,36.885488889624,
    -345.4189297823));
#2300 = CARTESIAN_POINT('',(47.455542366956,38.850492543748,
    -345.4189297823));
#2301 = CARTESIAN_POINT('',(42.100502110528,41.535584874147,
    -345.4189297823));
#2302 = CARTESIAN_POINT('',(36.879331595553,39.861725970882,
    -345.4189297823));
#2303 = CARTESIAN_POINT('',(38.900336091097,33.270591315278,
    -345.4189297823));
#2304 = CARTESIAN_POINT('',(42.596515980793,30.212277932938,
    -345.4189297823));
#2305 = CARTESIAN_POINT('',(46.767618373933,26.969103023598,
    -345.4189297823));
#2306 = CARTESIAN_POINT('',(51.349159870655,24.56427509558,
    -345.4189297823));
#2307 = CARTESIAN_POINT('',(56.036262558447,22.436944360492,
    -345.4189297823));
#2308 = CARTESIAN_POINT('',(60.889565739053,20.596235069048,
    -345.4189297823));
#2309 = CARTESIAN_POINT('',(65.846722648325,19.163328329475,
    -345.4189297823));
#2310 = CARTESIAN_POINT('',(70.900971102804,18.075821295857,
    -345.4189297823));
#2311 = CARTESIAN_POINT('',(75.995028914287,17.154536120242,
    -345.4189297823));
#2312 = CARTESIAN_POINT('',(81.11413236021,16.588127525007,
    -345.4189297823));
#2313 = CARTESIAN_POINT('',(86.311416593917,16.281385084829,
    -345.4189297823));
#2314 = CARTESIAN_POINT('',(91.412733601586,16.308183378106,
    -345.4189297823));
#2315 = CARTESIAN_POINT('',(96.696554090552,16.50360180715,
    -345.4189297823));
#2316 = CARTESIAN_POINT('',(101.62673160227,17.045712281682,
    -345.4189297823));
#2317 = CARTESIAN_POINT('',(107.14563823218,17.625791606686,
    -345.4189297823));
#2318 = CARTESIAN_POINT('',(111.4357307827,18.689628574703,
    -345.4189297823));
#2319 = CARTESIAN_POINT('',(116.38452557717,19.0781615261,
    -345.4189297823));
#2320 = CARTESIAN_POINT('',(115.6389439145,20.887050301363,
    -345.4189297823));
#2321 = CARTESIAN_POINT('',(110.99186615776,21.026200296977,
    -338.5657590607));
#2322 = CARTESIAN_POINT('',(109.57168269743,20.124562235219,
    -338.5657590607));
#2323 = CARTESIAN_POINT('',(105.78378344109,20.445671965506,
    -338.5657590607));
#2324 = CARTESIAN_POINT('',(100.72089739534,20.516516996041,
    -338.5657590607));
#2325 = CARTESIAN_POINT('',(95.419550158257,21.117006485757,
    -338.5657590607));
#2326 = CARTESIAN_POINT('',(90.292374920869,21.85527269904,
    -338.5657590607));
#2327 = CARTESIAN_POINT('',(85.137902386048,22.962261855127,
    -338.5657590607));
#2328 = CARTESIAN_POINT('',(80.111357796691,24.370434098628,
    -338.5657590607));
#2329 = CARTESIAN_POINT('',(75.132871509423,26.013196121807,
    -338.5657590607));
#2330 = CARTESIAN_POINT('',(70.240306053467,27.893456738631,
    -338.5657590607));
#2331 = CARTESIAN_POINT('',(65.426135048392,29.898323944642,
    -338.5657590607));
#2332 = CARTESIAN_POINT('',(60.637593380804,32.138074540793,
    -338.5657590607));
#2333 = CARTESIAN_POINT('',(56.019110023144,34.371631519891,
    -338.5657590607));
#2334 = CARTESIAN_POINT('',(51.227350308994,36.955860649048,
    -338.5657590607));
#2335 = CARTESIAN_POINT('',(46.851952353883,39.094798070093,
    -338.5657590607));
#2336 = CARTESIAN_POINT('',(41.673670961239,41.679563698077,
    -338.5657590607));
#2337 = CARTESIAN_POINT('',(35.958392553625,40.983055521915,
    -338.5657590607));
#2338 = CARTESIAN_POINT('',(37.268794597306,34.122608370625,
    -338.5657590607));
#2339 = CARTESIAN_POINT('',(41.058775487296,30.875381639311,
    -338.5657590607));
#2340 = CARTESIAN_POINT('',(45.180497883186,27.571640505218,
    -338.5657590607));
#2341 = CARTESIAN_POINT('',(49.816667738493,25.040412454079,
    -338.5657590607));
#2342 = CARTESIAN_POINT('',(54.509376086452,22.812824735953,
    -338.5657590607));
#2343 = CARTESIAN_POINT('',(59.462506960039,21.001321826201,
    -338.5657590607));
#2344 = CARTESIAN_POINT('',(64.435154699234,19.425538169952,
    -338.5657590607));
#2345 = CARTESIAN_POINT('',(69.540059193063,18.20958218948,
    -338.5657590607));
#2346 = CARTESIAN_POINT('',(74.691057375673,17.25129176744,
    -338.5657590607));
#2347 = CARTESIAN_POINT('',(79.880017835929,16.635519839077,
    -338.5657590607));
#2348 = CARTESIAN_POINT('',(85.130895791262,16.266081702563,
    -338.5657590607));
#2349 = CARTESIAN_POINT('',(90.321887137692,16.222499868027,
    -338.5657590607));
#2350 = CARTESIAN_POINT('',(95.636444907038,16.368244277456,
    -338.5657590607));
#2351 = CARTESIAN_POINT('',(100.71626644685,16.83410464515,
    -338.5657590607));
#2352 = CARTESIAN_POINT('',(106.17081268379,17.328640331878,
    -338.5657590607));
#2353 = CARTESIAN_POINT('',(110.85931176239,18.306241084701,
    -338.5657590607));
#2354 = CARTESIAN_POINT('',(115.18008636916,18.759191577987,
    -338.5657590607));
#2355 = CARTESIAN_POINT('',(116.25459713263,19.713962514636,
    -338.5657590607));
#2356 = CARTESIAN_POINT('',(111.5680679076,21.180559633706,
    -335.1452750579));
#2357 = CARTESIAN_POINT('',(110.31885871239,19.91359741433,
    -335.1452750579));
#2358 = CARTESIAN_POINT('',(106.35975536852,20.299143567231,
    -335.1452750579));
#2359 = CARTESIAN_POINT('',(101.23127022256,20.41437618384,
    -335.1452750579));
#2360 = CARTESIAN_POINT('',(95.788163046661,20.987543570585,
    -335.1452750579));
#2361 = CARTESIAN_POINT('',(90.555047281782,21.72241428137,
    -335.1452750579));
#2362 = CARTESIAN_POINT('',(85.277232065656,22.841481590872,
    -335.1452750579));
#2363 = CARTESIAN_POINT('',(80.14003321542,24.268891691526,
    -335.1452750579));
#2364 = CARTESIAN_POINT('',(75.044853889165,25.936087526794,
    -335.1452750579));
#2365 = CARTESIAN_POINT('',(70.065203047215,27.923743081917,
    -335.1452750579));
#2366 = CARTESIAN_POINT('',(65.133961542144,29.928057822679,
    -335.1452750579));
#2367 = CARTESIAN_POINT('',(60.246783090241,32.277941076781,
    -335.1452750579));
#2368 = CARTESIAN_POINT('',(55.542167652761,34.507471589686,
    -335.1452750579));
#2369 = CARTESIAN_POINT('',(50.569984247714,37.162684724392,
    -335.1452750579));
#2370 = CARTESIAN_POINT('',(46.200656157865,39.249280032822,
    -335.1452750579));
#2371 = CARTESIAN_POINT('',(40.704100536877,42.087372209719,
    -335.1452750579));
#2372 = CARTESIAN_POINT('',(35.243395313503,40.675572290979,
    -335.1452750579));
#2373 = CARTESIAN_POINT('',(37.161581920612,33.70085468985,
    -335.1452750579));
#2374 = CARTESIAN_POINT('',(41.030733626487,30.580718126234,
    -335.1452750579));
#2375 = CARTESIAN_POINT('',(45.341828048886,27.210630063476,
    -335.1452750579));
#2376 = CARTESIAN_POINT('',(50.096027546743,24.731406328437,
    -335.1452750579));
#2377 = CARTESIAN_POINT('',(54.920617230811,22.468050594511,
    -335.1452750579));
#2378 = CARTESIAN_POINT('',(59.97850701575,20.633970616392,
    -335.1452750579));
#2379 = CARTESIAN_POINT('',(65.106688808711,19.140901046922,
    -335.1452750579));
#2380 = CARTESIAN_POINT('',(70.344547922418,18.021456314814,
    -335.1452750579));
#2381 = CARTESIAN_POINT('',(75.612573326504,17.022299610886,
    -335.1452750579));
#2382 = CARTESIAN_POINT('',(80.916595508898,16.458865064431,
    -335.1452750579));
#2383 = CARTESIAN_POINT('',(86.30436644485,16.153594316542,
    -335.1452750579));
#2384 = CARTESIAN_POINT('',(91.576336296148,16.121244478073,
    -335.1452750579));
#2385 = CARTESIAN_POINT('',(97.07266246233,16.372646368927,
    -335.1452750579));
#2386 = CARTESIAN_POINT('',(102.13338079935,16.853762357312,
    -335.1452750579));
#2387 = CARTESIAN_POINT('',(107.95316196399,17.467635095682,
    -335.1452750579));
#2388 = CARTESIAN_POINT('',(112.17625584825,18.475350911986,
    -335.1452750579));
#2389 = CARTESIAN_POINT('',(117.79317336272,18.970715899419,
    -335.1452750579));
#2390 = CARTESIAN_POINT('',(115.59677702005,21.159425263659,
    -335.1452750579));
#2391 = CARTESIAN_POINT('',(110.99440823871,20.293871322811,
    -326.6199487616));
#2392 = CARTESIAN_POINT('',(109.39351384397,19.599212449448,
    -326.6199487616));
#2393 = CARTESIAN_POINT('',(105.52920036824,19.922584502224,
    -326.6199487616));
#2394 = CARTESIAN_POINT('',(100.25736814749,20.055025037809,
    -326.6199487616));
#2395 = CARTESIAN_POINT('',(94.788159294815,20.72900270531,
    -326.6199487616));
#2396 = CARTESIAN_POINT('',(89.478647698082,21.565614622571,
    -326.6199487616));
#2397 = CARTESIAN_POINT('',(84.155452912116,22.743405368558,
    -326.6199487616));
#2398 = CARTESIAN_POINT('',(78.949532648491,24.223039095226,
    -326.6199487616));
#2399 = CARTESIAN_POINT('',(73.818175699217,25.985744179814,
    -326.6199487616));
#2400 = CARTESIAN_POINT('',(68.78071032046,28.022256535194,
    -326.6199487616));
#2401 = CARTESIAN_POINT('',(63.790872324762,30.074994400588,
    -326.6199487616));
#2402 = CARTESIAN_POINT('',(58.832734306981,32.420195604378,
    -326.6199487616));
#2403 = CARTESIAN_POINT('',(54.072293685548,34.741504167099,
    -326.6199487616));
#2404 = CARTESIAN_POINT('',(49.078575833781,37.42606148438,
    -326.6199487616));
#2405 = CARTESIAN_POINT('',(44.598537216847,39.610555584711,
    -326.6199487616));
#2406 = CARTESIAN_POINT('',(39.142685351159,42.387293256521,
    -326.6199487616));
#2407 = CARTESIAN_POINT('',(33.36758741577,40.916545605192,
    -326.6199487616));
#2408 = CARTESIAN_POINT('',(35.553504671216,34.087907706177,
    -326.6199487616));
#2409 = CARTESIAN_POINT('',(39.329650480383,30.748015781317,
    -326.6199487616));
#2410 = CARTESIAN_POINT('',(43.795768089236,27.472564022245,
    -326.6199487616));
#2411 = CARTESIAN_POINT('',(48.554426416337,24.87960270374,
    -326.6199487616));
#2412 = CARTESIAN_POINT('',(53.41417716049,22.499366891095,
    -326.6199487616));
#2413 = CARTESIAN_POINT('',(58.547020195718,20.679555426776,
    -326.6199487616));
#2414 = CARTESIAN_POINT('',(63.692766689682,18.996858074107,
    -326.6199487616));
#2415 = CARTESIAN_POINT('',(68.982867021131,17.773028938592,
    -326.6199487616));
#2416 = CARTESIAN_POINT('',(74.341011593766,16.883171567056,
    -326.6199487616));
#2417 = CARTESIAN_POINT('',(79.699698866515,16.181036844734,
    -326.6199487616));
#2418 = CARTESIAN_POINT('',(85.155920697511,15.884877564982,
    -326.6199487616));
#2419 = CARTESIAN_POINT('',(90.508720817552,15.75460393845,
    -326.6199487616));
#2420 = CARTESIAN_POINT('',(96.050897311802,15.95436173741,
    -326.6199487616));
#2421 = CARTESIAN_POINT('',(101.24430547735,16.406266726468,
    -326.6199487616));
#2422 = CARTESIAN_POINT('',(107.02360877543,16.943285896358,
    -326.6199487616));
#2423 = CARTESIAN_POINT('',(111.60067976796,17.883282475209,
    -326.6199487616));
#2424 = CARTESIAN_POINT('',(116.68866930354,18.356815449727,
    -326.6199487616));
#2425 = CARTESIAN_POINT('',(116.14146459838,20.040484643711,
    -326.6199487616));
#2426 = CARTESIAN_POINT('',(111.84566609602,20.316669719694,
    -321.4628302408));
#2427 = CARTESIAN_POINT('',(110.47770851845,19.140644758229,
    -321.4628302408));
#2428 = CARTESIAN_POINT('',(106.41122061248,19.558859499145,
    -321.4628302408));
#2429 = CARTESIAN_POINT('',(101.09067917046,19.660794992732,
    -321.4628302408));
#2430 = CARTESIAN_POINT('',(95.470598489262,20.305074501383,
    -321.4628302408));
#2431 = CARTESIAN_POINT('',(90.059175869574,21.102890948543,
    -321.4628302408));
#2432 = CARTESIAN_POINT('',(84.612449701413,22.312042845672,
    -321.4628302408));
#2433 = CARTESIAN_POINT('',(79.296851122146,23.789642923957,
    -321.4628302408));
#2434 = CARTESIAN_POINT('',(74.031955407146,25.529639423555,
    -321.4628302408));
#2435 = CARTESIAN_POINT('',(68.883967086455,27.591298802011,
    -321.4628302408));
#2436 = CARTESIAN_POINT('',(63.786350096609,29.685507890316,
    -321.4628302408));
#2437 = CARTESIAN_POINT('',(58.727925609705,32.083199915379,
    -321.4628302408));
#2438 = CARTESIAN_POINT('',(53.860997221384,34.448435493781,
    -321.4628302408));
#2439 = CARTESIAN_POINT('',(48.792419264382,37.232842410112,
    -321.4628302408));
#2440 = CARTESIAN_POINT('',(44.195089177781,39.448337729103,
    -321.4628302408));
#2441 = CARTESIAN_POINT('',(38.641897990243,42.239020111258,
    -321.4628302408));
#2442 = CARTESIAN_POINT('',(32.795740911293,41.387843681998,
    -321.4628302408));
#2443 = CARTESIAN_POINT('',(33.966342907099,34.036803374483,
    -321.4628302408));
#2444 = CARTESIAN_POINT('',(38.421719665361,30.993620794042,
    -321.4628302408));
#2445 = CARTESIAN_POINT('',(42.643024096405,27.382896685556,
    -321.4628302408));
#2446 = CARTESIAN_POINT('',(47.647200405312,24.832211739268,
    -321.4628302408));
#2447 = CARTESIAN_POINT('',(52.528665834186,22.345844576973,
    -321.4628302408));
#2448 = CARTESIAN_POINT('',(57.792099939071,20.463782462869,
    -321.4628302408));
#2449 = CARTESIAN_POINT('',(63.057110624699,18.838902920059,
    -321.4628302408));
#2450 = CARTESIAN_POINT('',(68.453448462071,17.545360491373,
    -321.4628302408));
#2451 = CARTESIAN_POINT('',(73.909990834446,16.568201973509,
    -321.4628302408));
#2452 = CARTESIAN_POINT('',(79.39679789534,15.970780969173,
    -321.4628302408));
#2453 = CARTESIAN_POINT('',(84.957364070951,15.525721138521,
    -321.4628302408));
#2454 = CARTESIAN_POINT('',(90.42155041971,15.464210321582,
    -321.4628302408));
#2455 = CARTESIAN_POINT('',(96.0905710078,15.607882422932,
    -321.4628302408));
#2456 = CARTESIAN_POINT('',(101.37112279588,16.060897404587,
    -321.4628302408));
#2457 = CARTESIAN_POINT('',(107.31894308976,16.620470203853,
    -321.4628302408));
#2458 = CARTESIAN_POINT('',(111.87430384091,17.638010655046,
    -321.4628302408));
#2459 = CARTESIAN_POINT('',(117.3248937934,17.978371038262,
    -321.4628302408));
#2460 = CARTESIAN_POINT('',(116.05241585264,20.249820080234,
    -321.4628302408));
#2461 = CARTESIAN_POINT('',(110.54408871388,19.269304692514,
    -314.13041892));
#2462 = CARTESIAN_POINT('',(108.91340263059,18.711735108765,
    -314.13041892));
#2463 = CARTESIAN_POINT('',(104.95550733121,18.976854402557,
    -314.13041892));
#2464 = CARTESIAN_POINT('',(99.569978143282,19.200089422278,
    -314.13041892));
#2465 = CARTESIAN_POINT('',(93.980404251383,19.912862832946,
    -314.13041892));
#2466 = CARTESIAN_POINT('',(88.559192191394,20.835302681654,
    -314.13041892));
#2467 = CARTESIAN_POINT('',(83.137148007826,22.120513113495,
    -314.13041892));
#2468 = CARTESIAN_POINT('',(77.796157633902,23.5852024423,-314.13041892)
  );
#2469 = CARTESIAN_POINT('',(72.590252641845,25.50644412064,-314.13041892
    ));
#2470 = CARTESIAN_POINT('',(67.445619942741,27.605272170107,
    -314.13041892));
#2471 = CARTESIAN_POINT('',(62.309946665885,29.621816511195,
    -314.13041892));
#2472 = CARTESIAN_POINT('',(57.265214133435,32.090269535989,
    -314.13041892));
#2473 = CARTESIAN_POINT('',(52.437169176307,34.525628845171,
    -314.13041892));
#2474 = CARTESIAN_POINT('',(47.357309372581,37.350728897203,
    -314.13041892));
#2475 = CARTESIAN_POINT('',(42.701653981599,39.394005438161,
    -314.13041892));
#2476 = CARTESIAN_POINT('',(37.170600965932,42.391753159699,
    -314.13041892));
#2477 = CARTESIAN_POINT('',(31.249997935793,41.149230485329,
    -314.13041892));
#2478 = CARTESIAN_POINT('',(33.360585455616,34.001481808641,
    -314.13041892));
#2479 = CARTESIAN_POINT('',(37.178277041755,30.570592391069,
    -314.13041892));
#2480 = CARTESIAN_POINT('',(41.697777175541,27.144235041037,
    -314.13041892));
#2481 = CARTESIAN_POINT('',(46.544234626452,24.450092743955,
    -314.13041892));
#2482 = CARTESIAN_POINT('',(51.511935136911,22.020597871362,
    -314.13041892));
#2483 = CARTESIAN_POINT('',(56.750704022552,20.122725883987,
    -314.13041892));
#2484 = CARTESIAN_POINT('',(62.022196763458,18.437326298954,
    -314.13041892));
#2485 = CARTESIAN_POINT('',(67.424537011453,17.153038930953,
    -314.13041892));
#2486 = CARTESIAN_POINT('',(72.903166492547,16.241194333857,
    -314.13041892));
#2487 = CARTESIAN_POINT('',(78.379550119872,15.481635011369,
    -314.13041892));
#2488 = CARTESIAN_POINT('',(83.947099553731,15.076147387368,
    -314.13041892));
#2489 = CARTESIAN_POINT('',(89.432795577508,14.930683410221,
    -314.13041892));
#2490 = CARTESIAN_POINT('',(95.080462446375,15.028332412509,
    -314.13041892));
#2491 = CARTESIAN_POINT('',(100.43770565975,15.452407421783,
    -314.13041892));
#2492 = CARTESIAN_POINT('',(106.27280790679,15.928252684569,
    -314.13041892));
#2493 = CARTESIAN_POINT('',(111.1313171871,16.93134597858,-314.13041892)
  );
#2494 = CARTESIAN_POINT('',(115.97427835051,17.234032950005,
    -314.13041892));
#2495 = CARTESIAN_POINT('',(116.52430863151,18.581491625512,
    -314.13041892));
#2496 = CARTESIAN_POINT('',(111.40809746808,19.119600894057,
    -308.7052619372));
#2497 = CARTESIAN_POINT('',(109.87998872538,18.095738324231,
    -308.7052619372));
#2498 = CARTESIAN_POINT('',(105.78636376996,18.536910357996,
    -308.7052619372));
#2499 = CARTESIAN_POINT('',(100.32304677835,18.691073505445,
    -308.7052619372));
#2500 = CARTESIAN_POINT('',(94.598904283414,19.36194719662,
    -308.7052619372));
#2501 = CARTESIAN_POINT('',(89.065685226932,20.209241007338,
    -308.7052619372));
#2502 = CARTESIAN_POINT('',(83.516375382694,21.482861142868,
    -308.7052619372));
#2503 = CARTESIAN_POINT('',(78.072609976981,22.959763081205,
    -308.7052619372));
#2504 = CARTESIAN_POINT('',(72.774463065187,24.974983850958,
    -308.7052619372));
#2505 = CARTESIAN_POINT('',(67.486787838686,26.988906003079,
    -308.7052619372));
#2506 = CARTESIAN_POINT('',(62.247522862023,29.074044713657,
    -308.7052619372));
#2507 = CARTESIAN_POINT('',(57.072267398083,31.47988499885,
    -308.7052619372));
#2508 = CARTESIAN_POINT('',(52.183802639009,34.111639044105,
    -308.7052619372));
#2509 = CARTESIAN_POINT('',(47.029871792228,36.908471802579,
    -308.7052619372));
#2510 = CARTESIAN_POINT('',(42.217772510991,39.124238456622,
    -308.7052619372));
#2511 = CARTESIAN_POINT('',(36.703977790757,41.918392497859,
    -308.7052619372));
#2512 = CARTESIAN_POINT('',(30.465759807856,41.663329397791,
    -308.7052619372));
#2513 = CARTESIAN_POINT('',(31.641766610634,34.083774092287,
    -308.7052619372));
#2514 = CARTESIAN_POINT('',(35.874255995064,30.6939193513,
    -308.7052619372));
#2515 = CARTESIAN_POINT('',(40.279856476992,27.086600876398,
    -308.7052619372));
#2516 = CARTESIAN_POINT('',(45.275724316402,24.317862646034,
    -308.7052619372));
#2517 = CARTESIAN_POINT('',(50.29122304518,21.803885694626,
    -308.7052619372));
#2518 = CARTESIAN_POINT('',(55.662554215787,19.893948657387,
    -308.7052619372));
#2519 = CARTESIAN_POINT('',(60.999315799116,18.083460229817,
    -308.7052619372));
#2520 = CARTESIAN_POINT('',(66.52127208329,16.797782661114,
    -308.7052619372));
#2521 = CARTESIAN_POINT('',(72.087765143758,15.76484785818,
    -308.7052619372));
#2522 = CARTESIAN_POINT('',(77.694505763149,15.136823013642,
    -308.7052619372));
#2523 = CARTESIAN_POINT('',(83.359693440074,14.593539254317,
    -308.7052619372));
#2524 = CARTESIAN_POINT('',(88.955252942918,14.452420031989,
    -308.7052619372));
#2525 = CARTESIAN_POINT('',(94.720852174603,14.501400576675,
    -308.7052619372));
#2526 = CARTESIAN_POINT('',(100.17196037684,14.950244172123,
    -308.7052619372));
#2527 = CARTESIAN_POINT('',(106.15047277314,15.420818483699,
    -308.7052619372));
#2528 = CARTESIAN_POINT('',(111.05117962031,16.405727235759,
    -308.7052619372));
#2529 = CARTESIAN_POINT('',(116.10545443446,16.815641969709,
    -308.7052619372));
#2530 = CARTESIAN_POINT('',(116.26331163868,18.250229998268,
    -308.7052619372));
#2531 = CARTESIAN_POINT('',(111.80645032669,18.746457593859,
    -302.1101655412));
#2532 = CARTESIAN_POINT('',(110.45271217103,17.431712882331,
    -302.1101655412));
#2533 = CARTESIAN_POINT('',(106.16839188647,17.843278997112,
    -302.1101655412));
#2534 = CARTESIAN_POINT('',(100.63178130492,17.898085728206,
    -302.1101655412));
#2535 = CARTESIAN_POINT('',(94.752395954096,18.625339240854,
    -302.1101655412));
#2536 = CARTESIAN_POINT('',(89.131422819254,19.553841480203,
    -302.1101655412));
#2537 = CARTESIAN_POINT('',(83.411363962705,20.718042916661,
    -302.1101655412));
#2538 = CARTESIAN_POINT('',(77.91568587802,22.424725903533,
    -302.1101655412));
#2539 = CARTESIAN_POINT('',(72.413275411785,24.253426977913,
    -302.1101655412));
#2540 = CARTESIAN_POINT('',(67.059863932243,26.431322854653,
    -302.1101655412));
#2541 = CARTESIAN_POINT('',(61.607529360462,28.33614862784,
    -302.1101655412));
#2542 = CARTESIAN_POINT('',(56.410040389984,30.986731033378,
    -302.1101655412));
#2543 = CARTESIAN_POINT('',(51.421990841373,33.694434579539,
    -302.1101655412));
#2544 = CARTESIAN_POINT('',(46.13165967282,36.497971570197,
    -302.1101655412));
#2545 = CARTESIAN_POINT('',(41.201432325921,38.766666544041,
    -302.1101655412));
#2546 = CARTESIAN_POINT('',(35.647269044701,41.739113232744,
    -302.1101655412));
#2547 = CARTESIAN_POINT('',(29.213506736885,41.549828060413,
    -302.1101655412));
#2548 = CARTESIAN_POINT('',(30.450632284282,33.898964128096,
    -302.1101655412));
#2549 = CARTESIAN_POINT('',(34.683979448333,30.308107720129,
    -302.1101655412));
#2550 = CARTESIAN_POINT('',(39.156354913622,26.589071320114,
    -302.1101655412));
#2551 = CARTESIAN_POINT('',(44.276962981133,23.784205100621,
    -302.1101655412));
#2552 = CARTESIAN_POINT('',(49.367618854385,21.127968398154,
    -302.1101655412));
#2553 = CARTESIAN_POINT('',(54.92800472909,19.364937865677,
    -302.1101655412));
#2554 = CARTESIAN_POINT('',(60.402297361136,17.577730096588,
    -302.1101655412));
#2555 = CARTESIAN_POINT('',(66.015322151556,16.157747225835,
    -302.1101655412));
#2556 = CARTESIAN_POINT('',(71.729121030278,15.202464910041,
    -302.1101655412));
#2557 = CARTESIAN_POINT('',(77.424151015576,14.339960149563,
    -302.1101655412));
#2558 = CARTESIAN_POINT('',(83.245950211066,14.034448023891,
    -302.1101655412));
#2559 = CARTESIAN_POINT('',(88.945745404382,13.766203758125,
    -302.1101655412));
#2560 = CARTESIAN_POINT('',(94.858763873142,13.967311258958,
    -302.1101655412));
#2561 = CARTESIAN_POINT('',(100.39648531006,14.337640862251,
    -302.1101655412));
#2562 = CARTESIAN_POINT('',(106.57678267547,14.843152728866,
    -302.1101655412));
#2563 = CARTESIAN_POINT('',(111.41697519545,15.978298852116,
    -302.1101655412));
#2564 = CARTESIAN_POINT('',(116.94574134761,16.07586896624,
    -302.1101655412));
#2565 = CARTESIAN_POINT('',(116.25419134614,18.354507697802,
    -302.1101655412));
#2566 = CARTESIAN_POINT('',(110.37267047279,17.154293543792,
    -296.3309769926));
#2567 = CARTESIAN_POINT('',(108.27006174465,17.32721836236,
    -296.3309769926));
#2568 = CARTESIAN_POINT('',(104.34479661885,17.031114278316,
    -296.3309769926));
#2569 = CARTESIAN_POINT('',(98.61867031447,17.568573858339,
    -296.3309769926));
#2570 = CARTESIAN_POINT('',(92.838128688871,18.185327882185,
    -296.3309769926));
#2571 = CARTESIAN_POINT('',(87.135846350855,19.165082734208,
    -296.3309769926));
#2572 = CARTESIAN_POINT('',(81.519790461761,20.587934765615,
    -296.3309769926));
#2573 = CARTESIAN_POINT('',(75.989737036713,22.334038664934,
    -296.3309769927));
#2574 = CARTESIAN_POINT('',(70.497304784484,24.127091168108,
    -296.3309769926));
#2575 = CARTESIAN_POINT('',(65.123372216573,26.342731467199,
    -296.3309769926));
#2576 = CARTESIAN_POINT('',(59.73837584177,28.385413051795,
    -296.3309769926));
#2577 = CARTESIAN_POINT('',(54.599416558737,31.24438858512,
    -296.3309769926));
#2578 = CARTESIAN_POINT('',(49.556396346969,33.757218413226,
    -296.3309769926));
#2579 = CARTESIAN_POINT('',(44.236647921344,36.703493447192,
    -296.3309769926));
#2580 = CARTESIAN_POINT('',(39.379975784142,38.804735411457,
    -296.3309769926));
#2581 = CARTESIAN_POINT('',(33.491739220756,41.755202363641,
    -296.3309769926));
#2582 = CARTESIAN_POINT('',(27.370754320674,40.420903529429,
    -296.3309769926));
#2583 = CARTESIAN_POINT('',(29.633822414055,32.780238489887,
    -296.3309769926));
#2584 = CARTESIAN_POINT('',(33.909775586426,29.586718831434,
    -296.3309769926));
#2585 = CARTESIAN_POINT('',(38.474601045848,25.771078158682,
    -296.3309769926));
#2586 = CARTESIAN_POINT('',(43.570617511721,23.027549131994,
    -296.3309769926));
#2587 = CARTESIAN_POINT('',(48.75477178839,20.480202371972,
    -296.3309769927));
#2588 = CARTESIAN_POINT('',(54.263214347382,18.600795673464,
    -296.3309769926));
#2589 = CARTESIAN_POINT('',(59.757565548934,16.840557980465,
    -296.3309769927));
#2590 = CARTESIAN_POINT('',(65.383586469706,15.400415891305,
    -296.3309769926));
#2591 = CARTESIAN_POINT('',(71.10235903125,14.483923295317,
    -296.3309769926));
#2592 = CARTESIAN_POINT('',(76.830472701793,13.716189529113,
    -296.3309769926));
#2593 = CARTESIAN_POINT('',(82.637020010142,13.266253506518,
    -296.3309769926));
#2594 = CARTESIAN_POINT('',(88.364097274256,13.238766620206,
    -296.3309769926));
#2595 = CARTESIAN_POINT('',(94.276813396201,13.110536922934,
    -296.3309769926));
#2596 = CARTESIAN_POINT('',(99.835406219301,13.643679065013,
    -296.3309769926));
#2597 = CARTESIAN_POINT('',(105.99638415576,14.105064462362,
    -296.3309769927));
#2598 = CARTESIAN_POINT('',(110.92034051802,15.131412034546,
    -296.3309769926));
#2599 = CARTESIAN_POINT('',(116.28352186664,15.570663799906,
    -296.3309769926));
#2600 = CARTESIAN_POINT('',(116.0162852049,16.953019927555,
    -296.3309769926));
#2601 = CARTESIAN_POINT('',(110.15078217132,18.231704002611,
    -294.3108904808));
#2602 = CARTESIAN_POINT('',(109.09321168617,16.043016414489,
    -294.3108904808));
#2603 = CARTESIAN_POINT('',(104.60869448899,17.180501291834,
    -294.3108904808));
#2604 = CARTESIAN_POINT('',(99.076225902892,16.959507123002,
    -294.3108904808));
#2605 = CARTESIAN_POINT('',(93.120003108345,17.996836850191,
    -294.3108904808));
#2606 = CARTESIAN_POINT('',(87.440428987665,18.844165945554,
    -294.3108904808));
#2607 = CARTESIAN_POINT('',(81.740761963264,20.451657758025,
    -294.3108904808));
#2608 = CARTESIAN_POINT('',(76.107323380225,21.866434204961,
    -294.3108904808));
#2609 = CARTESIAN_POINT('',(70.584044024926,23.879395114412,
    -294.3108904808));
#2610 = CARTESIAN_POINT('',(65.126784701457,25.961333053268,
    -294.3108904808));
#2611 = CARTESIAN_POINT('',(59.689209081375,28.072844415875,
    -294.3108904808));
#2612 = CARTESIAN_POINT('',(54.474673349032,30.87265112046,
    -294.3108904808));
#2613 = CARTESIAN_POINT('',(49.436370972933,33.539581446153,
    -294.3108904808));
#2614 = CARTESIAN_POINT('',(44.024110267532,36.434004145015,
    -294.3108904808));
#2615 = CARTESIAN_POINT('',(39.131751854497,38.573735249244,
    -294.3108904808));
#2616 = CARTESIAN_POINT('',(33.22589485858,41.686109016537,
    -294.3108904808));
#2617 = CARTESIAN_POINT('',(27.08611619661,40.193996916737,
    -294.3108904808));
#2618 = CARTESIAN_POINT('',(29.56668574459,32.788504352454,
    -294.3108904808));
#2619 = CARTESIAN_POINT('',(33.564858756392,29.201530941024,
    -294.3108904808));
#2620 = CARTESIAN_POINT('',(38.307802853951,25.505239738093,
    -294.3108904808));
#2621 = CARTESIAN_POINT('',(43.431097197284,22.734054979059,
    -294.3108904808));
#2622 = CARTESIAN_POINT('',(48.635785985745,20.046082993905,
    -294.3108904808));
#2623 = CARTESIAN_POINT('',(54.267962183529,18.369201139505,
    -294.3108904808));
#2624 = CARTESIAN_POINT('',(59.84366630252,16.623144972605,
    -294.3108904808));
#2625 = CARTESIAN_POINT('',(65.502830023172,15.174624304713,
    -294.3108904808));
#2626 = CARTESIAN_POINT('',(71.299237367228,14.220567172661,
    -294.3108904808));
#2627 = CARTESIAN_POINT('',(77.059466861719,13.436617804138,
    -294.3108904808));
#2628 = CARTESIAN_POINT('',(82.945107545287,12.981156819745,
    -294.3108904808));
#2629 = CARTESIAN_POINT('',(88.71336504447,12.785113049509,
    -294.3108904808));
#2630 = CARTESIAN_POINT('',(94.690348447434,13.12732405627,
    -294.3108904808));
#2631 = CARTESIAN_POINT('',(100.30177222894,13.40201829217,
    -294.3108904808));
#2632 = CARTESIAN_POINT('',(106.53988612864,13.991381805156,
    -294.3108904808));
#2633 = CARTESIAN_POINT('',(111.45948158575,15.058493698273,
    -294.3108904808));
#2634 = CARTESIAN_POINT('',(117.02150840056,15.231413300027,
    -294.3108904808));
#2635 = CARTESIAN_POINT('',(116.20796762503,17.936133414615,
    -294.3108904808));
#2636 = CARTESIAN_POINT('',(107.34647369384,16.953256607056,-292.));
#2637 = CARTESIAN_POINT('',(105.65205473415,16.410020184782,-292.));
#2638 = CARTESIAN_POINT('',(101.49044826319,16.750207935983,-292.));
#2639 = CARTESIAN_POINT('',(95.859989351136,17.175711159164,-292.));
#2640 = CARTESIAN_POINT('',(90.012221018806,18.093948554907,-292.));
#2641 = CARTESIAN_POINT('',(84.376045270499,19.309548126377,-292.));
#2642 = CARTESIAN_POINT('',(78.729324097743,20.837310755117,-292.));
#2643 = CARTESIAN_POINT('',(73.175415332017,22.546899049895,-292.));
#2644 = CARTESIAN_POINT('',(67.737061615563,24.601157881452,-292.));
#2645 = CARTESIAN_POINT('',(62.276045981138,26.695653292651,-292.));
#2646 = CARTESIAN_POINT('',(57.031747221955,29.075329980415,-292.));
#2647 = CARTESIAN_POINT('',(51.827815602884,31.960860601487,-292.));
#2648 = CARTESIAN_POINT('',(46.876596061457,34.510793096909,-292.));
#2649 = CARTESIAN_POINT('',(41.270218794047,37.375324989668,-292.));
#2650 = CARTESIAN_POINT('',(36.815731139902,39.499500351371,-292.));
#2651 = CARTESIAN_POINT('',(29.75549488307,42.011287922123,-292.));
#2652 = CARTESIAN_POINT('',(26.290372453134,36.984319569468,-292.));
#2653 = CARTESIAN_POINT('',(30.663087747225,31.175188237952,-292.));
#2654 = CARTESIAN_POINT('',(34.61231924889,27.625624104606,-292.));
#2655 = CARTESIAN_POINT('',(39.613291793583,24.283453166294,-292.));
#2656 = CARTESIAN_POINT('',(44.692905012724,21.554575916213,-292.));
#2657 = CARTESIAN_POINT('',(50.031184947289,19.184401378499,-292.));
#2658 = CARTESIAN_POINT('',(55.628480923459,17.559134608219,-292.));
#2659 = CARTESIAN_POINT('',(61.168741273834,15.778083897854,-292.));
#2660 = CARTESIAN_POINT('',(66.859675839147,14.55334256859,-292.));
#2661 = CARTESIAN_POINT('',(72.620915556304,13.654362290735,
    -291.9999999999));
#2662 = CARTESIAN_POINT('',(78.384979426498,13.004504095797,-292.));
#2663 = CARTESIAN_POINT('',(84.225251276555,12.575868008955,-292.));
#2664 = CARTESIAN_POINT('',(89.98837778576,12.610397196186,-292.));
#2665 = CARTESIAN_POINT('',(95.906199443144,12.794847749962,-292.));
#2666 = CARTESIAN_POINT('',(101.53602034892,13.153717598119,-292.));
#2667 = CARTESIAN_POINT('',(107.63123590387,14.025148178023,-292.));
#2668 = CARTESIAN_POINT('',(112.74073051942,14.545047843333,-292.));
#2669 = CARTESIAN_POINT('',(117.8845272733,15.985657454519,-292.));
#2670 = CARTESIAN_POINT('',(115.61131286621,18.090982437134,-292.));
#2671 = SHELL_BASED_SURFACE_MODEL('',(#2672));
#2672 = OPEN_SHELL('',(#2673));
#2673 = ADVANCED_FACE('',(#2674),#2876,.T.);
#2674 = FACE_BOUND('',#2675,.T.);
#2675 = EDGE_LOOP('',(#2676,#2758,#2778,#2858));
#2676 = ORIENTED_EDGE('',*,*,#2677,.F.);
#2677 = EDGE_CURVE('',#2678,#2680,#2682,.T.);
#2678 = VERTEX_POINT('',#2679);
#2679 = CARTESIAN_POINT('',(26.57811164856,37.059768676758,-287.));
#2680 = VERTEX_POINT('',#2681);
#2681 = CARTESIAN_POINT('',(173.97764587402,29.671520233154,-287.));
#2682 = B_SPLINE_CURVE_WITH_KNOTS('',3,(#2683,#2684,#2685,#2686,#2687,
    #2688,#2689,#2690,#2691,#2692,#2693,#2694,#2695,#2696,#2697,#2698,
    #2699,#2700,#2701,#2702,#2703,#2704,#2705,#2706,#2707,#2708,#2709,
    #2710,#2711,#2712,#2713,#2714,#2715,#2716,#2717,#2718,#2719,#2720,
    #2721,#2722,#2723,#2724,#2725,#2726,#2727,#2728,#2729,#2730,#2731,
    #2732,#2733,#2734,#2735,#2736,#2737,#2738,#2739,#2740,#2741,#2742,
    #2743,#2744,#2745,#2746,#2747,#2748,#2749,#2750,#2751,#2752,#2753,
    #2754,#2755,#2756,#2757),.UNSPECIFIED.,.F.,.F.,(4,1,1,1,1,1,1,1,1,1,
    1,1,1,1,1,1,1,1,1,1,1,1,1,1,1,1,1,1,1,1,1,1,1,1,1,1,1,1,1,1,1,1,1,1,
    1,1,1,1,1,1,1,1,1,1,1,1,1,1,1,1,1,1,1,1,1,1,1,1,1,1,1,1,4),(0.,
    1.388888888889E-02,2.777777777778E-02,4.166666666667E-02,
    5.555555555556E-02,6.944444444444E-02,8.333333333333E-02,
    9.722222222222E-02,0.111111111111,0.125,0.138888888889,
    0.152777777778,0.166666666667,0.180555555556,0.194444444444,
    0.208333333333,0.222222222222,0.236111111111,0.25,0.263888888889,
    0.277777777778,0.291666666667,0.305555555556,0.319444444444,
    0.333333333333,0.347222222222,0.361111111111,0.375,0.388888888889,
    0.402777777778,0.416666666667,0.430555555556,0.444444444444,
    0.458333333333,0.472222222222,0.486111111111,0.5,0.513888888889,
    0.527777777778,0.541666666667,0.555555555556,0.569444444444,
    0.583333333333,0.597222222222,0.611111111111,0.625,0.638888888889,
    0.652777777778,0.666666666667,0.680555555556,0.694444444444,
    0.708333333333,0.722222222222,0.736111111111,0.75,0.763888888889,
    0.777777777778,0.791666666667,0.805555555556,0.819444444444,
    0.833333333333,0.847222222222,0.861111111111,0.875,0.888888888889,
    0.902777777778,0.916666666667,0.930555555556,0.944444444444,
    0.958333333333,0.972222222222,0.986111111111,1.),.UNSPECIFIED.);
#2683 = CARTESIAN_POINT('',(26.57811164856,37.059768676758,-287.));
#2684 = CARTESIAN_POINT('',(26.055722515071,38.88298538711,-287.));
#2685 = CARTESIAN_POINT('',(28.64950893549,40.895230806489,-287.));
#2686 = CARTESIAN_POINT('',(32.791125084403,40.254035414922,-287.));
#2687 = CARTESIAN_POINT('',(36.637381396555,38.695771085442,-287.));
#2688 = CARTESIAN_POINT('',(40.399549634151,36.98232383192,-287.));
#2689 = CARTESIAN_POINT('',(44.084241281882,35.083728322607,
    -286.9999999999));
#2690 = CARTESIAN_POINT('',(47.743573719407,33.161613113105,-287.));
#2691 = CARTESIAN_POINT('',(51.433579793021,31.270988440805,-287.));
#2692 = CARTESIAN_POINT('',(55.070488769754,29.315833409227,-287.));
#2693 = CARTESIAN_POINT('',(58.750858907755,27.382715412429,-287.));
#2694 = CARTESIAN_POINT('',(62.564619065233,25.837910835102,-287.));
#2695 = CARTESIAN_POINT('',(66.468703899979,24.311793245735,-287.));
#2696 = CARTESIAN_POINT('',(70.234614401133,22.849891995602,-287.));
#2697 = CARTESIAN_POINT('',(74.300151567705,21.400947578079,-287.));
#2698 = CARTESIAN_POINT('',(77.984843344144,20.285136625174,-287.));
#2699 = CARTESIAN_POINT('',(82.527985788067,19.023833195322,-287.));
#2700 = CARTESIAN_POINT('',(85.909565607357,18.269720610898,-287.));
#2701 = CARTESIAN_POINT('',(90.207233511212,17.340317558429,-287.));
#2702 = CARTESIAN_POINT('',(94.355616483049,16.881583511282,-287.));
#2703 = CARTESIAN_POINT('',(98.536441448464,17.153200429065,-287.));
#2704 = CARTESIAN_POINT('',(102.38415271713,18.160823086072,-287.));
#2705 = CARTESIAN_POINT('',(106.33843483928,21.252995424009,-287.));
#2706 = CARTESIAN_POINT('',(100.18733481724,25.370284677662,-287.));
#2707 = CARTESIAN_POINT('',(105.3008583498,23.951106388862,-287.));
#2708 = CARTESIAN_POINT('',(108.10856760944,26.952089273564,-287.));
#2709 = CARTESIAN_POINT('',(114.78599749236,26.923275464883,-287.));
#2710 = CARTESIAN_POINT('',(115.97268267576,31.306782964222,-287.));
#2711 = CARTESIAN_POINT('',(121.13294079604,24.361549381187,-287.));
#2712 = CARTESIAN_POINT('',(115.73638271573,25.502481492825,-287.));
#2713 = CARTESIAN_POINT('',(111.5765678752,24.92582056705,-287.));
#2714 = CARTESIAN_POINT('',(107.82316990282,25.626120968454,-287.));
#2715 = CARTESIAN_POINT('',(103.85189731724,27.896918261948,-287.));
#2716 = CARTESIAN_POINT('',(100.73775549774,28.832711204829,-287.));
#2717 = CARTESIAN_POINT('',(96.784283564475,28.564334879447,-287.));
#2718 = CARTESIAN_POINT('',(98.000845704734,34.343703599171,-287.));
#2719 = CARTESIAN_POINT('',(103.65791171956,34.138487504814,-287.));
#2720 = CARTESIAN_POINT('',(106.24023547257,35.076758393463,-287.));
#2721 = CARTESIAN_POINT('',(111.65240364472,34.627090017306,-287.));
#2722 = CARTESIAN_POINT('',(114.93277538301,34.777834965046,-287.));
#2723 = CARTESIAN_POINT('',(119.70024814544,34.544925492695,-287.));
#2724 = CARTESIAN_POINT('',(123.41853760326,34.521838250107,-287.));
#2725 = CARTESIAN_POINT('',(127.78561133824,34.653972914364,-287.));
#2726 = CARTESIAN_POINT('',(131.75758803082,35.085376301965,-287.));
#2727 = CARTESIAN_POINT('',(136.01459317157,35.499953444955,-287.));
#2728 = CARTESIAN_POINT('',(139.88104539469,36.279976397919,-287.));
#2729 = CARTESIAN_POINT('',(144.2187113338,37.279152367432,-287.));
#2730 = CARTESIAN_POINT('',(147.72836919717,38.483163847248,-287.));
#2731 = CARTESIAN_POINT('',(152.17240517318,39.764759266202,-287.));
#2732 = CARTESIAN_POINT('',(155.71009255812,40.512718386581,-287.));
#2733 = CARTESIAN_POINT('',(160.50246003082,40.869321470696,-287.));
#2734 = CARTESIAN_POINT('',(163.56266153185,41.256939357093,-287.));
#2735 = CARTESIAN_POINT('',(170.07487091908,40.997589817352,-287.));
#2736 = CARTESIAN_POINT('',(163.97950683416,38.31904646019,-287.));
#2737 = CARTESIAN_POINT('',(160.80455018469,37.147091218626,-287.));
#2738 = CARTESIAN_POINT('',(157.33398334436,35.919291146427,-287.));
#2739 = CARTESIAN_POINT('',(151.21578000287,34.723796631267,-287.));
#2740 = CARTESIAN_POINT('',(150.08043001433,34.431629797507,
    -286.9999999999));
#2741 = CARTESIAN_POINT('',(144.12315347419,33.481167110341,-287.));
#2742 = CARTESIAN_POINT('',(140.3898196225,33.041501426765,-287.));
#2743 = CARTESIAN_POINT('',(136.04656197034,32.676042617714,-287.));
#2744 = CARTESIAN_POINT('',(132.75233673099,32.339626031699,-287.));
#2745 = CARTESIAN_POINT('',(132.1005217633,26.059194265808,-287.));
#2746 = CARTESIAN_POINT('',(135.96076181893,25.92958074486,-287.));
#2747 = CARTESIAN_POINT('',(140.16090860046,26.89067157561,-287.));
#2748 = CARTESIAN_POINT('',(144.13012589625,27.658461991008,
    -286.9999999999));
#2749 = CARTESIAN_POINT('',(148.18889228873,28.700789733947,-287.));
#2750 = CARTESIAN_POINT('',(152.15076107366,29.777295108463,
    -286.9999999999));
#2751 = CARTESIAN_POINT('',(156.03781078789,31.299540335626,-287.));
#2752 = CARTESIAN_POINT('',(160.27468330314,31.367748620251,
    -286.9999999999));
#2753 = CARTESIAN_POINT('',(164.01448205881,33.538663547534,-287.));
#2754 = CARTESIAN_POINT('',(168.57932624167,32.194247223062,
    -286.9999999999));
#2755 = CARTESIAN_POINT('',(171.75838626866,36.446521639954,-287.));
#2756 = CARTESIAN_POINT('',(175.98923898524,27.330667082523,
    -286.9999999999));
#2757 = CARTESIAN_POINT('',(173.97764587402,29.671520233154,-287.));
#2758 = ORIENTED_EDGE('',*,*,#2759,.T.);
#2759 = EDGE_CURVE('',#2678,#2760,#2762,.T.);
#2760 = VERTEX_POINT('',#2761);
#2761 = CARTESIAN_POINT('',(7.280820846558,16.848770141602,-232.));
#2762 = B_SPLINE_CURVE_WITH_KNOTS('',3,(#2763,#2764,#2765,#2766,#2767,
    #2768,#2769,#2770,#2771,#2772,#2773,#2774,#2775,#2776,#2777),
  .UNSPECIFIED.,.F.,.F.,(4,1,1,1,1,1,1,1,1,1,1,1,4),(0.,
    8.333333333333E-02,0.166666666667,0.25,0.333333333333,0.416666666667
    ,0.5,0.583333333333,0.666666666667,0.75,0.833333333333,
    0.916666666667,1.),.QUASI_UNIFORM_KNOTS.);
#2763 = CARTESIAN_POINT('',(26.57811164856,37.059768676758,-287.));
#2764 = CARTESIAN_POINT('',(26.192269040536,36.324824191586,
    -285.4444444434));
#2765 = CARTESIAN_POINT('',(25.566436856071,36.758020561971,
    -282.3333333341));
#2766 = CARTESIAN_POINT('',(24.380935587218,36.32429764872,
    -277.6666666661));
#2767 = CARTESIAN_POINT('',(23.343683170424,35.597045019295,
    -273.0000000004));
#2768 = CARTESIAN_POINT('',(22.150953434672,35.09964180149,
    -268.3333333328));
#2769 = CARTESIAN_POINT('',(21.097825382817,34.859689172807,
    -263.6666666674));
#2770 = CARTESIAN_POINT('',(19.921712026757,33.659353455799,
    -258.9999999981));
#2771 = CARTESIAN_POINT('',(18.100866518699,32.473424652922,
    -254.3333333399));
#2772 = CARTESIAN_POINT('',(15.007524489507,29.775872511708,
    -249.66666663));
#2773 = CARTESIAN_POINT('',(10.303084620262,28.390447748185,
    -245.0000003231));
#2774 = CARTESIAN_POINT('',(5.56225725891,26.87338703834,-240.3333284131
    ));
#2775 = CARTESIAN_POINT('',(0.831995287497,25.821391984198,
    -235.6668164362));
#2776 = CARTESIAN_POINT('',(1.757010234647,17.868720655925,
    -232.5474064967));
#2777 = CARTESIAN_POINT('',(7.280820846558,16.848770141602,-232.));
#2778 = ORIENTED_EDGE('',*,*,#2779,.T.);
#2779 = EDGE_CURVE('',#2760,#2780,#2782,.T.);
#2780 = VERTEX_POINT('',#2781);
#2781 = CARTESIAN_POINT('',(70.139793395996,-2.21816277504,-232.));
#2782 = B_SPLINE_CURVE_WITH_KNOTS('',3,(#2783,#2784,#2785,#2786,#2787,
    #2788,#2789,#2790,#2791,#2792,#2793,#2794,#2795,#2796,#2797,#2798,
    #2799,#2800,#2801,#2802,#2803,#2804,#2805,#2806,#2807,#2808,#2809,
    #2810,#2811,#2812,#2813,#2814,#2815,#2816,#2817,#2818,#2819,#2820,
    #2821,#2822,#2823,#2824,#2825,#2826,#2827,#2828,#2829,#2830,#2831,
    #2832,#2833,#2834,#2835,#2836,#2837,#2838,#2839,#2840,#2841,#2842,
    #2843,#2844,#2845,#2846,#2847,#2848,#2849,#2850,#2851,#2852,#2853,
    #2854,#2855,#2856,#2857),.UNSPECIFIED.,.F.,.F.,(4,1,1,1,1,1,1,1,1,1,
    1,1,1,1,1,1,1,1,1,1,1,1,1,1,1,1,1,1,1,1,1,1,1,1,1,1,1,1,1,1,1,1,1,1,
    1,1,1,1,1,1,1,1,1,1,1,1,1,1,1,1,1,1,1,1,1,1,1,1,1,1,1,1,4),(0.,
    1.388888888889E-02,2.777777777778E-02,4.166666666667E-02,
    5.555555555556E-02,6.944444444444E-02,8.333333333333E-02,
    9.722222222222E-02,0.111111111111,0.125,0.138888888889,
    0.152777777778,0.166666666667,0.180555555556,0.194444444444,
    0.208333333333,0.222222222222,0.236111111111,0.25,0.263888888889,
    0.277777777778,0.291666666667,0.305555555556,0.319444444444,
    0.333333333333,0.347222222222,0.361111111111,0.375,0.388888888889,
    0.402777777778,0.416666666667,0.430555555556,0.444444444444,
    0.458333333333,0.472222222222,0.486111111111,0.5,0.513888888889,
    0.527777777778,0.541666666667,0.555555555556,0.569444444444,
    0.583333333333,0.597222222222,0.611111111111,0.625,0.638888888889,
    0.652777777778,0.666666666667,0.680555555556,0.694444444444,
    0.708333333333,0.722222222222,0.736111111111,0.75,0.763888888889,
    0.777777777778,0.791666666667,0.805555555556,0.819444444444,
    0.833333333333,0.847222222222,0.861111111111,0.875,0.888888888889,
    0.902777777778,0.916666666667,0.930555555556,0.944444444444,
    0.958333333333,0.972222222222,0.986111111111,1.),.UNSPECIFIED.);
#2783 = CARTESIAN_POINT('',(7.280820846558,16.848770141602,-232.));
#2784 = CARTESIAN_POINT('',(7.135673638971,17.512759908513,
    -231.9999999999));
#2785 = CARTESIAN_POINT('',(8.025977235915,17.251315851651,-232.));
#2786 = CARTESIAN_POINT('',(8.715681525249,17.915272743662,
    -231.9999999999));
#2787 = CARTESIAN_POINT('',(9.666883649045,18.198190493839,-232.));
#2788 = CARTESIAN_POINT('',(10.604873693385,18.016238756362,
    -231.9999999999));
#2789 = CARTESIAN_POINT('',(11.480069027742,17.649705603682,-232.));
#2790 = CARTESIAN_POINT('',(12.361282548006,17.298877477755,
    -231.9999999999));
#2791 = CARTESIAN_POINT('',(13.264116061938,17.004709616073,-232.));
#2792 = CARTESIAN_POINT('',(14.164247349391,16.710568865793,-232.));
#2793 = CARTESIAN_POINT('',(15.077752884351,16.445086704988,-232.));
#2794 = CARTESIAN_POINT('',(15.990936376863,16.208670186684,-232.));
#2795 = CARTESIAN_POINT('',(16.93543267856,16.037210347533,-232.));
#2796 = CARTESIAN_POINT('',(17.85566536115,15.912111678823,-232.));
#2797 = CARTESIAN_POINT('',(18.7865050322,15.565187676834,-232.));
#2798 = CARTESIAN_POINT('',(19.647238567384,15.365357790756,-232.));
#2799 = CARTESIAN_POINT('',(20.686975330403,15.085108422237,-232.));
#2800 = CARTESIAN_POINT('',(21.451680999922,14.850723845203,-232.));
#2801 = CARTESIAN_POINT('',(22.418793624492,14.602307935114,-232.));
#2802 = CARTESIAN_POINT('',(23.354074291324,14.350219076868,-232.));
#2803 = CARTESIAN_POINT('',(24.235269362516,14.057724653109,-232.));
#2804 = CARTESIAN_POINT('',(25.1727579915,13.800906944819,-232.));
#2805 = CARTESIAN_POINT('',(26.052710840641,13.566838477056,-232.));
#2806 = CARTESIAN_POINT('',(27.026789066598,13.343111161109,-232.));
#2807 = CARTESIAN_POINT('',(27.962286410812,13.11970659978,-232.));
#2808 = CARTESIAN_POINT('',(28.819980023204,12.934613323635,-232.));
#2809 = CARTESIAN_POINT('',(30.144734692473,12.652680880114,-232.));
#2810 = CARTESIAN_POINT('',(30.911723197852,12.46881291774,-232.));
#2811 = CARTESIAN_POINT('',(31.447152533032,12.339758633111,-232.));
#2812 = CARTESIAN_POINT('',(32.555325091394,12.13624783184,-232.));
#2813 = CARTESIAN_POINT('',(33.510076991911,11.960923506305,-232.));
#2814 = CARTESIAN_POINT('',(34.401497874465,11.761814749128,-232.));
#2815 = CARTESIAN_POINT('',(35.384225700254,11.621812346808,-232.));
#2816 = CARTESIAN_POINT('',(36.254500636393,11.453697011014,-232.));
#2817 = CARTESIAN_POINT('',(37.287940558699,11.249582472647,-232.));
#2818 = CARTESIAN_POINT('',(38.042222754157,11.113814630377,-232.));
#2819 = CARTESIAN_POINT('',(39.225348300753,10.927032035495,
    -231.9999999999));
#2820 = CARTESIAN_POINT('',(39.875942979738,10.793671865555,-232.));
#2821 = CARTESIAN_POINT('',(41.05809267462,10.604881275843,-232.));
#2822 = CARTESIAN_POINT('',(41.820780350413,10.454886735724,-232.));
#2823 = CARTESIAN_POINT('',(42.888367348055,10.300090707884,-232.));
#2824 = CARTESIAN_POINT('',(43.733962175085,10.143254402428,-232.));
#2825 = CARTESIAN_POINT('',(44.719622500248,9.995586276535,-232.));
#2826 = CARTESIAN_POINT('',(45.621276802494,9.819613113891,-232.));
#2827 = CARTESIAN_POINT('',(46.581225500835,9.646888586924,-232.));
#2828 = CARTESIAN_POINT('',(47.473897184303,9.46407520274,-232.));
#2829 = CARTESIAN_POINT('',(48.480732282343,9.401933879682,-232.));
#2830 = CARTESIAN_POINT('',(49.343606759369,9.281608419403,-232.));
#2831 = CARTESIAN_POINT('',(50.337119195029,9.022698117332,-232.));
#2832 = CARTESIAN_POINT('',(51.213728247773,8.87063682628,-232.));
#2833 = CARTESIAN_POINT('',(52.187256229664,8.688835596105,-232.));
#2834 = CARTESIAN_POINT('',(53.098728336209,8.522396352922,-232.));
#2835 = CARTESIAN_POINT('',(54.042767398727,8.382003774841,-232.));
#2836 = CARTESIAN_POINT('',(54.973868704433,8.181985053725,-232.));
#2837 = CARTESIAN_POINT('',(55.922187896066,7.975809011465,-232.));
#2838 = CARTESIAN_POINT('',(56.665736743371,7.794902091747,-232.));
#2839 = CARTESIAN_POINT('',(58.063570118628,7.367768388925,-232.));
#2840 = CARTESIAN_POINT('',(58.28143623487,7.221772972185,-232.));
#2841 = CARTESIAN_POINT('',(59.582479346352,6.77373943319,-232.));
#2842 = CARTESIAN_POINT('',(60.400503682289,6.416522939792,-232.));
#2843 = CARTESIAN_POINT('',(61.235345893433,6.005020784278,-232.));
#2844 = CARTESIAN_POINT('',(62.044092518797,5.635879153828,-232.));
#2845 = CARTESIAN_POINT('',(62.921110628233,5.091013147966,-232.));
#2846 = CARTESIAN_POINT('',(63.693215870165,4.642510842474,-232.));
#2847 = CARTESIAN_POINT('',(64.483749802026,4.065083153994,-232.));
#2848 = CARTESIAN_POINT('',(65.246868363733,3.526725378867,-232.));
#2849 = CARTESIAN_POINT('',(65.941349286568,2.8649404685,-232.));
#2850 = CARTESIAN_POINT('',(66.60166302851,2.193901808635,-232.));
#2851 = CARTESIAN_POINT('',(67.293629558421,1.536273548125,-232.));
#2852 = CARTESIAN_POINT('',(67.849078152434,0.764829127794,-232.));
#2853 = CARTESIAN_POINT('',(68.574569146973,0.135781987659,
    -231.9999999999));
#2854 = CARTESIAN_POINT('',(68.902962095409,-0.823536983569,-232.));
#2855 = CARTESIAN_POINT('',(69.941683055727,-1.188903993966,
    -231.9999999999));
#2856 = CARTESIAN_POINT('',(69.656456283707,-2.255284136366,-232.));
#2857 = CARTESIAN_POINT('',(70.139793395996,-2.21816277504,-232.));
#2858 = ORIENTED_EDGE('',*,*,#2859,.F.);
#2859 = EDGE_CURVE('',#2680,#2780,#2860,.T.);
#2860 = B_SPLINE_CURVE_WITH_KNOTS('',3,(#2861,#2862,#2863,#2864,#2865,
    #2866,#2867,#2868,#2869,#2870,#2871,#2872,#2873,#2874,#2875),
  .UNSPECIFIED.,.F.,.F.,(4,1,1,1,1,1,1,1,1,1,1,1,4),(0.,
    8.333333333333E-02,0.166666666667,0.25,0.333333333333,0.416666666667
    ,0.5,0.583333333333,0.666666666667,0.75,0.833333333333,
    0.916666666667,1.),.QUASI_UNIFORM_KNOTS.);
#2861 = CARTESIAN_POINT('',(173.97764587402,29.671520233154,-287.));
#2862 = CARTESIAN_POINT('',(166.88909776258,25.146934021898,
    -285.4444444434));
#2863 = CARTESIAN_POINT('',(155.31554771614,17.771046302043,
    -282.3333333341));
#2864 = CARTESIAN_POINT('',(142.76900901598,12.459391379219,
    -277.6666666661));
#2865 = CARTESIAN_POINT('',(132.52951136282,8.708514191378,
    -273.0000000004));
#2866 = CARTESIAN_POINT('',(124.06525970499,5.692225863946,
    -268.3333333328));
#2867 = CARTESIAN_POINT('',(116.048940215,3.828378220833,-263.6666666674
    ));
#2868 = CARTESIAN_POINT('',(108.76965654326,1.933552334802,
    -258.9999999981));
#2869 = CARTESIAN_POINT('',(101.51392836289,0.507702051773,
    -254.3333333399));
#2870 = CARTESIAN_POINT('',(95.010152654526,-0.768887639182,
    -249.66666663));
#2871 = CARTESIAN_POINT('',(88.389975935261,-1.556922924493,
    -245.0000003231));
#2872 = CARTESIAN_POINT('',(81.77429426342,-2.237740855714,
    -240.3333284131));
#2873 = CARTESIAN_POINT('',(75.915277720307,-2.076477949973,
    -235.6668164362));
#2874 = CARTESIAN_POINT('',(70.959821527807,-3.077293789458,
    -232.5474064967));
#2875 = CARTESIAN_POINT('',(70.139793395996,-2.21816277504,-232.));
#2876 = B_SPLINE_SURFACE_WITH_KNOTS('',3,3,(
    (#2877,#2878,#2879,#2880,#2881,#2882,#2883,#2884,#2885,#2886,#2887
      ,#2888,#2889,#2890,#2891,#2892,#2893,#2894,#2895,#2896,#2897,#2898
      ,#2899,#2900,#2901,#2902,#2903,#2904,#2905,#2906,#2907,#2908,#2909
      ,#2910,#2911,#2912,#2913,#2914,#2915,#2916,#2917,#2918,#2919,#2920
      ,#2921,#2922,#2923,#2924,#2925,#2926,#2927,#2928,#2929,#2930,#2931
      ,#2932,#2933,#2934,#2935,#2936,#2937,#2938,#2939,#2940,#2941,#2942
      ,#2943,#2944,#2945,#2946,#2947,#2948,#2949,#2950,#2951)
    ,(#2952,#2953,#2954,#2955,#2956,#2957,#2958,#2959,#2960,#2961,#2962
      ,#2963,#2964,#2965,#2966,#2967,#2968,#2969,#2970,#2971,#2972,#2973
      ,#2974,#2975,#2976,#2977,#2978,#2979,#2980,#2981,#2982,#2983,#2984
      ,#2985,#2986,#2987,#2988,#2989,#2990,#2991,#2992,#2993,#2994,#2995
      ,#2996,#2997,#2998,#2999,#3000,#3001,#3002,#3003,#3004,#3005,#3006
      ,#3007,#3008,#3009,#3010,#3011,#3012,#3013,#3014,#3015,#3016,#3017
      ,#3018,#3019,#3020,#3021,#3022,#3023,#3024,#3025,#3026)
    ,(#3027,#3028,#3029,#3030,#3031,#3032,#3033,#3034,#3035,#3036,#3037
      ,#3038,#3039,#3040,#3041,#3042,#3043,#3044,#3045,#3046,#3047,#3048
      ,#3049,#3050,#3051,#3052,#3053,#3054,#3055,#3056,#3057,#3058,#3059
      ,#3060,#3061,#3062,#3063,#3064,#3065,#3066,#3067,#3068,#3069,#3070
      ,#3071,#3072,#3073,#3074,#3075,#3076,#3077,#3078,#3079,#3080,#3081
      ,#3082,#3083,#3084,#3085,#3086,#3087,#3088,#3089,#3090,#3091,#3092
      ,#3093,#3094,#3095,#3096,#3097,#3098,#3099,#3100,#3101)
    ,(#3102,#3103,#3104,#3105,#3106,#3107,#3108,#3109,#3110,#3111,#3112
      ,#3113,#3114,#3115,#3116,#3117,#3118,#3119,#3120,#3121,#3122,#3123
      ,#3124,#3125,#3126,#3127,#3128,#3129,#3130,#3131,#3132,#3133,#3134
      ,#3135,#3136,#3137,#3138,#3139,#3140,#3141,#3142,#3143,#3144,#3145
      ,#3146,#3147,#3148,#3149,#3150,#3151,#3152,#3153,#3154,#3155,#3156
      ,#3157,#3158,#3159,#3160,#3161,#3162,#3163,#3164,#3165,#3166,#3167
      ,#3168,#3169,#3170,#3171,#3172,#3173,#3174,#3175,#3176)
    ,(#3177,#3178,#3179,#3180,#3181,#3182,#3183,#3184,#3185,#3186,#3187
      ,#3188,#3189,#3190,#3191,#3192,#3193,#3194,#3195,#3196,#3197,#3198
      ,#3199,#3200,#3201,#3202,#3203,#3204,#3205,#3206,#3207,#3208,#3209
      ,#3210,#3211,#3212,#3213,#3214,#3215,#3216,#3217,#3218,#3219,#3220
      ,#3221,#3222,#3223,#3224,#3225,#3226,#3227,#3228,#3229,#3230,#3231
      ,#3232,#3233,#3234,#3235,#3236,#3237,#3238,#3239,#3240,#3241,#3242
      ,#3243,#3244,#3245,#3246,#3247,#3248,#3249,#3250,#3251)
    ,(#3252,#3253,#3254,#3255,#3256,#3257,#3258,#3259,#3260,#3261,#3262
      ,#3263,#3264,#3265,#3266,#3267,#3268,#3269,#3270,#3271,#3272,#3273
      ,#3274,#3275,#3276,#3277,#3278,#3279,#3280,#3281,#3282,#3283,#3284
      ,#3285,#3286,#3287,#3288,#3289,#3290,#3291,#3292,#3293,#3294,#3295
      ,#3296,#3297,#3298,#3299,#3300,#3301,#3302,#3303,#3304,#3305,#3306
      ,#3307,#3308,#3309,#3310,#3311,#3312,#3313,#3314,#3315,#3316,#3317
      ,#3318,#3319,#3320,#3321,#3322,#3323,#3324,#3325,#3326)
    ,(#3327,#3328,#3329,#3330,#3331,#3332,#3333,#3334,#3335,#3336,#3337
      ,#3338,#3339,#3340,#3341,#3342,#3343,#3344,#3345,#3346,#3347,#3348
      ,#3349,#3350,#3351,#3352,#3353,#3354,#3355,#3356,#3357,#3358,#3359
      ,#3360,#3361,#3362,#3363,#3364,#3365,#3366,#3367,#3368,#3369,#3370
      ,#3371,#3372,#3373,#3374,#3375,#3376,#3377,#3378,#3379,#3380,#3381
      ,#3382,#3383,#3384,#3385,#3386,#3387,#3388,#3389,#3390,#3391,#3392
      ,#3393,#3394,#3395,#3396,#3397,#3398,#3399,#3400,#3401)
    ,(#3402,#3403,#3404,#3405,#3406,#3407,#3408,#3409,#3410,#3411,#3412
      ,#3413,#3414,#3415,#3416,#3417,#3418,#3419,#3420,#3421,#3422,#3423
      ,#3424,#3425,#3426,#3427,#3428,#3429,#3430,#3431,#3432,#3433,#3434
      ,#3435,#3436,#3437,#3438,#3439,#3440,#3441,#3442,#3443,#3444,#3445
      ,#3446,#3447,#3448,#3449,#3450,#3451,#3452,#3453,#3454,#3455,#3456
      ,#3457,#3458,#3459,#3460,#3461,#3462,#3463,#3464,#3465,#3466,#3467
      ,#3468,#3469,#3470,#3471,#3472,#3473,#3474,#3475,#3476)
    ,(#3477,#3478,#3479,#3480,#3481,#3482,#3483,#3484,#3485,#3486,#3487
      ,#3488,#3489,#3490,#3491,#3492,#3493,#3494,#3495,#3496,#3497,#3498
      ,#3499,#3500,#3501,#3502,#3503,#3504,#3505,#3506,#3507,#3508,#3509
      ,#3510,#3511,#3512,#3513,#3514,#3515,#3516,#3517,#3518,#3519,#3520
      ,#3521,#3522,#3523,#3524,#3525,#3526,#3527,#3528,#3529,#3530,#3531
      ,#3532,#3533,#3534,#3535,#3536,#3537,#3538,#3539,#3540,#3541,#3542
      ,#3543,#3544,#3545,#3546,#3547,#3548,#3549,#3550,#3551)
    ,(#3552,#3553,#3554,#3555,#3556,#3557,#3558,#3559,#3560,#3561,#3562
      ,#3563,#3564,#3565,#3566,#3567,#3568,#3569,#3570,#3571,#3572,#3573
      ,#3574,#3575,#3576,#3577,#3578,#3579,#3580,#3581,#3582,#3583,#3584
      ,#3585,#3586,#3587,#3588,#3589,#3590,#3591,#3592,#3593,#3594,#3595
      ,#3596,#3597,#3598,#3599,#3600,#3601,#3602,#3603,#3604,#3605,#3606
      ,#3607,#3608,#3609,#3610,#3611,#3612,#3613,#3614,#3615,#3616,#3617
      ,#3618,#3619,#3620,#3621,#3622,#3623,#3624,#3625,#3626)
    ,(#3627,#3628,#3629,#3630,#3631,#3632,#3633,#3634,#3635,#3636,#3637
      ,#3638,#3639,#3640,#3641,#3642,#3643,#3644,#3645,#3646,#3647,#3648
      ,#3649,#3650,#3651,#3652,#3653,#3654,#3655,#3656,#3657,#3658,#3659
      ,#3660,#3661,#3662,#3663,#3664,#3665,#3666,#3667,#3668,#3669,#3670
      ,#3671,#3672,#3673,#3674,#3675,#3676,#3677,#3678,#3679,#3680,#3681
      ,#3682,#3683,#3684,#3685,#3686,#3687,#3688,#3689,#3690,#3691,#3692
      ,#3693,#3694,#3695,#3696,#3697,#3698,#3699,#3700,#3701)
    ,(#3702,#3703,#3704,#3705,#3706,#3707,#3708,#3709,#3710,#3711,#3712
      ,#3713,#3714,#3715,#3716,#3717,#3718,#3719,#3720,#3721,#3722,#3723
      ,#3724,#3725,#3726,#3727,#3728,#3729,#3730,#3731,#3732,#3733,#3734
      ,#3735,#3736,#3737,#3738,#3739,#3740,#3741,#3742,#3743,#3744,#3745
      ,#3746,#3747,#3748,#3749,#3750,#3751,#3752,#3753,#3754,#3755,#3756
      ,#3757,#3758,#3759,#3760,#3761,#3762,#3763,#3764,#3765,#3766,#3767
      ,#3768,#3769,#3770,#3771,#3772,#3773,#3774,#3775,#3776)
    ,(#3777,#3778,#3779,#3780,#3781,#3782,#3783,#3784,#3785,#3786,#3787
      ,#3788,#3789,#3790,#3791,#3792,#3793,#3794,#3795,#3796,#3797,#3798
      ,#3799,#3800,#3801,#3802,#3803,#3804,#3805,#3806,#3807,#3808,#3809
      ,#3810,#3811,#3812,#3813,#3814,#3815,#3816,#3817,#3818,#3819,#3820
      ,#3821,#3822,#3823,#3824,#3825,#3826,#3827,#3828,#3829,#3830,#3831
      ,#3832,#3833,#3834,#3835,#3836,#3837,#3838,#3839,#3840,#3841,#3842
      ,#3843,#3844,#3845,#3846,#3847,#3848,#3849,#3850,#3851)
    ,(#3852,#3853,#3854,#3855,#3856,#3857,#3858,#3859,#3860,#3861,#3862
      ,#3863,#3864,#3865,#3866,#3867,#3868,#3869,#3870,#3871,#3872,#3873
      ,#3874,#3875,#3876,#3877,#3878,#3879,#3880,#3881,#3882,#3883,#3884
      ,#3885,#3886,#3887,#3888,#3889,#3890,#3891,#3892,#3893,#3894,#3895
      ,#3896,#3897,#3898,#3899,#3900,#3901,#3902,#3903,#3904,#3905,#3906
      ,#3907,#3908,#3909,#3910,#3911,#3912,#3913,#3914,#3915,#3916,#3917
      ,#3918,#3919,#3920,#3921,#3922,#3923,#3924,#3925,#3926)
    ,(#3927,#3928,#3929,#3930,#3931,#3932,#3933,#3934,#3935,#3936,#3937
      ,#3938,#3939,#3940,#3941,#3942,#3943,#3944,#3945,#3946,#3947,#3948
      ,#3949,#3950,#3951,#3952,#3953,#3954,#3955,#3956,#3957,#3958,#3959
      ,#3960,#3961,#3962,#3963,#3964,#3965,#3966,#3967,#3968,#3969,#3970
      ,#3971,#3972,#3973,#3974,#3975,#3976,#3977,#3978,#3979,#3980,#3981
      ,#3982,#3983,#3984,#3985,#3986,#3987,#3988,#3989,#3990,#3991,#3992
      ,#3993,#3994,#3995,#3996,#3997,#3998,#3999,#4000,#4001
  )),.UNSPECIFIED.,.F.,.F.,.F.,(4,1,1,1,1,1,1,1,1,1,1,1,4),(4,1,1,1,1,1,
    1,1,1,1,1,1,1,1,1,1,1,1,1,1,1,1,1,1,1,1,1,1,1,1,1,1,1,1,1,1,1,1,1,1,
    1,1,1,1,1,1,1,1,1,1,1,1,1,1,1,1,1,1,1,1,1,1,1,1,1,1,1,1,1,1,1,1,4),(
    0.,8.333333333333E-02,0.166666666667,0.25,0.333333333333,
    0.416666666667,0.5,0.583333333333,0.666666666667,0.75,0.833333333333
    ,0.916666666667,1.),(0.,1.388888888889E-02,2.777777777778E-02,
    4.166666666667E-02,5.555555555556E-02,6.944444444444E-02,
    8.333333333333E-02,9.722222222222E-02,0.111111111111,0.125,
    0.138888888889,0.152777777778,0.166666666667,0.180555555556,
    0.194444444444,0.208333333333,0.222222222222,0.236111111111,0.25,
    0.263888888889,0.277777777778,0.291666666667,0.305555555556,
    0.319444444444,0.333333333333,0.347222222222,0.361111111111,0.375,
    0.388888888889,0.402777777778,0.416666666667,0.430555555556,
    0.444444444444,0.458333333333,0.472222222222,0.486111111111,0.5,
    0.513888888889,0.527777777778,0.541666666667,0.555555555556,
    0.569444444444,0.583333333333,0.597222222222,0.611111111111,0.625,
    0.638888888889,0.652777777778,0.666666666667,0.680555555556,
    0.694444444444,0.708333333333,0.722222222222,0.736111111111,0.75,
    0.763888888889,0.777777777778,0.791666666667,0.805555555556,
    0.819444444444,0.833333333333,0.847222222222,0.861111111111,0.875,
    0.888888888889,0.902777777778,0.916666666667,0.930555555556,
    0.944444444444,0.958333333333,0.972222222222,0.986111111111,1.),
  .UNSPECIFIED.);
#2877 = CARTESIAN_POINT('',(26.57811164856,37.059768676758,-287.));
#2878 = CARTESIAN_POINT('',(26.055722515071,38.88298538711,-287.));
#2879 = CARTESIAN_POINT('',(28.64950893549,40.895230806489,-287.));
#2880 = CARTESIAN_POINT('',(32.791125084403,40.254035414922,-287.));
#2881 = CARTESIAN_POINT('',(36.637381396555,38.695771085442,-287.));
#2882 = CARTESIAN_POINT('',(40.399549634151,36.98232383192,-287.));
#2883 = CARTESIAN_POINT('',(44.084241281882,35.083728322607,
    -286.9999999999));
#2884 = CARTESIAN_POINT('',(47.743573719407,33.161613113105,-287.));
#2885 = CARTESIAN_POINT('',(51.433579793021,31.270988440805,-287.));
#2886 = CARTESIAN_POINT('',(55.070488769754,29.315833409227,-287.));
#2887 = CARTESIAN_POINT('',(58.750858907755,27.382715412429,-287.));
#2888 = CARTESIAN_POINT('',(62.564619065233,25.837910835102,-287.));
#2889 = CARTESIAN_POINT('',(66.468703899979,24.311793245735,-287.));
#2890 = CARTESIAN_POINT('',(70.234614401133,22.849891995602,-287.));
#2891 = CARTESIAN_POINT('',(74.300151567705,21.400947578079,-287.));
#2892 = CARTESIAN_POINT('',(77.984843344144,20.285136625174,-287.));
#2893 = CARTESIAN_POINT('',(82.527985788067,19.023833195322,-287.));
#2894 = CARTESIAN_POINT('',(85.909565607357,18.269720610898,-287.));
#2895 = CARTESIAN_POINT('',(90.207233511212,17.340317558429,-287.));
#2896 = CARTESIAN_POINT('',(94.355616483049,16.881583511282,-287.));
#2897 = CARTESIAN_POINT('',(98.536441448464,17.153200429065,-287.));
#2898 = CARTESIAN_POINT('',(102.38415271713,18.160823086072,-287.));
#2899 = CARTESIAN_POINT('',(106.33843483928,21.252995424009,-287.));
#2900 = CARTESIAN_POINT('',(100.18733481724,25.370284677662,-287.));
#2901 = CARTESIAN_POINT('',(105.3008583498,23.951106388862,-287.));
#2902 = CARTESIAN_POINT('',(108.10856760944,26.952089273564,-287.));
#2903 = CARTESIAN_POINT('',(114.78599749236,26.923275464883,-287.));
#2904 = CARTESIAN_POINT('',(115.97268267576,31.306782964222,-287.));
#2905 = CARTESIAN_POINT('',(121.13294079604,24.361549381187,-287.));
#2906 = CARTESIAN_POINT('',(115.73638271573,25.502481492825,-287.));
#2907 = CARTESIAN_POINT('',(111.5765678752,24.92582056705,-287.));
#2908 = CARTESIAN_POINT('',(107.82316990282,25.626120968454,-287.));
#2909 = CARTESIAN_POINT('',(103.85189731724,27.896918261948,-287.));
#2910 = CARTESIAN_POINT('',(100.73775549774,28.832711204829,-287.));
#2911 = CARTESIAN_POINT('',(96.784283564475,28.564334879447,-287.));
#2912 = CARTESIAN_POINT('',(98.000845704734,34.343703599171,-287.));
#2913 = CARTESIAN_POINT('',(103.65791171956,34.138487504814,-287.));
#2914 = CARTESIAN_POINT('',(106.24023547257,35.076758393463,-287.));
#2915 = CARTESIAN_POINT('',(111.65240364472,34.627090017306,-287.));
#2916 = CARTESIAN_POINT('',(114.93277538301,34.777834965046,-287.));
#2917 = CARTESIAN_POINT('',(119.70024814544,34.544925492695,-287.));
#2918 = CARTESIAN_POINT('',(123.41853760326,34.521838250107,-287.));
#2919 = CARTESIAN_POINT('',(127.78561133824,34.653972914364,-287.));
#2920 = CARTESIAN_POINT('',(131.75758803082,35.085376301965,-287.));
#2921 = CARTESIAN_POINT('',(136.01459317157,35.499953444955,-287.));
#2922 = CARTESIAN_POINT('',(139.88104539469,36.279976397919,-287.));
#2923 = CARTESIAN_POINT('',(144.2187113338,37.279152367432,-287.));
#2924 = CARTESIAN_POINT('',(147.72836919717,38.483163847248,-287.));
#2925 = CARTESIAN_POINT('',(152.17240517318,39.764759266202,-287.));
#2926 = CARTESIAN_POINT('',(155.71009255812,40.512718386581,-287.));
#2927 = CARTESIAN_POINT('',(160.50246003082,40.869321470696,-287.));
#2928 = CARTESIAN_POINT('',(163.56266153185,41.256939357093,-287.));
#2929 = CARTESIAN_POINT('',(170.07487091908,40.997589817352,-287.));
#2930 = CARTESIAN_POINT('',(163.97950683416,38.31904646019,-287.));
#2931 = CARTESIAN_POINT('',(160.80455018469,37.147091218626,-287.));
#2932 = CARTESIAN_POINT('',(157.33398334436,35.919291146427,-287.));
#2933 = CARTESIAN_POINT('',(151.21578000287,34.723796631267,-287.));
#2934 = CARTESIAN_POINT('',(150.08043001433,34.431629797507,
    -286.9999999999));
#2935 = CARTESIAN_POINT('',(144.12315347419,33.481167110341,-287.));
#2936 = CARTESIAN_POINT('',(140.3898196225,33.041501426765,-287.));
#2937 = CARTESIAN_POINT('',(136.04656197034,32.676042617714,-287.));
#2938 = CARTESIAN_POINT('',(132.75233673099,32.339626031699,-287.));
#2939 = CARTESIAN_POINT('',(132.1005217633,26.059194265808,-287.));
#2940 = CARTESIAN_POINT('',(135.96076181893,25.92958074486,-287.));
#2941 = CARTESIAN_POINT('',(140.16090860046,26.89067157561,-287.));
#2942 = CARTESIAN_POINT('',(144.13012589625,27.658461991008,
    -286.9999999999));
#2943 = CARTESIAN_POINT('',(148.18889228873,28.700789733947,-287.));
#2944 = CARTESIAN_POINT('',(152.15076107366,29.777295108463,
    -286.9999999999));
#2945 = CARTESIAN_POINT('',(156.03781078789,31.299540335626,-287.));
#2946 = CARTESIAN_POINT('',(160.27468330314,31.367748620251,
    -286.9999999999));
#2947 = CARTESIAN_POINT('',(164.01448205881,33.538663547534,-287.));
#2948 = CARTESIAN_POINT('',(168.57932624167,32.194247223062,
    -286.9999999999));
#2949 = CARTESIAN_POINT('',(171.75838626866,36.446521639954,-287.));
#2950 = CARTESIAN_POINT('',(175.98923898524,27.330667082523,
    -286.9999999999));
#2951 = CARTESIAN_POINT('',(173.97764587402,29.671520233154,-287.));
#2952 = CARTESIAN_POINT('',(26.192269040536,36.324824191586,
    -285.4444444434));
#2953 = CARTESIAN_POINT('',(26.173432423765,34.599758843541,
    -285.4444444429));
#2954 = CARTESIAN_POINT('',(24.976909054189,39.444496269593,
    -285.4444444438));
#2955 = CARTESIAN_POINT('',(26.255019096274,41.131193409926,
    -285.4444444433));
#2956 = CARTESIAN_POINT('',(27.983587085781,42.081535442332,
    -285.4444444435));
#2957 = CARTESIAN_POINT('',(29.360786648995,41.971843365792,
    -285.4444444434));
#2958 = CARTESIAN_POINT('',(30.640868921629,41.451653167893,
    -285.4444444435));
#2959 = CARTESIAN_POINT('',(31.963390714802,41.276775153556,
    -285.4444444434));
#2960 = CARTESIAN_POINT('',(33.098012142682,40.420120100399,
    -285.4444444434));
#2961 = CARTESIAN_POINT('',(34.372537736495,40.240702142875,
    -285.4444444434));
#2962 = CARTESIAN_POINT('',(36.078384653246,40.42826608033,
    -285.4444444434));
#2963 = CARTESIAN_POINT('',(37.100836723692,41.904093139426,
    -285.4444444434));
#2964 = CARTESIAN_POINT('',(37.373140603087,41.81147670173,
    -285.4444444434));
#2965 = CARTESIAN_POINT('',(37.963099173861,42.219140489677,
    -285.4444444434));
#2966 = CARTESIAN_POINT('',(39.626944620764,43.284862135132,
    -285.4444444434));
#2967 = CARTESIAN_POINT('',(41.154906145506,47.471498208614,
    -285.4444444434));
#2968 = CARTESIAN_POINT('',(42.958093023835,48.926173334166,
    -285.4444444434));
#2969 = CARTESIAN_POINT('',(38.611266286964,60.72408014827,
    -285.4444444434));
#2970 = CARTESIAN_POINT('',(38.848474927798,51.711150832936,
    -285.4444444434));
#2971 = CARTESIAN_POINT('',(39.039276312844,41.7614096446,
    -285.4444444434));
#2972 = CARTESIAN_POINT('',(39.484681033044,30.681092945146,
    -285.4444444434));
#2973 = CARTESIAN_POINT('',(37.691472142835,21.997822339216,
    -285.4444444434));
#2974 = CARTESIAN_POINT('',(38.087800011244,11.326808484923,
    -285.4444444434));
#2975 = CARTESIAN_POINT('',(34.707278318149,3.069164768581,
    -285.4444444434));
#2976 = CARTESIAN_POINT('',(34.978817682527,-2.602307904231,
    -285.4444444434));
#2977 = CARTESIAN_POINT('',(26.56255402594,-7.678202425989,
    -285.4444444434));
#2978 = CARTESIAN_POINT('',(37.572337589798,-33.79206716074,
    -285.4444444434));
#2979 = CARTESIAN_POINT('',(-10.14100018509,-31.97366701082,
    -285.4444444434));
#2980 = CARTESIAN_POINT('',(-21.87371916291,-39.68432032893,
    -285.4444444434));
#2981 = CARTESIAN_POINT('',(-32.4146027446,-30.04489620951,
    -285.4444444434));
#2982 = CARTESIAN_POINT('',(-17.91337286023,-29.10095715595,
    -285.4444444434));
#2983 = CARTESIAN_POINT('',(-6.40042277592,-27.51539536261,
    -285.4444444434));
#2984 = CARTESIAN_POINT('',(6.053112613826,-24.64655538999,
    -285.4444444434));
#2985 = CARTESIAN_POINT('',(12.762449930302,-15.96933096198,
    -285.4444444434));
#2986 = CARTESIAN_POINT('',(29.867653438506,-10.7632632345,
    -285.4444444434));
#2987 = CARTESIAN_POINT('',(36.728513847324,-4.013836334295,
    -285.4444444434));
#2988 = CARTESIAN_POINT('',(41.711352689211,14.902670822887,
    -285.4444444434));
#2989 = CARTESIAN_POINT('',(41.563002715106,36.893841223621,
    -285.4444444434));
#2990 = CARTESIAN_POINT('',(62.021582886836,44.128940173818,
    -285.4444444434));
#2991 = CARTESIAN_POINT('',(75.969704190494,51.367677251465,
    -285.4444444434));
#2992 = CARTESIAN_POINT('',(115.20435813927,-0.591936903269,
    -285.4444444434));
#2993 = CARTESIAN_POINT('',(150.18532765672,13.623793300697,
    -285.4444444434));
#2994 = CARTESIAN_POINT('',(207.6706060098,10.754673740404,
    -285.4444444434));
#2995 = CARTESIAN_POINT('',(264.49414946107,48.672473038118,
    -285.4444444434));
#2996 = CARTESIAN_POINT('',(251.12311568209,51.085214457376,
    -285.4444444434));
#2997 = CARTESIAN_POINT('',(266.33470943361,65.009130006176,
    -285.4444444434));
#2998 = CARTESIAN_POINT('',(272.11192396213,74.448474206581,
    -285.4444444434));
#2999 = CARTESIAN_POINT('',(275.09324173624,83.720251337187,
    -285.4444444434));
#3000 = CARTESIAN_POINT('',(275.13386543403,86.625677659571,
    -285.4444444434));
#3001 = CARTESIAN_POINT('',(277.22981127219,90.860611939111,
    -285.4444444434));
#3002 = CARTESIAN_POINT('',(277.63050408744,91.337700017882,
    -285.4444444434));
#3003 = CARTESIAN_POINT('',(278.1629585152,91.679705467784,
    -285.4444444434));
#3004 = CARTESIAN_POINT('',(277.15387346742,90.125845111343,
    -285.4444444434));
#3005 = CARTESIAN_POINT('',(276.38171948812,89.472297616934,
    -285.4444444434));
#3006 = CARTESIAN_POINT('',(273.47427737447,81.923108809558,
    -285.4444444434));
#3007 = CARTESIAN_POINT('',(246.16960514544,95.846749191715,
    -285.4444444434));
#3008 = CARTESIAN_POINT('',(186.40913313592,109.41719885337,
    -285.4444444434));
#3009 = CARTESIAN_POINT('',(214.47129210321,102.66284168207,
    -285.4444444434));
#3010 = CARTESIAN_POINT('',(220.21089682587,69.842900249829,
    -285.4444444434));
#3011 = CARTESIAN_POINT('',(217.51160701289,71.934608937293,
    -285.4444444434));
#3012 = CARTESIAN_POINT('',(183.31441470995,78.482294120518,
    -285.4444444434));
#3013 = CARTESIAN_POINT('',(187.29921601637,64.530070081171,
    -285.4444444434));
#3014 = CARTESIAN_POINT('',(218.73853036944,43.515623093447,
    -285.4444444434));
#3015 = CARTESIAN_POINT('',(232.61782087396,41.869473111574,
    -285.4444444434));
#3016 = CARTESIAN_POINT('',(228.84064462002,35.614978606679,
    -285.4444444434));
#3017 = CARTESIAN_POINT('',(210.55940552102,56.524355951807,
    -285.4444444434));
#3018 = CARTESIAN_POINT('',(210.60604831705,65.67189546973,
    -285.4444444434));
#3019 = CARTESIAN_POINT('',(209.0252689018,56.182425466857,
    -285.4444444434));
#3020 = CARTESIAN_POINT('',(206.23139366107,57.14620183074,
    -285.4444444434));
#3021 = CARTESIAN_POINT('',(141.71907691219,28.456197942301,
    -285.4444444434));
#3022 = CARTESIAN_POINT('',(198.91513441994,46.448630388231,
    -285.4444444434));
#3023 = CARTESIAN_POINT('',(117.28988492139,12.808638871158,
    -285.4444444434));
#3024 = CARTESIAN_POINT('',(279.63622483177,69.497857607337,
    -285.4444444435));
#3025 = CARTESIAN_POINT('',(9.988890361394,-26.242059349,-285.4444444434
    ));
#3026 = CARTESIAN_POINT('',(166.88909776258,25.146934021898,
    -285.4444444434));
#3027 = CARTESIAN_POINT('',(25.566436856071,36.758020561971,
    -282.3333333341));
#3028 = CARTESIAN_POINT('',(25.744011652528,38.596632259664,
    -282.3333333344));
#3029 = CARTESIAN_POINT('',(26.420013058315,38.771708919403,
    -282.3333333339));
#3030 = CARTESIAN_POINT('',(28.968279471322,39.914433447683,
    -282.3333333342));
#3031 = CARTESIAN_POINT('',(31.544993523701,39.245598570792,
    -282.333333334));
#3032 = CARTESIAN_POINT('',(34.174439733625,38.446870627917,
    -282.3333333341));
#3033 = CARTESIAN_POINT('',(36.774354925271,37.622294498203,
    -282.333333334));
#3034 = CARTESIAN_POINT('',(39.235154283377,36.287528792693,
    -282.3333333341));
#3035 = CARTESIAN_POINT('',(41.793318954965,35.365306327254,
    -282.3333333341));
#3036 = CARTESIAN_POINT('',(44.178871416085,33.807190542076,
    -282.3333333341));
#3037 = CARTESIAN_POINT('',(46.226300165017,31.922801524553,
    -282.3333333341));
#3038 = CARTESIAN_POINT('',(48.764641491278,28.992679996557,
    -282.3333333341));
#3039 = CARTESIAN_POINT('',(51.898723011562,27.133235069318,
    -282.3333333341));
#3040 = CARTESIAN_POINT('',(54.681169018398,24.988238706911,
    -282.3333333341));
#3041 = CARTESIAN_POINT('',(56.785576703609,22.103567596014,
    -282.3333333341));
#3042 = CARTESIAN_POINT('',(58.62778650441,16.958370500519,
    -282.3333333341));
#3043 = CARTESIAN_POINT('',(60.847232197427,13.219079671219,
    -282.3333333341));
#3044 = CARTESIAN_POINT('',(67.020034195704,1.620495633549,
    -282.3333333341));
#3045 = CARTESIAN_POINT('',(70.875131025912,5.563757951108,
    -282.3333333341));
#3046 = CARTESIAN_POINT('',(74.636094767634,10.456305802302,
    -282.3333333341));
#3047 = CARTESIAN_POINT('',(78.01793125451,16.458289786772,
    -282.3333333341));
#3048 = CARTESIAN_POINT('',(83.152262081247,20.574968581319,
    -282.3333333341));
#3049 = CARTESIAN_POINT('',(86.427173298297,26.462453130198,
    -282.3333333341));
#3050 = CARTESIAN_POINT('',(92.977185977815,30.454519900751,
    -282.3333333341));
#3051 = CARTESIAN_POINT('',(96.522315762219,33.025037195821,
    -282.3333333341));
#3052 = CARTESIAN_POINT('',(106.41122854927,34.868668981629,
    -282.3333333341));
#3053 = CARTESIAN_POINT('',(103.30140622693,53.545170319693,
    -282.3333333341));
#3054 = CARTESIAN_POINT('',(143.23771606291,51.995533186693,
    -282.3333333341));
#3055 = CARTESIAN_POINT('',(156.48559817173,57.914722707002,
    -282.3333333341));
#3056 = CARTESIAN_POINT('',(172.926686629,50.981861557866,
    -282.3333333341));
#3057 = CARTESIAN_POINT('',(168.32802804268,51.29065646968,
    -282.3333333341));
#3058 = CARTESIAN_POINT('',(164.96370336493,53.013900615039,
    -282.3333333341));
#3059 = CARTESIAN_POINT('',(160.8971801002,54.601121575656,
    -282.3333333341));
#3060 = CARTESIAN_POINT('',(159.64491805755,52.51421901886,
    -282.3333333341));
#3061 = CARTESIAN_POINT('',(152.04995654292,53.170692423326,
    -282.3333333341));
#3062 = CARTESIAN_POINT('',(147.0756788511,53.541152013729,
    -282.3333333341));
#3063 = CARTESIAN_POINT('',(143.3095926037,45.768224978117,
    -282.3333333341));
#3064 = CARTESIAN_POINT('',(145.31921884938,33.588865243091,
    -282.3333333341));
#3065 = CARTESIAN_POINT('',(136.49276288367,31.329207834084,
    -282.3333333341));
#3066 = CARTESIAN_POINT('',(131.09941038553,26.494347449597,
    -282.3333333341));
#3067 = CARTESIAN_POINT('',(107.46142673429,68.005580128555,
    -282.3333333341));
#3068 = CARTESIAN_POINT('',(86.14290200638,57.086659212234,
    -282.3333333341));
#3069 = CARTESIAN_POINT('',(47.852238646287,59.145096943362,
    -282.3333333341));
#3070 = CARTESIAN_POINT('',(9.272118377245,30.987720948036,
    -282.3333333341));
#3071 = CARTESIAN_POINT('',(22.803036028756,29.59403767228,
    -282.3333333341));
#3072 = CARTESIAN_POINT('',(14.764147462379,19.717253161824,
    -282.3333333341));
#3073 = CARTESIAN_POINT('',(13.808108094413,13.720610590368,
    -282.3333333341));
#3074 = CARTESIAN_POINT('',(14.916164311637,7.875622862928,
    -282.3333333341));
#3075 = CARTESIAN_POINT('',(18.742741820571,6.913153141949,
    -282.3333333341));
#3076 = CARTESIAN_POINT('',(20.677822903517,4.38055297892,
    -282.3333333341));
#3077 = CARTESIAN_POINT('',(24.273982367419,3.995875424647,
    -282.3333333341));
#3078 = CARTESIAN_POINT('',(27.646215239143,3.748188849244,
    -282.3333333341));
#3079 = CARTESIAN_POINT('',(32.121945672862,4.216999619228,
    -282.3333333341));
#3080 = CARTESIAN_POINT('',(36.968247952766,4.6693161448,-282.3333333341
    ));
#3081 = CARTESIAN_POINT('',(41.81408049813,7.504429051993,
    -282.3333333341));
#3082 = CARTESIAN_POINT('',(54.397311644009,-4.465723461527,
    -282.3333333341));
#3083 = CARTESIAN_POINT('',(93.925640043675,-17.71532295266,
    -282.3333333341));
#3084 = CARTESIAN_POINT('',(70.341401639898,-14.12376248512,
    -282.3333333341));
#3085 = CARTESIAN_POINT('',(69.566172964883,3.687498602493,
    -282.3333333341));
#3086 = CARTESIAN_POINT('',(71.676799820786,-1.603077065943,
    -282.3333333341));
#3087 = CARTESIAN_POINT('',(96.583562434939,-12.61856020853,
    -282.3333333341));
#3088 = CARTESIAN_POINT('',(94.851885198954,-8.453571799619,
    -282.3333333341));
#3089 = CARTESIAN_POINT('',(75.810785239043,8.597960823974,
    -282.3333333341));
#3090 = CARTESIAN_POINT('',(68.344721268035,9.503790472735,
    -282.3333333341));
#3091 = CARTESIAN_POINT('',(75.274071294091,15.068195217423,
    -282.3333333341));
#3092 = CARTESIAN_POINT('',(93.428716200388,0.277783094661,
    -282.3333333341));
#3093 = CARTESIAN_POINT('',(97.893069658744,-5.604971920794,
    -282.3333333341));
#3094 = CARTESIAN_POINT('',(104.19551664278,4.451869837836,
    -282.3333333341));
#3095 = CARTESIAN_POINT('',(112.51059304972,4.18686974611,
    -282.3333333341));
#3096 = CARTESIAN_POINT('',(164.85831058204,24.855192030694,
    -282.3333333341));
#3097 = CARTESIAN_POINT('',(126.05962543972,10.256750164476,
    -282.3333333341));
#3098 = CARTESIAN_POINT('',(189.41496560541,33.672111019052,
    -282.3333333341));
#3099 = CARTESIAN_POINT('',(73.302596830854,-11.16348060129,
    -282.333333334));
#3100 = CARTESIAN_POINT('',(268.5425537186,56.190859732809,
    -282.3333333341));
#3101 = CARTESIAN_POINT('',(155.31554771614,17.771046302043,
    -282.3333333341));
#3102 = CARTESIAN_POINT('',(24.380935587218,36.32429764872,
    -277.6666666661));
#3103 = CARTESIAN_POINT('',(23.285159050471,37.325247981095,
    -277.6666666659));
#3104 = CARTESIAN_POINT('',(27.292399944002,41.445262708863,
    -277.6666666663));
#3105 = CARTESIAN_POINT('',(31.928549873115,39.362533565043,
    -277.6666666661));
#3106 = CARTESIAN_POINT('',(36.497180266545,37.737261567414,
    -277.6666666662));
#3107 = CARTESIAN_POINT('',(40.669914421639,35.45023759663,
    -277.6666666661));
#3108 = CARTESIAN_POINT('',(44.855909739887,33.130238299728,
    -277.6666666662));
#3109 = CARTESIAN_POINT('',(49.024904338635,30.949485832848,
    -277.6666666661));
#3110 = CARTESIAN_POINT('',(53.161533612414,28.542683966899,
    -277.6666666662));
#3111 = CARTESIAN_POINT('',(57.433075888474,26.616895037582,
    -277.6666666661));
#3112 = CARTESIAN_POINT('',(61.84313239044,24.700302237309,
    -277.6666666661));
#3113 = CARTESIAN_POINT('',(65.989800892925,23.592215312414,
    -277.6666666661));
#3114 = CARTESIAN_POINT('',(70.145911138669,22.374369861796,
    -277.6666666661));
#3115 = CARTESIAN_POINT('',(74.266505328831,21.321173686276,
    -277.6666666661));
#3116 = CARTESIAN_POINT('',(79.228614027342,20.753561524375,
    -277.6666666661));
#3117 = CARTESIAN_POINT('',(83.733745045322,21.701775871446,
    -277.6666666661));
#3118 = CARTESIAN_POINT('',(89.647008298891,23.227676889744,
    -277.6666666661));
#3119 = CARTESIAN_POINT('',(91.531320368744,31.309197069131,
    -277.6666666661));
#3120 = CARTESIAN_POINT('',(94.004794424263,33.965776241196,
    -277.6666666661));
#3121 = CARTESIAN_POINT('',(96.449429560996,35.474175702263,
    -277.6666666661));
#3122 = CARTESIAN_POINT('',(99.128365175985,36.097585971323,
    -277.6666666661));
#3123 = CARTESIAN_POINT('',(101.73720604082,36.99170124382,
    -277.6666666661));
#3124 = CARTESIAN_POINT('',(104.75282065926,36.876223440629,
    -277.6666666661));
#3125 = CARTESIAN_POINT('',(107.11705139144,37.616480224307,
    -277.6666666661));
#3126 = CARTESIAN_POINT('',(110.79449504107,37.402711429217,
    -277.6666666661));
#3127 = CARTESIAN_POINT('',(111.18966752643,39.472972126646,
    -277.6666666661));
#3128 = CARTESIAN_POINT('',(120.1989946686,28.632868397891,
    -277.6666666661));
#3129 = CARTESIAN_POINT('',(106.43923523022,27.370844133542,
    -277.6666666661));
#3130 = CARTESIAN_POINT('',(94.793286247919,22.372842560009,
    -277.6666666661));
#3131 = CARTESIAN_POINT('',(76.947827942839,24.189383098013,
    -277.6666666661));
#3132 = CARTESIAN_POINT('',(73.361591165562,22.850726747534,
    -277.6666666661));
#3133 = CARTESIAN_POINT('',(69.267942560091,20.436525648584,
    -277.6666666661));
#3134 = CARTESIAN_POINT('',(64.291412419701,18.697429018293,
    -277.6666666661));
#3135 = CARTESIAN_POINT('',(62.608664350797,13.787858568676,
    -277.6666666661));
#3136 = CARTESIAN_POINT('',(62.07452217463,8.493370870905,
    -277.6666666661));
#3137 = CARTESIAN_POINT('',(60.826238630516,4.931048920345,
    -277.6666666661));
#3138 = CARTESIAN_POINT('',(57.681761763278,3.516919199572,
    -277.6666666661));
#3139 = CARTESIAN_POINT('',(52.512284896597,7.843851157184,
    -277.6666666661));
#3140 = CARTESIAN_POINT('',(49.718813592007,7.844247105101,
    -277.6666666661));
#3141 = CARTESIAN_POINT('',(47.561142760664,10.684149659161,
    -277.6666666661));
#3142 = CARTESIAN_POINT('',(53.952079265294,-12.13733955655,
    -277.6666666661));
#3143 = CARTESIAN_POINT('',(59.394744806152,-5.987216856695,
    -277.6666666661));
#3144 = CARTESIAN_POINT('',(73.731380748433,-4.371144096355,
    -277.6666666661));
#3145 = CARTESIAN_POINT('',(90.137493291005,5.831084073917,
    -277.6666666661));
#3146 = CARTESIAN_POINT('',(92.916632543726,6.851838803105,
    -277.6666666661));
#3147 = CARTESIAN_POINT('',(101.80758039665,11.237459192662,
    -277.6666666661));
#3148 = CARTESIAN_POINT('',(110.19796148078,14.059033608199,
    -277.6666666661));
#3149 = CARTESIAN_POINT('',(114.71639314766,16.721393493295,
    -277.6666666661));
#3150 = CARTESIAN_POINT('',(119.71450795732,16.960596085702,
    -277.6666666661));
#3151 = CARTESIAN_POINT('',(124.30589943472,18.189423491053,
    -277.6666666661));
#3152 = CARTESIAN_POINT('',(128.95913718048,18.605789232983,
    -277.6666666661));
#3153 = CARTESIAN_POINT('',(133.09214939974,18.869023350846,
    -277.6666666661));
#3154 = CARTESIAN_POINT('',(136.87151405669,19.105579781483,
    -277.6666666661));
#3155 = CARTESIAN_POINT('',(140.27135503885,19.487512128157,
    -277.6666666661));
#3156 = CARTESIAN_POINT('',(143.85911508806,18.848383219044,
    -277.6666666661));
#3157 = CARTESIAN_POINT('',(142.12943596183,25.538754501792,
    -277.6666666661));
#3158 = CARTESIAN_POINT('',(127.85634075689,38.02991711183,
    -277.6666666661));
#3159 = CARTESIAN_POINT('',(131.37761631225,41.860160983379,
    -277.6666666661));
#3160 = CARTESIAN_POINT('',(136.20589271684,38.784561189388,
    -277.6666666661));
#3161 = CARTESIAN_POINT('',(144.3522802669,37.161476369029,
    -277.6666666661));
#3162 = CARTESIAN_POINT('',(132.87971286161,47.252872428273,
    -277.6666666661));
#3163 = CARTESIAN_POINT('',(131.40865238865,50.960563441614,
    -277.6666666661));
#3164 = CARTESIAN_POINT('',(144.87275961882,47.645586535913,
    -277.6666666661));
#3165 = CARTESIAN_POINT('',(154.27498211507,51.168456622362,
    -277.6666666661));
#3166 = CARTESIAN_POINT('',(156.74955430495,48.927180420915,
    -277.6666666661));
#3167 = CARTESIAN_POINT('',(151.83874359156,55.163318306186,
    -277.6666666661));
#3168 = CARTESIAN_POINT('',(152.98492785023,53.230547051268,
    -277.6666666661));
#3169 = CARTESIAN_POINT('',(149.46260894629,40.485402393307,
    -277.6666666661));
#3170 = CARTESIAN_POINT('',(141.08131557014,33.968188401138,
    -277.6666666661));
#3171 = CARTESIAN_POINT('',(127.2756650659,27.184096752404,
    -277.6666666661));
#3172 = CARTESIAN_POINT('',(143.68609234131,28.780085997554,
    -277.6666666661));
#3173 = CARTESIAN_POINT('',(132.98788321939,22.162328736706,
    -277.6666666661));
#3174 = CARTESIAN_POINT('',(160.79629235249,21.572697360947,
    -277.6666666662));
#3175 = CARTESIAN_POINT('',(119.93114171616,13.55070246746,
    -277.6666666661));
#3176 = CARTESIAN_POINT('',(142.76900901598,12.459391379219,
    -277.6666666661));
#3177 = CARTESIAN_POINT('',(23.343683170424,35.597045019295,
    -273.0000000004));
#3178 = CARTESIAN_POINT('',(23.335189995985,36.400262177473,
    -273.0000000004));
#3179 = CARTESIAN_POINT('',(23.743840856251,38.313286606132,
    -273.0000000003));
#3180 = CARTESIAN_POINT('',(26.331931130061,39.403992574251,
    -273.0000000004));
#3181 = CARTESIAN_POINT('',(28.86268291832,38.955022842211,
    -273.0000000003));
#3182 = CARTESIAN_POINT('',(31.33452793827,38.197369431305,
    -273.0000000004));
#3183 = CARTESIAN_POINT('',(33.760660163191,37.345175102555,
    -273.0000000003));
#3184 = CARTESIAN_POINT('',(36.079178888674,36.166324116559,
    -273.0000000004));
#3185 = CARTESIAN_POINT('',(38.43375165918,35.161799994275,
    -273.0000000003));
#3186 = CARTESIAN_POINT('',(40.669645573457,33.788153830363,
    -273.0000000003));
#3187 = CARTESIAN_POINT('',(42.831639084611,32.413773296548,
    -273.0000000003));
#3188 = CARTESIAN_POINT('',(45.129777364615,30.330797055493,
    -273.0000000003));
#3189 = CARTESIAN_POINT('',(47.527985059003,28.258564228933,
    -273.0000000004));
#3190 = CARTESIAN_POINT('',(49.886898983577,26.479552939451,
    -273.0000000003));
#3191 = CARTESIAN_POINT('',(52.165369453904,24.579338276377,
    -273.0000000003));
#3192 = CARTESIAN_POINT('',(54.283844070046,22.349356907671,
    -273.0000000003));
#3193 = CARTESIAN_POINT('',(57.081261088633,21.38714440308,
    -273.0000000004));
#3194 = CARTESIAN_POINT('',(59.408263917212,19.409880231855,
    -273.0000000003));
#3195 = CARTESIAN_POINT('',(62.076594075458,21.761164848209,
    -273.0000000004));
#3196 = CARTESIAN_POINT('',(65.173421072095,25.067647715681,
    -273.0000000003));
#3197 = CARTESIAN_POINT('',(68.320059550861,27.978252830677,
    -273.0000000003));
#3198 = CARTESIAN_POINT('',(71.996230677924,30.460612374471,
    -273.0000000003));
#3199 = CARTESIAN_POINT('',(75.492313494957,32.989419702667,
    -273.0000000003));
#3200 = CARTESIAN_POINT('',(79.408292589432,35.149365520147,
    -273.0000000004));
#3201 = CARTESIAN_POINT('',(83.379259046454,37.873585367097,
    -273.0000000003));
#3202 = CARTESIAN_POINT('',(87.137072107196,38.035646728668,
    -273.0000000004));
#3203 = CARTESIAN_POINT('',(93.025518674993,42.823161351001,
    -273.0000000004));
#3204 = CARTESIAN_POINT('',(96.436892314063,40.891628148731,
    -273.0000000003));
#3205 = CARTESIAN_POINT('',(101.38139262425,44.219299721788,
    -273.0000000004));
#3206 = CARTESIAN_POINT('',(109.15110158359,39.514177764515,
    -273.0000000003));
#3207 = CARTESIAN_POINT('',(105.74244863585,38.141298475398,
    -273.0000000004));
#3208 = CARTESIAN_POINT('',(103.95304040383,36.72869827951,
    -273.0000000003));
#3209 = CARTESIAN_POINT('',(102.25991322471,34.524337051184,
    -273.0000000004));
#3210 = CARTESIAN_POINT('',(99.041604676401,34.608496993385,
    -273.0000000003));
#3211 = CARTESIAN_POINT('',(94.309827063954,33.873684388161,
    -273.0000000003));
#3212 = CARTESIAN_POINT('',(91.870444501406,32.80634056429,
    -273.0000000003));
#3213 = CARTESIAN_POINT('',(86.193929536161,31.338163603348,
    -273.0000000003));
#3214 = CARTESIAN_POINT('',(86.045292096034,28.576876009026,
    -273.0000000003));
#3215 = CARTESIAN_POINT('',(79.499254448488,29.444011810564,
    -273.0000000003));
#3216 = CARTESIAN_POINT('',(76.818902472429,28.614163792266,
    -273.0000000003));
#3217 = CARTESIAN_POINT('',(67.637694205041,36.427331913507,
    -273.0000000003));
#3218 = CARTESIAN_POINT('',(71.695267846183,31.56582690856,
    -273.0000000003));
#3219 = CARTESIAN_POINT('',(67.348567948907,28.934152935696,
    -273.0000000004));
#3220 = CARTESIAN_POINT('',(60.871579051841,20.225013024354,
    -273.0000000003));
#3221 = CARTESIAN_POINT('',(64.878890495784,18.388950226304,
    -273.0000000004));
#3222 = CARTESIAN_POINT('',(63.851115554252,14.487373144774,
    -273.0000000003));
#3223 = CARTESIAN_POINT('',(63.635373127617,11.762267076115,
    -273.0000000004));
#3224 = CARTESIAN_POINT('',(65.937235998183,9.561637231899,
    -273.0000000003));
#3225 = CARTESIAN_POINT('',(68.778157312622,9.504584931053,
    -273.0000000003));
#3226 = CARTESIAN_POINT('',(71.102760866673,8.784072120708,
    -273.0000000003));
#3227 = CARTESIAN_POINT('',(73.998296089851,9.084976468236,
    -273.0000000004));
#3228 = CARTESIAN_POINT('',(76.910837247153,9.488066303713,
    -273.0000000003));
#3229 = CARTESIAN_POINT('',(80.320139118215,10.075525484699,
    -273.0000000004));
#3230 = CARTESIAN_POINT('',(83.85710896877,10.889335499759,
    -273.0000000003));
#3231 = CARTESIAN_POINT('',(88.19562558562,11.392201951653,
    -273.0000000003));
#3232 = CARTESIAN_POINT('',(90.78651466139,11.778578068494,
    -273.0000000004));
#3233 = CARTESIAN_POINT('',(96.256141609965,11.113274905016,
    -273.0000000003));
#3234 = CARTESIAN_POINT('',(96.61110561454,11.152552650954,
    -273.0000000004));
#3235 = CARTESIAN_POINT('',(100.79507448595,11.67203746318,
    -273.0000000003));
#3236 = CARTESIAN_POINT('',(102.32117400489,12.923548121706,
    -273.0000000003));
#3237 = CARTESIAN_POINT('',(107.10191236492,11.723218306694,
    -273.0000000003));
#3238 = CARTESIAN_POINT('',(107.61639877322,14.79308697243,
    -273.0000000004));
#3239 = CARTESIAN_POINT('',(100.15824257909,24.194350429129,
    -273.0000000003));
#3240 = CARTESIAN_POINT('',(98.186330734853,24.347768773487,
    -273.0000000003));
#3241 = CARTESIAN_POINT('',(103.28328084585,26.627817186513,
    -273.0000000004));
#3242 = CARTESIAN_POINT('',(113.39948301949,18.501889143203,
    -273.0000000003));
#3243 = CARTESIAN_POINT('',(116.60153714488,14.540638703428,
    -273.0000000004));
#3244 = CARTESIAN_POINT('',(120.08656341573,18.311598677298,
    -273.0000000003));
#3245 = CARTESIAN_POINT('',(125.15692790125,17.202268009585,
    -273.0000000004));
#3246 = CARTESIAN_POINT('',(128.85245452764,17.981624574998,
    -273.0000000003));
#3247 = CARTESIAN_POINT('',(129.45476367074,13.020651227015,
    -273.0000000004));
#3248 = CARTESIAN_POINT('',(130.38681223961,14.780918481582,
    -273.0000000003));
#3249 = CARTESIAN_POINT('',(129.1362240988,3.409667235609,
    -273.0000000004));
#3250 = CARTESIAN_POINT('',(130.62924470071,16.322629530406,
    -273.0000000003));
#3251 = CARTESIAN_POINT('',(132.52951136282,8.708514191378,
    -273.0000000004));
#3252 = CARTESIAN_POINT('',(22.150953434672,35.09964180149,
    -268.3333333328));
#3253 = CARTESIAN_POINT('',(21.946467995177,34.677316097345,
    -268.3333333326));
#3254 = CARTESIAN_POINT('',(23.143561905934,39.075902157001,
    -268.3333333329));
#3255 = CARTESIAN_POINT('',(26.141692267258,38.698581611546,
    -268.3333333328));
#3256 = CARTESIAN_POINT('',(29.22193030785,38.277847664892,
    -268.3333333328));
#3257 = CARTESIAN_POINT('',(32.057108600391,37.225273960791,
    -268.3333333328));
#3258 = CARTESIAN_POINT('',(34.81005356044,35.884235246297,
    -268.3333333328));
#3259 = CARTESIAN_POINT('',(37.547738625424,34.650966202798,
    -268.3333333328));
#3260 = CARTESIAN_POINT('',(40.238735157251,33.177200990305,
    -268.3333333328));
#3261 = CARTESIAN_POINT('',(42.952766620909,31.937617307342,
    -268.3333333328));
#3262 = CARTESIAN_POINT('',(45.832420800493,30.809482174928,
    -268.3333333328));
#3263 = CARTESIAN_POINT('',(48.478413483085,30.450844377107,
    -268.3333333328));
#3264 = CARTESIAN_POINT('',(51.124571972312,30.166968922619,
    -268.3333333328));
#3265 = CARTESIAN_POINT('',(53.691993285266,29.541960105241,
    -268.3333333328));
#3266 = CARTESIAN_POINT('',(56.480749025017,28.911039184556,
    -268.3333333328));
#3267 = CARTESIAN_POINT('',(59.215006842197,28.680751460513,
    -268.3333333328));
#3268 = CARTESIAN_POINT('',(62.395634041676,28.653243214717,
    -268.3333333328));
#3269 = CARTESIAN_POINT('',(65.522399426359,30.457326375658,
    -268.3333333328));
#3270 = CARTESIAN_POINT('',(67.452511499781,31.689725530654,
    -268.3333333328));
#3271 = CARTESIAN_POINT('',(67.783573263342,32.578771538839,
    -268.3333333328));
#3272 = CARTESIAN_POINT('',(68.587840091434,33.064434749903,
    -268.3333333328));
#3273 = CARTESIAN_POINT('',(69.246513676589,33.802504398362,
    -268.3333333328));
#3274 = CARTESIAN_POINT('',(70.139364473254,33.94779726559,
    -268.3333333328));
#3275 = CARTESIAN_POINT('',(71.174429697333,34.109186516091,
    -268.3333333328));
#3276 = CARTESIAN_POINT('',(72.28290755172,33.667645076884,
    -268.3333333328));
#3277 = CARTESIAN_POINT('',(72.704422750012,35.148472200972,
    -268.3333333328));
#3278 = CARTESIAN_POINT('',(74.275981779037,34.646921147151,
    -268.3333333328));
#3279 = CARTESIAN_POINT('',(74.567238294444,35.29246389894,
    -268.3333333328));
#3280 = CARTESIAN_POINT('',(76.594352763688,33.372431404884,
    -268.3333333328));
#3281 = CARTESIAN_POINT('',(71.927428432936,33.033252151387,
    -268.3333333328));
#3282 = CARTESIAN_POINT('',(68.664312523361,33.034899409592,
    -268.3333333328));
#3283 = CARTESIAN_POINT('',(65.500255112076,32.679907011736,
    -268.3333333328));
#3284 = CARTESIAN_POINT('',(61.548101598043,32.866663679,-268.3333333328
    ));
#3285 = CARTESIAN_POINT('',(60.212025538417,30.388984110897,
    -268.3333333328));
#3286 = CARTESIAN_POINT('',(59.523935955262,28.506825868229,
    -268.3333333328));
#3287 = CARTESIAN_POINT('',(58.484959694806,26.857678419914,
    -268.3333333328));
#3288 = CARTESIAN_POINT('',(58.841680768766,24.082879531457,
    -268.3333333328));
#3289 = CARTESIAN_POINT('',(57.143754572712,22.987395969241,
    -268.3333333328));
#3290 = CARTESIAN_POINT('',(58.22021073314,17.092041938757,
    -268.3333333328));
#3291 = CARTESIAN_POINT('',(58.552145359481,13.59351322728,
    -268.3333333328));
#3292 = CARTESIAN_POINT('',(58.4737396276,7.889342812574,-268.3333333328
    ));
#3293 = CARTESIAN_POINT('',(54.236073807657,6.182177885794,
    -268.3333333328));
#3294 = CARTESIAN_POINT('',(55.541471402672,3.078255946389,
    -268.3333333328));
#3295 = CARTESIAN_POINT('',(62.53354839555,6.703752334131,
    -268.3333333328));
#3296 = CARTESIAN_POINT('',(66.22441339997,9.518925467397,
    -268.3333333328));
#3297 = CARTESIAN_POINT('',(72.125250437162,12.243363217319,
    -268.3333333328));
#3298 = CARTESIAN_POINT('',(79.33294921712,15.044649539842,
    -268.3333333328));
#3299 = CARTESIAN_POINT('',(81.823898189156,16.755104946879,
    -268.3333333328));
#3300 = CARTESIAN_POINT('',(85.202722848508,16.245298158727,
    -268.3333333328));
#3301 = CARTESIAN_POINT('',(88.032712948038,16.677183507061,
    -268.3333333328));
#3302 = CARTESIAN_POINT('',(91.022242505302,15.97339219306,
    -268.3333333328));
#3303 = CARTESIAN_POINT('',(93.484630183757,15.311603501021,
    -268.3333333328));
#3304 = CARTESIAN_POINT('',(95.601839468534,14.615412800532,
    -268.3333333328));
#3305 = CARTESIAN_POINT('',(97.508541727159,13.843059665856,
    -268.3333333328));
#3306 = CARTESIAN_POINT('',(98.594384392142,13.507471641201,
    -268.3333333328));
#3307 = CARTESIAN_POINT('',(100.68883057377,12.968668152198,
    -268.3333333328));
#3308 = CARTESIAN_POINT('',(105.26496269417,13.676178627415,
    -268.3333333328));
#3309 = CARTESIAN_POINT('',(105.97681786505,13.820672930574,
    -268.3333333328));
#3310 = CARTESIAN_POINT('',(110.42497762352,14.087112342087,
    -268.3333333328));
#3311 = CARTESIAN_POINT('',(113.13756657448,14.343493151688,
    -268.3333333328));
#3312 = CARTESIAN_POINT('',(116.24643721324,13.830506507849,
    -268.3333333328));
#3313 = CARTESIAN_POINT('',(118.55785059984,14.25442551572,
    -268.3333333328));
#3314 = CARTESIAN_POINT('',(124.56903360321,10.361972462384,
    -268.3333333328));
#3315 = CARTESIAN_POINT('',(123.29524929128,15.703031426123,
    -268.3333333328));
#3316 = CARTESIAN_POINT('',(119.77181206462,19.674776529819,
    -268.3333333328));
#3317 = CARTESIAN_POINT('',(115.81063740456,25.472958423479,
    -268.3333333328));
#3318 = CARTESIAN_POINT('',(117.29625293811,29.912312646518,
    -268.3333333328));
#3319 = CARTESIAN_POINT('',(119.82486639093,22.783326861878,
    -268.3333333328));
#3320 = CARTESIAN_POINT('',(119.8245143266,22.866891490957,
    -268.3333333328));
#3321 = CARTESIAN_POINT('',(120.60249428972,15.55631650147,
    -268.3333333328));
#3322 = CARTESIAN_POINT('',(120.01470671601,17.048793612821,
    -268.3333333328));
#3323 = CARTESIAN_POINT('',(122.85451371824,6.402873302562,
    -268.3333333328));
#3324 = CARTESIAN_POINT('',(119.62840189734,19.159457995191,
    -268.3333333328));
#3325 = CARTESIAN_POINT('',(129.55360438234,-9.214501484349,
    -268.3333333328));
#3326 = CARTESIAN_POINT('',(124.06525970499,5.692225863946,
    -268.3333333328));
#3327 = CARTESIAN_POINT('',(21.097825382817,34.859689172807,
    -263.6666666674));
#3328 = CARTESIAN_POINT('',(21.858888544339,36.609665918493,
    -263.6666666676));
#3329 = CARTESIAN_POINT('',(20.920819950981,35.612912747314,
    -263.6666666673));
#3330 = CARTESIAN_POINT('',(22.612894960776,38.289753910462,
    -263.6666666675));
#3331 = CARTESIAN_POINT('',(24.044830388776,38.15076320744,
    -263.6666666674));
#3332 = CARTESIAN_POINT('',(25.786393863328,38.264667808251,
    -263.6666666674));
#3333 = CARTESIAN_POINT('',(27.327840526399,37.964446871194,
    -263.6666666674));
#3334 = CARTESIAN_POINT('',(28.901939533046,37.494051792658,
    -263.6666666674));
#3335 = CARTESIAN_POINT('',(30.349633538827,36.959946536774,
    -263.6666666674));
#3336 = CARTESIAN_POINT('',(31.757661976826,36.083876860076,
    -263.6666666674));
#3337 = CARTESIAN_POINT('',(32.872237259677,34.905755811628,
    -263.6666666674));
#3338 = CARTESIAN_POINT('',(34.308519174919,32.477747390032,
    -263.6666666674));
#3339 = CARTESIAN_POINT('',(35.900636313284,29.931216103175,
    -263.6666666674));
#3340 = CARTESIAN_POINT('',(37.287751381404,27.872145959996,
    -263.6666666674));
#3341 = CARTESIAN_POINT('',(39.112474107228,26.344055476236,
    -263.6666666674));
#3342 = CARTESIAN_POINT('',(40.580228210654,25.506106404299,
    -263.6666666674));
#3343 = CARTESIAN_POINT('',(43.120363545964,25.737621925648,
    -263.6666666674));
#3344 = CARTESIAN_POINT('',(42.140817242735,27.407692822361,
    -263.6666666674));
#3345 = CARTESIAN_POINT('',(43.526966582491,30.213674169779,
    -263.6666666674));
#3346 = CARTESIAN_POINT('',(48.488638132625,32.957445996731,
    -263.6666666674));
#3347 = CARTESIAN_POINT('',(52.612069794986,35.443436205662,
    -263.6666666674));
#3348 = CARTESIAN_POINT('',(57.433757545723,37.670562074588,
    -263.6666666674));
#3349 = CARTESIAN_POINT('',(61.726852188317,39.872109540597,
    -263.6666666674));
#3350 = CARTESIAN_POINT('',(66.4417164954,42.602600568945,
    -263.6666666674));
#3351 = CARTESIAN_POINT('',(70.690853814221,45.447406521241,
    -263.6666666674));
#3352 = CARTESIAN_POINT('',(75.754374113824,46.382437822347,
    -263.6666666674));
#3353 = CARTESIAN_POINT('',(82.441758757076,46.112843387339,
    -263.6666666674));
#3354 = CARTESIAN_POINT('',(87.695064939646,43.774302783186,
    -263.6666666674));
#3355 = CARTESIAN_POINT('',(86.469937132473,42.876894087935,
    -263.6666666674));
#3356 = CARTESIAN_POINT('',(84.371630498821,40.847478706241,
    -263.6666666674));
#3357 = CARTESIAN_POINT('',(83.968386601005,38.435959693961,
    -263.6666666674));
#3358 = CARTESIAN_POINT('',(83.13435685436,36.620369549621,
    -263.6666666674));
#3359 = CARTESIAN_POINT('',(83.489251219493,33.503558453133,
    -263.6666666674));
#3360 = CARTESIAN_POINT('',(80.169892324669,34.57187029523,
    -263.6666666674));
#3361 = CARTESIAN_POINT('',(75.546512761089,33.503681555437,
    -263.6666666674));
#3362 = CARTESIAN_POINT('',(72.602558218045,32.866423459444,
    -263.6666666674));
#3363 = CARTESIAN_POINT('',(67.056808054921,31.614062425012,
    -263.6666666674));
#3364 = CARTESIAN_POINT('',(64.418869248004,30.399621787478,
    -263.6666666674));
#3365 = CARTESIAN_POINT('',(67.955226840721,31.856487125881,
    -263.6666666674));
#3366 = CARTESIAN_POINT('',(69.474898231412,32.674061368006,
    -263.6666666674));
#3367 = CARTESIAN_POINT('',(71.707978200317,32.413482165097,
    -263.6666666674));
#3368 = CARTESIAN_POINT('',(73.507084237051,30.60346762295,
    -263.6666666674));
#3369 = CARTESIAN_POINT('',(73.297846470455,28.923035517857,
    -263.6666666674));
#3370 = CARTESIAN_POINT('',(70.911381046757,24.355376785346,
    -263.6666666674));
#3371 = CARTESIAN_POINT('',(70.604149587835,17.908219046274,
    -263.6666666674));
#3372 = CARTESIAN_POINT('',(67.699678606185,12.922804574222,
    -263.6666666674));
#3373 = CARTESIAN_POINT('',(62.680412568771,7.459771403016,
    -263.6666666674));
#3374 = CARTESIAN_POINT('',(64.728092195403,4.220219098102,
    -263.6666666674));
#3375 = CARTESIAN_POINT('',(66.147644419887,4.31951813496,
    -263.6666666674));
#3376 = CARTESIAN_POINT('',(67.712254201052,3.51857413694,
    -263.6666666674));
#3377 = CARTESIAN_POINT('',(69.614065024715,4.385833793301,
    -263.6666666674));
#3378 = CARTESIAN_POINT('',(72.003413343409,5.30946726425,
    -263.6666666674));
#3379 = CARTESIAN_POINT('',(75.126580842426,6.760993125456,
    -263.6666666674));
#3380 = CARTESIAN_POINT('',(78.593275573327,8.048618743391,
    -263.6666666674));
#3381 = CARTESIAN_POINT('',(83.550713130725,9.075546857806,
    -263.6666666674));
#3382 = CARTESIAN_POINT('',(85.324526733764,10.278994114444,
    -263.6666666674));
#3383 = CARTESIAN_POINT('',(87.694083109878,9.95929496427,
    -263.6666666674));
#3384 = CARTESIAN_POINT('',(88.21727416808,10.194102802675,
    -263.6666666674));
#3385 = CARTESIAN_POINT('',(90.488693313773,10.31980736206,
    -263.6666666674));
#3386 = CARTESIAN_POINT('',(92.044254528084,10.54811356872,
    -263.6666666674));
#3387 = CARTESIAN_POINT('',(93.563151019691,10.855006696095,
    -263.6666666674));
#3388 = CARTESIAN_POINT('',(95.157888633418,11.027142872066,
    -263.6666666674));
#3389 = CARTESIAN_POINT('',(96.378611171148,12.052634927883,
    -263.6666666674));
#3390 = CARTESIAN_POINT('',(98.621694071139,11.288648872096,
    -263.6666666674));
#3391 = CARTESIAN_POINT('',(101.4644551561,10.593882816216,
    -263.6666666674));
#3392 = CARTESIAN_POINT('',(104.28864437034,9.387925769099,
    -263.6666666674));
#3393 = CARTESIAN_POINT('',(106.17460101659,8.408742048957,
    -263.6666666674));
#3394 = CARTESIAN_POINT('',(107.79577573737,9.085016546388,
    -263.6666666674));
#3395 = CARTESIAN_POINT('',(109.85162771133,8.403804696284,
    -263.6666666674));
#3396 = CARTESIAN_POINT('',(111.63350688679,8.727568237669,
    -263.6666666674));
#3397 = CARTESIAN_POINT('',(113.57538448294,7.337249945671,
    -263.6666666674));
#3398 = CARTESIAN_POINT('',(114.50828108792,7.52391633869,
    -263.6666666674));
#3399 = CARTESIAN_POINT('',(115.99838403415,3.402798039919,
    -263.6666666674));
#3400 = CARTESIAN_POINT('',(115.19548261947,7.270091258954,
    -263.6666666674));
#3401 = CARTESIAN_POINT('',(116.048940215,3.828378220833,-263.6666666674
    ));
#3402 = CARTESIAN_POINT('',(19.921712026757,33.659353455799,
    -258.9999999981));
#3403 = CARTESIAN_POINT('',(18.946245171756,33.101910426429,
    -258.9999999979));
#3404 = CARTESIAN_POINT('',(21.152527897978,38.061373042499,
    -258.9999999982));
#3405 = CARTESIAN_POINT('',(23.848821752028,37.414028476159,
    -258.999999998));
#3406 = CARTESIAN_POINT('',(27.348915772499,37.154868026622,
    -258.9999999981));
#3407 = CARTESIAN_POINT('',(30.192067830725,35.87833916772,
    -258.9999999981));
#3408 = CARTESIAN_POINT('',(33.188520416196,34.44036093284,
    -258.9999999981));
#3409 = CARTESIAN_POINT('',(36.014065432241,33.124741544939,
    -258.9999999981));
#3410 = CARTESIAN_POINT('',(38.906490396579,31.40681764144,
    -258.9999999981));
#3411 = CARTESIAN_POINT('',(41.917190174893,30.576632259326,
    -258.9999999981));
#3412 = CARTESIAN_POINT('',(45.544844969423,30.253463576174,
    -258.9999999981));
#3413 = CARTESIAN_POINT('',(48.356415533302,32.85302965462,
    -258.9999999981));
#3414 = CARTESIAN_POINT('',(50.844439010753,35.697608985772,
    -258.9999999981));
#3415 = CARTESIAN_POINT('',(53.897701597548,37.750321108914,
    -258.9999999981));
#3416 = CARTESIAN_POINT('',(56.522762694167,39.775145181751,
    -258.9999999981));
#3417 = CARTESIAN_POINT('',(59.908685110774,41.18022116708,
    -258.9999999981));
#3418 = CARTESIAN_POINT('',(61.053631952924,44.173286664296,
    -258.9999999981));
#3419 = CARTESIAN_POINT('',(67.846807326023,44.179880662199,
    -258.9999999981));
#3420 = CARTESIAN_POINT('',(71.170262892667,40.945019647224,
    -258.9999999981));
#3421 = CARTESIAN_POINT('',(65.476542738109,38.23864112861,
    -258.9999999981));
#3422 = CARTESIAN_POINT('',(61.271195154697,36.363309591636,
    -258.9999999981));
#3423 = CARTESIAN_POINT('',(56.334967068151,34.222040042987,
    -258.9999999981));
#3424 = CARTESIAN_POINT('',(52.13506720863,31.94620372007,
    -258.9999999981));
#3425 = CARTESIAN_POINT('',(47.885197097933,28.418623651918,
    -258.9999999981));
#3426 = CARTESIAN_POINT('',(43.897462901061,24.770389120197,
    -258.9999999981));
#3427 = CARTESIAN_POINT('',(39.089787391541,23.679071350332,
    -258.9999999981));
#3428 = CARTESIAN_POINT('',(31.789801267993,23.631132829217,
    -258.9999999981));
#3429 = CARTESIAN_POINT('',(27.746851773695,24.416731361347,
    -258.9999999981));
#3430 = CARTESIAN_POINT('',(25.654557052763,24.930993694502,
    -258.9999999981));
#3431 = CARTESIAN_POINT('',(23.154052203299,26.25306810279,
    -258.9999999981));
#3432 = CARTESIAN_POINT('',(17.609332732799,29.427192872212,
    -258.9999999981));
#3433 = CARTESIAN_POINT('',(13.384315867215,30.866152482741,
    -258.9999999981));
#3434 = CARTESIAN_POINT('',(5.846750081735,35.330896953157,
    -258.9999999981));
#3435 = CARTESIAN_POINT('',(8.065978480546,29.593011062668,
    -258.9999999981));
#3436 = CARTESIAN_POINT('',(12.357905603365,27.855852271851,
    -258.9999999981));
#3437 = CARTESIAN_POINT('',(15.355298468694,25.667865342598,
    -258.9999999981));
#3438 = CARTESIAN_POINT('',(20.739736532595,23.5692301296,
    -258.9999999981));
#3439 = CARTESIAN_POINT('',(23.537211054656,22.344967037226,
    -258.9999999981));
#3440 = CARTESIAN_POINT('',(26.422997303947,19.339490490978,
    -258.9999999981));
#3441 = CARTESIAN_POINT('',(28.648637312649,17.885624836775,
    -258.9999999981));
#3442 = CARTESIAN_POINT('',(31.791248797594,15.798305133604,
    -258.9999999981));
#3443 = CARTESIAN_POINT('',(34.217051775155,15.589138410308,
    -258.9999999981));
#3444 = CARTESIAN_POINT('',(38.038654175467,12.828580207002,
    -258.9999999981));
#3445 = CARTESIAN_POINT('',(42.864774617099,15.041066193469,
    -258.9999999981));
#3446 = CARTESIAN_POINT('',(41.3113579594,21.568700554433,
    -258.9999999981));
#3447 = CARTESIAN_POINT('',(43.662053622526,26.026432258746,
    -258.9999999981));
#3448 = CARTESIAN_POINT('',(47.088179227946,30.930713878717,
    -258.9999999981));
#3449 = CARTESIAN_POINT('',(49.67067372456,33.515347409897,
    -258.9999999981));
#3450 = CARTESIAN_POINT('',(53.160970678032,33.919158804437,
    -258.9999999981));
#3451 = CARTESIAN_POINT('',(56.227676599185,33.300812494371,
    -258.9999999981));
#3452 = CARTESIAN_POINT('',(58.734661600932,30.706969928054,
    -258.9999999981));
#3453 = CARTESIAN_POINT('',(59.951966478703,27.273151247204,
    -258.9999999981));
#3454 = CARTESIAN_POINT('',(59.503678561832,23.206988487207,
    -258.9999999981));
#3455 = CARTESIAN_POINT('',(58.278542458675,19.057230092026,
    -258.9999999981));
#3456 = CARTESIAN_POINT('',(53.66474353939,15.997885053387,
    -258.9999999981));
#3457 = CARTESIAN_POINT('',(55.127640237045,12.649329934424,
    -258.9999999981));
#3458 = CARTESIAN_POINT('',(60.314950639923,12.939686802735,
    -258.9999999981));
#3459 = CARTESIAN_POINT('',(60.97154853801,12.062098611935,
    -258.9999999981));
#3460 = CARTESIAN_POINT('',(65.710969855721,11.733786845234,
    -258.9999999981));
#3461 = CARTESIAN_POINT('',(68.634742667586,11.066188915388,
    -258.9999999981));
#3462 = CARTESIAN_POINT('',(71.836366811095,10.92818736132,
    -258.9999999981));
#3463 = CARTESIAN_POINT('',(74.784145394513,10.511751316371,
    -258.9999999981));
#3464 = CARTESIAN_POINT('',(78.436616604843,10.21037100895,
    -258.9999999981));
#3465 = CARTESIAN_POINT('',(81.249251273395,10.34995343898,
    -258.9999999981));
#3466 = CARTESIAN_POINT('',(84.232359147144,10.613521145748,
    -258.9999999981));
#3467 = CARTESIAN_POINT('',(87.042723737333,11.092343207171,
    -258.9999999981));
#3468 = CARTESIAN_POINT('',(90.21050130176,11.389674515345,
    -258.9999999981));
#3469 = CARTESIAN_POINT('',(93.396605008093,11.130655898517,
    -258.9999999981));
#3470 = CARTESIAN_POINT('',(96.489174877956,10.920982578975,
    -258.9999999981));
#3471 = CARTESIAN_POINT('',(99.547025998969,9.990365337238,
    -258.9999999981));
#3472 = CARTESIAN_POINT('',(102.42269515046,8.966395709866,
    -258.9999999981));
#3473 = CARTESIAN_POINT('',(105.34279414624,7.172758615141,
    -258.9999999981));
#3474 = CARTESIAN_POINT('',(107.19735449849,4.959476209153,
    -258.999999998));
#3475 = CARTESIAN_POINT('',(109.03956458945,2.912501775605,
    -258.9999999982));
#3476 = CARTESIAN_POINT('',(108.76965654326,1.933552334802,
    -258.9999999981));
#3477 = CARTESIAN_POINT('',(18.100866518699,32.473424652922,
    -254.3333333399));
#3478 = CARTESIAN_POINT('',(19.209459667438,34.196272017155,
    -254.33333334));
#3479 = CARTESIAN_POINT('',(17.54893886074,34.281423581144,
    -254.3333333399));
#3480 = CARTESIAN_POINT('',(20.311505350663,37.183456729718,
    -254.33333334));
#3481 = CARTESIAN_POINT('',(22.462167311312,36.993897346113,
    -254.3333333399));
#3482 = CARTESIAN_POINT('',(25.023286291825,36.705201633975,
    -254.3333333399));
#3483 = CARTESIAN_POINT('',(27.160921995538,35.971314262572,
    -254.3333333399));
#3484 = CARTESIAN_POINT('',(29.472262781497,35.02756272056,
    -254.3333333399));
#3485 = CARTESIAN_POINT('',(31.792685823377,34.815415897164,
    -254.3333333399));
#3486 = CARTESIAN_POINT('',(34.389119376721,34.852319104877,
    -254.3333333399));
#3487 = CARTESIAN_POINT('',(36.313348631206,36.524857151525,
    -254.3333333399));
#3488 = CARTESIAN_POINT('',(38.236508879863,37.451615487787,
    -254.3333333399));
#3489 = CARTESIAN_POINT('',(40.639898833353,37.820331758643,
    -254.3333333399));
#3490 = CARTESIAN_POINT('',(42.624363042768,38.477758094156,
    -254.3333333399));
#3491 = CARTESIAN_POINT('',(45.166027868683,39.165427379771,
    -254.3333333399));
#3492 = CARTESIAN_POINT('',(46.670789923775,40.10611081335,
    -254.3333333399));
#3493 = CARTESIAN_POINT('',(52.78192744677,36.815265347495,
    -254.3333333399));
#3494 = CARTESIAN_POINT('',(47.186811743528,34.461073718443,
    -254.3333333399));
#3495 = CARTESIAN_POINT('',(41.723467553477,34.864995629479,
    -254.3333333399));
#3496 = CARTESIAN_POINT('',(40.900876942797,34.168960258807,
    -254.3333333399));
#3497 = CARTESIAN_POINT('',(39.225254399279,33.57880490182,
    -254.3333333399));
#3498 = CARTESIAN_POINT('',(38.242712321471,32.155898352876,
    -254.3333333399));
#3499 = CARTESIAN_POINT('',(36.93740935758,31.074031004469,
    -254.3333333399));
#3500 = CARTESIAN_POINT('',(34.691960663954,32.10134784781,
    -254.3333333399));
#3501 = CARTESIAN_POINT('',(32.749711522553,33.607859925715,
    -254.3333333399));
#3502 = CARTESIAN_POINT('',(31.117877685469,33.676058698315,
    -254.3333333399));
#3503 = CARTESIAN_POINT('',(29.673168369151,34.665414586651,
    -254.3333333399));
#3504 = CARTESIAN_POINT('',(26.893261819356,35.363921493608,
    -254.3333333399));
#3505 = CARTESIAN_POINT('',(26.474364210703,36.427206125496,
    -254.3333333399));
#3506 = CARTESIAN_POINT('',(19.67482361322,36.738680008918,
    -254.3333333399));
#3507 = CARTESIAN_POINT('',(24.307063828698,30.951366652524,
    -254.3333333399));
#3508 = CARTESIAN_POINT('',(28.519709593716,27.869836793148,
    -254.3333333399));
#3509 = CARTESIAN_POINT('',(34.706016457958,23.426884105339,
    -254.3333333399));
#3510 = CARTESIAN_POINT('',(36.760026298247,24.037839597899,
    -254.3333333399));
#3511 = CARTESIAN_POINT('',(38.233598090385,22.240378203247,
    -254.3333333399));
#3512 = CARTESIAN_POINT('',(39.68286380309,21.774188012819,
    -254.3333333399));
#3513 = CARTESIAN_POINT('',(41.398839243358,20.213267105519,
    -254.3333333399));
#3514 = CARTESIAN_POINT('',(42.574007450819,19.474744437309,
    -254.3333333399));
#3515 = CARTESIAN_POINT('',(45.57114271677,18.822703762485,
    -254.3333333399));
#3516 = CARTESIAN_POINT('',(47.388760965168,17.843114017924,
    -254.3333333399));
#3517 = CARTESIAN_POINT('',(50.032127936409,17.680261644032,
    -254.3333333399));
#3518 = CARTESIAN_POINT('',(52.067360618445,15.378027313459,
    -254.3333333399));
#3519 = CARTESIAN_POINT('',(54.605074550166,18.600658694245,
    -254.3333333399));
#3520 = CARTESIAN_POINT('',(50.214396269406,21.666003728506,
    -254.3333333399));
#3521 = CARTESIAN_POINT('',(51.293936826927,22.57442822992,
    -254.3333333399));
#3522 = CARTESIAN_POINT('',(52.285800171209,23.962944417341,
    -254.3333333399));
#3523 = CARTESIAN_POINT('',(53.517889961171,24.655185636116,
    -254.3333333399));
#3524 = CARTESIAN_POINT('',(56.111453465519,24.39670255661,
    -254.3333333399));
#3525 = CARTESIAN_POINT('',(58.483604349016,24.25345046946,
    -254.3333333399));
#3526 = CARTESIAN_POINT('',(60.603855784572,23.000052411912,
    -254.3333333399));
#3527 = CARTESIAN_POINT('',(62.386335510132,21.520101837171,
    -254.3333333399));
#3528 = CARTESIAN_POINT('',(63.54634288051,19.556217472314,
    -254.3333333399));
#3529 = CARTESIAN_POINT('',(64.096084400174,17.563499739179,
    -254.3333333399));
#3530 = CARTESIAN_POINT('',(63.987043297547,15.443944344395,
    -254.3333333399));
#3531 = CARTESIAN_POINT('',(63.69757959901,13.885592351218,
    -254.3333333399));
#3532 = CARTESIAN_POINT('',(59.420035449793,12.352845398603,
    -254.3333333399));
#3533 = CARTESIAN_POINT('',(66.660919796579,10.694169427355,
    -254.3333333399));
#3534 = CARTESIAN_POINT('',(64.805063055827,11.325737154068,
    -254.3333333399));
#3535 = CARTESIAN_POINT('',(69.563019741641,10.481767143001,
    -254.3333333399));
#3536 = CARTESIAN_POINT('',(71.097406221996,10.546831938632,
    -254.3333333399));
#3537 = CARTESIAN_POINT('',(73.784255836036,10.123280592679,
    -254.3333333399));
#3538 = CARTESIAN_POINT('',(75.806720650886,10.119101134328,
    -254.3333333399));
#3539 = CARTESIAN_POINT('',(78.423651366517,9.958831789373,
    -254.3333333399));
#3540 = CARTESIAN_POINT('',(80.688942390563,9.762125596399,
    -254.3333333399));
#3541 = CARTESIAN_POINT('',(83.300342151065,9.617579593015,
    -254.3333333399));
#3542 = CARTESIAN_POINT('',(85.770641613308,9.35276330398,
    -254.3333333399));
#3543 = CARTESIAN_POINT('',(88.206027849695,9.100101206364,
    -254.3333333399));
#3544 = CARTESIAN_POINT('',(90.529578371957,8.669347103552,
    -254.3333333399));
#3545 = CARTESIAN_POINT('',(92.927712516935,8.183009759666,
    -254.3333333399));
#3546 = CARTESIAN_POINT('',(95.156525770154,7.27921998417,
    -254.3333333399));
#3547 = CARTESIAN_POINT('',(97.335360495155,6.189596237676,
    -254.3333333399));
#3548 = CARTESIAN_POINT('',(98.929841828002,4.294438150747,
    -254.3333333399));
#3549 = CARTESIAN_POINT('',(100.7658188855,3.071332685802,-254.33333334)
  );
#3550 = CARTESIAN_POINT('',(101.16157761474,0.763904538236,
    -254.3333333398));
#3551 = CARTESIAN_POINT('',(101.51392836289,0.507702051773,
    -254.3333333399));
#3552 = CARTESIAN_POINT('',(15.007524489507,29.775872511708,
    -249.66666663));
#3553 = CARTESIAN_POINT('',(14.085543698614,30.302409161775,
    -249.66666663));
#3554 = CARTESIAN_POINT('',(15.78769323143,32.502034338479,
    -249.6666666299));
#3555 = CARTESIAN_POINT('',(16.211443700926,34.361271375028,
    -249.66666663));
#3556 = CARTESIAN_POINT('',(18.668966018059,36.158213842212,
    -249.66666663));
#3557 = CARTESIAN_POINT('',(21.114839788677,36.449289031273,
    -249.66666663));
#3558 = CARTESIAN_POINT('',(23.72426963021,36.002202864295,-249.66666663
    ));
#3559 = CARTESIAN_POINT('',(26.141977984836,35.647601474578,
    -249.66666663));
#3560 = CARTESIAN_POINT('',(28.695184083801,35.201019300377,
    -249.66666663));
#3561 = CARTESIAN_POINT('',(31.054829619885,35.87682123157,-249.66666663
    ));
#3562 = CARTESIAN_POINT('',(33.423669777951,36.709500069341,
    -249.66666663));
#3563 = CARTESIAN_POINT('',(35.790769070573,37.800551624555,
    -249.66666663));
#3564 = CARTESIAN_POINT('',(37.961686632188,39.368189272714,
    -249.66666663));
#3565 = CARTESIAN_POINT('',(40.411124954032,40.056263030918,
    -249.66666663));
#3566 = CARTESIAN_POINT('',(42.819364543816,40.99844810758,-249.66666663
    ));
#3567 = CARTESIAN_POINT('',(47.088267920406,36.989363302999,
    -249.66666663));
#3568 = CARTESIAN_POINT('',(37.918413288503,38.119200837342,
    -249.66666663));
#3569 = CARTESIAN_POINT('',(39.966762018985,39.073260900001,
    -249.66666663));
#3570 = CARTESIAN_POINT('',(39.337595485837,35.612100540672,
    -249.66666663));
#3571 = CARTESIAN_POINT('',(36.293455160626,35.091688909354,
    -249.66666663));
#3572 = CARTESIAN_POINT('',(33.886804407376,32.990019947122,
    -249.66666663));
#3573 = CARTESIAN_POINT('',(30.580029609747,33.055661468819,
    -249.66666663));
#3574 = CARTESIAN_POINT('',(27.515027962953,33.183583486989,
    -249.66666663));
#3575 = CARTESIAN_POINT('',(24.868035092843,32.803490134842,
    -249.66666663));
#3576 = CARTESIAN_POINT('',(21.741903864695,32.178089186973,
    -249.66666663));
#3577 = CARTESIAN_POINT('',(19.187244112113,33.605932031191,
    -249.66666663));
#3578 = CARTESIAN_POINT('',(12.297948930597,33.914846770253,
    -249.66666663));
#3579 = CARTESIAN_POINT('',(14.078452902942,28.556179838783,
    -249.66666663));
#3580 = CARTESIAN_POINT('',(15.301316791131,26.166976423352,
    -249.66666663));
#3581 = CARTESIAN_POINT('',(22.72958349855,22.01652500051,-249.66666663)
  );
#3582 = CARTESIAN_POINT('',(23.456959163516,23.657188141989,
    -249.66666663));
#3583 = CARTESIAN_POINT('',(24.022297959306,23.255936558036,
    -249.66666663));
#3584 = CARTESIAN_POINT('',(23.929938656674,24.033558903558,
    -249.66666663));
#3585 = CARTESIAN_POINT('',(25.939659400056,21.88625850783,-249.66666663
    ));
#3586 = CARTESIAN_POINT('',(28.938363997373,21.010521116584,
    -249.66666663));
#3587 = CARTESIAN_POINT('',(30.909641036118,19.736939369374,
    -249.66666663));
#3588 = CARTESIAN_POINT('',(34.35419446957,18.728223793799,-249.66666663
    ));
#3589 = CARTESIAN_POINT('',(36.191904745845,17.719633417107,
    -249.66666663));
#3590 = CARTESIAN_POINT('',(38.779352397077,16.374837394429,
    -249.66666663));
#3591 = CARTESIAN_POINT('',(40.974541745206,15.346522955,-249.66666663)
  );
#3592 = CARTESIAN_POINT('',(43.042296626595,14.595527024779,
    -249.66666663));
#3593 = CARTESIAN_POINT('',(46.467633328145,13.652999080024,
    -249.66666663));
#3594 = CARTESIAN_POINT('',(46.124244458381,16.306910031122,
    -249.66666663));
#3595 = CARTESIAN_POINT('',(47.748129452391,18.083664675547,
    -249.66666663));
#3596 = CARTESIAN_POINT('',(46.442474889425,21.646033817237,
    -249.66666663));
#3597 = CARTESIAN_POINT('',(47.658066079041,24.346313898152,
    -249.66666663));
#3598 = CARTESIAN_POINT('',(50.018083581478,26.744288224061,
    -249.66666663));
#3599 = CARTESIAN_POINT('',(51.869233469534,28.291534257199,
    -249.66666663));
#3600 = CARTESIAN_POINT('',(54.779569786516,28.557445629179,
    -249.66666663));
#3601 = CARTESIAN_POINT('',(57.032518053691,28.088459185712,
    -249.66666663));
#3602 = CARTESIAN_POINT('',(59.371013571319,26.573335508822,
    -249.66666663));
#3603 = CARTESIAN_POINT('',(60.912170171812,24.593317248177,
    -249.66666663));
#3604 = CARTESIAN_POINT('',(61.564306944936,21.882331160543,
    -249.66666663));
#3605 = CARTESIAN_POINT('',(61.355850502635,19.147937354786,
    -249.66666663));
#3606 = CARTESIAN_POINT('',(60.221190894937,16.289305246434,
    -249.66666663));
#3607 = CARTESIAN_POINT('',(60.105025323055,14.903526786701,
    -249.66666663));
#3608 = CARTESIAN_POINT('',(52.286585338126,11.075459024419,
    -249.66666663));
#3609 = CARTESIAN_POINT('',(60.985049423867,11.426676995121,
    -249.66666663));
#3610 = CARTESIAN_POINT('',(60.286232976499,10.538820886036,
    -249.66666663));
#3611 = CARTESIAN_POINT('',(64.773779023814,10.168311068582,
    -249.66666663));
#3612 = CARTESIAN_POINT('',(66.045842467499,9.9510658224,-249.66666663)
  );
#3613 = CARTESIAN_POINT('',(69.007221135687,9.588157213785,-249.66666663
    ));
#3614 = CARTESIAN_POINT('',(71.444267753199,9.35643451222,-249.66666663)
  );
#3615 = CARTESIAN_POINT('',(73.908649587234,9.285192668908,-249.66666663
    ));
#3616 = CARTESIAN_POINT('',(76.331593798288,9.088213364229,-249.66666663
    ));
#3617 = CARTESIAN_POINT('',(78.744806915568,9.027526176534,-249.66666663
    ));
#3618 = CARTESIAN_POINT('',(81.198999886962,8.596885545861,-249.66666663
    ));
#3619 = CARTESIAN_POINT('',(83.674312955656,8.190244157241,-249.66666663
    ));
#3620 = CARTESIAN_POINT('',(85.991743613085,7.212727350507,-249.66666663
    ));
#3621 = CARTESIAN_POINT('',(88.395183643512,6.611185682505,-249.66666663
    ));
#3622 = CARTESIAN_POINT('',(90.325743819004,4.755232252384,
    -249.6666666299));
#3623 = CARTESIAN_POINT('',(92.477945241915,3.916141336749,-249.66666663
    ));
#3624 = CARTESIAN_POINT('',(93.660164451555,0.384178963505,
    -249.6666666299));
#3625 = CARTESIAN_POINT('',(95.048727706882,1.558479739028,-249.66666663
    ));
#3626 = CARTESIAN_POINT('',(95.010152654526,-0.768887639182,
    -249.66666663));
#3627 = CARTESIAN_POINT('',(10.303084620262,28.390447748185,
    -245.0000003231));
#3628 = CARTESIAN_POINT('',(10.897011435517,30.190788388619,
    -245.000000323));
#3629 = CARTESIAN_POINT('',(10.629483243208,29.780841101351,
    -245.0000003232));
#3630 = CARTESIAN_POINT('',(12.227030805492,32.676466272831,
    -245.0000003231));
#3631 = CARTESIAN_POINT('',(13.532463733939,33.656526146843,
    -245.0000003232));
#3632 = CARTESIAN_POINT('',(15.477364783078,35.131823879653,
    -245.0000003231));
#3633 = CARTESIAN_POINT('',(17.579711699249,35.868448002549,
    -245.0000003231));
#3634 = CARTESIAN_POINT('',(19.798270747678,36.243987945313,
    -245.0000003231));
#3635 = CARTESIAN_POINT('',(21.944357471469,36.499404476262,
    -245.0000003231));
#3636 = CARTESIAN_POINT('',(24.159443344983,36.806836768096,
    -245.0000003231));
#3637 = CARTESIAN_POINT('',(26.068275919957,37.872687294613,
    -245.0000003231));
#3638 = CARTESIAN_POINT('',(27.911103658484,38.770148361354,
    -245.0000003231));
#3639 = CARTESIAN_POINT('',(30.107198145117,39.016240158831,
    -245.0000003231));
#3640 = CARTESIAN_POINT('',(32.13468638887,39.191832123893,
    -245.0000003231));
#3641 = CARTESIAN_POINT('',(35.368802084943,35.84730509339,
    -245.0000003231));
#3642 = CARTESIAN_POINT('',(26.869123887444,36.085293064312,
    -245.0000003231));
#3643 = CARTESIAN_POINT('',(30.557186854719,34.415222474313,
    -245.0000003231));
#3644 = CARTESIAN_POINT('',(25.127929771128,31.599020451755,
    -245.0000003231));
#3645 = CARTESIAN_POINT('',(21.802058558714,32.914333953814,
    -245.0000003231));
#3646 = CARTESIAN_POINT('',(19.984053637912,32.165398818905,
    -245.0000003231));
#3647 = CARTESIAN_POINT('',(17.888899962719,33.727516449668,
    -245.0000003231));
#3648 = CARTESIAN_POINT('',(16.26238266234,33.505150164077,
    -245.0000003231));
#3649 = CARTESIAN_POINT('',(14.7593761863,33.46868078794,-245.0000003231
    ));
#3650 = CARTESIAN_POINT('',(12.248029213474,33.77770937847,
    -245.0000003231));
#3651 = CARTESIAN_POINT('',(11.082536846507,31.301447419051,
    -245.0000003231));
#3652 = CARTESIAN_POINT('',(12.769028572713,25.032222090041,
    -245.0000003231));
#3653 = CARTESIAN_POINT('',(23.345116468763,20.012009269282,
    -245.0000003231));
#3654 = CARTESIAN_POINT('',(25.15510622911,22.940538733504,
    -245.0000003231));
#3655 = CARTESIAN_POINT('',(26.132180094334,23.576371264236,
    -245.0000003231));
#3656 = CARTESIAN_POINT('',(24.474746137474,24.879515006709,
    -245.0000003231));
#3657 = CARTESIAN_POINT('',(27.807098951606,21.662565968736,
    -245.0000003231));
#3658 = CARTESIAN_POINT('',(31.126311978253,20.36051658914,
    -245.0000003231));
#3659 = CARTESIAN_POINT('',(35.297061522069,17.902966016571,
    -245.0000003231));
#3660 = CARTESIAN_POINT('',(37.266615268212,18.120042137879,
    -245.0000003231));
#3661 = CARTESIAN_POINT('',(39.131736773393,17.107059434375,
    -245.0000003231));
#3662 = CARTESIAN_POINT('',(40.6918510741,16.900214546642,
    -245.0000003231));
#3663 = CARTESIAN_POINT('',(42.745102817766,15.728758565668,
    -245.0000003231));
#3664 = CARTESIAN_POINT('',(44.043862793962,15.509353336981,
    -245.0000003231));
#3665 = CARTESIAN_POINT('',(46.753008030871,14.594173380663,
    -245.0000003231));
#3666 = CARTESIAN_POINT('',(48.518419922817,14.715130263108,
    -245.0000003231));
#3667 = CARTESIAN_POINT('',(50.770121969682,12.955924201838,
    -245.0000003231));
#3668 = CARTESIAN_POINT('',(52.928752493922,14.573412622437,
    -245.0000003231));
#3669 = CARTESIAN_POINT('',(51.901382476483,17.335890831762,
    -245.0000003231));
#3670 = CARTESIAN_POINT('',(49.709154306469,19.680095329228,
    -245.0000003231));
#3671 = CARTESIAN_POINT('',(49.53527958289,21.016329479167,
    -245.0000003231));
#3672 = CARTESIAN_POINT('',(50.017100590121,22.855463966929,
    -245.0000003231));
#3673 = CARTESIAN_POINT('',(51.111827593966,24.120369148407,
    -245.0000003231));
#3674 = CARTESIAN_POINT('',(53.199704269213,24.65250255392,
    -245.0000003231));
#3675 = CARTESIAN_POINT('',(55.227941621847,25.261183942918,
    -245.0000003231));
#3676 = CARTESIAN_POINT('',(57.491016240459,24.925335998391,
    -245.0000003231));
#3677 = CARTESIAN_POINT('',(59.364151204404,24.030096674394,
    -245.0000003231));
#3678 = CARTESIAN_POINT('',(61.216950093735,22.747183004201,
    -245.0000003231));
#3679 = CARTESIAN_POINT('',(62.437072973492,21.062212816942,
    -245.0000003231));
#3680 = CARTESIAN_POINT('',(63.23010241792,19.017642510109,
    -245.0000003231));
#3681 = CARTESIAN_POINT('',(63.485988179378,17.181415409674,
    -245.0000003231));
#3682 = CARTESIAN_POINT('',(61.744906659645,14.87593314014,
    -245.0000003231));
#3683 = CARTESIAN_POINT('',(63.279143067921,14.906640818511,
    -245.0000003231));
#3684 = CARTESIAN_POINT('',(54.070718117584,12.146286224048,
    -245.0000003231));
#3685 = CARTESIAN_POINT('',(60.523944679593,9.751747309858,
    -245.0000003231));
#3686 = CARTESIAN_POINT('',(61.400994653125,10.258450203055,
    -245.0000003231));
#3687 = CARTESIAN_POINT('',(64.03934205284,9.338656823425,
    -245.0000003231));
#3688 = CARTESIAN_POINT('',(65.733615817463,9.49342869067,
    -245.0000003231));
#3689 = CARTESIAN_POINT('',(68.19021467357,9.124948099918,
    -245.0000003231));
#3690 = CARTESIAN_POINT('',(70.150751025413,8.736206083207,
    -245.0000003231));
#3691 = CARTESIAN_POINT('',(72.467681956493,8.505081111447,
    -245.0000003231));
#3692 = CARTESIAN_POINT('',(74.628893425193,8.126871442468,
    -245.0000003231));
#3693 = CARTESIAN_POINT('',(76.703462573692,7.280666058656,
    -245.0000003231));
#3694 = CARTESIAN_POINT('',(78.699090946949,6.486666603881,
    -245.0000003231));
#3695 = CARTESIAN_POINT('',(80.75645037773,5.742746657321,
    -245.0000003231));
#3696 = CARTESIAN_POINT('',(82.58193172247,4.489199231413,
    -245.0000003231));
#3697 = CARTESIAN_POINT('',(84.618649906477,3.73700498409,
    -245.0000003231));
#3698 = CARTESIAN_POINT('',(86.068525719512,1.841999886485,
    -245.0000003231));
#3699 = CARTESIAN_POINT('',(87.356835268094,0.701242347975,
    -245.0000003232));
#3700 = CARTESIAN_POINT('',(88.367237218821,-1.318386939987,
    -245.000000323));
#3701 = CARTESIAN_POINT('',(88.389975935261,-1.556922924493,
    -245.0000003231));
#3702 = CARTESIAN_POINT('',(5.56225725891,26.87338703834,-240.3333284131
    ));
#3703 = CARTESIAN_POINT('',(5.381067217943,23.179205404684,
    -240.3333284133));
#3704 = CARTESIAN_POINT('',(6.014745046821,32.098642240185,
    -240.3333284129));
#3705 = CARTESIAN_POINT('',(7.378001003011,29.708131566536,
    -240.3333284131));
#3706 = CARTESIAN_POINT('',(9.235281053438,33.413985144745,
    -240.333328413));
#3707 = CARTESIAN_POINT('',(11.479161723357,33.029708863701,
    -240.3333284131));
#3708 = CARTESIAN_POINT('',(13.494020885024,34.558035418845,
    -240.333328413));
#3709 = CARTESIAN_POINT('',(15.750409045456,34.76876277887,
    -240.3333284131));
#3710 = CARTESIAN_POINT('',(18.040025635898,35.407366496054,
    -240.333328413));
#3711 = CARTESIAN_POINT('',(20.208450962993,36.227581884114,
    -240.3333284131));
#3712 = CARTESIAN_POINT('',(22.500548385264,36.827680140256,
    -240.333328413));
#3713 = CARTESIAN_POINT('',(24.866368388545,37.694940971829,
    -240.3333284131));
#3714 = CARTESIAN_POINT('',(26.840270514952,38.982369028596,
    -240.3333284131));
#3715 = CARTESIAN_POINT('',(30.211440325802,37.813681704628,
    -240.3333284131));
#3716 = CARTESIAN_POINT('',(24.942132451274,35.996665438207,
    -240.3333284131));
#3717 = CARTESIAN_POINT('',(28.65889105528,36.089114229157,
    -240.3333284131));
#3718 = CARTESIAN_POINT('',(20.376914527543,34.759406603648,
    -240.3333284131));
#3719 = CARTESIAN_POINT('',(22.133692808489,37.365033169925,
    -240.3333284131));
#3720 = CARTESIAN_POINT('',(21.550724218873,33.961024631955,
    -240.3333284131));
#3721 = CARTESIAN_POINT('',(18.423789705161,34.523311806022,
    -240.3333284131));
#3722 = CARTESIAN_POINT('',(16.343136288471,31.53050846513,
    -240.3333284131));
#3723 = CARTESIAN_POINT('',(13.342492163853,30.375589665711,
    -240.3333284131));
#3724 = CARTESIAN_POINT('',(10.967343730607,27.921678077769,
    -240.3333284131));
#3725 = CARTESIAN_POINT('',(11.057487410588,22.416623057188,
    -240.3333284131));
#3726 = CARTESIAN_POINT('',(14.836214328816,20.0398963833,
    -240.3333284131));
#3727 = CARTESIAN_POINT('',(17.087276336244,25.178808673884,
    -240.3333284131));
#3728 = CARTESIAN_POINT('',(10.53129760864,27.502006710903,
    -240.3333284131));
#3729 = CARTESIAN_POINT('',(12.186369570184,22.412895706462,
    -240.3333284131));
#3730 = CARTESIAN_POINT('',(13.60977367369,20.523683842858,
    -240.3333284131));
#3731 = CARTESIAN_POINT('',(20.967721501535,16.722747159734,
    -240.3333284131));
#3732 = CARTESIAN_POINT('',(21.762410557108,18.839994114522,
    -240.3333284131));
#3733 = CARTESIAN_POINT('',(22.291070926061,18.744339121705,
    -240.3333284131));
#3734 = CARTESIAN_POINT('',(22.205856340138,19.926453573246,
    -240.3333284131));
#3735 = CARTESIAN_POINT('',(24.244621554853,18.203961723208,
    -240.3333284131));
#3736 = CARTESIAN_POINT('',(27.147991503495,17.538966911471,
    -240.3333284131));
#3737 = CARTESIAN_POINT('',(29.165011777636,16.670184189345,
    -240.3333284131));
#3738 = CARTESIAN_POINT('',(32.559737607041,16.138221383864,
    -240.3333284131));
#3739 = CARTESIAN_POINT('',(34.378613523531,15.166807900664,
    -240.3333284131));
#3740 = CARTESIAN_POINT('',(36.958215435329,14.625503926347,
    -240.3333284131));
#3741 = CARTESIAN_POINT('',(38.96424600613,12.920734847478,
    -240.333328413));
#3742 = CARTESIAN_POINT('',(41.133933402088,13.788353512793,
    -240.3333284131));
#3743 = CARTESIAN_POINT('',(43.855212947716,9.421731595645,
    -240.3333284131));
#3744 = CARTESIAN_POINT('',(48.265845984825,10.674687381941,
    -240.3333284131));
#3745 = CARTESIAN_POINT('',(48.143329160811,12.677390870825,
    -240.3333284131));
#3746 = CARTESIAN_POINT('',(47.572290863179,15.89317401338,
    -240.3333284131));
#3747 = CARTESIAN_POINT('',(45.182613727077,18.346700853951,
    -240.3333284131));
#3748 = CARTESIAN_POINT('',(46.250378461184,22.007294781928,
    -240.3333284131));
#3749 = CARTESIAN_POINT('',(46.160688866571,25.124462761963,
    -240.3333284131));
#3750 = CARTESIAN_POINT('',(48.945044501395,26.771509040053,
    -240.3333284131));
#3751 = CARTESIAN_POINT('',(50.579187766852,28.321562169494,
    -240.3333284131));
#3752 = CARTESIAN_POINT('',(53.776444481859,28.857246248545,
    -240.3333284131));
#3753 = CARTESIAN_POINT('',(55.777287838074,28.024025863303,
    -240.3333284131));
#3754 = CARTESIAN_POINT('',(58.362205589831,26.95005179249,
    -240.3333284131));
#3755 = CARTESIAN_POINT('',(59.875174327756,24.878393212146,
    -240.3333284131));
#3756 = CARTESIAN_POINT('',(60.496504529268,22.081861906941,
    -240.3333284131));
#3757 = CARTESIAN_POINT('',(62.790786487703,20.766727094199,
    -240.3333284131));
#3758 = CARTESIAN_POINT('',(57.121362052936,13.424933147537,
    -240.3333284131));
#3759 = CARTESIAN_POINT('',(67.145117293214,17.078863445672,
    -240.333328413));
#3760 = CARTESIAN_POINT('',(51.275473632925,14.973496807198,
    -240.3333284131));
#3761 = CARTESIAN_POINT('',(52.483264329688,9.718054976392,
    -240.3333284131));
#3762 = CARTESIAN_POINT('',(55.684859430772,10.253116503746,
    -240.3333284131));
#3763 = CARTESIAN_POINT('',(57.625754654639,9.302151436804,
    -240.3333284131));
#3764 = CARTESIAN_POINT('',(60.293065996807,8.783753409157,
    -240.3333284131));
#3765 = CARTESIAN_POINT('',(62.444922030292,8.876809313563,
    -240.3333284131));
#3766 = CARTESIAN_POINT('',(64.777661307672,8.323341170671,
    -240.3333284131));
#3767 = CARTESIAN_POINT('',(66.956196264332,7.935146510211,
    -240.3333284131));
#3768 = CARTESIAN_POINT('',(69.345801053703,7.773134325835,
    -240.3333284131));
#3769 = CARTESIAN_POINT('',(71.654812760371,7.279454572154,
    -240.3333284131));
#3770 = CARTESIAN_POINT('',(73.608288266523,5.808299917737,
    -240.333328413));
#3771 = CARTESIAN_POINT('',(75.815311019695,5.154600459652,
    -240.3333284131));
#3772 = CARTESIAN_POINT('',(77.368263965088,2.9048964204,-240.333328413)
  );
#3773 = CARTESIAN_POINT('',(79.40043586483,2.306922056885,
    -240.3333284131));
#3774 = CARTESIAN_POINT('',(80.663647726352,-1.262422086671,
    -240.333328413));
#3775 = CARTESIAN_POINT('',(81.766573138188,0.242008699746,
    -240.3333284132));
#3776 = CARTESIAN_POINT('',(81.77429426342,-2.237740855714,
    -240.3333284131));
#3777 = CARTESIAN_POINT('',(0.831995287497,25.821391984198,
    -235.6668164362));
#3778 = CARTESIAN_POINT('',(0.220327156142,36.51062375215,
    -235.6668164359));
#3779 = CARTESIAN_POINT('',(1.832550340389,21.389122961252,
    -235.6668164365));
#3780 = CARTESIAN_POINT('',(1.868384208471,32.877539723819,
    -235.6668164361));
#3781 = CARTESIAN_POINT('',(3.846364132408,29.472420511358,
    -235.6668164363));
#3782 = CARTESIAN_POINT('',(5.110819907355,33.746402948359,
    -235.6668164362));
#3783 = CARTESIAN_POINT('',(7.43291414925,33.188069360637,
    -235.6668164363));
#3784 = CARTESIAN_POINT('',(9.061185878342,35.595805970118,
    -235.6668164362));
#3785 = CARTESIAN_POINT('',(11.036305379957,36.316511231859,
    -235.6668164363));
#3786 = CARTESIAN_POINT('',(12.977066005008,37.1318721151,
    -235.6668164362));
#3787 = CARTESIAN_POINT('',(14.752056376642,38.570925094193,
    -235.6668164363));
#3788 = CARTESIAN_POINT('',(16.384633708838,38.677365077515,
    -235.6668164362));
#3789 = CARTESIAN_POINT('',(19.670122145996,37.812940819893,
    -235.6668164362));
#3790 = CARTESIAN_POINT('',(17.675242615956,32.865667023852,
    -235.6668164363));
#3791 = CARTESIAN_POINT('',(16.39062388154,34.3164604429,-235.6668164362
    ));
#3792 = CARTESIAN_POINT('',(7.27200689791,31.561122410603,
    -235.6668164362));
#3793 = CARTESIAN_POINT('',(13.137677568699,31.75839017663,
    -235.6668164362));
#3794 = CARTESIAN_POINT('',(6.183706296526,25.892497999768,
    -235.6668164362));
#3795 = CARTESIAN_POINT('',(0.470068991925,29.788688788837,
    -235.6668164362));
#3796 = CARTESIAN_POINT('',(0.23928166068,26.404831576219,
    -235.6668164362));
#3797 = CARTESIAN_POINT('',(-1.911312650573,28.854655966658,
    -235.6668164362));
#3798 = CARTESIAN_POINT('',(-1.628270545969,26.62755330566,
    -235.6668164362));
#3799 = CARTESIAN_POINT('',(0.469418072189,24.306849143971,
    -235.6668164362));
#3800 = CARTESIAN_POINT('',(5.246063440918,27.981378303917,
    -235.6668164362));
#3801 = CARTESIAN_POINT('',(4.350535618502,29.194716548478,
    -235.6668164362));
#3802 = CARTESIAN_POINT('',(5.55284254577,18.187214510056,
    -235.6668164362));
#3803 = CARTESIAN_POINT('',(23.918500674713,10.322392609787,
    -235.6668164362));
#3804 = CARTESIAN_POINT('',(25.857547391543,17.025302559049,
    -235.6668164362));
#3805 = CARTESIAN_POINT('',(26.58738181578,18.558177861047,
    -235.6668164362));
#3806 = CARTESIAN_POINT('',(21.227011788822,22.825156574318,
    -235.6668164362));
#3807 = CARTESIAN_POINT('',(25.687154184512,17.364618186695,
    -235.6668164362));
#3808 = CARTESIAN_POINT('',(30.274328098958,15.73758471221,
    -235.6668164362));
#3809 = CARTESIAN_POINT('',(36.371369066451,11.900115677004,
    -235.6668164362));
#3810 = CARTESIAN_POINT('',(38.337549033106,13.158990617719,
    -235.6668164362));
#3811 = CARTESIAN_POINT('',(39.936755253544,12.49760238642,
    -235.6668164362));
#3812 = CARTESIAN_POINT('',(41.227118822357,12.669822893161,
    -235.6668164362));
#3813 = CARTESIAN_POINT('',(42.9975162336,11.845967987376,
    -235.6668164362));
#3814 = CARTESIAN_POINT('',(43.967762042803,12.471647982894,
    -235.6668164362));
#3815 = CARTESIAN_POINT('',(47.109995700004,11.460753365389,
    -235.6668164362));
#3816 = CARTESIAN_POINT('',(48.326582711475,13.101927011074,
    -235.6668164363));
#3817 = CARTESIAN_POINT('',(51.720027024059,10.12578648934,
    -235.6668164362));
#3818 = CARTESIAN_POINT('',(51.57220110517,15.627193026698,
    -235.6668164362));
#3819 = CARTESIAN_POINT('',(52.292976725476,11.813155532593,
    -235.6668164362));
#3820 = CARTESIAN_POINT('',(53.753472361709,14.852898711933,
    -235.6668164362));
#3821 = CARTESIAN_POINT('',(51.772891762749,15.255617965249,
    -235.6668164362));
#3822 = CARTESIAN_POINT('',(54.66928671748,16.76265309757,
    -235.6668164362));
#3823 = CARTESIAN_POINT('',(49.960249020116,16.971744426744,
    -235.6668164362));
#3824 = CARTESIAN_POINT('',(52.022930411126,17.295350076589,
    -235.6668164362));
#3825 = CARTESIAN_POINT('',(50.257202308165,20.4632414744,
    -235.6668164362));
#3826 = CARTESIAN_POINT('',(52.25963088682,21.449773191953,
    -235.6668164362));
#3827 = CARTESIAN_POINT('',(52.965571623623,22.453110187388,
    -235.6668164362));
#3828 = CARTESIAN_POINT('',(55.701605593207,24.026145262309,
    -235.6668164362));
#3829 = CARTESIAN_POINT('',(57.095198646374,23.624180280763,
    -235.6668164362));
#3830 = CARTESIAN_POINT('',(59.70982173301,23.6098439995,-235.6668164362
    ));
#3831 = CARTESIAN_POINT('',(62.203169645878,23.204709308249,
    -235.6668164362));
#3832 = CARTESIAN_POINT('',(60.502253084458,20.716658882966,
    -235.6668164362));
#3833 = CARTESIAN_POINT('',(69.763305760451,23.573895774093,
    -235.6668164362));
#3834 = CARTESIAN_POINT('',(52.342228982973,15.791316122838,
    -235.6668164362));
#3835 = CARTESIAN_POINT('',(74.255163366458,11.556482268365,
    -235.6668164362));
#3836 = CARTESIAN_POINT('',(65.688709096068,19.699429176287,
    -235.6668164362));
#3837 = CARTESIAN_POINT('',(53.133272366386,13.517993412199,
    -235.6668164362));
#3838 = CARTESIAN_POINT('',(54.110679909481,10.246240523045,
    -235.6668164362));
#3839 = CARTESIAN_POINT('',(56.2636081013,10.006058518392,
    -235.6668164362));
#3840 = CARTESIAN_POINT('',(58.110759793243,8.607687159416,
    -235.6668164362));
#3841 = CARTESIAN_POINT('',(60.347518548485,8.472843743651,
    -235.6668164362));
#3842 = CARTESIAN_POINT('',(62.471990203979,7.871235003549,
    -235.6668164362));
#3843 = CARTESIAN_POINT('',(64.331165012576,6.506063965002,
    -235.6668164362));
#3844 = CARTESIAN_POINT('',(66.065972063869,5.244836531274,
    -235.6668164362));
#3845 = CARTESIAN_POINT('',(68.289915624459,5.161296001822,
    -235.6668164363));
#3846 = CARTESIAN_POINT('',(69.838324839952,3.394802466061,
    -235.6668164362));
#3847 = CARTESIAN_POINT('',(71.881246399399,3.116835401228,
    -235.6668164363));
#3848 = CARTESIAN_POINT('',(72.552917386768,4.978097000446E-03,
    -235.6668164362));
#3849 = CARTESIAN_POINT('',(74.709980512798,1.098415464946,
    -235.6668164364));
#3850 = CARTESIAN_POINT('',(74.456707515652,-4.232014042876,
    -235.6668164361));
#3851 = CARTESIAN_POINT('',(75.915277720307,-2.076477949973,
    -235.6668164362));
#3852 = CARTESIAN_POINT('',(1.757010234647,17.868720655925,
    -232.5474064967));
#3853 = CARTESIAN_POINT('',(1.297969030898,5.590042281387,
    -232.5474064973));
#3854 = CARTESIAN_POINT('',(2.123971271875,25.071778509853,
    -232.5474064964));
#3855 = CARTESIAN_POINT('',(2.97700423614,11.760727972154,
    -232.5474064969));
#3856 = CARTESIAN_POINT('',(3.358862651324,16.073055622145,
    -232.5474064967));
#3857 = CARTESIAN_POINT('',(3.0152690771,7.845482328002,-232.5474064968)
  );
#3858 = CARTESIAN_POINT('',(1.492328062324,6.281445984935,
    -232.5474064967));
#3859 = CARTESIAN_POINT('',(0.97692463263,0.985692675047,-232.5474064968
    ));
#3860 = CARTESIAN_POINT('',(3.976423796197E-02,-1.925557963089,
    -232.5474064967));
#3861 = CARTESIAN_POINT('',(-0.701339290502,-4.814830276137,
    -232.5474064967));
#3862 = CARTESIAN_POINT('',(-1.298141859199,-8.666718126977,
    -232.5474064967));
#3863 = CARTESIAN_POINT('',(-1.576300137444,-10.38204590564,
    -232.5474064967));
#3864 = CARTESIAN_POINT('',(-4.049042840548,-10.84213491101,
    -232.5474064967));
#3865 = CARTESIAN_POINT('',(0.552625015426,-4.660591295001,
    -232.5474064967));
#3866 = CARTESIAN_POINT('',(6.842666750791,-7.385666628747,
    -232.5474064967));
#3867 = CARTESIAN_POINT('',(21.447925479764,-4.519901339405,
    -232.5474064967));
#3868 = CARTESIAN_POINT('',(18.671777565293,-5.644074780171,
    -232.5474064967));
#3869 = CARTESIAN_POINT('',(30.564855355608,1.250298642265,
    -232.5474064967));
#3870 = CARTESIAN_POINT('',(41.923417561334,-4.400782037391,
    -232.5474064967));
#3871 = CARTESIAN_POINT('',(46.16952315694,-0.48151427112,
    -232.5474064967));
#3872 = CARTESIAN_POINT('',(52.65259200517,-4.110195836858,
    -232.5474064967));
#3873 = CARTESIAN_POINT('',(56.123847655927,-1.398656271004,
    -232.5474064967));
#3874 = CARTESIAN_POINT('',(56.612530678879,1.793388929756,
    -232.5474064967));
#3875 = CARTESIAN_POINT('',(52.834456552702,-2.815237003348,
    -232.5474064967));
#3876 = CARTESIAN_POINT('',(55.976837946716,-4.806990099509,
    -232.5474064967));
#3877 = CARTESIAN_POINT('',(56.362295685528,8.800355704643,
    -232.5474064967));
#3878 = CARTESIAN_POINT('',(36.179816865135,18.169955982927,
    -232.5474064967));
#3879 = CARTESIAN_POINT('',(35.40015179948,9.447755072175,
    -232.5474064967));
#3880 = CARTESIAN_POINT('',(35.654888432455,7.326858262733,
    -232.5474064967));
#3881 = CARTESIAN_POINT('',(44.726040945242,1.456409196163,
    -232.5474064967));
#3882 = CARTESIAN_POINT('',(41.155491802736,7.906473603318,
    -232.5474064967));
#3883 = CARTESIAN_POINT('',(37.307059843768,9.593116678116,
    -232.5474064967));
#3884 = CARTESIAN_POINT('',(31.728293532727,14.021993281076,
    -232.5474064967));
#3885 = CARTESIAN_POINT('',(31.119380780357,12.111572804971,
    -232.5474064967));
#3886 = CARTESIAN_POINT('',(31.309281067085,12.512221230208,
    -232.5474064967));
#3887 = CARTESIAN_POINT('',(31.333921688301,12.188412002541,
    -232.5474064967));
#3888 = CARTESIAN_POINT('',(31.580185441208,12.624821212537,
    -232.5474064967));
#3889 = CARTESIAN_POINT('',(31.780115919484,11.665693227205,
    -232.5474064967));
#3890 = CARTESIAN_POINT('',(30.306586137086,12.418684718735,
    -232.5474064967));
#3891 = CARTESIAN_POINT('',(30.447835030517,10.099870887709,
    -232.5474064967));
#3892 = CARTESIAN_POINT('',(28.359868662877,13.333607263375,
    -232.5474064967));
#3893 = CARTESIAN_POINT('',(30.520784579375,6.277024680072,
    -232.5474064967));
#3894 = CARTESIAN_POINT('',(31.352209545277,10.653948658042,
    -232.5474064967));
#3895 = CARTESIAN_POINT('',(32.196358685994,5.175428359523,
    -232.5474064967));
#3896 = CARTESIAN_POINT('',(38.243056253469,2.97033944442,
    -232.5474064967));
#3897 = CARTESIAN_POINT('',(37.678489897161,-0.329481823701,
    -232.5474064967));
#3898 = CARTESIAN_POINT('',(47.220418543514,-2.570940587524,
    -232.5474064967));
#3899 = CARTESIAN_POINT('',(47.119297579438,-3.853131388005,
    -232.5474064967));
#3900 = CARTESIAN_POINT('',(52.150712222234,-8.911595583139,
    -232.5474064967));
#3901 = CARTESIAN_POINT('',(51.5749876103,-11.64446489326,
    -232.5474064967));
#3902 = CARTESIAN_POINT('',(52.806312323392,-13.57413266634,
    -232.5474064967));
#3903 = CARTESIAN_POINT('',(51.262632366132,-16.08872228897,
    -232.5474064967));
#3904 = CARTESIAN_POINT('',(51.376469571477,-16.37708206434,
    -232.5474064967));
#3905 = CARTESIAN_POINT('',(50.141624366643,-16.6355637404,
    -232.5474064967));
#3906 = CARTESIAN_POINT('',(49.43294578816,-15.99034565615,
    -232.5474064967));
#3907 = CARTESIAN_POINT('',(53.597798926239,-12.62515909203,
    -232.5474064967));
#3908 = CARTESIAN_POINT('',(46.524891700577,-15.80009004739,
    -232.5474064967));
#3909 = CARTESIAN_POINT('',(69.372247195611,-5.814217430359,
    -232.5474064967));
#3910 = CARTESIAN_POINT('',(46.828033380051,-0.46612765667,
    -232.5474064967));
#3911 = CARTESIAN_POINT('',(61.448563212083,-11.47568627403,
    -232.5474064967));
#3912 = CARTESIAN_POINT('',(81.252932287452,-3.900041468775,
    -232.5474064967));
#3913 = CARTESIAN_POINT('',(81.926901352505,-5.738516075461E-02,
    -232.5474064967));
#3914 = CARTESIAN_POINT('',(81.107810152045,-0.94602105536,
    -232.5474064967));
#3915 = CARTESIAN_POINT('',(80.335006330541,-0.409086801606,
    -232.5474064967));
#3916 = CARTESIAN_POINT('',(79.185254173641,-1.645056422987,
    -232.5474064967));
#3917 = CARTESIAN_POINT('',(78.044870214882,-2.307006550238,
    -232.5474064967));
#3918 = CARTESIAN_POINT('',(77.170655861171,-2.154066572686,
    -232.5474064967));
#3919 = CARTESIAN_POINT('',(76.229616456086,-2.301686134161,
    -232.5474064967));
#3920 = CARTESIAN_POINT('',(74.641964945885,-3.941111368743,
    -232.5474064967));
#3921 = CARTESIAN_POINT('',(73.937748832385,-3.383025451381,
    -232.5474064968));
#3922 = CARTESIAN_POINT('',(72.536302781914,-4.706709472746,
    -232.5474064967));
#3923 = CARTESIAN_POINT('',(72.905211936573,-2.404906320566,
    -232.5474064968));
#3924 = CARTESIAN_POINT('',(70.932017396063,-5.781266991374,
    -232.5474064966));
#3925 = CARTESIAN_POINT('',(72.918439779494,0.552027119373,
    -232.5474064969));
#3926 = CARTESIAN_POINT('',(70.959821527807,-3.077293789458,
    -232.5474064967));
#3927 = CARTESIAN_POINT('',(7.280820846558,16.848770141602,-232.));
#3928 = CARTESIAN_POINT('',(7.135673638971,17.512759908513,
    -231.9999999999));
#3929 = CARTESIAN_POINT('',(8.025977235915,17.251315851651,-232.));
#3930 = CARTESIAN_POINT('',(8.715681525249,17.915272743662,
    -231.9999999999));
#3931 = CARTESIAN_POINT('',(9.666883649045,18.198190493839,-232.));
#3932 = CARTESIAN_POINT('',(10.604873693385,18.016238756362,
    -231.9999999999));
#3933 = CARTESIAN_POINT('',(11.480069027742,17.649705603682,-232.));
#3934 = CARTESIAN_POINT('',(12.361282548006,17.298877477755,
    -231.9999999999));
#3935 = CARTESIAN_POINT('',(13.264116061938,17.004709616073,-232.));
#3936 = CARTESIAN_POINT('',(14.164247349391,16.710568865793,-232.));
#3937 = CARTESIAN_POINT('',(15.077752884351,16.445086704988,-232.));
#3938 = CARTESIAN_POINT('',(15.990936376863,16.208670186684,-232.));
#3939 = CARTESIAN_POINT('',(16.93543267856,16.037210347533,-232.));
#3940 = CARTESIAN_POINT('',(17.85566536115,15.912111678823,-232.));
#3941 = CARTESIAN_POINT('',(18.7865050322,15.565187676834,-232.));
#3942 = CARTESIAN_POINT('',(19.647238567384,15.365357790756,-232.));
#3943 = CARTESIAN_POINT('',(20.686975330403,15.085108422237,-232.));
#3944 = CARTESIAN_POINT('',(21.451680999922,14.850723845203,-232.));
#3945 = CARTESIAN_POINT('',(22.418793624492,14.602307935114,-232.));
#3946 = CARTESIAN_POINT('',(23.354074291324,14.350219076868,-232.));
#3947 = CARTESIAN_POINT('',(24.235269362516,14.057724653109,-232.));
#3948 = CARTESIAN_POINT('',(25.1727579915,13.800906944819,-232.));
#3949 = CARTESIAN_POINT('',(26.052710840641,13.566838477056,-232.));
#3950 = CARTESIAN_POINT('',(27.026789066598,13.343111161109,-232.));
#3951 = CARTESIAN_POINT('',(27.962286410812,13.11970659978,-232.));
#3952 = CARTESIAN_POINT('',(28.819980023204,12.934613323635,-232.));
#3953 = CARTESIAN_POINT('',(30.144734692473,12.652680880114,-232.));
#3954 = CARTESIAN_POINT('',(30.911723197852,12.46881291774,-232.));
#3955 = CARTESIAN_POINT('',(31.447152533032,12.339758633111,-232.));
#3956 = CARTESIAN_POINT('',(32.555325091394,12.13624783184,-232.));
#3957 = CARTESIAN_POINT('',(33.510076991911,11.960923506305,-232.));
#3958 = CARTESIAN_POINT('',(34.401497874465,11.761814749128,-232.));
#3959 = CARTESIAN_POINT('',(35.384225700254,11.621812346808,-232.));
#3960 = CARTESIAN_POINT('',(36.254500636393,11.453697011014,-232.));
#3961 = CARTESIAN_POINT('',(37.287940558699,11.249582472647,-232.));
#3962 = CARTESIAN_POINT('',(38.042222754157,11.113814630377,-232.));
#3963 = CARTESIAN_POINT('',(39.225348300753,10.927032035495,
    -231.9999999999));
#3964 = CARTESIAN_POINT('',(39.875942979738,10.793671865555,-232.));
#3965 = CARTESIAN_POINT('',(41.05809267462,10.604881275843,-232.));
#3966 = CARTESIAN_POINT('',(41.820780350413,10.454886735724,-232.));
#3967 = CARTESIAN_POINT('',(42.888367348055,10.300090707884,-232.));
#3968 = CARTESIAN_POINT('',(43.733962175085,10.143254402428,-232.));
#3969 = CARTESIAN_POINT('',(44.719622500248,9.995586276535,-232.));
#3970 = CARTESIAN_POINT('',(45.621276802494,9.819613113891,-232.));
#3971 = CARTESIAN_POINT('',(46.581225500835,9.646888586924,-232.));
#3972 = CARTESIAN_POINT('',(47.473897184303,9.46407520274,-232.));
#3973 = CARTESIAN_POINT('',(48.480732282343,9.401933879682,-232.));
#3974 = CARTESIAN_POINT('',(49.343606759369,9.281608419403,-232.));
#3975 = CARTESIAN_POINT('',(50.337119195029,9.022698117332,-232.));
#3976 = CARTESIAN_POINT('',(51.213728247773,8.87063682628,-232.));
#3977 = CARTESIAN_POINT('',(52.187256229664,8.688835596105,-232.));
#3978 = CARTESIAN_POINT('',(53.098728336209,8.522396352922,-232.));
#3979 = CARTESIAN_POINT('',(54.042767398727,8.382003774841,-232.));
#3980 = CARTESIAN_POINT('',(54.973868704433,8.181985053725,-232.));
#3981 = CARTESIAN_POINT('',(55.922187896066,7.975809011465,-232.));
#3982 = CARTESIAN_POINT('',(56.665736743371,7.794902091747,-232.));
#3983 = CARTESIAN_POINT('',(58.063570118628,7.367768388925,-232.));
#3984 = CARTESIAN_POINT('',(58.28143623487,7.221772972185,-232.));
#3985 = CARTESIAN_POINT('',(59.582479346352,6.77373943319,-232.));
#3986 = CARTESIAN_POINT('',(60.400503682289,6.416522939792,-232.));
#3987 = CARTESIAN_POINT('',(61.235345893433,6.005020784278,-232.));
#3988 = CARTESIAN_POINT('',(62.044092518797,5.635879153828,-232.));
#3989 = CARTESIAN_POINT('',(62.921110628233,5.091013147966,-232.));
#3990 = CARTESIAN_POINT('',(63.693215870165,4.642510842474,-232.));
#3991 = CARTESIAN_POINT('',(64.483749802026,4.065083153994,-232.));
#3992 = CARTESIAN_POINT('',(65.246868363733,3.526725378867,-232.));
#3993 = CARTESIAN_POINT('',(65.941349286568,2.8649404685,-232.));
#3994 = CARTESIAN_POINT('',(66.60166302851,2.193901808635,-232.));
#3995 = CARTESIAN_POINT('',(67.293629558421,1.536273548125,-232.));
#3996 = CARTESIAN_POINT('',(67.849078152434,0.764829127794,-232.));
#3997 = CARTESIAN_POINT('',(68.574569146973,0.135781987659,
    -231.9999999999));
#3998 = CARTESIAN_POINT('',(68.902962095409,-0.823536983569,-232.));
#3999 = CARTESIAN_POINT('',(69.941683055727,-1.188903993966,
    -231.9999999999));
#4000 = CARTESIAN_POINT('',(69.656456283707,-2.255284136366,-232.));
#4001 = CARTESIAN_POINT('',(70.139793395996,-2.21816277504,-232.));
#4002 = SHELL_BASED_SURFACE_MODEL('',(#4003));
#4003 = OPEN_SHELL('',(#4004));
#4004 = ADVANCED_FACE('',(#4005),#4153,.T.);
#4005 = FACE_BOUND('',#4006,.T.);
#4006 = EDGE_LOOP('',(#4007,#4062,#4082,#4135));
#4007 = ORIENTED_EDGE('',*,*,#4008,.F.);
#4008 = EDGE_CURVE('',#4009,#4011,#4013,.T.);
#4009 = VERTEX_POINT('',#4010);
#4010 = CARTESIAN_POINT('',(26.57811164856,37.059768676758,-287.));
#4011 = VERTEX_POINT('',#4012);
#4012 = CARTESIAN_POINT('',(173.97764587402,29.671520233154,-287.));
#4013 = B_SPLINE_CURVE_WITH_KNOTS('',3,(#4014,#4015,#4016,#4017,#4018,
    #4019,#4020,#4021,#4022,#4023,#4024,#4025,#4026,#4027,#4028,#4029,
    #4030,#4031,#4032,#4033,#4034,#4035,#4036,#4037,#4038,#4039,#4040,
    #4041,#4042,#4043,#4044,#4045,#4046,#4047,#4048,#4049,#4050,#4051,
    #4052,#4053,#4054,#4055,#4056,#4057,#4058,#4059,#4060,#4061),
  .UNSPECIFIED.,.F.,.F.,(4,1,1,1,1,1,1,1,1,1,1,1,1,1,1,1,1,1,1,1,1,1,1,1
    ,1,1,1,1,1,1,1,1,1,1,1,1,1,1,1,1,1,1,1,1,1,4),(0.,2.222222222222E-02
    ,4.444444444444E-02,6.666666666667E-02,8.888888888889E-02,
    0.111111111111,0.133333333333,0.155555555556,0.177777777778,0.2,
    0.222222222222,0.244444444444,0.266666666667,0.288888888889,
    0.311111111111,0.333333333333,0.355555555556,0.377777777778,0.4,
    0.422222222222,0.444444444444,0.466666666667,0.488888888889,
    0.511111111111,0.533333333333,0.555555555556,0.577777777778,0.6,
    0.622222222222,0.644444444444,0.666666666667,0.688888888889,
    0.711111111111,0.733333333333,0.755555555556,0.777777777778,0.8,
    0.822222222222,0.844444444444,0.866666666667,0.888888888889,
    0.911111111111,0.933333333333,0.955555555556,0.977777777778,1.),
  .UNSPECIFIED.);
#4014 = CARTESIAN_POINT('',(26.57811164856,37.059768676758,-287.));
#4015 = CARTESIAN_POINT('',(26.587299394269,35.775916762369,-287.));
#4016 = CARTESIAN_POINT('',(27.559090270221,33.357895879724,-287.));
#4017 = CARTESIAN_POINT('',(29.964737698471,30.4041100745,-287.));
#4018 = CARTESIAN_POINT('',(32.843538411765,27.87693549844,-287.));
#4019 = CARTESIAN_POINT('',(35.872018215339,25.590880112776,-287.));
#4020 = CARTESIAN_POINT('',(39.101020440873,23.544984093219,-287.));
#4021 = CARTESIAN_POINT('',(42.439485602702,21.730637413528,-287.));
#4022 = CARTESIAN_POINT('',(45.862995537909,20.045578641952,-287.));
#4023 = CARTESIAN_POINT('',(49.380454357562,18.5936354033,-287.));
#4024 = CARTESIAN_POINT('',(53.02130314803,17.455393402723,-287.));
#4025 = CARTESIAN_POINT('',(56.670538230894,16.38276089412,-287.));
#4026 = CARTESIAN_POINT('',(60.306136426252,15.24062019013,-287.));
#4027 = CARTESIAN_POINT('',(64.003022184581,14.325936280933,-287.));
#4028 = CARTESIAN_POINT('',(67.753525984614,13.653900335602,-287.));
#4029 = CARTESIAN_POINT('',(71.511970781659,13.051897495215,-287.));
#4030 = CARTESIAN_POINT('',(75.296969474755,12.620850270284,-287.));
#4031 = CARTESIAN_POINT('',(79.083410049374,12.217382499686,-287.));
#4032 = CARTESIAN_POINT('',(82.884725054747,11.995827152712,-287.));
#4033 = CARTESIAN_POINT('',(86.691849938242,11.860113784931,-287.));
#4034 = CARTESIAN_POINT('',(90.497415016907,11.878657843009,-287.));
#4035 = CARTESIAN_POINT('',(94.30691265642,12.062666561407,-287.));
#4036 = CARTESIAN_POINT('',(98.098608520733,12.247320567241,-287.));
#4037 = CARTESIAN_POINT('',(101.91100321944,12.614780400845,-287.));
#4038 = CARTESIAN_POINT('',(105.65520288116,13.022485457989,-287.));
#4039 = CARTESIAN_POINT('',(109.4958060128,13.668472370411,-287.));
#4040 = CARTESIAN_POINT('',(113.08683737219,14.088235731528,-287.));
#4041 = CARTESIAN_POINT('',(117.52674183116,14.905947927644,-287.));
#4042 = CARTESIAN_POINT('',(114.56357672187,19.900356382775,-287.));
#4043 = CARTESIAN_POINT('',(115.79547316734,22.993735841178,-287.));
#4044 = CARTESIAN_POINT('',(119.53510648637,21.70388191231,-287.));
#4045 = CARTESIAN_POINT('',(124.79519251546,22.340520779957,-287.));
#4046 = CARTESIAN_POINT('',(126.58357421926,22.187607010222,-287.));
#4047 = CARTESIAN_POINT('',(132.30456018581,22.692553788172,-287.));
#4048 = CARTESIAN_POINT('',(134.6418583711,22.916644532306,-287.));
#4049 = CARTESIAN_POINT('',(139.46841607804,23.761519191427,-287.));
#4050 = CARTESIAN_POINT('',(142.49730528769,24.357282043602,-287.));
#4051 = CARTESIAN_POINT('',(146.2609150621,25.274610122116,-287.));
#4052 = CARTESIAN_POINT('',(150.71829874087,26.347406247115,-287.));
#4053 = CARTESIAN_POINT('',(153.19827696815,26.881839322148,-287.));
#4054 = CARTESIAN_POINT('',(158.19170209426,27.385473800152,-287.));
#4055 = CARTESIAN_POINT('',(161.25670215079,26.471982976833,-287.));
#4056 = CARTESIAN_POINT('',(161.42676304175,20.870802916174,-287.));
#4057 = CARTESIAN_POINT('',(166.54816198526,22.249852414846,-287.));
#4058 = CARTESIAN_POINT('',(168.23032486986,23.76537902864,-287.));
#4059 = CARTESIAN_POINT('',(172.62375327834,26.957146966283,-287.));
#4060 = CARTESIAN_POINT('',(173.51209524698,28.037444924329,-287.));
#4061 = CARTESIAN_POINT('',(173.97764587402,29.671520233154,-287.));
#4062 = ORIENTED_EDGE('',*,*,#4063,.T.);
#4063 = EDGE_CURVE('',#4009,#4064,#4066,.T.);
#4064 = VERTEX_POINT('',#4065);
#4065 = CARTESIAN_POINT('',(7.280820846558,16.848770141602,-232.));
#4066 = B_SPLINE_CURVE_WITH_KNOTS('',3,(#4067,#4068,#4069,#4070,#4071,
    #4072,#4073,#4074,#4075,#4076,#4077,#4078,#4079,#4080,#4081),
  .UNSPECIFIED.,.F.,.F.,(4,1,1,1,1,1,1,1,1,1,1,1,4),(0.,
    8.333333333333E-02,0.166666666667,0.25,0.333333333333,0.416666666667
    ,0.5,0.583333333333,0.666666666667,0.75,0.833333333333,
    0.916666666667,1.),.QUASI_UNIFORM_KNOTS.);
#4067 = CARTESIAN_POINT('',(26.57811164856,37.059768676758,-287.));
#4068 = CARTESIAN_POINT('',(26.192269040536,36.324824191586,
    -285.4444444434));
#4069 = CARTESIAN_POINT('',(25.566436856071,36.758020561971,
    -282.3333333341));
#4070 = CARTESIAN_POINT('',(24.380935587218,36.32429764872,
    -277.6666666661));
#4071 = CARTESIAN_POINT('',(23.343683170424,35.597045019295,
    -273.0000000004));
#4072 = CARTESIAN_POINT('',(22.150953434672,35.09964180149,
    -268.3333333328));
#4073 = CARTESIAN_POINT('',(21.097825382817,34.859689172807,
    -263.6666666674));
#4074 = CARTESIAN_POINT('',(19.921712026757,33.659353455799,
    -258.9999999981));
#4075 = CARTESIAN_POINT('',(18.100866518699,32.473424652922,
    -254.3333333399));
#4076 = CARTESIAN_POINT('',(15.007524489507,29.775872511708,
    -249.66666663));
#4077 = CARTESIAN_POINT('',(10.303084620262,28.390447748185,
    -245.0000003231));
#4078 = CARTESIAN_POINT('',(5.56225725891,26.87338703834,-240.3333284131
    ));
#4079 = CARTESIAN_POINT('',(0.831995287497,25.821391984198,
    -235.6668164362));
#4080 = CARTESIAN_POINT('',(1.757010234647,17.868720655925,
    -232.5474064967));
#4081 = CARTESIAN_POINT('',(7.280820846558,16.848770141602,-232.));
#4082 = ORIENTED_EDGE('',*,*,#4083,.T.);
#4083 = EDGE_CURVE('',#4064,#4084,#4086,.T.);
#4084 = VERTEX_POINT('',#4085);
#4085 = CARTESIAN_POINT('',(70.139793395996,-2.21816277504,-232.));
#4086 = B_SPLINE_CURVE_WITH_KNOTS('',3,(#4087,#4088,#4089,#4090,#4091,
    #4092,#4093,#4094,#4095,#4096,#4097,#4098,#4099,#4100,#4101,#4102,
    #4103,#4104,#4105,#4106,#4107,#4108,#4109,#4110,#4111,#4112,#4113,
    #4114,#4115,#4116,#4117,#4118,#4119,#4120,#4121,#4122,#4123,#4124,
    #4125,#4126,#4127,#4128,#4129,#4130,#4131,#4132,#4133,#4134),
  .UNSPECIFIED.,.F.,.F.,(4,1,1,1,1,1,1,1,1,1,1,1,1,1,1,1,1,1,1,1,1,1,1,1
    ,1,1,1,1,1,1,1,1,1,1,1,1,1,1,1,1,1,1,1,1,1,4),(0.,2.222222222222E-02
    ,4.444444444444E-02,6.666666666667E-02,8.888888888889E-02,
    0.111111111111,0.133333333333,0.155555555556,0.177777777778,0.2,
    0.222222222222,0.244444444444,0.266666666667,0.288888888889,
    0.311111111111,0.333333333333,0.355555555556,0.377777777778,0.4,
    0.422222222222,0.444444444444,0.466666666667,0.488888888889,
    0.511111111111,0.533333333333,0.555555555556,0.577777777778,0.6,
    0.622222222222,0.644444444444,0.666666666667,0.688888888889,
    0.711111111111,0.733333333333,0.755555555556,0.777777777778,0.8,
    0.822222222222,0.844444444444,0.866666666667,0.888888888889,
    0.911111111111,0.933333333333,0.955555555556,0.977777777778,1.),
  .UNSPECIFIED.);
#4087 = CARTESIAN_POINT('',(7.280820846558,16.848770141602,-232.));
#4088 = CARTESIAN_POINT('',(7.458589886464,16.368494005519,-232.));
#4089 = CARTESIAN_POINT('',(8.260248079097,15.701476523633,-232.));
#4090 = CARTESIAN_POINT('',(9.588397592009,15.027503517241,-232.));
#4091 = CARTESIAN_POINT('',(10.934483106285,14.284851305781,-232.));
#4092 = CARTESIAN_POINT('',(12.407340716139,13.965255453458,-232.));
#4093 = CARTESIAN_POINT('',(13.873845667708,13.584451036938,-232.));
#4094 = CARTESIAN_POINT('',(15.324367283543,13.170245498129,-232.));
#4095 = CARTESIAN_POINT('',(16.790943737044,12.792727590434,-232.));
#4096 = CARTESIAN_POINT('',(18.242899848477,12.379675037764,-232.));
#4097 = CARTESIAN_POINT('',(19.703196627711,11.983045001548,-232.));
#4098 = CARTESIAN_POINT('',(21.163249783102,11.595432679747,-232.));
#4099 = CARTESIAN_POINT('',(22.625357830497,11.209521356088,-232.));
#4100 = CARTESIAN_POINT('',(24.091867302832,10.844207679586,-232.));
#4101 = CARTESIAN_POINT('',(25.5625328566,10.492890715693,-232.));
#4102 = CARTESIAN_POINT('',(27.03070564148,10.135280995181,-232.));
#4103 = CARTESIAN_POINT('',(28.507192529352,9.80831978159,-232.));
#4104 = CARTESIAN_POINT('',(29.986801503362,9.500928550334,-232.));
#4105 = CARTESIAN_POINT('',(31.465331108148,9.184017872086,-232.));
#4106 = CARTESIAN_POINT('',(32.948630357676,8.896751501125,-232.));
#4107 = CARTESIAN_POINT('',(34.432113456564,8.597867831992,-232.));
#4108 = CARTESIAN_POINT('',(35.916801024984,8.331197209214,-232.));
#4109 = CARTESIAN_POINT('',(37.413839689712,8.076607647659,-232.));
#4110 = CARTESIAN_POINT('',(38.890165561328,7.824808723852,-232.));
#4111 = CARTESIAN_POINT('',(40.403679032988,7.552088853,-232.));
#4112 = CARTESIAN_POINT('',(41.853159550092,7.344152725838,-232.));
#4113 = CARTESIAN_POINT('',(43.425603196507,7.051239155476,-232.));
#4114 = CARTESIAN_POINT('',(44.784038594664,6.83726064783,-232.));
#4115 = CARTESIAN_POINT('',(46.421628689048,6.606235527754,-232.));
#4116 = CARTESIAN_POINT('',(47.949903510547,6.351555747225,-232.));
#4117 = CARTESIAN_POINT('',(49.02182900808,6.187830954984,-232.));
#4118 = CARTESIAN_POINT('',(51.270750935315,5.827789358028,-232.));
#4119 = CARTESIAN_POINT('',(51.880016725896,5.745811822736,-232.));
#4120 = CARTESIAN_POINT('',(54.148812123616,5.247400398685,-232.));
#4121 = CARTESIAN_POINT('',(55.032108502773,5.024573791486,-232.));
#4122 = CARTESIAN_POINT('',(56.875154491417,4.367145212944,-232.));
#4123 = CARTESIAN_POINT('',(57.983011959421,3.853724981649,-232.));
#4124 = CARTESIAN_POINT('',(59.362041274706,3.166000343488,-232.));
#4125 = CARTESIAN_POINT('',(60.819841894266,2.057439772812,-232.));
#4126 = CARTESIAN_POINT('',(61.580436362281,1.42126183034,-232.));
#4127 = CARTESIAN_POINT('',(62.981750601111,-3.144065929334E-02,-232.));
#4128 = CARTESIAN_POINT('',(63.643422214865,-0.977767058916,-232.));
#4129 = CARTESIAN_POINT('',(64.623270440866,-2.311982660481,-232.));
#4130 = CARTESIAN_POINT('',(66.213309600266,-3.041527057632,-232.));
#4131 = CARTESIAN_POINT('',(67.200941618082,-3.319454034469,-232.));
#4132 = CARTESIAN_POINT('',(69.298024672792,-3.230357501095,-232.));
#4133 = CARTESIAN_POINT('',(69.802135252641,-2.725973644114,-232.));
#4134 = CARTESIAN_POINT('',(70.139793395996,-2.21816277504,-232.));
#4135 = ORIENTED_EDGE('',*,*,#4136,.F.);
#4136 = EDGE_CURVE('',#4011,#4084,#4137,.T.);
#4137 = B_SPLINE_CURVE_WITH_KNOTS('',3,(#4138,#4139,#4140,#4141,#4142,
    #4143,#4144,#4145,#4146,#4147,#4148,#4149,#4150,#4151,#4152),
  .UNSPECIFIED.,.F.,.F.,(4,1,1,1,1,1,1,1,1,1,1,1,4),(0.,
    8.333333333333E-02,0.166666666667,0.25,0.333333333333,0.416666666667
    ,0.5,0.583333333333,0.666666666667,0.75,0.833333333333,
    0.916666666667,1.),.QUASI_UNIFORM_KNOTS.);
#4138 = CARTESIAN_POINT('',(173.97764587402,29.671520233154,-287.));
#4139 = CARTESIAN_POINT('',(166.88909776258,25.146934021897,
    -285.4444444434));
#4140 = CARTESIAN_POINT('',(155.31554771614,17.771046302044,
    -282.3333333341));
#4141 = CARTESIAN_POINT('',(142.76900901598,12.459391379219,
    -277.6666666661));
#4142 = CARTESIAN_POINT('',(132.52951136282,8.708514191378,
    -273.0000000004));
#4143 = CARTESIAN_POINT('',(124.06525970499,5.692225863946,
    -268.3333333328));
#4144 = CARTESIAN_POINT('',(116.048940215,3.828378220833,-263.6666666674
    ));
#4145 = CARTESIAN_POINT('',(108.76965654326,1.933552334802,
    -258.9999999981));
#4146 = CARTESIAN_POINT('',(101.51392836289,0.507702051773,
    -254.3333333399));
#4147 = CARTESIAN_POINT('',(95.010152654526,-0.768887639182,
    -249.66666663));
#4148 = CARTESIAN_POINT('',(88.389975935261,-1.556922924493,
    -245.0000003231));
#4149 = CARTESIAN_POINT('',(81.77429426342,-2.237740855714,
    -240.3333284131));
#4150 = CARTESIAN_POINT('',(75.915277720307,-2.076477949973,
    -235.6668164362));
#4151 = CARTESIAN_POINT('',(70.959821527807,-3.077293789458,
    -232.5474064967));
#4152 = CARTESIAN_POINT('',(70.139793395996,-2.21816277504,-232.));
#4153 = B_SPLINE_SURFACE_WITH_KNOTS('',3,3,(
    (#4154,#4155,#4156,#4157,#4158,#4159,#4160,#4161,#4162,#4163,#4164
      ,#4165,#4166,#4167,#4168,#4169,#4170,#4171,#4172,#4173,#4174,#4175
      ,#4176,#4177,#4178,#4179,#4180,#4181,#4182,#4183,#4184,#4185,#4186
      ,#4187,#4188,#4189,#4190,#4191,#4192,#4193,#4194,#4195,#4196,#4197
      ,#4198,#4199,#4200,#4201)
    ,(#4202,#4203,#4204,#4205,#4206,#4207,#4208,#4209,#4210,#4211,#4212
      ,#4213,#4214,#4215,#4216,#4217,#4218,#4219,#4220,#4221,#4222,#4223
      ,#4224,#4225,#4226,#4227,#4228,#4229,#4230,#4231,#4232,#4233,#4234
      ,#4235,#4236,#4237,#4238,#4239,#4240,#4241,#4242,#4243,#4244,#4245
      ,#4246,#4247,#4248,#4249)
    ,(#4250,#4251,#4252,#4253,#4254,#4255,#4256,#4257,#4258,#4259,#4260
      ,#4261,#4262,#4263,#4264,#4265,#4266,#4267,#4268,#4269,#4270,#4271
      ,#4272,#4273,#4274,#4275,#4276,#4277,#4278,#4279,#4280,#4281,#4282
      ,#4283,#4284,#4285,#4286,#4287,#4288,#4289,#4290,#4291,#4292,#4293
      ,#4294,#4295,#4296,#4297)
    ,(#4298,#4299,#4300,#4301,#4302,#4303,#4304,#4305,#4306,#4307,#4308
      ,#4309,#4310,#4311,#4312,#4313,#4314,#4315,#4316,#4317,#4318,#4319
      ,#4320,#4321,#4322,#4323,#4324,#4325,#4326,#4327,#4328,#4329,#4330
      ,#4331,#4332,#4333,#4334,#4335,#4336,#4337,#4338,#4339,#4340,#4341
      ,#4342,#4343,#4344,#4345)
    ,(#4346,#4347,#4348,#4349,#4350,#4351,#4352,#4353,#4354,#4355,#4356
      ,#4357,#4358,#4359,#4360,#4361,#4362,#4363,#4364,#4365,#4366,#4367
      ,#4368,#4369,#4370,#4371,#4372,#4373,#4374,#4375,#4376,#4377,#4378
      ,#4379,#4380,#4381,#4382,#4383,#4384,#4385,#4386,#4387,#4388,#4389
      ,#4390,#4391,#4392,#4393)
    ,(#4394,#4395,#4396,#4397,#4398,#4399,#4400,#4401,#4402,#4403,#4404
      ,#4405,#4406,#4407,#4408,#4409,#4410,#4411,#4412,#4413,#4414,#4415
      ,#4416,#4417,#4418,#4419,#4420,#4421,#4422,#4423,#4424,#4425,#4426
      ,#4427,#4428,#4429,#4430,#4431,#4432,#4433,#4434,#4435,#4436,#4437
      ,#4438,#4439,#4440,#4441)
    ,(#4442,#4443,#4444,#4445,#4446,#4447,#4448,#4449,#4450,#4451,#4452
      ,#4453,#4454,#4455,#4456,#4457,#4458,#4459,#4460,#4461,#4462,#4463
      ,#4464,#4465,#4466,#4467,#4468,#4469,#4470,#4471,#4472,#4473,#4474
      ,#4475,#4476,#4477,#4478,#4479,#4480,#4481,#4482,#4483,#4484,#4485
      ,#4486,#4487,#4488,#4489)
    ,(#4490,#4491,#4492,#4493,#4494,#4495,#4496,#4497,#4498,#4499,#4500
      ,#4501,#4502,#4503,#4504,#4505,#4506,#4507,#4508,#4509,#4510,#4511
      ,#4512,#4513,#4514,#4515,#4516,#4517,#4518,#4519,#4520,#4521,#4522
      ,#4523,#4524,#4525,#4526,#4527,#4528,#4529,#4530,#4531,#4532,#4533
      ,#4534,#4535,#4536,#4537)
    ,(#4538,#4539,#4540,#4541,#4542,#4543,#4544,#4545,#4546,#4547,#4548
      ,#4549,#4550,#4551,#4552,#4553,#4554,#4555,#4556,#4557,#4558,#4559
      ,#4560,#4561,#4562,#4563,#4564,#4565,#4566,#4567,#4568,#4569,#4570
      ,#4571,#4572,#4573,#4574,#4575,#4576,#4577,#4578,#4579,#4580,#4581
      ,#4582,#4583,#4584,#4585)
    ,(#4586,#4587,#4588,#4589,#4590,#4591,#4592,#4593,#4594,#4595,#4596
      ,#4597,#4598,#4599,#4600,#4601,#4602,#4603,#4604,#4605,#4606,#4607
      ,#4608,#4609,#4610,#4611,#4612,#4613,#4614,#4615,#4616,#4617,#4618
      ,#4619,#4620,#4621,#4622,#4623,#4624,#4625,#4626,#4627,#4628,#4629
      ,#4630,#4631,#4632,#4633)
    ,(#4634,#4635,#4636,#4637,#4638,#4639,#4640,#4641,#4642,#4643,#4644
      ,#4645,#4646,#4647,#4648,#4649,#4650,#4651,#4652,#4653,#4654,#4655
      ,#4656,#4657,#4658,#4659,#4660,#4661,#4662,#4663,#4664,#4665,#4666
      ,#4667,#4668,#4669,#4670,#4671,#4672,#4673,#4674,#4675,#4676,#4677
      ,#4678,#4679,#4680,#4681)
    ,(#4682,#4683,#4684,#4685,#4686,#4687,#4688,#4689,#4690,#4691,#4692
      ,#4693,#4694,#4695,#4696,#4697,#4698,#4699,#4700,#4701,#4702,#4703
      ,#4704,#4705,#4706,#4707,#4708,#4709,#4710,#4711,#4712,#4713,#4714
      ,#4715,#4716,#4717,#4718,#4719,#4720,#4721,#4722,#4723,#4724,#4725
      ,#4726,#4727,#4728,#4729)
    ,(#4730,#4731,#4732,#4733,#4734,#4735,#4736,#4737,#4738,#4739,#4740
      ,#4741,#4742,#4743,#4744,#4745,#4746,#4747,#4748,#4749,#4750,#4751
      ,#4752,#4753,#4754,#4755,#4756,#4757,#4758,#4759,#4760,#4761,#4762
      ,#4763,#4764,#4765,#4766,#4767,#4768,#4769,#4770,#4771,#4772,#4773
      ,#4774,#4775,#4776,#4777)
    ,(#4778,#4779,#4780,#4781,#4782,#4783,#4784,#4785,#4786,#4787,#4788
      ,#4789,#4790,#4791,#4792,#4793,#4794,#4795,#4796,#4797,#4798,#4799
      ,#4800,#4801,#4802,#4803,#4804,#4805,#4806,#4807,#4808,#4809,#4810
      ,#4811,#4812,#4813,#4814,#4815,#4816,#4817,#4818,#4819,#4820,#4821
      ,#4822,#4823,#4824,#4825)
    ,(#4826,#4827,#4828,#4829,#4830,#4831,#4832,#4833,#4834,#4835,#4836
      ,#4837,#4838,#4839,#4840,#4841,#4842,#4843,#4844,#4845,#4846,#4847
      ,#4848,#4849,#4850,#4851,#4852,#4853,#4854,#4855,#4856,#4857,#4858
      ,#4859,#4860,#4861,#4862,#4863,#4864,#4865,#4866,#4867,#4868,#4869
      ,#4870,#4871,#4872,#4873
    )),.UNSPECIFIED.,.F.,.F.,.F.,(4,1,1,1,1,1,1,1,1,1,1,1,4),(4,1,1,1,1,
    1,1,1,1,1,1,1,1,1,1,1,1,1,1,1,1,1,1,1,1,1,1,1,1,1,1,1,1,1,1,1,1,1,1,
    1,1,1,1,1,1,4),(0.,8.333333333333E-02,0.166666666667,0.25,
    0.333333333333,0.416666666667,0.5,0.583333333333,0.666666666667,0.75
    ,0.833333333333,0.916666666667,1.),(0.,2.222222222222E-02,
    4.444444444444E-02,6.666666666667E-02,8.888888888889E-02,
    0.111111111111,0.133333333333,0.155555555556,0.177777777778,0.2,
    0.222222222222,0.244444444444,0.266666666667,0.288888888889,
    0.311111111111,0.333333333333,0.355555555556,0.377777777778,0.4,
    0.422222222222,0.444444444444,0.466666666667,0.488888888889,
    0.511111111111,0.533333333333,0.555555555556,0.577777777778,0.6,
    0.622222222222,0.644444444444,0.666666666667,0.688888888889,
    0.711111111111,0.733333333333,0.755555555556,0.777777777778,0.8,
    0.822222222222,0.844444444444,0.866666666667,0.888888888889,
    0.911111111111,0.933333333333,0.955555555556,0.977777777778,1.),
  .UNSPECIFIED.);
#4154 = CARTESIAN_POINT('',(26.57811164856,37.059768676758,-287.));
#4155 = CARTESIAN_POINT('',(26.587299394269,35.775916762369,-287.));
#4156 = CARTESIAN_POINT('',(27.559090270221,33.357895879724,-287.));
#4157 = CARTESIAN_POINT('',(29.964737698471,30.4041100745,-287.));
#4158 = CARTESIAN_POINT('',(32.843538411765,27.87693549844,-287.));
#4159 = CARTESIAN_POINT('',(35.872018215339,25.590880112776,-287.));
#4160 = CARTESIAN_POINT('',(39.101020440873,23.544984093219,-287.));
#4161 = CARTESIAN_POINT('',(42.439485602702,21.730637413528,-287.));
#4162 = CARTESIAN_POINT('',(45.862995537909,20.045578641952,-287.));
#4163 = CARTESIAN_POINT('',(49.380454357562,18.5936354033,-287.));
#4164 = CARTESIAN_POINT('',(53.02130314803,17.455393402723,-287.));
#4165 = CARTESIAN_POINT('',(56.670538230894,16.38276089412,-287.));
#4166 = CARTESIAN_POINT('',(60.306136426252,15.24062019013,-287.));
#4167 = CARTESIAN_POINT('',(64.003022184581,14.325936280933,-287.));
#4168 = CARTESIAN_POINT('',(67.753525984614,13.653900335602,-287.));
#4169 = CARTESIAN_POINT('',(71.511970781659,13.051897495215,-287.));
#4170 = CARTESIAN_POINT('',(75.296969474755,12.620850270284,-287.));
#4171 = CARTESIAN_POINT('',(79.083410049374,12.217382499686,-287.));
#4172 = CARTESIAN_POINT('',(82.884725054747,11.995827152712,-287.));
#4173 = CARTESIAN_POINT('',(86.691849938242,11.860113784931,-287.));
#4174 = CARTESIAN_POINT('',(90.497415016907,11.878657843009,-287.));
#4175 = CARTESIAN_POINT('',(94.30691265642,12.062666561407,-287.));
#4176 = CARTESIAN_POINT('',(98.098608520733,12.247320567241,-287.));
#4177 = CARTESIAN_POINT('',(101.91100321944,12.614780400845,-287.));
#4178 = CARTESIAN_POINT('',(105.65520288116,13.022485457989,-287.));
#4179 = CARTESIAN_POINT('',(109.4958060128,13.668472370411,-287.));
#4180 = CARTESIAN_POINT('',(113.08683737219,14.088235731528,-287.));
#4181 = CARTESIAN_POINT('',(117.52674183116,14.905947927644,-287.));
#4182 = CARTESIAN_POINT('',(114.56357672187,19.900356382775,-287.));
#4183 = CARTESIAN_POINT('',(115.79547316734,22.993735841178,-287.));
#4184 = CARTESIAN_POINT('',(119.53510648637,21.70388191231,-287.));
#4185 = CARTESIAN_POINT('',(124.79519251546,22.340520779957,-287.));
#4186 = CARTESIAN_POINT('',(126.58357421926,22.187607010222,-287.));
#4187 = CARTESIAN_POINT('',(132.30456018581,22.692553788172,-287.));
#4188 = CARTESIAN_POINT('',(134.6418583711,22.916644532306,-287.));
#4189 = CARTESIAN_POINT('',(139.46841607804,23.761519191427,-287.));
#4190 = CARTESIAN_POINT('',(142.49730528769,24.357282043602,-287.));
#4191 = CARTESIAN_POINT('',(146.2609150621,25.274610122116,-287.));
#4192 = CARTESIAN_POINT('',(150.71829874087,26.347406247115,-287.));
#4193 = CARTESIAN_POINT('',(153.19827696815,26.881839322148,-287.));
#4194 = CARTESIAN_POINT('',(158.19170209426,27.385473800152,-287.));
#4195 = CARTESIAN_POINT('',(161.25670215079,26.471982976833,-287.));
#4196 = CARTESIAN_POINT('',(161.42676304175,20.870802916174,-287.));
#4197 = CARTESIAN_POINT('',(166.54816198526,22.249852414846,-287.));
#4198 = CARTESIAN_POINT('',(168.23032486986,23.76537902864,-287.));
#4199 = CARTESIAN_POINT('',(172.62375327834,26.957146966283,-287.));
#4200 = CARTESIAN_POINT('',(173.51209524698,28.037444924329,-287.));
#4201 = CARTESIAN_POINT('',(173.97764587402,29.671520233154,-287.));
#4202 = CARTESIAN_POINT('',(26.192269040536,36.324824191586,
    -285.4444444434));
#4203 = CARTESIAN_POINT('',(26.446903868228,35.438723019295,
    -285.4444444434));
#4204 = CARTESIAN_POINT('',(27.155493769608,33.662233471878,
    -285.4444444434));
#4205 = CARTESIAN_POINT('',(28.821079304633,31.475683546412,
    -285.4444444434));
#4206 = CARTESIAN_POINT('',(30.901480017486,29.604109379839,
    -285.4444444434));
#4207 = CARTESIAN_POINT('',(32.770415953871,27.569331047801,
    -285.4444444434));
#4208 = CARTESIAN_POINT('',(35.249513404583,26.201530850592,
    -285.4444444434));
#4209 = CARTESIAN_POINT('',(37.44942529904,24.555362526475,
    -285.4444444434));
#4210 = CARTESIAN_POINT('',(39.999010195435,23.391798466861,
    -285.4444444434));
#4211 = CARTESIAN_POINT('',(42.347450174641,21.916383392273,
    -285.4444444434));
#4212 = CARTESIAN_POINT('',(45.048794050658,21.204653366698,
    -285.4444444434));
#4213 = CARTESIAN_POINT('',(47.573050182321,20.124372276789,
    -285.4444444434));
#4214 = CARTESIAN_POINT('',(50.232765814352,19.353495208052,
    -285.4444444434));
#4215 = CARTESIAN_POINT('',(52.704140834389,18.085337891315,
    -285.4444444434));
#4216 = CARTESIAN_POINT('',(55.173696270362,16.725301938593,
    -285.4444444434));
#4217 = CARTESIAN_POINT('',(57.815948243914,15.953498581416,
    -285.4444444434));
#4218 = CARTESIAN_POINT('',(60.752360879512,16.138321411101,
    -285.4444444434));
#4219 = CARTESIAN_POINT('',(63.604537245536,16.244282839943,
    -285.4444444434));
#4220 = CARTESIAN_POINT('',(66.247918188555,15.524603883868,
    -285.4444444434));
#4221 = CARTESIAN_POINT('',(68.887550966111,14.840035741066,
    -285.4444444434));
#4222 = CARTESIAN_POINT('',(71.576610224464,14.364366348313,
    -285.4444444434));
#4223 = CARTESIAN_POINT('',(74.331435268816,14.284127661435,
    -285.4444444434));
#4224 = CARTESIAN_POINT('',(77.052463073773,13.984414954353,
    -285.4444444434));
#4225 = CARTESIAN_POINT('',(79.795163700477,13.840744123989,
    -285.4444444434));
#4226 = CARTESIAN_POINT('',(82.526120681738,14.343740057077,
    -285.4444444434));
#4227 = CARTESIAN_POINT('',(85.284122142452,13.885377660859,
    -285.4444444434));
#4228 = CARTESIAN_POINT('',(87.954552492805,14.412969837005,
    -285.4444444434));
#4229 = CARTESIAN_POINT('',(90.848278679912,13.983917147531,
    -285.4444444434));
#4230 = CARTESIAN_POINT('',(93.075232989262,14.888984577463,
    -285.4444444434));
#4231 = CARTESIAN_POINT('',(97.443753123746,13.483837708226,
    -285.4444444434));
#4232 = CARTESIAN_POINT('',(96.486068746824,17.754258653979,
    -285.4444444434));
#4233 = CARTESIAN_POINT('',(79.640734252813,31.002057810968,
    -285.4444444434));
#4234 = CARTESIAN_POINT('',(77.265637794981,32.617671323792,
    -285.4444444434));
#4235 = CARTESIAN_POINT('',(111.82229963228,9.378978409586,
    -285.4444444434));
#4236 = CARTESIAN_POINT('',(127.33331611591,1.958062913074,
    -285.4444444434));
#4237 = CARTESIAN_POINT('',(93.692308617725,30.818105997741,
    -285.4444444434));
#4238 = CARTESIAN_POINT('',(77.106554384521,44.361031040832,
    -285.4444444434));
#4239 = CARTESIAN_POINT('',(109.50341082083,26.799460310596,
    -285.4444444434));
#4240 = CARTESIAN_POINT('',(137.72281235936,0.274159326376,
    -285.4444444434));
#4241 = CARTESIAN_POINT('',(134.29363302458,4.298459138848,
    -285.4444444434));
#4242 = CARTESIAN_POINT('',(150.32415261849,16.390797610492,
    -285.4444444434));
#4243 = CARTESIAN_POINT('',(152.98982644419,16.651527713204,
    -285.4444444434));
#4244 = CARTESIAN_POINT('',(158.22333887802,17.559693631967,
    -285.4444444434));
#4245 = CARTESIAN_POINT('',(158.31848501018,12.961838108466,
    -285.4444444434));
#4246 = CARTESIAN_POINT('',(164.28569931459,20.479918932499,
    -285.4444444434));
#4247 = CARTESIAN_POINT('',(165.31925897665,22.595807245976,
    -285.4444444434));
#4248 = CARTESIAN_POINT('',(166.99740636553,24.300918965435,
    -285.4444444434));
#4249 = CARTESIAN_POINT('',(166.88909776258,25.146934021897,
    -285.4444444434));
#4250 = CARTESIAN_POINT('',(25.566436856071,36.758020561971,
    -282.3333333341));
#4251 = CARTESIAN_POINT('',(25.425362447669,35.324937191646,
    -282.3333333341));
#4252 = CARTESIAN_POINT('',(26.516324132331,32.756830362078,
    -282.3333333341));
#4253 = CARTESIAN_POINT('',(29.108822220874,29.506448052886,
    -282.3333333341));
#4254 = CARTESIAN_POINT('',(32.165197300568,26.71216548865,
    -282.3333333341));
#4255 = CARTESIAN_POINT('',(35.631490350485,24.412842461944,
    -282.3333333341));
#4256 = CARTESIAN_POINT('',(38.99029513944,22.038208508173,
    -282.3333333341));
#4257 = CARTESIAN_POINT('',(42.697338184584,20.159386012609,
    -282.3333333341));
#4258 = CARTESIAN_POINT('',(46.302323794454,18.161121517698,
    -282.3333333341));
#4259 = CARTESIAN_POINT('',(50.184833589378,16.693491114459,
    -282.3333333341));
#4260 = CARTESIAN_POINT('',(53.969245298213,15.01045477992,
    -282.3333333341));
#4261 = CARTESIAN_POINT('',(58.035749067787,14.073065864831,
    -282.3333333341));
#4262 = CARTESIAN_POINT('',(62.007217756119,12.93856197956,
    -282.3333333341));
#4263 = CARTESIAN_POINT('',(66.062701922824,11.979671004765,
    -282.3333333341));
#4264 = CARTESIAN_POINT('',(70.245635970685,11.510543841285,
    -282.3333333341));
#4265 = CARTESIAN_POINT('',(74.384939193105,11.02302390712,
    -282.3333333341));
#4266 = CARTESIAN_POINT('',(78.298916410786,9.843224016081,
    -282.3333333341));
#4267 = CARTESIAN_POINT('',(82.321779300291,9.018600853075,
    -282.3333333341));
#4268 = CARTESIAN_POINT('',(86.508563206998,8.846688857904,
    -282.3333333341));
#4269 = CARTESIAN_POINT('',(90.726235431016,8.921954191875,
    -282.3333333341));
#4270 = CARTESIAN_POINT('',(94.921137567559,9.08032543117,
    -282.3333333341));
#4271 = CARTESIAN_POINT('',(99.055420227436,8.994179764597,
    -282.3333333341));
#4272 = CARTESIAN_POINT('',(103.24164720883,9.369475351015,
    -282.3333333341));
#4273 = CARTESIAN_POINT('',(107.35368851573,9.704775184969,
    -282.3333333341));
#4274 = CARTESIAN_POINT('',(111.56587020266,9.833473087818,
    -282.3333333341));
#4275 = CARTESIAN_POINT('',(115.55450884669,10.732513476483,
    -282.3333333341));
#4276 = CARTESIAN_POINT('',(119.93977249444,11.243495745214,
    -282.3333333341));
#4277 = CARTESIAN_POINT('',(123.60968137452,12.18340189188,
    -282.3333333341));
#4278 = CARTESIAN_POINT('',(128.2124533221,13.013478556221,
    -282.3333333341));
#4279 = CARTESIAN_POINT('',(132.14322986115,14.008996462881,
    -282.3333333341));
#4280 = CARTESIAN_POINT('',(135.50154586328,14.713948802554,
    -282.3333333341));
#4281 = CARTESIAN_POINT('',(141.15495871987,15.60664242032,
    -282.3333333341));
#4282 = CARTESIAN_POINT('',(145.56152883908,16.654169648406,
    -282.3333333341));
#4283 = CARTESIAN_POINT('',(130.40266871659,31.645077096456,
    -282.3333333341));
#4284 = CARTESIAN_POINT('',(123.21266370219,37.077068686087,
    -282.3333333341));
#4285 = CARTESIAN_POINT('',(157.62088514818,14.631586272306,
    -282.3333333341));
#4286 = CARTESIAN_POINT('',(175.86481889197,4.589214320561,
    -282.3333333341));
#4287 = CARTESIAN_POINT('',(156.47537558734,19.070176614302,
    -282.3333333341));
#4288 = CARTESIAN_POINT('',(141.58721022452,41.554559858625,
    -282.3333333341));
#4289 = CARTESIAN_POINT('',(148.46054350835,38.725662955258,
    -282.3333333341));
#4290 = CARTESIAN_POINT('',(144.14001222376,29.574820850364,
    -282.3333333341));
#4291 = CARTESIAN_POINT('',(146.69163499304,26.28370604985,
    -282.3333333341));
#4292 = CARTESIAN_POINT('',(143.73208627194,18.980196171877,
    -282.3333333341));
#4293 = CARTESIAN_POINT('',(146.76882679589,15.262781443054,
    -282.3333333341));
#4294 = CARTESIAN_POINT('',(147.86282644476,13.109583467425,
    -282.3333333341));
#4295 = CARTESIAN_POINT('',(153.39495307428,15.084844152608,
    -282.3333333341));
#4296 = CARTESIAN_POINT('',(154.56267303662,16.130167517478,
    -282.3333333341));
#4297 = CARTESIAN_POINT('',(155.31554771614,17.771046302044,
    -282.3333333341));
#4298 = CARTESIAN_POINT('',(24.380935587218,36.32429764872,
    -277.6666666661));
#4299 = CARTESIAN_POINT('',(24.417615017824,35.416890356182,
    -277.6666666661));
#4300 = CARTESIAN_POINT('',(24.917198675477,33.557724873189,
    -277.6666666661));
#4301 = CARTESIAN_POINT('',(26.443459804048,31.261406370523,
    -277.6666666661));
#4302 = CARTESIAN_POINT('',(28.345963607859,29.201804913621,
    -277.6666666661));
#4303 = CARTESIAN_POINT('',(30.343808888194,27.306252782832,
    -277.6666666661));
#4304 = CARTESIAN_POINT('',(32.606418142258,25.658283443068,
    -277.6666666661));
#4305 = CARTESIAN_POINT('',(34.833438911243,24.02680281669,
    -277.6666666661));
#4306 = CARTESIAN_POINT('',(37.284629410054,22.698530731353,
    -277.6666666661));
#4307 = CARTESIAN_POINT('',(39.631756751367,21.219252067991,
    -277.6666666661));
#4308 = CARTESIAN_POINT('',(42.160067659945,20.077533929272,
    -277.6666666661));
#4309 = CARTESIAN_POINT('',(44.638094336806,18.815674856479,
    -277.6666666661));
#4310 = CARTESIAN_POINT('',(47.303389099107,18.036523782688,
    -277.6666666661));
#4311 = CARTESIAN_POINT('',(49.908301354947,17.158116243801,
    -277.6666666661));
#4312 = CARTESIAN_POINT('',(52.404208270482,15.850707611906,
    -277.6666666661));
#4313 = CARTESIAN_POINT('',(54.979141236563,14.75296842702,
    -277.6666666661));
#4314 = CARTESIAN_POINT('',(57.790938781996,14.4565332793,
    -277.6666666661));
#4315 = CARTESIAN_POINT('',(60.549663100754,14.088954447955,
    -277.6666666661));
#4316 = CARTESIAN_POINT('',(63.238570751914,13.463810326476,
    -277.6666666661));
#4317 = CARTESIAN_POINT('',(65.919624883816,12.831546686171,
    -277.6666666661));
#4318 = CARTESIAN_POINT('',(68.635061116031,12.262912451642,
    -277.6666666661));
#4319 = CARTESIAN_POINT('',(71.38005655328,11.953178476477,
    -277.6666666661));
#4320 = CARTESIAN_POINT('',(74.141342907569,11.634578594578,
    -277.6666666661));
#4321 = CARTESIAN_POINT('',(76.870711488923,11.382916294038,
    -277.6666666661));
#4322 = CARTESIAN_POINT('',(79.687897297501,11.382844827489,
    -277.6666666661));
#4323 = CARTESIAN_POINT('',(82.360119556827,11.126798272661,
    -277.6666666661));
#4324 = CARTESIAN_POINT('',(85.286980775258,11.207676098959,
    -277.6666666661));
#4325 = CARTESIAN_POINT('',(87.801274926295,11.087459413022,
    -277.6666666661));
#4326 = CARTESIAN_POINT('',(90.812438085218,11.253270711642,
    -277.6666666661));
#4327 = CARTESIAN_POINT('',(93.65388972869,11.354803086772,
    -277.6666666661));
#4328 = CARTESIAN_POINT('',(95.603623013093,11.606952772983,
    -277.6666666661));
#4329 = CARTESIAN_POINT('',(99.792709929247,11.824589191323,
    -277.6666666661));
#4330 = CARTESIAN_POINT('',(100.76816371323,12.229305169993,
    -277.6666666661));
#4331 = CARTESIAN_POINT('',(105.78476500818,11.609312540927,
    -277.6666666661));
#4332 = CARTESIAN_POINT('',(107.74962427694,13.598611872155,
    -277.6666666661));
#4333 = CARTESIAN_POINT('',(96.0169408668,25.658027312972,
    -277.6666666661));
#4334 = CARTESIAN_POINT('',(89.697718929582,30.715548177466,
    -277.6666666661));
#4335 = CARTESIAN_POINT('',(106.69406619916,22.239867160994,
    -277.6666666661));
#4336 = CARTESIAN_POINT('',(122.04399507674,9.164975673621,
    -277.6666666661));
#4337 = CARTESIAN_POINT('',(121.16623519161,10.653181096609,
    -277.6666666661));
#4338 = CARTESIAN_POINT('',(131.20180926503,15.508506730016,
    -277.6666666661));
#4339 = CARTESIAN_POINT('',(132.02781352029,13.731618493839,
    -277.6666666661));
#4340 = CARTESIAN_POINT('',(135.88342857276,13.081928315738,
    -277.6666666661));
#4341 = CARTESIAN_POINT('',(135.74643589048,9.433222862374,
    -277.6666666661));
#4342 = CARTESIAN_POINT('',(137.80228416983,7.970335512493,
    -277.6666666661));
#4343 = CARTESIAN_POINT('',(141.75107002803,11.153696336176,
    -277.6666666661));
#4344 = CARTESIAN_POINT('',(142.18284287345,11.096333852986,
    -277.6666666661));
#4345 = CARTESIAN_POINT('',(142.76900901598,12.459391379219,
    -277.6666666661));
#4346 = CARTESIAN_POINT('',(23.343683170424,35.597045019295,
    -273.0000000004));
#4347 = CARTESIAN_POINT('',(23.298409278824,34.442151751899,
    -273.0000000003));
#4348 = CARTESIAN_POINT('',(24.132273600693,32.306976134053,
    -273.0000000004));
#4349 = CARTESIAN_POINT('',(26.175007251522,29.596189043387,
    -273.0000000004));
#4350 = CARTESIAN_POINT('',(28.599386616977,27.223880035222,
    -273.0000000003));
#4351 = CARTESIAN_POINT('',(31.267277748807,25.146861013814,
    -273.0000000004));
#4352 = CARTESIAN_POINT('',(33.978350004202,23.128055222141,
    -273.0000000003));
#4353 = CARTESIAN_POINT('',(36.889827876513,21.403781370854,
    -273.0000000004));
#4354 = CARTESIAN_POINT('',(39.831394321102,19.737506043589,
    -273.0000000003));
#4355 = CARTESIAN_POINT('',(42.86877886332,18.25660584137,
    -273.0000000004));
#4356 = CARTESIAN_POINT('',(45.944108753493,16.837944618709,
    -273.0000000004));
#4357 = CARTESIAN_POINT('',(49.083854241438,15.591256692532,
    -273.0000000003));
#4358 = CARTESIAN_POINT('',(52.254782217427,14.400466483734,
    -273.0000000003));
#4359 = CARTESIAN_POINT('',(55.566667563681,13.608764685332,
    -273.0000000004));
#4360 = CARTESIAN_POINT('',(58.950053944772,13.102808394626,
    -273.0000000003));
#4361 = CARTESIAN_POINT('',(62.234496816085,12.31862038721,
    -273.0000000003));
#4362 = CARTESIAN_POINT('',(65.39777455142,11.117525012791,
    -273.0000000003));
#4363 = CARTESIAN_POINT('',(68.683268284521,10.315818316382,
    -273.0000000004));
#4364 = CARTESIAN_POINT('',(72.055768604869,9.900872562808,
    -273.0000000004));
#4365 = CARTESIAN_POINT('',(75.460201746168,9.667475601239,
    -273.0000000004));
#4366 = CARTESIAN_POINT('',(78.847116351501,9.417396197264,
    -273.0000000003));
#4367 = CARTESIAN_POINT('',(82.220111145054,9.197577189823,
    -273.0000000003));
#4368 = CARTESIAN_POINT('',(85.622747860099,9.092167060087,
    -273.0000000003));
#4369 = CARTESIAN_POINT('',(88.983673829733,9.082112778728,
    -273.0000000004));
#4370 = CARTESIAN_POINT('',(92.424606816927,9.061688352263,
    -273.0000000004));
#4371 = CARTESIAN_POINT('',(95.709373959559,9.279634021873,
    -273.0000000004));
#4372 = CARTESIAN_POINT('',(99.286531086319,9.425394248131,
    -273.0000000003));
#4373 = CARTESIAN_POINT('',(102.36365277217,9.820674200828,
    -273.0000000004));
#4374 = CARTESIAN_POINT('',(106.04854198702,10.24143825213,
    -273.0000000003));
#4375 = CARTESIAN_POINT('',(109.50292498542,10.677362641584,
    -273.0000000004));
#4376 = CARTESIAN_POINT('',(111.89523140904,11.067329177637,
    -273.0000000003));
#4377 = CARTESIAN_POINT('',(116.95689682613,11.853487795961,
    -273.0000000003));
#4378 = CARTESIAN_POINT('',(118.26943351595,12.269875339746,
    -273.0000000003));
#4379 = CARTESIAN_POINT('',(123.42524436185,12.930938390174,
    -273.0000000004));
#4380 = CARTESIAN_POINT('',(125.26617677319,13.751622257055,
    -273.0000000003));
#4381 = CARTESIAN_POINT('',(130.92823205343,11.4419036316,
    -273.0000000004));
#4382 = CARTESIAN_POINT('',(133.87307959785,13.474292108497,
    -273.0000000003));
#4383 = CARTESIAN_POINT('',(126.96240695822,20.414937924834,
    -273.0000000004));
#4384 = CARTESIAN_POINT('',(121.0711518957,29.175440848486,
    -273.0000000003));
#4385 = CARTESIAN_POINT('',(125.70525562469,28.0548602854,
    -273.0000000004));
#4386 = CARTESIAN_POINT('',(124.28452434,20.22771020512,-273.0000000003)
  );
#4387 = CARTESIAN_POINT('',(124.35313369853,16.823414325992,
    -273.0000000004));
#4388 = CARTESIAN_POINT('',(123.96363842796,11.967571385169,
    -273.0000000003));
#4389 = CARTESIAN_POINT('',(125.98224091743,9.155795853482,
    -273.0000000004));
#4390 = CARTESIAN_POINT('',(126.15512801171,5.64683662434,
    -273.0000000003));
#4391 = CARTESIAN_POINT('',(131.18607837145,5.847205482902,
    -273.0000000004));
#4392 = CARTESIAN_POINT('',(131.86097356578,7.814338103956,
    -273.0000000003));
#4393 = CARTESIAN_POINT('',(132.52951136282,8.708514191378,
    -273.0000000004));
#4394 = CARTESIAN_POINT('',(22.150953434672,35.09964180149,
    -268.3333333328));
#4395 = CARTESIAN_POINT('',(22.227280641227,34.303110647701,
    -268.3333333328));
#4396 = CARTESIAN_POINT('',(22.637663403301,32.661974448622,
    -268.3333333328));
#4397 = CARTESIAN_POINT('',(23.918725563439,30.582240291563,
    -268.3333333328));
#4398 = CARTESIAN_POINT('',(25.501277894019,28.676446462904,
    -268.3333333328));
#4399 = CARTESIAN_POINT('',(27.242256830012,26.964524812938,
    -268.3333333328));
#4400 = CARTESIAN_POINT('',(29.16775859874,25.423356719112,
    -268.3333333328));
#4401 = CARTESIAN_POINT('',(31.101568939423,23.925007916188,
    -268.3333333328));
#4402 = CARTESIAN_POINT('',(33.169768137758,22.590104801802,
    -268.3333333328));
#4403 = CARTESIAN_POINT('',(35.245571810559,21.29110262811,
    -268.3333333328));
#4404 = CARTESIAN_POINT('',(37.365516848315,20.048837464202,
    -268.3333333328));
#4405 = CARTESIAN_POINT('',(39.541180846517,18.916454453612,
    -268.3333333328));
#4406 = CARTESIAN_POINT('',(41.739260605937,17.824660762617,
    -268.3333333328));
#4407 = CARTESIAN_POINT('',(43.960220194223,16.774881795028,
    -268.3333333328));
#4408 = CARTESIAN_POINT('',(46.204184832126,15.763922104944,
    -268.3333333328));
#4409 = CARTESIAN_POINT('',(48.523203913895,14.948474564215,
    -268.3333333328));
#4410 = CARTESIAN_POINT('',(50.925632694819,14.407842108727,
    -268.3333333328));
#4411 = CARTESIAN_POINT('',(53.280112387891,13.736431065396,
    -268.3333333328));
#4412 = CARTESIAN_POINT('',(55.62128530969,12.98764951863,
    -268.3333333328));
#4413 = CARTESIAN_POINT('',(57.951930662897,12.208595966987,
    -268.3333333328));
#4414 = CARTESIAN_POINT('',(60.333575571009,11.585807264376,
    -268.3333333328));
#4415 = CARTESIAN_POINT('',(62.733566744164,11.094998654146,
    -268.3333333328));
#4416 = CARTESIAN_POINT('',(65.159163600405,10.645977464797,
    -268.3333333328));
#4417 = CARTESIAN_POINT('',(67.558645974675,10.245820172238,
    -268.3333333328));
#4418 = CARTESIAN_POINT('',(70.037578072855,9.937244138539,
    -268.3333333328));
#4419 = CARTESIAN_POINT('',(72.397870773764,9.643291390397,
    -268.3333333328));
#4420 = CARTESIAN_POINT('',(74.985733246502,9.407203083157,
    -268.3333333328));
#4421 = CARTESIAN_POINT('',(77.20959319576,9.189575019456,
    -268.3333333328));
#4422 = CARTESIAN_POINT('',(79.892399056812,9.017583396555,
    -268.3333333328));
#4423 = CARTESIAN_POINT('',(82.405755628833,8.932400250176,
    -268.3333333328));
#4424 = CARTESIAN_POINT('',(84.171265208768,8.917171651648,
    -268.3333333328));
#4425 = CARTESIAN_POINT('',(87.868413922898,8.904267899684,
    -268.3333333328));
#4426 = CARTESIAN_POINT('',(88.868754661489,8.960472120197,
    -268.3333333328));
#4427 = CARTESIAN_POINT('',(92.636149383028,9.091982563116,
    -268.3333333328));
#4428 = CARTESIAN_POINT('',(94.128933465034,9.129888779475,
    -268.3333333328));
#4429 = CARTESIAN_POINT('',(97.137588303787,9.765645520539,
    -268.3333333328));
#4430 = CARTESIAN_POINT('',(99.085851224756,9.713242827472,
    -268.3333333328));
#4431 = CARTESIAN_POINT('',(102.72951934424,9.330558878611,
    -268.3333333328));
#4432 = CARTESIAN_POINT('',(106.82865813613,8.465632699987,
    -268.3333333328));
#4433 = CARTESIAN_POINT('',(108.16070851878,8.600155705306,
    -268.3333333328));
#4434 = CARTESIAN_POINT('',(112.1014327728,8.991116227838,
    -268.3333333328));
#4435 = CARTESIAN_POINT('',(114.12995429915,8.701781445964,
    -268.3333333328));
#4436 = CARTESIAN_POINT('',(116.91436986793,7.571766917093,
    -268.3333333328));
#4437 = CARTESIAN_POINT('',(118.12807793445,5.099608712967,
    -268.3333333328));
#4438 = CARTESIAN_POINT('',(119.11770734703,3.423801716081,
    -268.3333333328));
#4439 = CARTESIAN_POINT('',(122.8053281367,4.260871479019,
    -268.3333333328));
#4440 = CARTESIAN_POINT('',(123.40385280616,4.793642705262,
    -268.3333333328));
#4441 = CARTESIAN_POINT('',(124.06525970499,5.692225863946,
    -268.3333333328));
#4442 = CARTESIAN_POINT('',(21.097825382817,34.859689172807,
    -263.6666666674));
#4443 = CARTESIAN_POINT('',(21.05874116255,34.057994641384,
    -263.6666666674));
#4444 = CARTESIAN_POINT('',(21.355784991701,32.440873502758,
    -263.6666666674));
#4445 = CARTESIAN_POINT('',(22.547930334249,30.338584903608,
    -263.6666666674));
#4446 = CARTESIAN_POINT('',(24.067314939744,28.455554175314,
    -263.6666666674));
#4447 = CARTESIAN_POINT('',(25.778337301052,26.768977134043,
    -263.6666666674));
#4448 = CARTESIAN_POINT('',(27.590846793963,25.173166864084,
    -263.6666666674));
#4449 = CARTESIAN_POINT('',(29.523840812067,23.742888877446,
    -263.6666666674));
#4450 = CARTESIAN_POINT('',(31.495139799216,22.354481642984,
    -263.6666666674));
#4451 = CARTESIAN_POINT('',(33.530812733667,21.070871765429,
    -263.6666666674));
#4452 = CARTESIAN_POINT('',(35.639353085701,19.902991524037,
    -263.6666666674));
#4453 = CARTESIAN_POINT('',(37.749774449289,18.745431170068,
    -263.6666666674));
#4454 = CARTESIAN_POINT('',(39.904587891423,17.669090069632,
    -263.6666666674));
#4455 = CARTESIAN_POINT('',(42.08366353743,16.64687032848,
    -263.6666666674));
#4456 = CARTESIAN_POINT('',(44.30182165446,15.710280213553,
    -263.6666666674));
#4457 = CARTESIAN_POINT('',(46.516797901129,14.770013568249,
    -263.6666666674));
#4458 = CARTESIAN_POINT('',(48.769037725587,13.902404075472,
    -263.6666666674));
#4459 = CARTESIAN_POINT('',(51.098302818583,13.277486765368,
    -263.6666666674));
#4460 = CARTESIAN_POINT('',(53.436702554174,12.700881138113,
    -263.6666666674));
#4461 = CARTESIAN_POINT('',(55.744964319069,12.021874392908,
    -263.6666666674));
#4462 = CARTESIAN_POINT('',(58.069866970503,11.389608458038,
    -263.6666666674));
#4463 = CARTESIAN_POINT('',(60.395939936826,10.779988442285,
    -263.6666666674));
#4464 = CARTESIAN_POINT('',(62.779215056295,10.352924080392,
    -263.6666666674));
#4465 = CARTESIAN_POINT('',(65.121462060243,9.911871871581,
    -263.6666666674));
#4466 = CARTESIAN_POINT('',(67.545163654364,9.545945614621,
    -263.6666666674));
#4467 = CARTESIAN_POINT('',(69.856205272403,9.245177000865,
    -263.6666666674));
#4468 = CARTESIAN_POINT('',(72.383584392925,8.916704242672,
    -263.6666666674));
#4469 = CARTESIAN_POINT('',(74.571011874416,8.797958263857,
    -263.6666666674));
#4470 = CARTESIAN_POINT('',(77.195752856758,8.562340556445,
    -263.6666666674));
#4471 = CARTESIAN_POINT('',(79.665058602615,8.529049703301,
    -263.6666666674));
#4472 = CARTESIAN_POINT('',(81.385412316565,8.356310728286,
    -263.6666666674));
#4473 = CARTESIAN_POINT('',(85.016378473457,8.371975995326,
    -263.6666666674));
#4474 = CARTESIAN_POINT('',(85.99211389561,8.310868286371,
    -263.6666666674));
#4475 = CARTESIAN_POINT('',(89.693521978261,8.45209851099,
    -263.6666666674));
#4476 = CARTESIAN_POINT('',(91.13601549805,8.487840987899,
    -263.6666666674));
#4477 = CARTESIAN_POINT('',(94.278448171321,8.580522098418,
    -263.6666666674));
#4478 = CARTESIAN_POINT('',(96.217295483834,8.779493663372,
    -263.6666666674));
#4479 = CARTESIAN_POINT('',(98.464199792089,9.014842333042,
    -263.6666666674));
#4480 = CARTESIAN_POINT('',(101.15553167535,9.054090319833,
    -263.6666666674));
#4481 = CARTESIAN_POINT('',(102.80372684162,8.872213067885,
    -263.6666666674));
#4482 = CARTESIAN_POINT('',(105.77534373459,7.923775243946,
    -263.6666666674));
#4483 = CARTESIAN_POINT('',(107.4138597671,6.979899605338,
    -263.6666666674));
#4484 = CARTESIAN_POINT('',(109.20086312661,5.081792558593,
    -263.6666666674));
#4485 = CARTESIAN_POINT('',(110.57575214224,2.811909689041,
    -263.6666666674));
#4486 = CARTESIAN_POINT('',(111.64865488761,1.184106787706,
    -263.6666666674));
#4487 = CARTESIAN_POINT('',(115.14575130271,1.969731328555,
    -263.6666666674));
#4488 = CARTESIAN_POINT('',(115.60821836961,3.00628205641,
    -263.6666666674));
#4489 = CARTESIAN_POINT('',(116.048940215,3.828378220833,-263.6666666674
    ));
#4490 = CARTESIAN_POINT('',(19.921712026757,33.659353455799,
    -258.9999999981));
#4491 = CARTESIAN_POINT('',(19.944567545084,32.927474103664,
    -258.9999999981));
#4492 = CARTESIAN_POINT('',(20.325988320591,31.427748153305,
    -258.9999999981));
#4493 = CARTESIAN_POINT('',(21.485401379563,29.541127782342,
    -258.9999999981));
#4494 = CARTESIAN_POINT('',(22.886847247736,27.766990320951,
    -258.9999999981));
#4495 = CARTESIAN_POINT('',(24.522673089592,26.263222140792,
    -258.9999999981));
#4496 = CARTESIAN_POINT('',(26.258615139031,24.835752355908,
    -258.9999999981));
#4497 = CARTESIAN_POINT('',(28.05092173699,23.518001277132,
    -258.9999999981));
#4498 = CARTESIAN_POINT('',(29.876606879534,22.216071715591,
    -258.9999999981));
#4499 = CARTESIAN_POINT('',(31.765487758409,21.034340437235,
    -258.9999999981));
#4500 = CARTESIAN_POINT('',(33.631532151283,19.792764999405,
    -258.9999999981));
#4501 = CARTESIAN_POINT('',(35.585785974468,18.714769657306,
    -258.9999999981));
#4502 = CARTESIAN_POINT('',(37.552469083912,17.651371709118,
    -258.9999999981));
#4503 = CARTESIAN_POINT('',(39.564128785875,16.680089686695,
    -258.9999999981));
#4504 = CARTESIAN_POINT('',(41.593574059856,15.742016729663,
    -258.9999999981));
#4505 = CARTESIAN_POINT('',(43.648069343783,14.865602857405,
    -258.9999999981));
#4506 = CARTESIAN_POINT('',(45.727290266258,14.049284598057,
    -258.9999999981));
#4507 = CARTESIAN_POINT('',(47.808317336516,13.229842883831,
    -258.9999999981));
#4508 = CARTESIAN_POINT('',(49.940509733966,12.551030293271,
    -258.9999999981));
#4509 = CARTESIAN_POINT('',(52.122296952876,12.058759767676,
    -258.9999999981));
#4510 = CARTESIAN_POINT('',(54.27760040756,11.463555982154,
    -258.9999999981));
#4511 = CARTESIAN_POINT('',(56.39990111164,10.777334979164,
    -258.9999999981));
#4512 = CARTESIAN_POINT('',(58.574913147178,10.214204479718,
    -258.9999999981));
#4513 = CARTESIAN_POINT('',(60.75220031568,9.798657502897,
    -258.9999999981));
#4514 = CARTESIAN_POINT('',(62.98011956539,9.352323917244,
    -258.9999999981));
#4515 = CARTESIAN_POINT('',(65.119202037004,9.018498316518,
    -258.9999999981));
#4516 = CARTESIAN_POINT('',(67.462943113596,8.71335972199,
    -258.9999999981));
#4517 = CARTESIAN_POINT('',(69.476448284046,8.422914533344,
    -258.9999999981));
#4518 = CARTESIAN_POINT('',(71.906626492603,8.171570637242,
    -258.9999999981));
#4519 = CARTESIAN_POINT('',(74.186751169294,7.935613118343,
    -258.9999999981));
#4520 = CARTESIAN_POINT('',(75.789509928945,7.898737927541,
    -258.9999999981));
#4521 = CARTESIAN_POINT('',(79.150608848825,7.677883759562,
    -258.9999999981));
#4522 = CARTESIAN_POINT('',(80.055220888701,7.628711361323,
    -258.9999999981));
#4523 = CARTESIAN_POINT('',(83.489899936794,7.544620000608,
    -258.9999999981));
#4524 = CARTESIAN_POINT('',(84.834346269395,7.536596799116,
    -258.9999999981));
#4525 = CARTESIAN_POINT('',(87.71811931069,7.601963453775,
    -258.9999999981));
#4526 = CARTESIAN_POINT('',(89.521841168768,7.57974846396,
    -258.9999999981));
#4527 = CARTESIAN_POINT('',(91.855121802416,7.526821442371,
    -258.9999999981));
#4528 = CARTESIAN_POINT('',(94.59921055734,7.151160122248,
    -258.9999999981));
#4529 = CARTESIAN_POINT('',(96.026560386101,6.897851771567,
    -258.9999999981));
#4530 = CARTESIAN_POINT('',(98.90075931125,5.957883724968,
    -258.9999999981));
#4531 = CARTESIAN_POINT('',(100.26014007585,4.909137345369,
    -258.9999999981));
#4532 = CARTESIAN_POINT('',(102.14941866427,3.33537979067,
    -258.9999999981));
#4533 = CARTESIAN_POINT('',(103.26098080268,1.096327315112,
    -258.9999999981));
#4534 = CARTESIAN_POINT('',(104.527433102,-0.124576094162,
    -258.9999999981));
#4535 = CARTESIAN_POINT('',(107.63978276468,0.438695541054,
    -258.9999999981));
#4536 = CARTESIAN_POINT('',(108.32865645336,1.139172040268,
    -258.9999999981));
#4537 = CARTESIAN_POINT('',(108.76965654326,1.933552334802,
    -258.9999999981));
#4538 = CARTESIAN_POINT('',(18.100866518699,32.473424652922,
    -254.3333333399));
#4539 = CARTESIAN_POINT('',(18.035741164861,31.756100564172,
    -254.3333333399));
#4540 = CARTESIAN_POINT('',(18.258836233442,30.365524467022,
    -254.3333333399));
#4541 = CARTESIAN_POINT('',(19.131759252031,28.395217767869,
    -254.3333333399));
#4542 = CARTESIAN_POINT('',(20.624870741733,26.869741660807,
    -254.3333333399));
#4543 = CARTESIAN_POINT('',(22.237106816614,25.510331542,-254.3333333399
    ));
#4544 = CARTESIAN_POINT('',(23.973030933406,24.292445590901,
    -254.3333333399));
#4545 = CARTESIAN_POINT('',(25.73539359717,23.127784841606,
    -254.3333333399));
#4546 = CARTESIAN_POINT('',(27.561516487999,22.055399364686,
    -254.3333333399));
#4547 = CARTESIAN_POINT('',(29.368680841056,20.959938764285,
    -254.3333333399));
#4548 = CARTESIAN_POINT('',(31.263853490458,20.01467360563,
    -254.3333333399));
#4549 = CARTESIAN_POINT('',(33.105011457506,18.979756065255,
    -254.3333333399));
#4550 = CARTESIAN_POINT('',(34.948889209176,17.947431642725,
    -254.3333333399));
#4551 = CARTESIAN_POINT('',(36.813458878644,16.952630034534,
    -254.3333333399));
#4552 = CARTESIAN_POINT('',(38.698111474336,15.997350708279,
    -254.3333333399));
#4553 = CARTESIAN_POINT('',(40.622873074206,15.126351350219,
    -254.3333333399));
#4554 = CARTESIAN_POINT('',(42.558186469657,14.276370174764,
    -254.3333333399));
#4555 = CARTESIAN_POINT('',(44.524739837778,13.508093680271,
    -254.3333333399));
#4556 = CARTESIAN_POINT('',(46.488214785773,12.725265470324,
    -254.3333333399));
#4557 = CARTESIAN_POINT('',(48.470196346218,11.979701369337,
    -254.3333333399));
#4558 = CARTESIAN_POINT('',(50.523854177283,11.463743244227,
    -254.3333333399));
#4559 = CARTESIAN_POINT('',(52.588214912897,11.018427417325,
    -254.3333333399));
#4560 = CARTESIAN_POINT('',(54.607297662516,10.365557171759,
    -254.3333333399));
#4561 = CARTESIAN_POINT('',(56.608374946218,9.735446026884,
    -254.3333333399));
#4562 = CARTESIAN_POINT('',(58.717205488366,9.311606188067,
    -254.3333333399));
#4563 = CARTESIAN_POINT('',(60.727023209762,8.928226454831,
    -254.3333333399));
#4564 = CARTESIAN_POINT('',(62.92166914058,8.49727055905,-254.3333333399
    ));
#4565 = CARTESIAN_POINT('',(64.825612094629,8.236029873422,
    -254.3333333399));
#4566 = CARTESIAN_POINT('',(67.11636652649,7.924687863109,
    -254.3333333399));
#4567 = CARTESIAN_POINT('',(69.267484509312,7.682019968074,
    -254.3333333399));
#4568 = CARTESIAN_POINT('',(70.770120919469,7.468051730687,
    -254.3333333399));
#4569 = CARTESIAN_POINT('',(73.945095225145,7.229047742175,
    -254.3333333399));
#4570 = CARTESIAN_POINT('',(74.797891841057,7.139291777342,
    -254.3333333399));
#4571 = CARTESIAN_POINT('',(78.04369723939,7.017298703066,
    -254.3333333399));
#4572 = CARTESIAN_POINT('',(79.310644844098,6.92880122264,
    -254.3333333399));
#4573 = CARTESIAN_POINT('',(82.047139771004,6.820646099663,
    -254.3333333399));
#4574 = CARTESIAN_POINT('',(83.751546380822,6.750201855813,
    -254.3333333399));
#4575 = CARTESIAN_POINT('',(85.873505331473,6.58953714299,
    -254.3333333399));
#4576 = CARTESIAN_POINT('',(88.357145352951,6.109807209948,
    -254.3333333399));
#4577 = CARTESIAN_POINT('',(89.695304699298,5.700398691943,
    -254.3333333399));
#4578 = CARTESIAN_POINT('',(92.290992436323,4.614242460897,
    -254.3333333399));
#4579 = CARTESIAN_POINT('',(93.577753328216,3.588074942245,
    -254.3333333399));
#4580 = CARTESIAN_POINT('',(95.114031814754,1.902089721786,
    -254.3333333399));
#4581 = CARTESIAN_POINT('',(96.403813721091,-6.499340919614E-02,
    -254.3333333399));
#4582 = CARTESIAN_POINT('',(97.402838671195,-1.366777357358,
    -254.3333333399));
#4583 = CARTESIAN_POINT('',(100.49262615916,-0.807565653597,
    -254.3333333399));
#4584 = CARTESIAN_POINT('',(101.07800137268,-0.275435391396,
    -254.3333333399));
#4585 = CARTESIAN_POINT('',(101.51392836289,0.507702051773,
    -254.3333333399));
#4586 = CARTESIAN_POINT('',(15.007524489507,29.775872511708,
    -249.66666663));
#4587 = CARTESIAN_POINT('',(14.979034471997,29.130608699063,
    -249.66666663));
#4588 = CARTESIAN_POINT('',(15.301925804408,27.759907068837,
    -249.66666663));
#4589 = CARTESIAN_POINT('',(16.584270380943,26.218909542463,
    -249.66666663));
#4590 = CARTESIAN_POINT('',(18.105269355393,24.899211320819,
    -249.66666663));
#4591 = CARTESIAN_POINT('',(19.734699894993,23.778188764965,
    -249.66666663));
#4592 = CARTESIAN_POINT('',(21.470133396354,22.777026409768,
    -249.66666663));
#4593 = CARTESIAN_POINT('',(23.228957721994,21.86027951712,-249.66666663
    ));
#4594 = CARTESIAN_POINT('',(25.025205398675,20.98741226807,-249.66666663
    ));
#4595 = CARTESIAN_POINT('',(26.834606164896,20.164364475513,
    -249.66666663));
#4596 = CARTESIAN_POINT('',(28.622630065228,19.287274822687,
    -249.66666663));
#4597 = CARTESIAN_POINT('',(30.446951623014,18.489231070742,
    -249.66666663));
#4598 = CARTESIAN_POINT('',(32.2831322983,17.708964860465,-249.66666663)
  );
#4599 = CARTESIAN_POINT('',(34.105148635149,16.908458567499,
    -249.66666663));
#4600 = CARTESIAN_POINT('',(35.929782855463,16.110483273207,
    -249.66666663));
#4601 = CARTESIAN_POINT('',(37.735372979712,15.280122887741,
    -249.66666663));
#4602 = CARTESIAN_POINT('',(39.560961925462,14.4872152638,-249.66666663)
  );
#4603 = CARTESIAN_POINT('',(41.411559192056,13.759974563371,
    -249.66666663));
#4604 = CARTESIAN_POINT('',(43.226192449357,12.939645519192,
    -249.66666663));
#4605 = CARTESIAN_POINT('',(45.106542404193,12.3031886239,-249.66666663)
  );
#4606 = CARTESIAN_POINT('',(46.947700487781,11.526374143147,
    -249.66666663));
#4607 = CARTESIAN_POINT('',(48.810250461931,10.820247976084,
    -249.66666663));
#4608 = CARTESIAN_POINT('',(50.772212099561,10.408382166749,
    -249.66666663));
#4609 = CARTESIAN_POINT('',(52.687043063027,9.952082902923,-249.66666663
    ));
#4610 = CARTESIAN_POINT('',(54.598350578084,9.257239401931,-249.66666663
    ));
#4611 = CARTESIAN_POINT('',(56.486004763624,8.862818144192,-249.66666663
    ));
#4612 = CARTESIAN_POINT('',(58.546742845405,8.444871253559,-249.66666663
    ));
#4613 = CARTESIAN_POINT('',(60.325916935937,8.107180172905,-249.66666663
    ));
#4614 = CARTESIAN_POINT('',(62.468182127618,7.72685703833,-249.66666663)
  );
#4615 = CARTESIAN_POINT('',(64.482792375989,7.408275773893,-249.66666663
    ));
#4616 = CARTESIAN_POINT('',(65.898681025818,7.247481378202,-249.66666663
    ));
#4617 = CARTESIAN_POINT('',(68.874486908403,6.87446263336,-249.66666663)
  );
#4618 = CARTESIAN_POINT('',(69.678052889305,6.815204736156,-249.66666663
    ));
#4619 = CARTESIAN_POINT('',(72.72373966552,6.510197895196,-249.66666663)
  );
#4620 = CARTESIAN_POINT('',(73.915009380897,6.453975634331,-249.66666663
    ));
#4621 = CARTESIAN_POINT('',(76.484339112441,6.252944744554,-249.66666663
    ));
#4622 = CARTESIAN_POINT('',(78.067663840177,6.021646443696,-249.66666663
    ));
#4623 = CARTESIAN_POINT('',(80.099069862137,5.694348109428,-249.66666663
    ));
#4624 = CARTESIAN_POINT('',(82.398344917881,4.984676812743,-249.66666663
    ));
#4625 = CARTESIAN_POINT('',(83.663396525039,4.566409040697,-249.66666663
    ));
#4626 = CARTESIAN_POINT('',(85.951688320473,3.262629681336,-249.66666663
    ));
#4627 = CARTESIAN_POINT('',(87.133569665792,2.224803066972,-249.66666663
    ));
#4628 = CARTESIAN_POINT('',(88.55560564874,0.671831162626,-249.66666663)
  );
#4629 = CARTESIAN_POINT('',(89.837782703281,-1.208155276154,
    -249.66666663));
#4630 = CARTESIAN_POINT('',(91.006599577235,-2.023723521004,
    -249.66666663));
#4631 = CARTESIAN_POINT('',(93.761594524202,-2.153482327456,
    -249.66666663));
#4632 = CARTESIAN_POINT('',(94.376813969716,-1.230166521952,
    -249.66666663));
#4633 = CARTESIAN_POINT('',(95.010152654526,-0.768887639182,
    -249.66666663));
#4634 = CARTESIAN_POINT('',(10.303084620262,28.390447748185,
    -245.0000003231));
#4635 = CARTESIAN_POINT('',(10.3532748623,27.744328587146,
    -245.0000003231));
#4636 = CARTESIAN_POINT('',(10.738772731156,26.490133895702,
    -245.0000003231));
#4637 = CARTESIAN_POINT('',(11.837707421189,24.882844962427,
    -245.0000003231));
#4638 = CARTESIAN_POINT('',(13.444614244151,23.75515302095,
    -245.0000003231));
#4639 = CARTESIAN_POINT('',(15.00493044952,22.622732374241,
    -245.0000003231));
#4640 = CARTESIAN_POINT('',(16.728710337406,21.707736039135,
    -245.0000003231));
#4641 = CARTESIAN_POINT('',(18.470836609139,20.871102926212,
    -245.0000003231));
#4642 = CARTESIAN_POINT('',(20.275602972279,20.142548806134,
    -245.0000003231));
#4643 = CARTESIAN_POINT('',(22.007866715881,19.274414461987,
    -245.0000003231));
#4644 = CARTESIAN_POINT('',(23.90478361347,18.764255652463,
    -245.0000003231));
#4645 = CARTESIAN_POINT('',(25.721037334371,18.093273832754,
    -245.0000003231));
#4646 = CARTESIAN_POINT('',(27.534825292815,17.407276667828,
    -245.0000003231));
#4647 = CARTESIAN_POINT('',(29.356975884412,16.73866970468,
    -245.0000003231));
#4648 = CARTESIAN_POINT('',(31.189952291943,16.094085270917,
    -245.0000003231));
#4649 = CARTESIAN_POINT('',(33.025992624547,15.45065221262,
    -245.0000003231));
#4650 = CARTESIAN_POINT('',(34.880206409027,14.860006879708,
    -245.0000003231));
#4651 = CARTESIAN_POINT('',(36.694886110841,14.173141511134,
    -245.0000003231));
#4652 = CARTESIAN_POINT('',(38.556805444178,13.601528914516,
    -245.0000003231));
#4653 = CARTESIAN_POINT('',(40.367447401071,12.897465465479,
    -245.0000003231));
#4654 = CARTESIAN_POINT('',(42.213469395681,12.297647426692,
    -245.0000003231));
#4655 = CARTESIAN_POINT('',(44.053070287808,11.709921780186,
    -245.0000003231));
#4656 = CARTESIAN_POINT('',(45.832821998405,10.863448829479,
    -245.0000003231));
#4657 = CARTESIAN_POINT('',(47.633522957729,10.160292316694,
    -245.0000003231));
#4658 = CARTESIAN_POINT('',(49.549161404362,9.693731935849,
    -245.0000003231));
#4659 = CARTESIAN_POINT('',(51.337864995515,9.104769808652,
    -245.0000003231));
#4660 = CARTESIAN_POINT('',(53.327988723232,8.581304069361,
    -245.0000003231));
#4661 = CARTESIAN_POINT('',(55.044553836704,8.172641164666,
    -245.0000003231));
#4662 = CARTESIAN_POINT('',(57.131885237185,7.774299261966,
    -245.0000003231));
#4663 = CARTESIAN_POINT('',(59.092681135815,7.447990642351,
    -245.0000003231));
#4664 = CARTESIAN_POINT('',(60.456809140693,7.143042635827,
    -245.0000003231));
#4665 = CARTESIAN_POINT('',(63.353892084348,6.747309901709,
    -245.0000003231));
#4666 = CARTESIAN_POINT('',(64.127211172152,6.573670311358,
    -245.0000003231));
#4667 = CARTESIAN_POINT('',(67.094394090469,6.281114955142,
    -245.0000003231));
#4668 = CARTESIAN_POINT('',(68.252119105333,6.110940484642,
    -245.0000003231));
#4669 = CARTESIAN_POINT('',(70.744600029857,5.786947166738,
    -245.0000003231));
#4670 = CARTESIAN_POINT('',(72.289683536316,5.51262767422,
    -245.0000003231));
#4671 = CARTESIAN_POINT('',(74.182507828985,5.004228518149,
    -245.0000003231));
#4672 = CARTESIAN_POINT('',(76.397344337238,4.266981243299,
    -245.0000003231));
#4673 = CARTESIAN_POINT('',(77.548894856441,3.717013836454,
    -245.0000003231));
#4674 = CARTESIAN_POINT('',(79.790617893475,2.40582867963,
    -245.0000003231));
#4675 = CARTESIAN_POINT('',(80.749898094307,1.238849538815,
    -245.0000003231));
#4676 = CARTESIAN_POINT('',(82.248111750038,-0.228357723349,
    -245.0000003231));
#4677 = CARTESIAN_POINT('',(83.17355598637,-2.260464054372,
    -245.0000003231));
#4678 = CARTESIAN_POINT('',(84.468882991999,-3.040887173908,
    -245.0000003231));
#4679 = CARTESIAN_POINT('',(87.169201706731,-2.331293336845,
    -245.0000003231));
#4680 = CARTESIAN_POINT('',(87.892598885852,-2.25450904319,
    -245.0000003231));
#4681 = CARTESIAN_POINT('',(88.389975935261,-1.556922924493,
    -245.0000003231));
#4682 = CARTESIAN_POINT('',(5.56225725891,26.87338703834,-240.3333284131
    ));
#4683 = CARTESIAN_POINT('',(5.549048317084,26.268963101241,
    -240.3333284131));
#4684 = CARTESIAN_POINT('',(5.834955214511,24.942953478967,
    -240.3333284131));
#4685 = CARTESIAN_POINT('',(7.153625150766,23.569700930267,
    -240.3333284131));
#4686 = CARTESIAN_POINT('',(8.498874762087,22.224054594022,
    -240.3333284131));
#4687 = CARTESIAN_POINT('',(10.08513162714,21.206553340121,
    -240.3333284131));
#4688 = CARTESIAN_POINT('',(11.754654164079,20.323258535778,
    -240.3333284131));
#4689 = CARTESIAN_POINT('',(13.434506168958,19.477550620448,
    -240.3333284131));
#4690 = CARTESIAN_POINT('',(15.156223956138,18.705108237749,
    -240.3333284131));
#4691 = CARTESIAN_POINT('',(16.972958980921,18.165962775178,
    -240.3333284131));
#4692 = CARTESIAN_POINT('',(18.635734199958,17.271599488308,
    -240.3333284131));
#4693 = CARTESIAN_POINT('',(20.410229024233,16.637364141477,
    -240.3333284131));
#4694 = CARTESIAN_POINT('',(22.216693377327,16.085239869002,
    -240.3333284131));
#4695 = CARTESIAN_POINT('',(24.050333568652,15.634287593219,
    -240.3333284131));
#4696 = CARTESIAN_POINT('',(25.855259253289,15.097676382381,
    -240.3333284131));
#4697 = CARTESIAN_POINT('',(27.666423661653,14.60018103474,
    -240.3333284131));
#4698 = CARTESIAN_POINT('',(29.455198400829,14.026834974041,
    -240.3333284131));
#4699 = CARTESIAN_POINT('',(31.284170315339,13.55660797461,
    -240.3333284131));
#4700 = CARTESIAN_POINT('',(33.085625935863,13.031183001768,
    -240.3333284131));
#4701 = CARTESIAN_POINT('',(34.928538072899,12.613269006794,
    -240.3333284131));
#4702 = CARTESIAN_POINT('',(36.770582049485,12.182534824934,
    -240.3333284131));
#4703 = CARTESIAN_POINT('',(38.57238284192,11.627439221655,
    -240.3333284131));
#4704 = CARTESIAN_POINT('',(40.491041957885,11.432454818141,
    -240.333328413));
#4705 = CARTESIAN_POINT('',(42.323092506942,11.064093446534,
    -240.3333284131));
#4706 = CARTESIAN_POINT('',(44.140333736511,10.433999867901,
    -240.3333284131));
#4707 = CARTESIAN_POINT('',(45.899761890379,9.965276964517,
    -240.3333284131));
#4708 = CARTESIAN_POINT('',(47.785628780585,9.332540972594,
    -240.3333284131));
#4709 = CARTESIAN_POINT('',(49.429523237791,8.838569392301,
    -240.3333284131));
#4710 = CARTESIAN_POINT('',(51.399554639545,8.219928298609,
    -240.3333284131));
#4711 = CARTESIAN_POINT('',(53.263547541784,7.683549224071,
    -240.333328413));
#4712 = CARTESIAN_POINT('',(54.588382030023,7.460800467191,
    -240.3333284131));
#4713 = CARTESIAN_POINT('',(57.35691518883,6.793658938622,
    -240.3333284131));
#4714 = CARTESIAN_POINT('',(58.113023658281,6.724311444491,
    -240.3333284131));
#4715 = CARTESIAN_POINT('',(60.964546683126,6.163872221745,
    -240.3333284131));
#4716 = CARTESIAN_POINT('',(62.082807882218,6.035349053658,
    -240.3333284131));
#4717 = CARTESIAN_POINT('',(64.480734132851,5.57911386539,
    -240.3333284131));
#4718 = CARTESIAN_POINT('',(65.94541461026,5.182772442455,
    -240.3333284131));
#4719 = CARTESIAN_POINT('',(67.835263775707,4.734142385981,
    -240.3333284131));
#4720 = CARTESIAN_POINT('',(69.941682580355,3.844514144823,
    -240.3333284131));
#4721 = CARTESIAN_POINT('',(71.047272952013,3.248016219145,
    -240.3333284131));
#4722 = CARTESIAN_POINT('',(73.084213374232,1.817084284332,
    -240.3333284131));
#4723 = CARTESIAN_POINT('',(74.195001772626,0.840146594404,
    -240.3333284131));
#4724 = CARTESIAN_POINT('',(75.426653428879,-0.744628568046,
    -240.3333284131));
#4725 = CARTESIAN_POINT('',(76.882594131167,-2.3124107106,
    -240.3333284131));
#4726 = CARTESIAN_POINT('',(77.940988880959,-3.153724195606,
    -240.3333284131));
#4727 = CARTESIAN_POINT('',(80.520364951124,-3.400433759627,
    -240.3333284131));
#4728 = CARTESIAN_POINT('',(81.166675169375,-2.556304778532,
    -240.333328413));
#4729 = CARTESIAN_POINT('',(81.77429426342,-2.237740855714,
    -240.3333284131));
#4730 = CARTESIAN_POINT('',(0.831995287497,25.821391984198,
    -235.6668164362));
#4731 = CARTESIAN_POINT('',(0.814385163583,25.196195117296,
    -235.6668164362));
#4732 = CARTESIAN_POINT('',(0.92569384266,23.905101964896,
    -235.6668164362));
#4733 = CARTESIAN_POINT('',(1.934592288844,22.284741617321,
    -235.6668164362));
#4734 = CARTESIAN_POINT('',(3.45757236037,21.154164195897,
    -235.6668164362));
#4735 = CARTESIAN_POINT('',(5.070980045055,20.194559615332,
    -235.6668164362));
#4736 = CARTESIAN_POINT('',(6.644397951681,19.137602928211,
    -235.6668164362));
#4737 = CARTESIAN_POINT('',(8.398883513674,18.441329889198,
    -235.6668164362));
#4738 = CARTESIAN_POINT('',(10.142563434693,17.722375840423,
    -235.6668164362));
#4739 = CARTESIAN_POINT('',(11.750126081419,16.704758145757,
    -235.6668164362));
#4740 = CARTESIAN_POINT('',(13.666430691455,16.370624263574,
    -235.6668164362));
#4741 = CARTESIAN_POINT('',(15.475833922289,15.852792788522,
    -235.6668164362));
#4742 = CARTESIAN_POINT('',(17.214882434233,15.133324560633,
    -235.6668164362));
#4743 = CARTESIAN_POINT('',(18.959514972109,14.407977860966,
    -235.6668164362));
#4744 = CARTESIAN_POINT('',(20.738867320876,13.781850282727,
    -235.6668164362));
#4745 = CARTESIAN_POINT('',(22.552407042392,13.240389013407,
    -235.6668164362));
#4746 = CARTESIAN_POINT('',(24.402563825895,12.817139960689,
    -235.6668164362));
#4747 = CARTESIAN_POINT('',(26.234736027729,12.40553937254,
    -235.6668164362));
#4748 = CARTESIAN_POINT('',(28.077012764671,11.94901904981,
    -235.6668164362));
#4749 = CARTESIAN_POINT('',(29.879987793699,11.439121738448,
    -235.6668164362));
#4750 = CARTESIAN_POINT('',(31.667354391513,10.853673087772,
    -235.6668164362));
#4751 = CARTESIAN_POINT('',(33.567787531594,10.723718154239,
    -235.6668164362));
#4752 = CARTESIAN_POINT('',(35.278654599265,9.874410274662,
    -235.6668164363));
#4753 = CARTESIAN_POINT('',(37.056188056128,9.288326283504,
    -235.6668164362));
#4754 = CARTESIAN_POINT('',(39.02564546165,9.264325804766,
    -235.6668164362));
#4755 = CARTESIAN_POINT('',(40.831065306587,8.938859405195,
    -235.6668164362));
#4756 = CARTESIAN_POINT('',(42.840570191234,8.686974553786,
    -235.6668164362));
#4757 = CARTESIAN_POINT('',(44.58470114983,8.613630618019,
    -235.6668164362));
#4758 = CARTESIAN_POINT('',(46.617343831588,8.247691110595,
    -235.6668164362));
#4759 = CARTESIAN_POINT('',(48.552698703906,8.093882698227,
    -235.6668164363));
#4760 = CARTESIAN_POINT('',(49.852284145265,7.646742844376,
    -235.6668164362));
#4761 = CARTESIAN_POINT('',(52.636675144534,7.147277933067,
    -235.6668164363));
#4762 = CARTESIAN_POINT('',(53.377922139262,6.89030408255,
    -235.6668164362));
#4763 = CARTESIAN_POINT('',(56.200520091501,6.305506973366,
    -235.6668164362));
#4764 = CARTESIAN_POINT('',(57.300959427815,5.963452243686,
    -235.6668164362));
#4765 = CARTESIAN_POINT('',(59.658047742187,5.304657923967,
    -235.6668164362));
#4766 = CARTESIAN_POINT('',(61.086558344326,4.775356186684,
    -235.6668164362));
#4767 = CARTESIAN_POINT('',(62.830927728937,3.975781955936,
    -235.6668164362));
#4768 = CARTESIAN_POINT('',(64.785373489919,2.853617560608,
    -235.6668164362));
#4769 = CARTESIAN_POINT('',(65.919171059313,2.328298020385,
    -235.6668164362));
#4770 = CARTESIAN_POINT('',(67.866068443741,0.736157480815,
    -235.6668164362));
#4771 = CARTESIAN_POINT('',(68.612039954395,-0.598873286933,
    -235.6668164362));
#4772 = CARTESIAN_POINT('',(70.113910380618,-1.924776567518,
    -235.6668164362));
#4773 = CARTESIAN_POINT('',(70.730744920941,-4.225754529303,
    -235.6668164362));
#4774 = CARTESIAN_POINT('',(72.488744860185,-4.247215992369,
    -235.6668164362));
#4775 = CARTESIAN_POINT('',(74.978082818875,-2.992957718508,
    -235.6668164362));
#4776 = CARTESIAN_POINT('',(75.684559802971,-2.981101293097,
    -235.6668164362));
#4777 = CARTESIAN_POINT('',(75.915277720307,-2.076477949973,
    -235.6668164362));
#4778 = CARTESIAN_POINT('',(1.757010234647,17.868720655925,
    -232.5474064967));
#4779 = CARTESIAN_POINT('',(1.911270342411,17.338338909062,
    -232.5474064967));
#4780 = CARTESIAN_POINT('',(3.14011970593,16.561068966042,
    -232.5474064967));
#4781 = CARTESIAN_POINT('',(4.94744126799,16.019882618004,
    -232.5474064967));
#4782 = CARTESIAN_POINT('',(6.668873635246,15.689863685456,
    -232.5474064967));
#4783 = CARTESIAN_POINT('',(8.198738944601,15.153855328515,
    -232.5474064967));
#4784 = CARTESIAN_POINT('',(9.934382592996,14.984405691605,
    -232.5474064967));
#4785 = CARTESIAN_POINT('',(11.405508868733,14.369066191793,
    -232.5474064967));
#4786 = CARTESIAN_POINT('',(12.9521685667,13.877259902288,
    -232.5474064967));
#4787 = CARTESIAN_POINT('',(14.678344841976,13.832442091079,
    -232.5474064967));
#4788 = CARTESIAN_POINT('',(16.045399736802,12.978531794754,
    -232.5474064967));
#4789 = CARTESIAN_POINT('',(17.55855295263,12.416073086163,
    -232.5474064967));
#4790 = CARTESIAN_POINT('',(19.174770330067,12.142479197412,
    -232.5474064967));
#4791 = CARTESIAN_POINT('',(20.772265227784,11.840094299635,
    -232.5474064967));
#4792 = CARTESIAN_POINT('',(22.396392872047,11.650561049798,
    -232.5474064967));
#4793 = CARTESIAN_POINT('',(23.912309046069,11.134410883252,
    -232.5474064967));
#4794 = CARTESIAN_POINT('',(25.458899134928,10.735220820156,
    -232.5474064967));
#4795 = CARTESIAN_POINT('',(27.007468193238,10.258164117438,
    -232.5474064967));
#4796 = CARTESIAN_POINT('',(28.569489172699,9.929542036635,
    -232.5474064967));
#4797 = CARTESIAN_POINT('',(30.170917364089,9.642755394745,
    -232.5474064967));
#4798 = CARTESIAN_POINT('',(31.829657505567,9.584154660051,
    -232.5474064967));
#4799 = CARTESIAN_POINT('',(33.326672482406,8.934517101863,
    -232.5474064967));
#4800 = CARTESIAN_POINT('',(35.079592069855,9.137290412105,
    -232.5474064967));
#4801 = CARTESIAN_POINT('',(36.720097225146,9.137033092577,
    -232.5474064967));
#4802 = CARTESIAN_POINT('',(38.22779558882,8.445484256135,
    -232.5474064967));
#4803 = CARTESIAN_POINT('',(39.746273056376,8.138231558647,
    -232.5474064967));
#4804 = CARTESIAN_POINT('',(41.368066212311,7.723945151211,
    -232.5474064967));
#4805 = CARTESIAN_POINT('',(42.74405678191,7.203917915134,
    -232.5474064967));
#4806 = CARTESIAN_POINT('',(44.487087542977,6.953552937502,
    -232.5474064967));
#4807 = CARTESIAN_POINT('',(46.069673031985,6.427176349445,
    -232.5474064967));
#4808 = CARTESIAN_POINT('',(47.250275602353,6.510459501309,
    -232.5474064967));
#4809 = CARTESIAN_POINT('',(49.662896977887,6.124688032592,
    -232.5474064967));
#4810 = CARTESIAN_POINT('',(50.329311862681,6.219281358943,
    -232.5474064967));
#4811 = CARTESIAN_POINT('',(52.780768879322,5.74990177992,
    -232.5474064967));
#4812 = CARTESIAN_POINT('',(53.741879773316,5.715646448707,
    -232.5474064967));
#4813 = CARTESIAN_POINT('',(55.750818455835,5.159330672779,
    -232.5474064967));
#4814 = CARTESIAN_POINT('',(56.942034595253,4.664111372034,
    -232.5474064967));
#4815 = CARTESIAN_POINT('',(58.506294967621,4.090179298857,
    -232.5474064967));
#4816 = CARTESIAN_POINT('',(60.198179375489,3.123407340894,
    -232.5474064967));
#4817 = CARTESIAN_POINT('',(61.019678374398,2.338212816961,
    -232.5474064967));
#4818 = CARTESIAN_POINT('',(62.439538063875,0.787231540956,
    -232.5474064967));
#4819 = CARTESIAN_POINT('',(63.74158511966,0.280359932362,
    -232.5474064967));
#4820 = CARTESIAN_POINT('',(64.136354643503,-1.628723473574,
    -232.5474064967));
#4821 = CARTESIAN_POINT('',(66.441023780566,-2.112028344931,
    -232.5474064967));
#4822 = CARTESIAN_POINT('',(67.10891125472,-2.699287547502,
    -232.5474064967));
#4823 = CARTESIAN_POINT('',(69.331283077169,-3.956243243219,
    -232.5474064967));
#4824 = CARTESIAN_POINT('',(69.863626121567,-2.726714623329,
    -232.5474064967));
#4825 = CARTESIAN_POINT('',(70.959821527807,-3.077293789458,
    -232.5474064967));
#4826 = CARTESIAN_POINT('',(7.280820846558,16.848770141602,-232.));
#4827 = CARTESIAN_POINT('',(7.458589886464,16.368494005519,-232.));
#4828 = CARTESIAN_POINT('',(8.260248079097,15.701476523633,-232.));
#4829 = CARTESIAN_POINT('',(9.588397592009,15.027503517241,-232.));
#4830 = CARTESIAN_POINT('',(10.934483106285,14.284851305781,-232.));
#4831 = CARTESIAN_POINT('',(12.407340716139,13.965255453458,-232.));
#4832 = CARTESIAN_POINT('',(13.873845667708,13.584451036938,-232.));
#4833 = CARTESIAN_POINT('',(15.324367283543,13.170245498129,-232.));
#4834 = CARTESIAN_POINT('',(16.790943737044,12.792727590434,-232.));
#4835 = CARTESIAN_POINT('',(18.242899848477,12.379675037764,-232.));
#4836 = CARTESIAN_POINT('',(19.703196627711,11.983045001548,-232.));
#4837 = CARTESIAN_POINT('',(21.163249783102,11.595432679747,-232.));
#4838 = CARTESIAN_POINT('',(22.625357830497,11.209521356088,-232.));
#4839 = CARTESIAN_POINT('',(24.091867302832,10.844207679586,-232.));
#4840 = CARTESIAN_POINT('',(25.5625328566,10.492890715693,-232.));
#4841 = CARTESIAN_POINT('',(27.03070564148,10.135280995181,-232.));
#4842 = CARTESIAN_POINT('',(28.507192529352,9.80831978159,-232.));
#4843 = CARTESIAN_POINT('',(29.986801503362,9.500928550334,-232.));
#4844 = CARTESIAN_POINT('',(31.465331108148,9.184017872086,-232.));
#4845 = CARTESIAN_POINT('',(32.948630357676,8.896751501125,-232.));
#4846 = CARTESIAN_POINT('',(34.432113456564,8.597867831992,-232.));
#4847 = CARTESIAN_POINT('',(35.916801024984,8.331197209214,-232.));
#4848 = CARTESIAN_POINT('',(37.413839689712,8.076607647659,-232.));
#4849 = CARTESIAN_POINT('',(38.890165561328,7.824808723852,-232.));
#4850 = CARTESIAN_POINT('',(40.403679032988,7.552088853,-232.));
#4851 = CARTESIAN_POINT('',(41.853159550092,7.344152725838,-232.));
#4852 = CARTESIAN_POINT('',(43.425603196507,7.051239155476,-232.));
#4853 = CARTESIAN_POINT('',(44.784038594664,6.83726064783,-232.));
#4854 = CARTESIAN_POINT('',(46.421628689048,6.606235527754,-232.));
#4855 = CARTESIAN_POINT('',(47.949903510547,6.351555747225,-232.));
#4856 = CARTESIAN_POINT('',(49.02182900808,6.187830954984,-232.));
#4857 = CARTESIAN_POINT('',(51.270750935315,5.827789358028,-232.));
#4858 = CARTESIAN_POINT('',(51.880016725896,5.745811822736,-232.));
#4859 = CARTESIAN_POINT('',(54.148812123616,5.247400398685,-232.));
#4860 = CARTESIAN_POINT('',(55.032108502773,5.024573791486,-232.));
#4861 = CARTESIAN_POINT('',(56.875154491417,4.367145212944,-232.));
#4862 = CARTESIAN_POINT('',(57.983011959421,3.853724981649,-232.));
#4863 = CARTESIAN_POINT('',(59.362041274706,3.166000343488,-232.));
#4864 = CARTESIAN_POINT('',(60.819841894266,2.057439772812,-232.));
#4865 = CARTESIAN_POINT('',(61.580436362281,1.42126183034,-232.));
#4866 = CARTESIAN_POINT('',(62.981750601111,-3.144065929334E-02,-232.));
#4867 = CARTESIAN_POINT('',(63.643422214865,-0.977767058916,-232.));
#4868 = CARTESIAN_POINT('',(64.623270440866,-2.311982660481,-232.));
#4869 = CARTESIAN_POINT('',(66.213309600266,-3.041527057632,-232.));
#4870 = CARTESIAN_POINT('',(67.200941618082,-3.319454034469,-232.));
#4871 = CARTESIAN_POINT('',(69.298024672792,-3.230357501095,-232.));
#4872 = CARTESIAN_POINT('',(69.802135252641,-2.725973644114,-232.));
#4873 = CARTESIAN_POINT('',(70.139793395996,-2.21816277504,-232.));
#4874 = SHELL_BASED_SURFACE_MODEL('',(#4875));
#4875 = OPEN_SHELL('',(#4876));
#4876 = ADVANCED_FACE('',(#4877),#4917,.T.);
#4877 = FACE_BOUND('',#4878,.T.);
#4878 = EDGE_LOOP('',(#4879,#4890,#4900,#4909));
#4879 = ORIENTED_EDGE('',*,*,#4880,.F.);
#4880 = EDGE_CURVE('',#4881,#4883,#4885,.T.);
#4881 = VERTEX_POINT('',#4882);
#4882 = CARTESIAN_POINT('',(121.07637786865,28.384574890137,-262.));
#4883 = VERTEX_POINT('',#4884);
#4884 = CARTESIAN_POINT('',(128.82891845703,28.333688735962,-262.));
#4885 = B_SPLINE_CURVE_WITH_KNOTS('',3,(#4886,#4887,#4888,#4889),
  .UNSPECIFIED.,.F.,.F.,(4,4),(0.,1.),.PIECEWISE_BEZIER_KNOTS.);
#4886 = CARTESIAN_POINT('',(121.07637786865,28.384574890137,-262.));
#4887 = CARTESIAN_POINT('',(121.14694414768,33.304754911542,-262.));
#4888 = CARTESIAN_POINT('',(128.8631562343,33.216177846747,-262.));
#4889 = CARTESIAN_POINT('',(128.82891845703,28.333688735962,-262.));
#4890 = ORIENTED_EDGE('',*,*,#4891,.T.);
#4891 = EDGE_CURVE('',#4881,#4892,#4894,.T.);
#4892 = VERTEX_POINT('',#4893);
#4893 = CARTESIAN_POINT('',(122.5481185913,28.033153533936,-254.));
#4894 = B_SPLINE_CURVE_WITH_KNOTS('',3,(#4895,#4896,#4897,#4898,#4899),
  .UNSPECIFIED.,.F.,.F.,(4,1,4),(0.,0.5,1.),.QUASI_UNIFORM_KNOTS.);
#4895 = CARTESIAN_POINT('',(121.07637786865,28.384574890137,-262.));
#4896 = CARTESIAN_POINT('',(122.9997821384,28.420214123196,
    -260.6666666666));
#4897 = CARTESIAN_POINT('',(122.28929901123,27.908126195272,-258.));
#4898 = CARTESIAN_POINT('',(122.47847408718,28.185400856866,
    -255.3333333333));
#4899 = CARTESIAN_POINT('',(122.5481185913,28.033153533936,-254.));
#4900 = ORIENTED_EDGE('',*,*,#4901,.T.);
#4901 = EDGE_CURVE('',#4892,#4902,#4904,.T.);
#4902 = VERTEX_POINT('',#4903);
#4903 = CARTESIAN_POINT('',(126.83406066894,28.112926483154,-254.));
#4904 = B_SPLINE_CURVE_WITH_KNOTS('',3,(#4905,#4906,#4907,#4908),
  .UNSPECIFIED.,.F.,.F.,(4,4),(0.,1.),.PIECEWISE_BEZIER_KNOTS.);
#4905 = CARTESIAN_POINT('',(122.5481185913,28.033153533936,-254.));
#4906 = CARTESIAN_POINT('',(122.47300515348,30.759527806275,-254.));
#4907 = CARTESIAN_POINT('',(126.73465109447,30.703537233376,-254.));
#4908 = CARTESIAN_POINT('',(126.83406066894,28.112926483154,-254.));
#4909 = ORIENTED_EDGE('',*,*,#4910,.F.);
#4910 = EDGE_CURVE('',#4883,#4902,#4911,.T.);
#4911 = B_SPLINE_CURVE_WITH_KNOTS('',3,(#4912,#4913,#4914,#4915,#4916),
  .UNSPECIFIED.,.F.,.F.,(4,1,4),(0.,0.5,1.),.QUASI_UNIFORM_KNOTS.);
#4912 = CARTESIAN_POINT('',(128.82891845703,28.333688735962,-262.));
#4913 = CARTESIAN_POINT('',(126.71482255723,28.657002872891,
    -260.6666666666));
#4914 = CARTESIAN_POINT('',(127.48213450113,27.74862130483,-258.));
#4915 = CARTESIAN_POINT('',(126.524430169,28.717878235711,
    -255.3333333333));
#4916 = CARTESIAN_POINT('',(126.83406066894,28.112926483154,-254.));
#4917 = B_SPLINE_SURFACE_WITH_KNOTS('',3,3,(
    (#4918,#4919,#4920,#4921)
    ,(#4922,#4923,#4924,#4925)
    ,(#4926,#4927,#4928,#4929)
    ,(#4930,#4931,#4932,#4933)
    ,(#4934,#4935,#4936,#4937
  )),.UNSPECIFIED.,.F.,.F.,.F.,(4,1,4),(4,4),(0.,0.5,1.),(0.,1.),
  .UNSPECIFIED.);
#4918 = CARTESIAN_POINT('',(121.07637786865,28.384574890137,-262.));
#4919 = CARTESIAN_POINT('',(121.14694414768,33.304754911542,-262.));
#4920 = CARTESIAN_POINT('',(128.8631562343,33.216177846747,-262.));
#4921 = CARTESIAN_POINT('',(128.82891845703,28.333688735962,-262.));
#4922 = CARTESIAN_POINT('',(122.9997821384,28.420214123196,
    -260.6666666666));
#4923 = CARTESIAN_POINT('',(123.60581759675,30.132090450817,
    -260.6666666666));
#4924 = CARTESIAN_POINT('',(126.05564181823,30.481695541669,
    -260.6666666666));
#4925 = CARTESIAN_POINT('',(126.71482255723,28.657002872891,
    -260.6666666666));
#4926 = CARTESIAN_POINT('',(122.28929901123,27.908126195272,-258.));
#4927 = CARTESIAN_POINT('',(121.75767706642,31.569582337879,-258.));
#4928 = CARTESIAN_POINT('',(127.96721281125,31.257435351091,
    -257.9999999999));
#4929 = CARTESIAN_POINT('',(127.48213450113,27.74862130483,-258.));
#4930 = CARTESIAN_POINT('',(122.47847408718,28.185400856866,
    -255.3333333333));
#4931 = CARTESIAN_POINT('',(122.74950264831,30.521882684069,
    -255.3333333333));
#4932 = CARTESIAN_POINT('',(125.72354989647,31.185482839954,
    -255.3333333333));
#4933 = CARTESIAN_POINT('',(126.524430169,28.717878235711,
    -255.3333333333));
#4934 = CARTESIAN_POINT('',(122.5481185913,28.033153533936,-254.));
#4935 = CARTESIAN_POINT('',(122.47300515348,30.759527806275,-254.));
#4936 = CARTESIAN_POINT('',(126.73465109447,30.703537233376,-254.));
#4937 = CARTESIAN_POINT('',(126.83406066894,28.112926483154,-254.));
#4938 = SHELL_BASED_SURFACE_MODEL('',(#4939));
#4939 = OPEN_SHELL('',(#4940));
#4940 = ADVANCED_FACE('',(#4941),#4979,.T.);
#4941 = FACE_BOUND('',#4942,.T.);
#4942 = EDGE_LOOP('',(#4943,#4954,#4963,#4972));
#4943 = ORIENTED_EDGE('',*,*,#4944,.F.);
#4944 = EDGE_CURVE('',#4945,#4947,#4949,.T.);
#4945 = VERTEX_POINT('',#4946);
#4946 = CARTESIAN_POINT('',(121.07637786865,28.384574890137,-262.));
#4947 = VERTEX_POINT('',#4948);
#4948 = CARTESIAN_POINT('',(128.82891845703,28.333688735962,-262.));
#4949 = B_SPLINE_CURVE_WITH_KNOTS('',3,(#4950,#4951,#4952,#4953),
  .UNSPECIFIED.,.F.,.F.,(4,4),(0.,1.),.PIECEWISE_BEZIER_KNOTS.);
#4950 = CARTESIAN_POINT('',(121.07637786865,28.384574890137,-262.));
#4951 = CARTESIAN_POINT('',(121.20921106949,23.307274404835,-262.));
#4952 = CARTESIAN_POINT('',(128.81813385072,23.064934049535,-262.));
#4953 = CARTESIAN_POINT('',(128.82891845703,28.333688735962,-262.));
#4954 = ORIENTED_EDGE('',*,*,#4955,.T.);
#4955 = EDGE_CURVE('',#4945,#4956,#4958,.T.);
#4956 = VERTEX_POINT('',#4957);
#4957 = CARTESIAN_POINT('',(122.5481185913,28.033153533936,-254.));
#4958 = B_SPLINE_CURVE_WITH_KNOTS('',3,(#4959,#4960,#4961,#4962),
  .UNSPECIFIED.,.F.,.F.,(4,4),(0.,1.),.PIECEWISE_BEZIER_KNOTS.);
#4959 = CARTESIAN_POINT('',(121.07637786865,28.384574890137,-262.));
#4960 = CARTESIAN_POINT('',(123.89807622454,28.288674103691,
    -261.2495178112));
#4961 = CARTESIAN_POINT('',(121.79089720198,28.006952583965,
    -255.2511021357));
#4962 = CARTESIAN_POINT('',(122.5481185913,28.033153533936,-254.));
#4963 = ORIENTED_EDGE('',*,*,#4964,.T.);
#4964 = EDGE_CURVE('',#4956,#4965,#4967,.T.);
#4965 = VERTEX_POINT('',#4966);
#4966 = CARTESIAN_POINT('',(126.83406066894,28.112926483154,-254.));
#4967 = B_SPLINE_CURVE_WITH_KNOTS('',3,(#4968,#4969,#4970,#4971),
  .UNSPECIFIED.,.F.,.F.,(4,4),(0.,1.),.PIECEWISE_BEZIER_KNOTS.);
#4968 = CARTESIAN_POINT('',(122.5481185913,28.033153533936,-254.));
#4969 = CARTESIAN_POINT('',(122.9468895223,25.628864987624,-254.));
#4970 = CARTESIAN_POINT('',(126.68423206905,25.402048853945,-254.));
#4971 = CARTESIAN_POINT('',(126.83406066894,28.112926483154,-254.));
#4972 = ORIENTED_EDGE('',*,*,#4973,.F.);
#4973 = EDGE_CURVE('',#4947,#4965,#4974,.T.);
#4974 = B_SPLINE_CURVE_WITH_KNOTS('',3,(#4975,#4976,#4977,#4978),
  .UNSPECIFIED.,.F.,.F.,(4,4),(0.,1.),.PIECEWISE_BEZIER_KNOTS.);
#4975 = CARTESIAN_POINT('',(128.82891845703,28.333688735962,-262.));
#4976 = CARTESIAN_POINT('',(126.21296341736,28.219622993965,
    -261.2495178112));
#4977 = CARTESIAN_POINT('',(127.08232081691,28.540609104501,
    -255.2511021357));
#4978 = CARTESIAN_POINT('',(126.83406066894,28.112926483154,-254.));
#4979 = B_SPLINE_SURFACE_WITH_KNOTS('',3,3,(
    (#4980,#4981,#4982,#4983)
    ,(#4984,#4985,#4986,#4987)
    ,(#4988,#4989,#4990,#4991)
    ,(#4992,#4993,#4994,#4995
    )),.UNSPECIFIED.,.F.,.F.,.F.,(4,4),(4,4),(0.,1.),(0.,1.),
  .PIECEWISE_BEZIER_KNOTS.);
#4980 = CARTESIAN_POINT('',(121.07637786865,28.384574890137,-262.));
#4981 = CARTESIAN_POINT('',(121.20921106949,23.307274404835,-262.));
#4982 = CARTESIAN_POINT('',(128.81813385072,23.064934049535,-262.));
#4983 = CARTESIAN_POINT('',(128.82891845703,28.333688735962,-262.));
#4984 = CARTESIAN_POINT('',(123.89807622454,28.288674103691,
    -261.2495178112));
#4985 = CARTESIAN_POINT('',(123.33125131173,26.759145460327,
    -261.2495178112));
#4986 = CARTESIAN_POINT('',(125.29104774076,27.187631167617,
    -261.2495178112));
#4987 = CARTESIAN_POINT('',(126.21296341736,28.219622993965,
    -261.2495178112));
#4988 = CARTESIAN_POINT('',(121.79089720198,28.006952583965,
    -255.2511021357));
#4989 = CARTESIAN_POINT('',(121.867335886,24.422410400185,
    -255.2511021357));
#4990 = CARTESIAN_POINT('',(128.40136694183,24.827693917248,
    -255.2511021357));
#4991 = CARTESIAN_POINT('',(127.08232081691,28.540609104501,
    -255.2511021357));
#4992 = CARTESIAN_POINT('',(122.5481185913,28.033153533936,-254.));
#4993 = CARTESIAN_POINT('',(122.9468895223,25.628864987624,-254.));
#4994 = CARTESIAN_POINT('',(126.68423206905,25.402048853945,-254.));
#4995 = CARTESIAN_POINT('',(126.83406066894,28.112926483154,-254.));
#4996 = SHELL_BASED_SURFACE_MODEL('',(#4997));
#4997 = OPEN_SHELL('',(#4998));
#4998 = ADVANCED_FACE('',(#4999),#5055,.T.);
#4999 = FACE_BOUND('',#5000,.T.);
#5000 = EDGE_LOOP('',(#5001,#5012,#5030,#5039));
#5001 = ORIENTED_EDGE('',*,*,#5002,.F.);
#5002 = EDGE_CURVE('',#5003,#5005,#5007,.T.);
#5003 = VERTEX_POINT('',#5004);
#5004 = CARTESIAN_POINT('',(47.980129241943,20.412101745605,-234.));
#5005 = VERTEX_POINT('',#5006);
#5006 = CARTESIAN_POINT('',(61.611549377441,18.392225265503,-234.));
#5007 = B_SPLINE_CURVE_WITH_KNOTS('',3,(#5008,#5009,#5010,#5011),
  .UNSPECIFIED.,.F.,.F.,(4,4),(0.,1.),.PIECEWISE_BEZIER_KNOTS.);
#5008 = CARTESIAN_POINT('',(47.980129241943,20.412101745605,-234.));
#5009 = CARTESIAN_POINT('',(49.216371376951,28.87675644961,-234.));
#5010 = CARTESIAN_POINT('',(62.176310059318,26.457422148248,-234.));
#5011 = CARTESIAN_POINT('',(61.611549377441,18.392225265503,-234.));
#5012 = ORIENTED_EDGE('',*,*,#5013,.T.);
#5013 = EDGE_CURVE('',#5003,#5014,#5016,.T.);
#5014 = VERTEX_POINT('',#5015);
#5015 = CARTESIAN_POINT('',(51.575794219971,17.82523727417,-210.));
#5016 = B_SPLINE_CURVE_WITH_KNOTS('',3,(#5017,#5018,#5019,#5020,#5021,
    #5022,#5023,#5024,#5025,#5026,#5027,#5028,#5029),.UNSPECIFIED.,.F.,
  .F.,(4,1,1,1,1,1,1,1,1,1,4),(0.,1.E-01,0.2,0.3,0.4,0.5,0.6,0.7,0.8,0.9
    ,1.),.QUASI_UNIFORM_KNOTS.);
#5017 = CARTESIAN_POINT('',(47.980129241943,20.412101745605,-234.));
#5018 = CARTESIAN_POINT('',(49.109589725346,23.104641008603,-233.2));
#5019 = CARTESIAN_POINT('',(47.026890935127,17.780621340996,-231.6));
#5020 = CARTESIAN_POINT('',(48.327250773231,20.721376576222,-229.2));
#5021 = CARTESIAN_POINT('',(47.078508136001,18.642670012187,-226.8));
#5022 = CARTESIAN_POINT('',(50.508818215027,18.352929440058,-224.4));
#5023 = CARTESIAN_POINT('',(50.278435646247,18.711747774482,-222.));
#5024 = CARTESIAN_POINT('',(50.204763113558,17.654258844338,-219.6));
#5025 = CARTESIAN_POINT('',(49.689469654288,18.480911859565,-217.2));
#5026 = CARTESIAN_POINT('',(53.301690813789,16.758278856379,-214.8));
#5027 = CARTESIAN_POINT('',(50.229442116764,20.765253126461,-212.4));
#5028 = CARTESIAN_POINT('',(53.788329328232,12.676298954601,
    -210.7999999999));
#5029 = CARTESIAN_POINT('',(51.575794219971,17.82523727417,-210.));
#5030 = ORIENTED_EDGE('',*,*,#5031,.T.);
#5031 = EDGE_CURVE('',#5014,#5032,#5034,.T.);
#5032 = VERTEX_POINT('',#5033);
#5033 = CARTESIAN_POINT('',(55.948024749756,17.405332565308,-210.));
#5034 = B_SPLINE_CURVE_WITH_KNOTS('',3,(#5035,#5036,#5037,#5038),
  .UNSPECIFIED.,.F.,.F.,(4,4),(0.,1.),.PIECEWISE_BEZIER_KNOTS.);
#5035 = CARTESIAN_POINT('',(51.575794219971,17.82523727417,-210.));
#5036 = CARTESIAN_POINT('',(51.981748496709,20.393047366704,-210.));
#5037 = CARTESIAN_POINT('',(55.960710655145,19.982556323797,-210.));
#5038 = CARTESIAN_POINT('',(55.948024749756,17.405332565308,-210.));
#5039 = ORIENTED_EDGE('',*,*,#5040,.F.);
#5040 = EDGE_CURVE('',#5005,#5032,#5041,.T.);
#5041 = B_SPLINE_CURVE_WITH_KNOTS('',3,(#5042,#5043,#5044,#5045,#5046,
    #5047,#5048,#5049,#5050,#5051,#5052,#5053,#5054),.UNSPECIFIED.,.F.,
  .F.,(4,1,1,1,1,1,1,1,1,1,4),(0.,1.E-01,0.2,0.3,0.4,0.5,0.6,0.7,0.8,0.9
    ,1.),.QUASI_UNIFORM_KNOTS.);
#5042 = CARTESIAN_POINT('',(61.611549377441,18.392225265503,-234.));
#5043 = CARTESIAN_POINT('',(60.903788478513,17.736483992317,-233.2));
#5044 = CARTESIAN_POINT('',(62.110151478264,18.662062030013,-231.6));
#5045 = CARTESIAN_POINT('',(60.971646314589,18.161982587669,-229.2));
#5046 = CARTESIAN_POINT('',(61.729809927172,18.001789653385,-226.8));
#5047 = CARTESIAN_POINT('',(58.164374980756,18.482339755814,-224.4));
#5048 = CARTESIAN_POINT('',(58.231310999782,17.948214927685,-222.));
#5049 = CARTESIAN_POINT('',(57.996265114354,17.900009578856,-219.6));
#5050 = CARTESIAN_POINT('',(58.33082360024,17.535219108462,-217.2));
#5051 = CARTESIAN_POINT('',(54.034466575593,17.961052910111,-214.8));
#5052 = CARTESIAN_POINT('',(59.083384083682,16.942600449058,-212.4));
#5053 = CARTESIAN_POINT('',(52.312173341091,17.910476549544,
    -210.7999999999));
#5054 = CARTESIAN_POINT('',(55.948024749756,17.405332565308,-210.));
#5055 = B_SPLINE_SURFACE_WITH_KNOTS('',3,3,(
    (#5056,#5057,#5058,#5059)
    ,(#5060,#5061,#5062,#5063)
    ,(#5064,#5065,#5066,#5067)
    ,(#5068,#5069,#5070,#5071)
    ,(#5072,#5073,#5074,#5075)
    ,(#5076,#5077,#5078,#5079)
    ,(#5080,#5081,#5082,#5083)
    ,(#5084,#5085,#5086,#5087)
    ,(#5088,#5089,#5090,#5091)
    ,(#5092,#5093,#5094,#5095)
    ,(#5096,#5097,#5098,#5099)
    ,(#5100,#5101,#5102,#5103)
    ,(#5104,#5105,#5106,#5107
    )),.UNSPECIFIED.,.F.,.F.,.F.,(4,1,1,1,1,1,1,1,1,1,4),(4,4),(0.,
    1.E-01,0.2,0.3,0.4,0.5,0.6,0.7,0.8,0.9,1.),(0.,1.),.UNSPECIFIED.);
#5056 = CARTESIAN_POINT('',(47.980129241943,20.412101745605,-234.));
#5057 = CARTESIAN_POINT('',(49.216371376951,28.87675644961,-234.));
#5058 = CARTESIAN_POINT('',(62.176310059318,26.457422148248,-234.));
#5059 = CARTESIAN_POINT('',(61.611549377441,18.392225265503,-234.));
#5060 = CARTESIAN_POINT('',(49.109589725346,23.104641008603,-233.2));
#5061 = CARTESIAN_POINT('',(53.840946482227,28.04853586606,-233.2));
#5062 = CARTESIAN_POINT('',(63.036487575878,23.768013601685,
    -233.1999999999));
#5063 = CARTESIAN_POINT('',(60.903788478513,17.736483992317,-233.2));
#5064 = CARTESIAN_POINT('',(47.026890935127,17.780621340996,-231.6));
#5065 = CARTESIAN_POINT('',(44.623660204877,29.52781486764,
    -231.5999999999));
#5066 = CARTESIAN_POINT('',(61.652873332736,28.623382051338,-231.6));
#5067 = CARTESIAN_POINT('',(62.110151478264,18.662062030013,-231.6));
#5068 = CARTESIAN_POINT('',(48.327250773231,20.721376576222,-229.2));
#5069 = CARTESIAN_POINT('',(50.633378430017,27.603458087965,-229.2));
#5070 = CARTESIAN_POINT('',(61.932248125171,25.410993537592,
    -229.1999999999));
#5071 = CARTESIAN_POINT('',(60.971646314589,18.161982587669,-229.2));
#5072 = CARTESIAN_POINT('',(47.078508136001,18.642670012187,-226.8));
#5073 = CARTESIAN_POINT('',(46.372387985021,29.21217855842,
    -226.7999999999));
#5074 = CARTESIAN_POINT('',(61.949362168041,27.30411642078,-226.8));
#5075 = CARTESIAN_POINT('',(61.729809927172,18.001789653385,-226.8));
#5076 = CARTESIAN_POINT('',(50.508818215027,18.352929440058,-224.4));
#5077 = CARTESIAN_POINT('',(50.82505892847,22.444821099634,-224.4));
#5078 = CARTESIAN_POINT('',(58.737890922389,23.542830658167,
    -224.3999999999));
#5079 = CARTESIAN_POINT('',(58.164374980756,18.482339755814,-224.4));
#5080 = CARTESIAN_POINT('',(50.278435646247,18.711747774482,-222.));
#5081 = CARTESIAN_POINT('',(50.830360366145,23.869930569755,
    -221.9999999999));
#5082 = CARTESIAN_POINT('',(58.414026958461,22.784309706535,-222.));
#5083 = CARTESIAN_POINT('',(58.231310999782,17.948214927685,-222.));
#5084 = CARTESIAN_POINT('',(50.204763113558,17.654258844338,-219.6));
#5085 = CARTESIAN_POINT('',(49.790357255306,22.821241733139,-219.6));
#5086 = CARTESIAN_POINT('',(57.982966268168,22.895216484097,-219.6));
#5087 = CARTESIAN_POINT('',(57.996265114354,17.900009578856,-219.6));
#5088 = CARTESIAN_POINT('',(49.689469654288,18.480911859565,-217.2));
#5089 = CARTESIAN_POINT('',(50.178510933667,23.982268516853,
    -217.1999999999));
#5090 = CARTESIAN_POINT('',(58.578680885451,22.539832749186,-217.2));
#5091 = CARTESIAN_POINT('',(58.33082360024,17.535219108462,-217.2));
#5092 = CARTESIAN_POINT('',(53.301690813789,16.758278856379,-214.8));
#5093 = CARTESIAN_POINT('',(53.457783671259,16.793080627354,-214.8));
#5094 = CARTESIAN_POINT('',(53.349313184671,18.732601941622,-214.8));
#5095 = CARTESIAN_POINT('',(54.034466575593,17.961052910111,-214.8));
#5096 = CARTESIAN_POINT('',(50.229442116764,20.765253126461,-212.4));
#5097 = CARTESIAN_POINT('',(52.415089704678,25.688444591459,
    -212.3999999999));
#5098 = CARTESIAN_POINT('',(60.087874399685,21.388417643379,
    -212.3999999999));
#5099 = CARTESIAN_POINT('',(59.083384083682,16.942600449058,-212.4));
#5100 = CARTESIAN_POINT('',(53.788329328232,12.676298954601,
    -210.7999999999));
#5101 = CARTESIAN_POINT('',(49.392761273395,13.657423334166,-210.8));
#5102 = CARTESIAN_POINT('',(51.588299067661,19.321814198836,-210.8));
#5103 = CARTESIAN_POINT('',(52.312173341091,17.910476549544,
    -210.7999999999));
#5104 = CARTESIAN_POINT('',(51.575794219971,17.82523727417,-210.));
#5105 = CARTESIAN_POINT('',(51.981748496709,20.393047366704,-210.));
#5106 = CARTESIAN_POINT('',(55.960710655145,19.982556323797,-210.));
#5107 = CARTESIAN_POINT('',(55.948024749756,17.405332565308,-210.));
#5108 = SHELL_BASED_SURFACE_MODEL('',(#5109));
#5109 = OPEN_SHELL('',(#5110));
#5110 = ADVANCED_FACE('',(#5111),#5173,.T.);
#5111 = FACE_BOUND('',#5112,.T.);
#5112 = EDGE_LOOP('',(#5113,#5128,#5145,#5158));
#5113 = ORIENTED_EDGE('',*,*,#5114,.F.);
#5114 = EDGE_CURVE('',#5115,#5117,#5119,.T.);
#5115 = VERTEX_POINT('',#5116);
#5116 = CARTESIAN_POINT('',(47.980129241943,20.412101745605,-234.));
#5117 = VERTEX_POINT('',#5118);
#5118 = CARTESIAN_POINT('',(61.611549377441,18.392225265503,-234.));
#5119 = B_SPLINE_CURVE_WITH_KNOTS('',3,(#5120,#5121,#5122,#5123,#5124,
    #5125,#5126,#5127),.UNSPECIFIED.,.F.,.F.,(4,1,1,1,1,4),(0.,0.2,0.4,
    0.6,0.8,1.),.QUASI_UNIFORM_KNOTS.);
#5120 = CARTESIAN_POINT('',(47.980129241943,20.412101745605,-234.));
#5121 = CARTESIAN_POINT('',(47.783147109035,18.758094183883,-234.));
#5122 = CARTESIAN_POINT('',(49.695680192864,16.705926068158,
    -233.9999999999));
#5123 = CARTESIAN_POINT('',(53.819603079684,15.556757279826,-234.));
#5124 = CARTESIAN_POINT('',(56.477373847225,11.2966397594,
    -233.9999999999));
#5125 = CARTESIAN_POINT('',(61.097122594153,14.288261959193,-234.));
#5126 = CARTESIAN_POINT('',(61.426751988105,16.923678357762,-234.));
#5127 = CARTESIAN_POINT('',(61.611549377441,18.392225265503,-234.));
#5128 = ORIENTED_EDGE('',*,*,#5129,.T.);
#5129 = EDGE_CURVE('',#5115,#5130,#5132,.T.);
#5130 = VERTEX_POINT('',#5131);
#5131 = CARTESIAN_POINT('',(51.575794219971,17.82523727417,-210.));
#5132 = B_SPLINE_CURVE_WITH_KNOTS('',3,(#5133,#5134,#5135,#5136,#5137,
    #5138,#5139,#5140,#5141,#5142,#5143,#5144),.UNSPECIFIED.,.F.,.F.,(4,
    1,1,1,1,1,1,1,1,4),(0.,0.111111111111,0.222222222222,0.333333333333,
    0.444444444444,0.555555555556,0.666666666667,0.777777777778,
    0.888888888889,1.),.UNSPECIFIED.);
#5133 = CARTESIAN_POINT('',(47.980129241943,20.412101745605,-234.));
#5134 = CARTESIAN_POINT('',(47.707765074407,21.916293126844,
    -233.6167523772));
#5135 = CARTESIAN_POINT('',(48.329792607906,18.264218749975,
    -230.7334456378));
#5136 = CARTESIAN_POINT('',(47.251194080586,20.741958204606,
    -229.284697688));
#5137 = CARTESIAN_POINT('',(48.543083151965,17.780893336517,
    -224.9777956325));
#5138 = CARTESIAN_POINT('',(50.449494122309,18.881125318402,
    -224.6897749182));
#5139 = CARTESIAN_POINT('',(50.335624400144,17.959575662124,
    -220.2355419322));
#5140 = CARTESIAN_POINT('',(49.559276305988,18.24717808361,
    -217.7089124241));
#5141 = CARTESIAN_POINT('',(52.281541021362,17.189254514613,
    -215.6529937927));
#5142 = CARTESIAN_POINT('',(51.823104844405,19.613094121767,
    -212.3479773482));
#5143 = CARTESIAN_POINT('',(51.955264805585,14.831825860401,
    -211.1593606505));
#5144 = CARTESIAN_POINT('',(51.575794219971,17.82523727417,-210.));
#5145 = ORIENTED_EDGE('',*,*,#5146,.T.);
#5146 = EDGE_CURVE('',#5130,#5147,#5149,.T.);
#5147 = VERTEX_POINT('',#5148);
#5148 = CARTESIAN_POINT('',(55.948024749756,17.405332565308,-210.));
#5149 = B_SPLINE_CURVE_WITH_KNOTS('',3,(#5150,#5151,#5152,#5153,#5154,
    #5155,#5156,#5157),.UNSPECIFIED.,.F.,.F.,(4,1,1,1,1,4),(0.,0.2,0.4,
    0.6,0.8,1.),.QUASI_UNIFORM_KNOTS.);
#5150 = CARTESIAN_POINT('',(51.575794219971,17.82523727417,-210.));
#5151 = CARTESIAN_POINT('',(51.632167086186,17.340259166499,-210.));
#5152 = CARTESIAN_POINT('',(51.894011414477,16.493830209495,
    -209.9999999999));
#5153 = CARTESIAN_POINT('',(52.961468984649,15.467760687202,-210.));
#5154 = CARTESIAN_POINT('',(54.366924446403,15.208578054357,-210.));
#5155 = CARTESIAN_POINT('',(55.641512879044,16.032340930937,-210.));
#5156 = CARTESIAN_POINT('',(55.93790294363,16.93977401748,-210.));
#5157 = CARTESIAN_POINT('',(55.948024749756,17.405332565308,-210.));
#5158 = ORIENTED_EDGE('',*,*,#5159,.F.);
#5159 = EDGE_CURVE('',#5117,#5147,#5160,.T.);
#5160 = B_SPLINE_CURVE_WITH_KNOTS('',3,(#5161,#5162,#5163,#5164,#5165,
    #5166,#5167,#5168,#5169,#5170,#5171,#5172),.UNSPECIFIED.,.F.,.F.,(4,
    1,1,1,1,1,1,1,1,4),(0.,0.111111111111,0.222222222222,0.333333333333,
    0.444444444444,0.555555555556,0.666666666667,0.777777777778,
    0.888888888889,1.),.UNSPECIFIED.);
#5161 = CARTESIAN_POINT('',(61.611549377441,18.392225265503,-234.));
#5162 = CARTESIAN_POINT('',(62.158373867514,17.770248492377,
    -233.6167523772));
#5163 = CARTESIAN_POINT('',(60.823845934926,18.780180423091,
    -230.7334456378));
#5164 = CARTESIAN_POINT('',(62.023369886527,17.941980309309,
    -229.284697688));
#5165 = CARTESIAN_POINT('',(60.052018706315,18.253021121549,
    -224.9777956325));
#5166 = CARTESIAN_POINT('',(58.309016809733,18.388697879147,
    -224.6897749182));
#5167 = CARTESIAN_POINT('',(57.942430786726,17.854314488411,
    -220.2355419322));
#5168 = CARTESIAN_POINT('',(58.543111624005,17.628909433341,
    -217.7089124241));
#5169 = CARTESIAN_POINT('',(55.119151373488,17.836647761413,
    -215.6529937927));
#5170 = CARTESIAN_POINT('',(57.03044166207,17.293818321047,
    -212.3479773482));
#5171 = CARTESIAN_POINT('',(55.012215151379,17.478685256805,
    -211.1593606505));
#5172 = CARTESIAN_POINT('',(55.948024749756,17.405332565308,-210.));
#5173 = B_SPLINE_SURFACE_WITH_KNOTS('',3,3,(
    (#5174,#5175,#5176,#5177,#5178,#5179,#5180,#5181)
    ,(#5182,#5183,#5184,#5185,#5186,#5187,#5188,#5189)
    ,(#5190,#5191,#5192,#5193,#5194,#5195,#5196,#5197)
    ,(#5198,#5199,#5200,#5201,#5202,#5203,#5204,#5205)
    ,(#5206,#5207,#5208,#5209,#5210,#5211,#5212,#5213)
    ,(#5214,#5215,#5216,#5217,#5218,#5219,#5220,#5221)
    ,(#5222,#5223,#5224,#5225,#5226,#5227,#5228,#5229)
    ,(#5230,#5231,#5232,#5233,#5234,#5235,#5236,#5237)
    ,(#5238,#5239,#5240,#5241,#5242,#5243,#5244,#5245)
    ,(#5246,#5247,#5248,#5249,#5250,#5251,#5252,#5253)
    ,(#5254,#5255,#5256,#5257,#5258,#5259,#5260,#5261)
    ,(#5262,#5263,#5264,#5265,#5266,#5267,#5268,#5269
  )),.UNSPECIFIED.,.F.,.F.,.F.,(4,1,1,1,1,1,1,1,1,4),(4,1,1,1,1,4),(0.,
    0.111111111111,0.222222222222,0.333333333333,0.444444444444,
    0.555555555556,0.666666666667,0.777777777778,0.888888888889,1.),(0.,
    0.2,0.4,0.6,0.8,1.),.UNSPECIFIED.);
#5174 = CARTESIAN_POINT('',(47.980129241943,20.412101745605,-234.));
#5175 = CARTESIAN_POINT('',(47.783147109035,18.758094183883,-234.));
#5176 = CARTESIAN_POINT('',(49.695680192864,16.705926068158,
    -233.9999999999));
#5177 = CARTESIAN_POINT('',(53.819603079684,15.556757279826,-234.));
#5178 = CARTESIAN_POINT('',(56.477373847225,11.2966397594,
    -233.9999999999));
#5179 = CARTESIAN_POINT('',(61.097122594153,14.288261959193,-234.));
#5180 = CARTESIAN_POINT('',(61.426751988105,16.923678357762,-234.));
#5181 = CARTESIAN_POINT('',(61.611549377441,18.392225265503,-234.));
#5182 = CARTESIAN_POINT('',(47.707765074407,21.916293126844,
    -233.6167523772));
#5183 = CARTESIAN_POINT('',(47.790513354604,20.629582232004,
    -233.6167523772));
#5184 = CARTESIAN_POINT('',(48.273553175629,16.751025648646,
    -233.6167523772));
#5185 = CARTESIAN_POINT('',(52.68401143922,15.068792574477,
    -233.6167523772));
#5186 = CARTESIAN_POINT('',(56.02392498442,10.071909770123,
    -233.6167523772));
#5187 = CARTESIAN_POINT('',(61.146492018507,13.606781540358,
    -233.6167523772));
#5188 = CARTESIAN_POINT('',(61.978894255603,16.022384912701,
    -233.6167523772));
#5189 = CARTESIAN_POINT('',(62.158373867514,17.770248492377,
    -233.6167523772));
#5190 = CARTESIAN_POINT('',(48.329792607906,18.264218749975,
    -230.7334456378));
#5191 = CARTESIAN_POINT('',(48.420285627308,16.798075511817,
    -230.7334456378));
#5192 = CARTESIAN_POINT('',(52.53181425609,16.721179657743,
    -230.7334456378));
#5193 = CARTESIAN_POINT('',(53.458854864101,12.504437428128,
    -230.7334456378));
#5194 = CARTESIAN_POINT('',(57.395467231852,12.055431893694,
    -230.7334456378));
#5195 = CARTESIAN_POINT('',(60.329811192694,15.218497438905,
    -230.7334456378));
#5196 = CARTESIAN_POINT('',(60.799470876605,17.467137359746,
    -230.7334456378));
#5197 = CARTESIAN_POINT('',(60.823845934926,18.780180423091,
    -230.7334456378));
#5198 = CARTESIAN_POINT('',(47.251194080586,20.741958204606,
    -229.284697688));
#5199 = CARTESIAN_POINT('',(47.559308306914,19.150395745001,
    -229.284697688));
#5200 = CARTESIAN_POINT('',(48.653108018851,16.154244498148,
    -229.284697688));
#5201 = CARTESIAN_POINT('',(51.482594878303,11.854392143621,
    -229.284697688));
#5202 = CARTESIAN_POINT('',(56.56688382081,9.74066484582,-229.284697688)
  );
#5203 = CARTESIAN_POINT('',(60.907606509113,13.301763916228,
    -229.284697688));
#5204 = CARTESIAN_POINT('',(61.981499004525,16.203177900164,
    -229.284697688));
#5205 = CARTESIAN_POINT('',(62.023369886527,17.941980309309,
    -229.284697688));
#5206 = CARTESIAN_POINT('',(48.543083151965,17.780893336517,
    -224.9777956325));
#5207 = CARTESIAN_POINT('',(47.947126896739,16.345210317236,
    -224.9777956325));
#5208 = CARTESIAN_POINT('',(49.995004519889,14.687877545412,
    -224.9777956325));
#5209 = CARTESIAN_POINT('',(51.899616383725,11.578044717489,
    -224.9777956325));
#5210 = CARTESIAN_POINT('',(56.392534964105,12.726561227448,
    -224.9777956325));
#5211 = CARTESIAN_POINT('',(59.053894729037,14.416731020387,
    -224.9777956325));
#5212 = CARTESIAN_POINT('',(60.122009375482,17.150527080547,
    -224.9777956325));
#5213 = CARTESIAN_POINT('',(60.052018706315,18.253021121549,
    -224.9777956325));
#5214 = CARTESIAN_POINT('',(50.449494122309,18.881125318402,
    -224.6897749182));
#5215 = CARTESIAN_POINT('',(51.105682090166,18.229057739644,
    -224.6897749182));
#5216 = CARTESIAN_POINT('',(51.022363999355,16.346864316834,
    -224.6897749182));
#5217 = CARTESIAN_POINT('',(53.148452296119,14.599043250456,
    -224.6897749182));
#5218 = CARTESIAN_POINT('',(55.637049315712,14.451341304046,
    -224.6897749182));
#5219 = CARTESIAN_POINT('',(58.052915934698,15.735147065961,
    -224.6897749182));
#5220 = CARTESIAN_POINT('',(58.229645134835,17.607353972518,
    -224.6897749182));
#5221 = CARTESIAN_POINT('',(58.309016809733,18.388697879147,
    -224.6897749182));
#5222 = CARTESIAN_POINT('',(50.335624400144,17.959575662124,
    -220.2355419322));
#5223 = CARTESIAN_POINT('',(50.501778593964,17.204598855049,
    -220.2355419322));
#5224 = CARTESIAN_POINT('',(50.818986565245,15.343796797715,
    -220.2355419322));
#5225 = CARTESIAN_POINT('',(52.669244428748,13.738107175872,
    -220.2355419322));
#5226 = CARTESIAN_POINT('',(55.550334651909,13.659393118087,
    -220.2355419322));
#5227 = CARTESIAN_POINT('',(57.468391432226,15.246222993282,
    -220.2355419322));
#5228 = CARTESIAN_POINT('',(57.938426491294,17.069060948001,
    -220.2355419322));
#5229 = CARTESIAN_POINT('',(57.942430786726,17.854314488411,
    -220.2355419322));
#5230 = CARTESIAN_POINT('',(49.559276305988,18.24717808361,
    -217.7089124241));
#5231 = CARTESIAN_POINT('',(49.943329648076,17.443933952709,
    -217.7089124241));
#5232 = CARTESIAN_POINT('',(51.177617516717,16.025946813097,
    -217.7089124241));
#5233 = CARTESIAN_POINT('',(52.614165620309,13.701901210211,
    -217.7089124241));
#5234 = CARTESIAN_POINT('',(55.687060068403,13.143964285531,
    -217.7089124241));
#5235 = CARTESIAN_POINT('',(57.831159360308,14.914547602533,
    -217.7089124241));
#5236 = CARTESIAN_POINT('',(58.339833484186,16.800552646109,
    -217.7089124241));
#5237 = CARTESIAN_POINT('',(58.543111624005,17.628909433341,
    -217.7089124241));
#5238 = CARTESIAN_POINT('',(52.281541021362,17.189254514613,
    -215.6529937927));
#5239 = CARTESIAN_POINT('',(52.386038681349,16.893480734585,
    -215.6529937927));
#5240 = CARTESIAN_POINT('',(52.205270702224,15.876332302741,
    -215.6529937927));
#5241 = CARTESIAN_POINT('',(53.766573760299,15.959949145952,
    -215.6529937927));
#5242 = CARTESIAN_POINT('',(54.666149768455,15.572653975208,
    -215.6529937927));
#5243 = CARTESIAN_POINT('',(55.447324627719,16.765921894841,
    -215.6529937927));
#5244 = CARTESIAN_POINT('',(55.06359393383,17.475734286458,
    -215.6529937927));
#5245 = CARTESIAN_POINT('',(55.119151373488,17.836647761413,
    -215.6529937927));
#5246 = CARTESIAN_POINT('',(51.823104844405,19.613094121767,
    -212.3479773482));
#5247 = CARTESIAN_POINT('',(52.273321044809,19.060552017643,
    -212.3479773482));
#5248 = CARTESIAN_POINT('',(52.047822652233,18.047012780448,
    -212.3479773482));
#5249 = CARTESIAN_POINT('',(51.769516455108,15.58697737678,
    -212.3479773482));
#5250 = CARTESIAN_POINT('',(54.145926239538,15.386810800644,
    -212.3479773482));
#5251 = CARTESIAN_POINT('',(55.794548202167,15.541837969534,
    -212.3479773482));
#5252 = CARTESIAN_POINT('',(57.144762314559,16.729323957166,
    -212.3479773482));
#5253 = CARTESIAN_POINT('',(57.03044166207,17.293818321047,
    -212.3479773482));
#5254 = CARTESIAN_POINT('',(51.955264805585,14.831825860401,
    -211.1593606505));
#5255 = CARTESIAN_POINT('',(51.611026864062,14.559538043949,
    -211.1593606505));
#5256 = CARTESIAN_POINT('',(52.693886499596,14.273906454743,
    -211.1593606505));
#5257 = CARTESIAN_POINT('',(54.765002792655,15.001095935673,
    -211.1593606505));
#5258 = CARTESIAN_POINT('',(55.029876335356,15.813512397027,
    -211.1593606505));
#5259 = CARTESIAN_POINT('',(55.264224924857,16.949822072258,
    -211.1593606505));
#5260 = CARTESIAN_POINT('',(54.890502263792,17.247617523368,
    -211.1593606505));
#5261 = CARTESIAN_POINT('',(55.012215151379,17.478685256805,
    -211.1593606505));
#5262 = CARTESIAN_POINT('',(51.575794219971,17.82523727417,-210.));
#5263 = CARTESIAN_POINT('',(51.632167086186,17.340259166499,-210.));
#5264 = CARTESIAN_POINT('',(51.894011414477,16.493830209495,
    -209.9999999999));
#5265 = CARTESIAN_POINT('',(52.961468984649,15.467760687202,-210.));
#5266 = CARTESIAN_POINT('',(54.366924446403,15.208578054357,-210.));
#5267 = CARTESIAN_POINT('',(55.641512879044,16.032340930937,-210.));
#5268 = CARTESIAN_POINT('',(55.93790294363,16.93977401748,-210.));
#5269 = CARTESIAN_POINT('',(55.948024749756,17.405332565308,-210.));
#5270 = ( GEOMETRIC_REPRESENTATION_CONTEXT(3) 
GLOBAL_UNCERTAINTY_ASSIGNED_CONTEXT((#5274)) 
GLOBAL_UNIT_ASSIGNED_CONTEXT((#5271,#5272,#5273)) REPRESENTATION_CONTEXT
('Context #1','3D Context with UNIT and UNCERTAINTY') );
#5271 = ( LENGTH_UNIT() NAMED_UNIT(*) SI_UNIT(.MILLI.,.METRE.) );
#5272 = ( NAMED_UNIT(*) PLANE_ANGLE_UNIT() SI_UNIT($,.RADIAN.) );
#5273 = ( NAMED_UNIT(*) SI_UNIT($,.STERADIAN.) SOLID_ANGLE_UNIT() );
#5274 = UNCERTAINTY_MEASURE_WITH_UNIT(LENGTH_MEASURE(1.E-07),#5271,
  'distance_accuracy_value','confusion accuracy');
#5275 = PRODUCT_RELATED_PRODUCT_CATEGORY('part',$,(#7));
ENDSEC;
END-ISO-10303-21;
