DBRep_DrawableShape

CASCADE Topology V3, (c) Open Cascade
Locations 0
Curve2ds 202
1 0 5.5693552164787743 1 0 
1 0 4.3373681350026168e-16 1 0 
7 0 0  4 8 3  0.34968378120604643 0.81482214444188028  0.35064682486964882 0.8159374585881719  0.35068317199411231 0.81705156072528751  0.35053020954017955 0.81791381984015155  0.35278950062632514 0.82105390513498755  0.35440610393647015 0.82207386084433298  0.35460951289337844 0.82183187912180444  0.35591172612987154 0.82399824118908349 
 0 5 0.46840969786384257 3 1 5
7 0 0  4 8 3  6.1225453686859437 0  6.0078001257906006 0.35277390777469125  5.9736226247123296 0.66064571207326916  5.9545944781967917 1.3695521924952017  5.578579979370776 1.6389286390148725  5.4180594118470982 0.6542389147178912  5.4398145912214444 0.46067276018291392  5.2999873500986867 0 
 0 5 0.46840969786384257 3 1 5
7 0 0  4 5 2  0.3569223670941124 0.8271502486747625  0.35707305109577814 0.8288593944220487  0.35676845251059397 0.83013063984307389  0.35695029293530789 0.83152290734656686  0.35695597577480459 0.83271747662710471 
 0 5 1 5
7 0 0  4 5 2  5.0770523163160606 0  4.9253282304501385 0.28768237584065937  4.7264873832553818 0.79995877298923945  4.4924724962652576 0.3474047427626783  4.3570576783219384 0 
 0 5 1 5
7 0 0  5 10 3  0.35615212145395064 0.83667921628854236  0.35565193300432757 0.83803072679617796  0.3552348981817533 0.8389899096469432  0.35467272133993416 0.84054585397333026  0.35403150676539791 0.84236896386274607  0.35242853359764309 0.84744651974265617  0.35240921972858913 0.84766967856780373  0.35189388899699336 0.84946674729959504  0.35124668225014904 0.85064802494211311  0.35018551103352868 0.85098434279661228 
 0 6 0.49351223725859539 4 1 6
7 0 0  5 10 3  4.1708138832172148 0  4.1636057697827082 0.37254492759281554  4.1688353147160822 0.73737268687770496  4.1450281632780168 1.1137945879478237  4.0842289882935265 1.4740771213926798  3.8659556820631344 2.0233696971486475  3.8480074556598041 1.9467630754522276  3.7698172962919569 2.0359511354116968  3.7331001271631798 2.5352107762497988  3.6701671281192718 3.4811509341466165 
 0 6 0.49351223725859539 4 1 6
1 0 3.4811509341466058 1 0 
1 0 0 1 0 
1 6.2831853071795862 0 0 1 
1 0 0 0 1 
7 0 0  4 8 3  0.3471950638653673 0.82302349972960387  0.34748531868679911 0.82261841604171815  0.34770746058805274 0.8222362484989163  0.34783061666233778 0.82197609405007999  0.34833141257060268 0.82076838077785508  0.34824323073449964 0.82023305454927287  0.34816162469213541 0.81966714400408569  0.34800944220903191 0.81915653276607658 
 0 5 0.19656630295791805 3 1 5
7 0 0  4 8 3  6.2831853071795862 3.2926922476125786  6.2419659098947253 3.2917219838890981  6.2119385849503299 3.2246237514687373  6.1977327873754016 3.1585899512921904  6.1442535065237518 2.808383097106566  6.177988105842517 2.4900166683741038  6.200865420895405 2.2198416709886892  6.2301427770354589 1.928291033343686 
 0 5 0.19656630295791805 3 1 5
7 0 0  1 2 2  0.34800944220903191 0.81915653276607658  0.34769563750003196 0.81823069107509594 
 0 2 1 2
7 0 0  1 2 2  6.2301427770354589 1.928291033343686  6.2831853071795862 1.3757371153110203 
 0 2 1 2
1 0 4.9815725899554675 1 0 
1 0 0 1 0 
7 0 0  6 7 2  0.3566585569142397 0.81440233387059768  0.35622307412289361 0.81435175665804049  0.35508404946976041 0.81409918695385342  0.3533796354628399 0.81462437639819552  0.35236318627875529 0.81323701423504968  0.34967332753600239 0.81483269550961657  0.3496297775795667 0.8148515207562268 
 0 7 1 7
7 0 0  6 7 2  5.4168221324955699 -0.020000400000000002  5.4681660454141596 0.36632066225489668  5.6032579584605546 1.4651018453023228  5.7637215268611186 2.8756227779898733  5.8872641794416092 4.4612756031944931  6.1229418472851576 5.5717043768262933  6.1269655090221065 5.5893556164787741 
 0 7 1 7
1 6.2831853071795862 0 0 1 
1 0 0 0 1 
7 0 0  8 16 3  0.34873134458887417 0.80978204208631688  0.34878864141206622 0.80982729436876855  0.348871533091269 0.80988827000481578  0.34897567408368102 0.80995437597810016  0.34910109632346942 0.81001676977723391  0.34923915921739529 0.81005721988961066  0.34937641014219323 0.81006182784254943  0.3494992047968451 0.81003804183828276  0.35036007339692865 0.80978461118848055  0.35018866763242501 0.80895269284603877  0.35110477126817841 0.80858687967803211  0.35039701400776985 0.8075241307937947  0.35108983767232926 0.8072461190964364  0.35082420202332387 0.80635251110599426  0.35093183760578672 0.80577677484059163  0.35074168237651648 0.80471156570498992 
 0 9 0.097264514043564912 7 1 9
7 0 0  8 16 3  6.2831853071795862 3.1029826018653957  6.2769861012685482 3.1291272492815683  6.2680829017962054 3.16343021918513  6.2570482527181319 3.1985416271089764  6.2440088867417307 3.2272487082544625  6.230060343022136 3.2367647798878014  6.2166992712061271 3.2195202812859955  6.205139204816799 3.1847503173867504  6.125319571505691 2.8806601218941523  6.1548661598808305 2.3347283897414117  6.064638446670287 2.0413283667191315  6.1640488288092188 1.4205948468206062  6.0805121459390321 1.2413036687503585  6.1337584991825986 0.75437755780773941  6.126244669123559 0.42641572375367987  6.158451373329612 -0.020000400000000002 
 0 9 0.097264514043564912 7 1 9
7 0 0  3 5 3  0.34720995941225485 0.81582405129823865  0.34706601524475988 0.81587746115701765  0.34668310675429426 0.81601967358440664  0.34638252290768995 0.81613458768580327  0.34619405479429255 0.81620902213385338 
 0 4 0.34655412198210717 1 1 4
7 0 0  3 5 3  0.073176624872953511 5.5893556164787741  0.087056603670293956 5.528239880430319  0.12415718700314569 5.3380068335257391  0.15361320281025423 5.1436649296505861  0.1721773700641851 5.0120412687103055 
 0 4 0.34655412198210717 1 1 4
7 0 0  8 135 20  0.34619405479429266 0.81620902213385349  0.34585538599491994 0.81634277751930662  0.34555038302152419 0.81646993582271477  0.34526872754109289 0.81659448281723679  0.34500215721895539 0.81672028411147934  0.34474446571878298 0.81685108514949867  0.34449150270258883 0.81699051121079946  0.34424117383072805 0.81714206741033402  0.34390930067098696 0.81736588281200351  0.34349396161626161 0.81768374616503958  0.34297375442752326 0.8181358213280614  0.34250575634546876 0.8186226406920879  0.34217779102169071 0.81907217646870556  0.34200842851867636 0.81943984069007114  0.3419469853098086 0.81970848520891015  0.34184313237595809 0.81996283578337237  0.34178340781254923 0.82011228475685982  0.34171231873637481 0.82030382134026869  0.34164756563075094 0.82051207135870008  0.34159691839176037 0.820708572352013  0.34156061898463025 0.82086731564751447  0.34153747705595461 0.82097402683990328  0.34119205943957981 0.82260101589743939  0.3415206175909119 0.82225823220869276  0.34123737813332689 0.82370422922767195  0.34129726110069125 0.82415122481081515  0.34150660734920973 0.82412009248469942  0.34137608098517469 0.82505872065477415  0.34146778780951165 0.82543291391202622  0.34151939051607438 0.82625939035460472  0.34147450494653259 0.82669415074975927  0.34145522090387542 0.82703399027939206  0.34150061459920611 0.82719690129819434  0.34159880280029292 0.82723545723204894  0.34168694283156786 0.82733681257803138  0.34165123257412761 0.82782270290440996  0.34131529639902147 0.82919695585613507  0.34129928201791232 0.82926168592313521  0.34127882151446909 0.8293398706689471  0.34125445574383217 0.82942711887443665  0.34122731222421798 0.8295184124840338  0.34119910513691942 0.82960810660573248  0.34117213532630547 0.82968992951109111  0.34113545343987189 0.82979759561891986  0.34104598294919902 0.83003476332803483  0.34092632366891201 0.8303411088950905  0.34080485832020835 0.83063466095030292  0.34069290750437264 0.83087885362159197  0.3405847297027772 0.83108252653458048  0.34045752127688217 0.83129992481259574  0.33926312397841873 0.83342279251430496  0.3387736793653352 0.83407421139197391  0.3382044552061565 0.83522153883107286  0.33729533487796648 0.83717567098181811  0.33655803861824124 0.83888592077827817  0.33620944397640407 0.83984511876479584  0.33561197177097912 0.84111202980402322  0.33514865580085929 0.84294106020333115  0.33507136186040465 0.84328414320597422  0.33500724156922995 0.8436498523357584  0.33496410330652826 0.84403062339648249  0.33494654910695454 0.84441812914469527  0.33495597466062488 0.84480327928969423  0.3349905693131166 0.84517622049352681  0.33506563806475975 0.84565629941551768  0.33518089075156765 0.84665870575027546  0.33579957755102219 0.84840838427069121  0.33602358724554449 0.84798845430839598  0.33773063957938576 0.85132395826111262  0.33787756492868876 0.85020533968042522  0.33926891258045777 0.85283626564482073  0.34018117307790496 0.85456070951593355  0.34052403863833253 0.85577558483736638  0.34066977040589724 0.85675301180818186  0.34069334126359846 0.85734824336880811  0.3406793765263092 0.85756063334921417  0.34069928814344647 0.85760064313828055  0.34074019732411925 0.85782313198834426  0.34068442584460013 0.85900453677233257  0.34065575145567645 0.85941223899631969  0.34061238443397907 0.85979073504664993  0.34055589788272139 0.86014392780228754  0.34049551995118688 0.86049152297012343  0.34044813383472922 0.86086902908497576  0.34043827777477215 0.86132775750959067  0.34050957552395744 0.86205072938749194  0.34052356754577234 0.86213517550134888  0.34052909276389226 0.86220347439160816  0.34054361262997895 0.86230171822491242  0.34057524590546806 0.86244906496006768  0.34061654003555236 0.86262835706636765  0.34066984639940273 0.86282507171932743  0.34119276251043396 0.86395111765545174  0.34168868576662886 0.86433260576216442  0.34245546869897281 0.8649089569621955  0.34274756582387433 0.86495578443906762  0.34320714510103556 0.86517651593373845  0.34393151778334052 0.86578021781850423  0.34357422805116244 0.86537034753580155  0.34510100401826144 0.86642779963820427  0.3455207946884179 0.86674324453627527  0.3458772954342263 0.86708160730795247  0.34614973893111395 0.86740418228664007  0.34635635226552636 0.86768335309015476  0.34651717946622668 0.86790782838140323  0.3466447321938147 0.86808767606005077  0.34720079596702996 0.86889756767320325  0.34731256151401169 0.86908064181626254  0.3473976286732961 0.86920906409262044  0.34759222432617837 0.86945190515798132  0.34791519035663454 0.86979586710803836  0.34831423521658894 0.87009453004102644  0.34871218549118188 0.87011759862026761  0.34909939833450565 0.86953011256138524  0.34913335130246037 0.86946326308991373  0.34915804233464748 0.86940335731809082  0.34917605307440841 0.86935205589792452  0.34918960084168055 0.86930892303764806  0.34920053863299716 0.86927142650171729  0.34921035512148757 0.86923493761081339  0.34922838427864072 0.86915744461049249  0.34926493324874297 0.86887405721165445  0.34928274980054486 0.86846155477787523  0.3492553328791706 0.86801230806588225  0.34917675214150529 0.86759207285658269  0.3490616479561961 0.86723998995506146  0.34894523140365202 0.8669685851905834  0.3486971449931357 0.86614833714763928  0.34850052592367203 0.86573173959390781  0.34849415304724995 0.8647059632440407  0.34799404613298979 0.8646723169695133  0.34837687442533288 0.86324109044880848  0.348133937062786 0.86280537144556746  0.34830118590653525 0.86186724266636316  0.34864986108006962 0.86074875351784663 
 0 9 0.1105010215199838 7 0.14803160248074712 7 0.16355855308966807 7 0.62727357741156131 7 0.91007503882776652 7 0.92020223939158641 7 0.92633611960313778 7 0.95956871254743836 7 0.96644727088190618 7 0.96900059234103453 7 0.98075928717040917 7 0.98736633220044567 7 0.98862781581641135 7 0.99227250702712866 7 0.9933901644825871 7 0.99755115364843405 7 0.99811433726029475 7 0.99858518687321574 7 1 9
7 0 0  8 135 20  0.17217737006418529 5.0120412687103055  0.20553635117726538 4.7755194167316475  0.23583812677394012 4.5354350834948294  0.26405125505622556 4.2931160129569363  0.29095215585698109 4.0495710995959557  0.31712511063991056 3.8054903884107718  0.34296226249956152 3.5612450749211684  0.36866361616132548 3.3168875051678333  0.40292279821117083 2.9890288977431383  0.44628981431664833 2.5735216657881326  0.50040247654103287 2.0709906963173479  0.54869153991430819 1.6478040362793527  0.58195412425327875 1.3913365631012711  0.59835371416157035 1.3099699846887811  0.60342015902962953 1.333092839426117  0.61279240000252611 1.3020019419124029  0.6181380831871327 1.2856547086403318  0.62432226469396079 1.2727147345262095  0.62947492141353378 1.2773157914922786  0.63298975571622296 1.2974430367951675  0.63520827444498484 1.3208263078754865  0.63654380804749489 1.338412125813802  0.65589051784710817 1.618089055044361  0.61811903962654358 1.9503628458218318  0.63204875945325556 2.2353856950607174  0.61723179072268175 2.5464849860797152  0.59059090168392325 2.8476318116867363  0.59308260604043228 3.1104044167415732  0.57578628187026648 3.4291012423448013  0.55712331210453891 3.9031983314618395  0.5563108309277861 4.0422636651814265  0.55376975431094844 4.1742719726579516  0.54585811988044652 4.3192996494591194  0.53327817551680101 4.4840205221081799  0.5210763793546328 4.6617058480839182  0.5186433997826625 4.8322243158206559  0.5404686637492685 4.9666908544088511  0.54151966564898046 4.9727366634562591  0.54292570516868244 4.9784432527637836  0.54468240624360753 4.9826301356046114  0.54672243271838661 4.9846725576118143  0.54891548834704718 4.9845014967783507  0.55106831679301416 4.9826036634570592  0.55404908364756023 4.9784575262870545  0.56170749538326648 4.9576577982444308  0.57209415161975985 4.9249019693067604  0.58288295016470359 4.8839636370641015  0.59322747184989255 4.8351103436226062  0.60376098053125415 4.7751035756045184  0.61659642308884766 4.6971987641481761  0.73680325241782707 4.0165608482446444  0.79483645432395245 3.7084075494170183  0.8522837657924528 3.575154997232433  0.94196080441081298 3.4908580815732213  1.0352020841632561 3.2772526990979678  1.1101299788643788 2.8669040451778462  1.2100837722721505 2.4054149174339661  1.3942416972524143 1.977282074350555  1.4298511359714234 1.9042976572657  1.4687654271279691 1.8422538577320731  1.5101222416590059 1.7985677614292912  1.5529207380499719 1.7775679069715935  1.5960215623347891 1.7804942859078416  1.6381468480958641 1.8054983427215199  1.6926292462992598 1.863287065978775  1.8135698530341662 1.9894337648817448  1.9754250585626389 2.2750879921880887  2.0412276916962053 3.0166489783423014  2.2502286402821694 3.5037926887318935  2.2898633626258738 4.3167084344150295  2.4189447943259355 4.5177639650747485  2.5021228155243129 4.6421547206390485  2.5175146469474901 4.3373347283220998  2.5198460569301959 3.9758118382994296  2.511525466445236 3.676927769198099  2.504706699107202 3.5409926000478098  2.5085318024303018 3.5515389881711754  2.5086283796688447 3.4700825311340857  2.4812457038807931 2.7758247828789897  2.4706888417065271 2.5270566609668896  2.4587559228482987 2.2788189236770142  2.4455024356302189 2.0307022241948038  2.4317094242683863 1.7823474576084455  2.4188834888708901 1.5334457609088705  2.4092567854378042 1.2837385129897558  2.4051245443982472 0.98514712077478228  2.4053427815350901 0.95619537315888214  2.4048359554844163 0.9270105149454495  2.4048908951185228 0.89163460682256024  2.4061749249450135 0.84869788176860772  2.4081470234646507 0.79981787387291514  2.411392254911374 0.75500314122909395  2.4560684649272257 0.71633833211918296  2.5102693888653693 1.0389706482887346  2.5831481378215542 1.407997599048306  2.6153156877844901 1.7767300107893615  2.6564780423528123 2.0035048002140061  2.7155189683188663 2.0800297264114027  2.6922871398979575 2.274264253051566  2.8184735049350449 2.5963778141168556  2.8521616775402094 2.6416109680516042  2.8789089317066794 2.5877111916215267  2.8980048689256916 2.4768467296218653  2.9120075174592897 2.3653866218517194  2.9228726462876851 2.2748647018887573  2.9312484617518524 2.1906455249079162  2.9675548853449873 1.8016945376481075  2.9741797884556913 1.6656487465456125  2.9794835579337398 1.5814899846624768  2.9926077649772345 1.4489685281691416  3.0148372307799116 1.2139219696796284  3.0432748670389449 0.89594739195053885  3.0745165164627468 0.61607354158005168  3.1129018279360916 0.62556444317047533  3.1164714646460787 0.63374329086142367  3.1192179811382381 0.6451646035128723  3.1213235805840123 0.65726518916848375  3.1229693915967727 0.6687236061824795  3.1243354682318238 0.67946016321963942  3.1256007899864011 0.69063691925530168  3.1280656352500404 0.71637974244553593  3.1348080141637009 0.83653741465687959  3.141851059554472 1.0394716909260528  3.1458510314649812 1.2972063966048024  3.1454397889666628 1.5794481916799636  3.1412247901597654 1.8535865707734589  3.1357890921733422 2.0846938631422987  3.127388040228213 2.688744680448468  3.1231287875859528 3.0311299256390529  3.1114224873141882 3.5537201605338531  3.1207100125126122 3.8692314618295303  3.1171280381920052 4.3629723703319492  3.1390283331506272 4.7562473034394053  3.1536816721865182 5.1948193520102128  3.1974149704330905 5.5893556164787741 
 0 9 0.1105010215199838 7 0.14803160248074712 7 0.16355855308966807 7 0.62727357741156131 7 0.91007503882776652 7 0.92020223939158641 7 0.92633611960313778 7 0.95956871254743836 7 0.96644727088190618 7 0.96900059234103453 7 0.98075928717040917 7 0.98736633220044567 7 0.98862781581641135 7 0.99227250702712866 7 0.9933901644825871 7 0.99755115364843405 7 0.99811433726029475 7 0.99858518687321574 7 1 9
7 0 0  8 30 5  0.351355854023708 0.85555775832583236  0.35185141591248098 0.85464279760068262  0.35233234121122803 0.85361642814975935  0.35277274334584907 0.85259272232656358  0.35315740253259192 0.85165260238269846  0.35348176577805152 0.85084384046786798  0.35375194687917072 0.85018105862987881  0.35398472642323997 0.84964572881463896  0.35452087046535152 0.84853998313719081  0.35482128336687324 0.84785115041766657  0.35508002976978459 0.84733156836697776  0.35529119858698671 0.84705361612319041  0.35547172836696006 0.84695015830304365  0.35566140729376422 0.84681454500194719  0.35592287318703786 0.84630061179398397  0.35635518874083699 0.84487800823461912  0.35637085447980488 0.84482709277708756  0.35638993705468475 0.84476192556914909  0.35641284702883003 0.84467795873988039  0.3564390791931647 0.84457410433760138  0.35646721256618391 0.84445273432987422  0.35649491039395392 0.84431968060350349  0.35686628690758004 0.84222464353382331  0.35623889398579955 0.8430729234616674  0.35696380135989791 0.83879690002746765  0.35585305616160645 0.84195421576482665  0.35641895161804016 0.83878687444146161  0.35620236490405777 0.83862306035917156  0.35605128634747474 0.83861650643859087  0.35615529286746866 0.83662410845717738 
 0 9 0.32141750899512939 7 0.7733683404635272 7 0.78802023869491655 7 1 9
7 0 0  8 30 5  3.4858373323458944 5.5893556164787759  3.5370995364764002 5.3729787042296415  3.5880154232126835 5.1488011597300298  3.6352467663144643 4.9172010894409564  3.6766917304203606 4.6786227291994846  3.7114848710478934 4.4335764442187378  3.739997134593481 4.1826387290878912  3.7638358583324414 3.9264522077721771  3.8167918900962334 3.299113396632996  3.8481049324352039 2.9612652630207119  3.8736231714305736 2.6236292977835838  3.8914133046603303 2.2705880933225888  3.9037694532857943 1.8994587694321245  3.9172131620516111 1.5204929733000083  3.9424933992857545 1.1568768795074789  3.9962753769895918 0.83461166693697397  3.9982105504129191 0.82261314634249416  4.0006349318252914 0.80957299151474083  4.0036682809871325 0.79679541689581901  4.0073072627634918 0.78605148810095438  4.0114254471240525 0.77957912191849099  4.0157733091431282 0.78008308630989187  4.0808138895687005 0.94484405663380089  4.0311294671936402 2.0344016327100394  4.1528476837826327 2.47515629615105  4.047538019022265 3.5447423915003071  4.1151062924281367 3.8385258237184843  4.1353641799940091 4.4184631876739919  4.1131448137480238 4.8301034750081957  4.1723357454588177 5.5893556164787741 
 0 9 0.32141750899512939 7 0.7733683404635272 7 0.78802023869491655 7 1 9
7 0 0  5 10 3  0.35693610748627358 0.83277426318986425  0.35726957111490293 0.83187497465034088  0.35741507621539892 0.83146948989929026  0.35768756882319142 0.83095168611227233  0.35802035160430257 0.83013477376846578  0.35791737276815649 0.82848861579982636  0.35763949772091574 0.82820241255270577  0.35741895469511981 0.8277546626080744  0.35721152840033271 0.82754522794391294  0.35690262107461779 0.82712334766562068 
 0 6 0.53669036303334483 4 1 6
7 0 0  5 10 3  4.3535208722088861 5.5893556164787741  4.4190137408930976 5.2211513263062725  4.4587314389182993 5.0229909651935154  4.5124096319039406 4.641439841529599  4.6023504995834799 4.1975118264298725  4.8465736965123085 4.3636365296985229  4.9064037969820484 4.7505027748692505  4.9780809306118483 5.0121076433572727  5.0194758627273748 5.2780591419165948  5.080994363964324 5.5893556164787741 
 0 6 0.53669036303334483 4 1 6
7 0 0  4 8 3  0.35591242856196703 0.82404029142691282  0.35592030235537214 0.82381364333543294  0.35593040226573691 0.82359148470759069  0.35595942829272287 0.82342104577106834  0.35627995103534754 0.82142420108603831  0.35694265355371674 0.82048733486467773  0.35767561833521333 0.81969064990699991  0.3583661245091288 0.81847661950517669 
 0 5 0.087414002665817586 3 1 5
7 0 0  4 8 3  5.2993152689271543 5.5893556164787741  5.3036168912039416 5.466727472406526  5.3057969490093084 5.3434181629170769  5.3072614011642125 5.2203295833877812  5.313890020780482 3.8094946359061641  5.2561209241343239 2.5121702401892989  5.1792395964131837 1.2553496331738669  5.1042344563293769 -0.020000400000000002 
 0 5 0.087414002665817586 3 1 5
7 0 0  6 12 3  0.35016700850002541 0.8510685224776976  0.35057531424969346 0.84914440756557263  0.35041965485136134 0.84791858175094137  0.35057991197339683 0.84576354389711483  0.35009858665940996 0.84543275178809785  0.35062668124698798 0.8429307731364819  0.35112951231844541 0.84061608133016164  0.35174039775121929 0.83897173447708984  0.3521312511296566 0.83750292569357954  0.35188195385091808 0.83660086228262442  0.35176392876557427 0.83620709589396425  0.35154402908320637 0.83586614343837362 
 0 7 0.25458256231472531 5 1 7
7 0 0  6 12 3  3.6655947153278494 -0.020000400000000002  3.7758796139396242 0.44925020029102403  3.7814035569297815 1.1440328406979519  3.880155341168833 1.9845806874139613  3.7924688599834613 2.8627225528300491  3.9746788204019214 3.4317108449263083  4.154321580390917 3.8978207997551961  4.3440933375873048 3.7726005730589747  4.5871440788441715 3.6091556614858913  4.7309387994996941 4.1418317977886021  4.8568790707338625 4.3086638125256886  4.9725681330319569 4.5767455771189978 
 0 7 0.25458256231472531 5 1 7
1 0 4.556745177118998 1 0 
1 0 1.9844468188836726e-14 1 0 
1 6.2831853071795862 0 0 1 
1 0 0 0 1 
7 0 0  4 17 6  0.34126069041808682 0.83820084458298871  0.34118445274425308 0.83680716968529034  0.34126181003669154 0.83534813173277511  0.34120078232730283 0.83436843346727552  0.34143344026396572 0.83192369747389838  0.34153152448288432 0.8314269203948863  0.34144887124378714 0.83135449792776583  0.34178506778079215 0.83005555744034065  0.34187508937519634 0.82972721977747022  0.34198148539692602 0.82944764086055811  0.34320767549803471 0.8262625112846077  0.34302854355325191 0.82833302476598214  0.34376309021550472 0.82662355943686083  0.34501579939273613 0.82537178649223464  0.34531378937491447 0.8248450718018262  0.34581664568015619 0.82494721651663128  0.34719507512401604 0.82302336596661929 
 0 5 0.36010684884401895 3 0.42401213705516311 3 0.43446137750269254 3 0.69352540552596176 3 1 5
7 0 0  4 17 6  0.82834586621646555 3.4811509341466165  0.72898136195832564 2.8312424523172366  0.65517063977430401 2.1776851758261691  0.61087360346166075 1.5113397467140253  0.54798253246920958 0.73649302029215991  0.53573691979436489 0.65497141863604325  0.534817981332949 0.50865129735953574  0.50386072439085461 0.41604484930661584  0.49601516926687556 0.39973703402444916  0.48868053773312009 0.42510803797922009  0.40413645248330549 0.72960309656476285  0.43489992280564566 1.3005240722487792  0.3815997055682977 1.5405971691309344  0.28069503114019878 2.4581184827345384  0.25002578651017865 2.3793210701127689  0.1957505789333728 3.2973483767239689  0 3.2926922460758279 
 0 5 0.36010684884401895 3 0.42401213705516311 3 0.43446137750269254 3 0.69352540552596176 3 1 5
7 0 0  3 7 5  0.34769772050386399 0.81823438652591196  0.34769008412252372 0.81821272051725535  0.34756524722562898 0.81785853416160492  0.34735708216621358 0.81720237851028221  0.34717053382618951 0.81646248877647287  0.34717077129824192 0.81594151257820724  0.347172089467921 0.81583061772697762 
 0 4 0.029543301333567709 1 0.48442958729189445 1 0.89197131690054177 1 1 4
7 0 0  3 7 5  0 1.375737115311092  0.0011794818544026136 1.3623213829644336  0.020331494061629471 1.1426336846093126  0.050422109697788466 0.73584002715724428  0.071839630056691486 0.28898012283646862  0.077090640366298827 0.050118489717767507  0.077645886897085958 0 
 0 4 0.029543301333567709 1 0.48442958729189445 1 0.89197131690054177 1 1 4
7 0 0  4 8 3  0.35075451572149347 0.80476410497727291  0.35188750237030114 0.80477387992494864  0.35269885096554326 0.80494224515359936  0.35339765577006688 0.80479465364708114  0.35487672762059164 0.80572065407672167  0.35511203060950447 0.80587911006954493  0.35552910845325658 0.80625411641768829  0.3558491563780285 0.80682366851591747 
 0 5 0.85045703076451895 3 1 5
7 0 0  4 8 3  6.1570361738088355 4.9815725899554675  6.058458143316126 4.3909328494455053  6.01225051477621 3.763712936800081  5.9783218021960911 3.1011913560433495  5.8923097770529713 2.4117055319662906  5.878370140958272 2.3066959895037664  5.8517945332356227 2.1923948478186834  5.8212822338698196 2.2498905171621422 
 0 5 0.85045703076451895 3 1 5
7 0 0  6 7 2  0.3558491563780285 0.80682366851591747  0.35595092111933602 0.80700476739971361  0.35666897513849627 0.80822814710570212  0.35677837982505078 0.80993349633503298  0.35588792390319729 0.81087496430209516  0.35656811398092586 0.81409035080796333  0.35663061830937531 0.81439270740273706 
 0 7 1 7
7 0 0  6 7 2  5.8212822338698196 2.2498905171621422  5.8115803235891272 2.2681722539401887  5.7492874143648889 2.4123928661874237  5.6631635044841104 3.0352977937387866  5.6987808810499736 4.1798018704795146  5.4428233991355306 4.9137452150630763  5.4194753196226735 4.9815725899554675 
 0 7 1 7
7 0 0  8 16 3  0.3486202876581922 0.8608220235421804  0.34822399897093753 0.8605934143107421  0.3477376004833847 0.86019833329309281  0.34764237675928961 0.85984547357342578  0.34715256808743977 0.85930031796651207  0.34670858166962099 0.85855160325272428  0.34681464322555994 0.85782365324985765  0.34684835449623819 0.85725958426612014  0.34835393816788635 0.85566208042707081  0.34949544975050933 0.85548904481983712  0.35006805042753042 0.8545877243754203  0.35078967000578976 0.85518386237745003  0.35060374007996148 0.85529198948971397  0.35106660221084024 0.85512582456429109  0.35106973845196188 0.85520706192196894  0.35140615295433963 0.8554740320262636 
 0 9 0.4126423807784742 7 1 9
7 0 0  8 16 3  3.1952569686609076 0  3.1665759149955255 0.31454815641339529  3.1278240945971358 0.66368732408331299  3.1258102791317972 0.86563917235350551  3.0830572384963362 1.190074838752416  3.0439071820985641 1.5480248216916315  3.0573560904953383 1.8260053838715573  3.0632017613272606 2.2238058728709054  3.2689213774303645 2.7850072988824639  3.4233849848957729 2.4124073842191298  3.4865667129276869 1.8360046546313542  3.4557033914734037 1.0644410664473098  3.4909420830828788 0.97577636627096043  3.4833109811233358 0.62974836680607149  3.4902804519216133 0.56434807896283035  3.4905353691162055 0 
 0 9 0.4126423807784742 7 1 9
1 6.2831853071795862 0 0 1 
1 0 0 0 1 
7 0 0  8 51 8  0.35834977971830245 0.81849618117928447  0.35865745180662983 0.81907682483421151  0.35896611475528728 0.81964137594689113  0.35928374983469197 0.82026678886400595  0.35960895994470882 0.82099724136949137  0.35993096961464999 0.82184413468453488  0.3602296250032751 0.82278609346757525  0.36047539389879096 0.82376896581430392  0.36099075859965646 0.82690475557024723  0.36083212620481442 0.82804179562398628  0.3608622193888732 0.82873872283387851  0.36087462628005851 0.82949142673739118  0.36084731886419286 0.83023034655738492  0.36088011141849996 0.83081038004619234  0.36087305993416541 0.8314407165412494  0.36083562820646836 0.83240528606914943  0.36082538649128981 0.83247166474342749  0.36082696840783429 0.83261979253469176  0.36079618917821177 0.83280752979824901  0.36078619742267604 0.83314077375456497  0.36073773855821845 0.83359483505570353  0.36062348542676181 0.83420508890897194  0.36036577545926662 0.83502459777504801  0.36029264177184062 0.83527815098777192  0.36013432487273389 0.83575638059914292  0.35991044220335472 0.83635556575998748  0.35964087083233265 0.8369964897776262  0.35933513668889394 0.83765765592168606  0.35898180379623806 0.83840850322991223  0.35843727975825174 0.83967692312875775  0.35825102970962702 0.84010178690531734  0.35801935461767159 0.84066925342509358  0.35777788053529985 0.84131701265613879  0.35755761830970739 0.84196840475312218  0.35738496358237132 0.84253242005733076  0.3572816967890507 0.8429036990966674  0.3572262150435227 0.84309899986663916  0.35717503613964469 0.84328039732900262  0.35711656866970137 0.84349808108829605  0.35705541447789607 0.84374134054490557  0.35699565503108721 0.8439973983840513  0.35694085141878745 0.84425141057578734  0.3568940443531638 0.84448646637500113  0.35661619558742691 0.84599569237729366  0.35681743115675257 0.84542788505138444  0.35620522088300238 0.84864574780479041  0.35696995310490282 0.84738777719557101  0.35665962901184328 0.85117323916039656  0.35753995029242314 0.85060137882671427  0.3574139271260191 0.8533858754042779  0.35741197610398284 0.85382519962121628 
 0 9 0.19501915639744299 7 0.65275573906971796 7 0.90220430788026262 7 0.92083107007090215 7 0.92505134375619991 7 0.93484048400253672 7 1 9
7 0 0  8 51 8  5.1054163857977386 4.9815725899554684  5.0710908414722713 4.8886976288197639  5.0418643328041535 4.781565947296385  5.0158055719050454 4.6653461625275332  4.9908028335610712 4.5467835692397767  4.9645639552328111 4.4342001397440551  4.9346163370552993 4.3374945239356748  4.898306941838027 4.2681420492943127  4.7459966771226147 4.1712513894247394  4.6308517861285194 4.2696567455883496  4.5245484637521765 4.1553565253230058  4.4270177708613261 3.9859266579690109  4.3391392921729937 3.7839146108728556  4.2630917821420038 3.5025204296838117  4.1977745116064629 3.2355843229213996  4.1119413673832996 2.8389361691603203  4.1093235240956689 2.8199995889690808  4.093398712256846 2.7448669303924937  4.0854384422644632 2.7104351384020404  4.054696919093228 2.5547416545102219  4.028209478131008 2.4036158520025763  4.0034240736992119 2.2957510746229386  3.9922510806040727 2.3728228568390994  3.9875360720966442 2.3813378282799009  3.9826158062525403 2.443780815318449  3.9816348132249852 2.5777886818339804  3.9870832066382849 2.7857864482480976  3.9994091216282572 3.0613321217048037  4.0166311528826526 3.3954615262505383  4.0378749110728585 3.8708454020737459  4.0462563931547786 4.0366183923262415  4.0537002344588 4.2290438522943381  4.0570191992285283 4.4097135280642812  4.0552338204197289 4.5531191632859294  4.0495723997003203 4.6466524991727596  4.0434710074503757 4.6906052745018547  4.0404916284315826 4.715714196337049  4.0376103965438848 4.7384595542320573  4.0335123499115344 4.7607279705629093  4.0280512754079574 4.7784645034889408  4.021352183967509 4.7892365980648632  4.0138113105854689 4.7922340862407644  4.0060961143180416 4.7882691868621041  3.9528783845138054 4.7232466182545449  3.9552158047223118 4.5855639463464524  3.8571433277505549 4.4438874275467279  3.7908023891182214 3.6624850476429742  3.6909128771709057 2.6332448932086812  3.6515569553640028 1.2774781420313537  3.5903902790463667 0.20289897684229008  3.5795044718436646 0 
 0 9 0.19501915639744299 7 0.65275573906971796 7 0.90220430788026262 7 0.92083107007090215 7 0.92505134375619991 7 0.93484048400253672 7 1 9
1 0 13.670235531356992 1 0 
1 0 2.1041059155255724e-14 1 0 
7 0 0  8 30 5  0.3551401229333665 0.86353778312641805  0.35456364202085122 0.86481751329828438  0.35403410307544458 0.86572120575807454  0.35354863217010701 0.86635844237335813  0.35309224401757705 0.86683175530355983  0.35263784197037013 0.86723662699995896  0.35214621802077928 0.86766149020568961  0.35156605280087488 0.8681877279557404  0.35066708803635038 0.86904962155198273  0.35060991072251185 0.86911168743981615  0.35053383717556497 0.86918548136118667  0.35044078572599391 0.86928676454298115  0.35026389259462443 0.86946948456275919  0.35003890602621024 0.86972796726020007  0.34978645152233623 0.87008883111738167  0.34938607615645273 0.87122108514766416  0.34935605860629099 0.87160502168809251  0.3494117103659326 0.87185283866294483  0.34948107696104391 0.87204312924921989  0.3495248165624143 0.87223026178144869  0.3495361999859567 0.87244437975169165  0.34954111069270688 0.87269140180954141  0.34975323646827416 0.87366614873853621  0.34992856001517597 0.8743019914036424  0.35010849105809316 0.87489510709120888  0.35027657591589056 0.87548185090179431  0.35041543159773408 0.87610037570274946  0.35050674580309044 0.87679063212821562  0.35053127692172742 0.87759436857912543  0.35046885403371364 0.87855513122320239 
 0 9 0.44130606899941649 7 0.54186373325539816 7 0.66482650935196896 7 1 9
7 0 0  8 30 5  3.4357794234672387 0  3.4189105701661511 0.53193726212719139  3.4019779189386137 1.0612866582626026  3.3866433987604498 1.592206485629919  3.3725165005317383 2.1261693948316358  3.3571542770768144 2.6619623898490579  3.3360613431442716 3.1956868280422985  3.3026898754069625 3.7207584201502826  3.2360779430669044 4.3434680697180177  3.2311938475721074 4.3728356641248833  3.2256483517972763 4.4255093695535148  3.2176119468763331 4.4735835197552412  3.2040943986636048 4.5828819312334872  3.1838612064304859 4.6846099034151623  3.1597616703502882 4.7395850060319908  3.1173089947737593 4.5632340807982423  3.1119797763815158 4.41499028704491  3.1149679151021124 4.2572717319836899  3.1195184091898045 4.1150584424543188  3.1218286907325781 3.9965553830229434  3.1210486256521319 3.8931924559821312  3.1192805137038899 3.7796245013508671  3.1278445726720991 3.1615375014494473  3.1350440819461509 2.7105948468190979  3.1418972381753569 2.2596059901626435  3.1472647320916618 1.8078655646912398  3.1501483232827381 1.3552601796480637  3.149690840191997 0.90226842030831478  3.1451761801185829 0.44996084797921293  3.1360293092173737 0 
 0 9 0.44130606899941649 7 0.54186373325539816 7 0.66482650935196896 7 1 9
7 0 0  8 65 10  0.34698786261300635 0.88349000955002033  0.34670836352151413 0.88329791835591354  0.34644790874113657 0.88307850341148753  0.34619425900148643 0.88283194835229006  0.34592610302298032 0.88254010092937052  0.34561305751683791 0.88216647300927775  0.34521566718508268 0.88165624057406133  0.34468540472054154 0.88093624372127155  0.34315581938491668 0.87876886989705827  0.34288953877845635 0.87841833442913253  0.34220918765422831 0.87747667418487574  0.34180339286578471 0.87704889068170289  0.34141609560243869 0.87668156827110799  0.34070668745158711 0.87582512214454777  0.34029611783566177 0.87544956134649654  0.3387620647256035 0.87273096423378549  0.33887981232854641 0.87173659376235157  0.33835577981319709 0.86984249786468215  0.33924208909984555 0.8698851312948167  0.33890533499792042 0.86868838485306021  0.33922287109802196 0.86847781260129031  0.33932257257064291 0.86800168592281557  0.33971478047362152 0.86680519824212454  0.33976404495889928 0.86646472441968814  0.33981728953589807 0.86619351481742057  0.33991478274753101 0.86597351366530761  0.34005240488982313 0.86575527600163893  0.34018164801191092 0.86545796767300731  0.34020961591604215 0.86496936533430846  0.33977946760342115 0.86328729116323988  0.33930904701086956 0.86256346328432065  0.33880412228411094 0.86204899270782065  0.338469378971473 0.86167333161575366  0.33817519115896333 0.86140318405094363  0.33814935895162546 0.86136435135121991  0.33796665059170961 0.86118156555979541  0.3366965283837976 0.8599728209015951  0.3361006186475875 0.85954544526446652  0.33575281570726889 0.85885729067377481  0.33527362807877087 0.85874945330457475  0.33444680862063036 0.85802392491146995  0.33341899074717313 0.85629892171250199  0.33252691334983986 0.85566769005304177  0.33153490683986597 0.85321580262681296  0.33144163960550288 0.85293775801845129  0.33137701848902873 0.85271066502566784  0.33133369920307271 0.85253486045078342  0.33130493107730902 0.85240296781780123  0.33128455705845733 0.85229989737240652  0.33126701371028305 0.85220284608196739  0.330862097820871 0.84970230470863506  0.33144100141313043 0.84997756240987943  0.33156130801776462 0.84899533057713361  0.33155061561343507 0.84757773837721151  0.33184332811068945 0.84687039026403832  0.33228127277436204 0.84646881805255447  0.3323584610877609 0.8450817791083628  0.33246940116236628 0.84217463071080756  0.33232723909478257 0.84088312346964456  0.33223925633948315 0.83951661749872086  0.33194774586735359 0.83859132866515806  0.3317200651468678 0.83763040055163218  0.33166873292355448 0.83644072871228903  0.33132060456576407 0.83584137917113555  0.33140262877386711 0.83416882156700389 
 0 9 0.040807891346008103 7 0.086604988324292642 7 0.16598113476617243 7 0.20530839067586157 7 0.24630979004128678 7 0.34684408385994281 7 0.36198579336136238 7 0.65834515345104894 7 1 9
7 0 0  8 65 10  2.9413438981450573 0  2.926816970865485 0.15282124384779949  2.9136810011972614 0.26829861173294423  2.9005598638581813 0.38305910972269402  2.8860832700882195 0.51482348435509273  2.8688867676495269 0.66240622263896809  2.8476117408264332 0.80571555205393164  2.8209054104254454 0.90575344055037921  2.7498424058402393 0.90333863882547982  2.7410413187399829 0.76488306185708232  2.7117674139009038 0.69599613364175605  2.6987182264244973 0.51834743083542989  2.6876819922535709 0.30989170617659789  2.6600348731540278 0.18060585578512955  2.6477443178580118 0.018967830550462347  2.5774629030096206 0.091609826584865189  2.5619515168659555 0.65901080135176593  2.5160415150661497 1.0975610885265836  2.5284978223968557 1.6612814724021603  2.4993855485960874 1.9375818985511133  2.4968355248511047 2.2378529437983827  2.4883194560143296 2.5026059608871902  2.461527221197735 3.264498910895012  2.4522138312741122 3.4312397367023366  2.4446827003555467 3.5755224097763096  2.4392155695874198 3.7367334021563465  2.4341567245155851 3.9304242472636393  2.4259129950863683 4.1483115399011661  2.4089537556465697 4.3582769362536853  2.3412572189620686 4.6566763658589396  2.3090341424386152 4.549802682978985  2.2902237583471381 4.3144092341884654  2.2824840284921133 4.156866168624143  2.2737029456779663 4.0019123131318217  2.2739098832693951 3.9910229859785278  2.2684913432162506 3.9008106235122582  2.245189000241421 3.207737466593656  2.2471424219065885 2.8007306788485056  2.2346844018214438 2.7084707731269777  2.2417698692061201 2.3111065642523245  2.2426834651494905 1.7736545687732082  2.2257846409914093 1.352591470200984  2.2433781921082319 0.71555656513487009  2.2090558752800886 0.59969051174421584  2.2042887373445721 0.60485734621581788  2.1998549898819246 0.62006099749279808  2.1960887662193387 0.63818119881627833  2.1930505129944611 0.65527402093145481  2.1905269901553854 0.6705718720875975  2.1880312709606562 0.68648349803805098  2.1216127314413487 1.1413488760339947  2.0934002520420067 1.5865594479207956  2.0389626482384688 1.9959442439030521  1.970377693099195 2.4175656718268539  1.8994708590628551 2.870423140583485  1.810432699589626 3.2895881355816048  1.6785863417048155 3.5418812302900848  1.3701247683447857 3.4777477116436057  1.2422278058579219 3.0824470641071362  1.1433339845153281 2.589594236256755  1.0753005690036535 2.053060920980692  1.0207963605176915 1.5331751292130205  0.96965334466274011 1.0580218979403868  0.93383377705668558 0.55780253504678701  0.88395055079176799 0 
 0 9 0.040807891346008103 7 0.086604988324292642 7 0.16598113476617243 7 0.20530839067586157 7 0.24630979004128678 7 0.34684408385994281 7 0.36198579336136238 7 0.65834515345104894 7 1 9
7 0 0  7 20 4  0.35156330193751079 0.83586807303745314  0.35140807285483266 0.83648612505910425  0.3511939672123065 0.83713227961655634  0.3509869326097883 0.83777997439864194  0.35080894234145171 0.83842741324980274  0.35063799539578816 0.83909756617009079  0.35040811645560671 0.83983816931516786  0.34963710979513812 0.84154653114312483  0.349205757267046 0.84218169606290938  0.34880297735525218 0.84242850234878919  0.3484594509884455 0.8424316665054441  0.34818443539755656 0.84231529267453509  0.34797709062968696 0.84207887904298218  0.34724761585860342 0.84062690086288616  0.34759857529555926 0.83889392400596419  0.34723111534699747 0.83908141816649162  0.34627506832868432 0.83859093157306253  0.34595232279261245 0.8373599153809439  0.34574898597055054 0.83700480822969969  0.34557937513275888 0.83620129530560905 
 0 8 0.19364347087452094 6 0.37441116721588019 6 1 8
7 0 0  7 20 4  4.9638989685915176 0  4.8929531570115454 0.14703951043626382  4.8093182715072311 0.32470013979889362  4.7076603381813209 0.46807047123148482  4.5874231325687935 0.5474790571103122  4.4528281796368665 0.56849441904433029  4.3128747537849916 0.57192504787517251  4.0585510431351093 0.69159826946760405  3.9816251601188868 0.81243801548589156  3.9376945302168016 0.99998371173147738  3.9122313345848392 1.1911068956446973  3.901850122324531 1.3594501863257349  3.9158167729667417 1.5290161436371441  4.1408481180744401 2.2819176158665249  4.6913672888047193 2.6048949709386617  5.7639663928485154 2.3631320889958043  6.1013467518719775 2.3612249351566867  6.1606161261643777 1.1322118284390208  6.2378506964736982 0.89145110644752223  6.2831853071795862 0.33064747384368609 
 0 8 0.19364347087452094 6 0.37441116721588019 6 1 8
1 6.2831853071795862 0 0 1 
1 0 0 0 1 
7 0 0  4 5 2  0.34551487206417392 0.83570907663211391  0.34437202820085855 0.83577480246856051  0.34347466834286194 0.83638035502367336  0.34270807319508217 0.835564215100561  0.34122660055944826 0.83824751277598242 
 0 5 1 5
7 0 0  4 5 2  0.01851011847668893 4.5767455771189978  0.22113445065694379 3.4114329254507134  0.39705243832154513 2.2862733355371492  0.50908423183468043 1.0382061539590415  0.83445064019688342 -0.020000400000000002 
 0 5 1 5
1 0 0 1 0 
2 0 0 -1 0 0 1 6.9000000000000021
7 0 0  8 79 12  0.29496917993598976 0.9550822816121779  0.29505614734791163 0.95438295282734631  0.29517927358825019 0.95352252946166849  0.2953058353100666 0.95259584060292324  0.29541540294892266 0.95166781801367506  0.29549984072288094 0.95077349613127438  0.29556330663250485 0.94991801206785675  0.29562225246085871 0.94907660561034357  0.29583297915957418 0.94684196394921938  0.29602767407876457 0.94543961142598587  0.29632864847534268 0.9441477465443614  0.29706319528348735 0.94261509118865383  0.2979649816562116 0.94139318144438189  0.29871308255230589 0.94038565574999478  0.29943506087590721 0.938319436955663  0.30039538572329866 0.93459491484494173  0.30146475670927553 0.92626774818618751  0.30080608949258947 0.93967905818637354  0.30306441795769684 0.9219725355511077  0.30189524809166429 0.93472866914563857  0.30377710141359454 0.92662958333337075  0.30377105138310312 0.92847405495946778  0.30504738919360164 0.92604758592148406  0.3051342311537929 0.92586308763238401  0.30519276354733421 0.92572382717515467  0.305232825089439 0.92561903671002377  0.30526155246339293 0.92554020254224689  0.30528338032055491 0.92548106512211092  0.30530004128035648 0.92543761904493194  0.30533534279047519 0.92533865079926514  0.30536055762686692 0.92526455111465777  0.30538452084263989 0.92519101194827169  0.3054060260075685 0.92512205497161915  0.30542434985803985 0.9250605255766865  0.30543925229705376 0.92500809287593411  0.30545097639422236 0.92496524970229621  0.30546069018147587 0.92492969556046734  0.30553274973576816 0.92462003712838969  0.30562490381420487 0.92419741164595248  0.30570282961628759 0.92378667698344163  0.30574940477546086 0.9234424745484221  0.30576470735911315 0.92314922928573973  0.30576601586857627 0.92282114967751938  0.30580212363139614 0.92196138775656711  0.3058135121770767 0.92156792729340287  0.30583274802753907 0.92115150405200086  0.30586444477133617 0.92074354619029397  0.30590705643420235 0.92037725232582379  0.30595287747905309 0.92008759153573838  0.30598804280598518 0.91991130335679283  0.30599841379434112 0.91985486792127025  0.30600812631577728 0.91979965386782547  0.30602299688661455 0.91972124029773594  0.30604392780994566 0.91962070071856217  0.30607139212192663 0.91950019747270584  0.30610543359177672 0.91936298173740905  0.30614566672177851 0.91921339352475417  0.30628992780147274 0.91871829507998426  0.30635895666034446 0.91850493891619434  0.30641455748361968 0.91835140760200162  0.30646924315325563 0.91820823980507982  0.30653184527343919 0.91804189844906348  0.30660751417058746 0.91783477071355302  0.30669771889334785 0.9175851680341115  0.30737824436036337 0.91574100915381718  0.30751885130510603 0.91519151495795537  0.30758094364453042 0.91445327708227886  0.30756234293257856 0.91407366132949763  0.30751575362501321 0.9139963371145583  0.30751540263703286 0.91385669378920509  0.30751803759847324 0.91377614285255748  0.30719895236792188 0.91221764715138154  0.3065440622523336 0.91173184828703768  0.30598517037909473 0.91087460928450148  0.30518133458333163 0.91032041203757275  0.30425553395641697 0.90992867712263648  0.30338686141085613 0.90932539225951858  0.30228782579653302 0.90890923883251817  0.30115244480962017 0.90846540175096968 
 0 9 0.094881820245526854 7 0.24039698438849044 7 0.58995062569482437 7 0.62880969746040261 7 0.72029072462479304 7 0.7246496506178105 7 0.72751269451458211 7 0.73127015240010651 7 0.73939725115608124 7 0.78521327481614889 7 1 9
7 0 0  8 79 12  2.0413994727089313 -0.020000400000000002  2.05248929591595 0.41732596881238559  2.0675022330949693 1.0279662545750181  2.084155367011622 1.7076064747040105  2.1007208197538625 2.3805991435438205  2.1160257527319657 2.9999632723672476  2.1294523666785317 3.5473843693754388  2.1409379016484831 4.0332144396978844  2.1663674403098314 5.2069452628629147  2.1770209518468508 5.8395953667728149  2.1844046457211737 6.4837953862948483  2.179827967575596 7.1826176155875308  2.1715657937728263 7.9208165211206509  2.1678376300086222 8.6256097157417262  2.1609768595268526 9.1711259580723663  2.151278916268633 9.8728706547365661  2.1333289767855943 10.368501887633379  2.1660977297992137 10.866329791153102  2.1156914690965536 11.352199333027027  2.1613988694251014 11.865980787130262  2.1245183469595519 12.34888535592923  2.138271659852196 12.860371006021911  2.1208664831796638 13.398895218615086  2.1194667484642968 13.427573726931993  2.1183592276774785 13.440891775398924  2.1174985894741472 13.446307431029203  2.1168435378445367 13.448898694880354  2.1163568121141751 13.451363502054082  2.1160051869438838 13.454019721696278  2.1151810173058623 13.456654208578003  2.114556396442373 13.457286640783289  2.1139300451800476 13.456757334632419  2.1133369394815564 13.455217042182506  2.1128025958315013 13.452912386528185  2.1123430712364182 13.450185861801668  2.1119649632247768 13.447475833172716  2.1116511366031716 13.445213649800232  2.108860668883028 13.412921219765394  2.1050065219577463 13.361933796287762  2.1011869005156196 13.299969412056562  2.0978856986620382 13.228969582906606  2.094972499919491 13.14509930781829  2.0917025772275624 13.03874706891761  2.0834421796339195 12.799796314096612  2.0796915256615529 12.688049451745995  2.0758443718174999 12.580668131347357  2.0722358444631745 12.492254118600098  2.0691567555297321 12.430627057979946  2.0668536025180742 12.396824472738976  2.0655285684988476 12.385101764905592  2.0650914176959798 12.380084899062547  2.0646576172682485 12.374616310440816  2.0640538304771168 12.368157569048352  2.0632993837166107 12.362079294898765  2.0624172201269126 12.357491608390237  2.0614338995943613 12.355244130305566  2.0603795987514513 12.355925981812145  2.0569273050262291 12.368387281226463  2.0554159075176037 12.378559634100268  2.0543263089153414 12.390546564134372  2.0533117230145992 12.403952916424151  2.0521061869413093 12.417824660109382  2.0505245611521818 12.430648888374204  2.0484625294346999 12.440353818447154  2.0314313220240181 12.466604711589186  2.0187008620143296 12.186199977379161  2.0040136848253085 11.822924722298737  1.9929358906657173 11.51039121035279  1.9872921238102286 11.326485697546477  1.9848742300724185 11.264046853795069  1.9824780980699428 11.198273280910046  1.9279357406513375 9.5437935432324821  1.8889420679215039 8.1752026266606102  1.8454330046118868 6.8101695945755729  1.8034136919264951 5.4440964178744462  1.7621362546877726 4.0775468962395189  1.7183460600164966 2.712966981980554  1.6754847594580109 1.3475535904762372  1.6353273841315876 -0.020000400000000002 
 0 9 0.094881820245526854 7 0.24039698438849044 7 0.58995062569482437 7 0.62880969746040261 7 0.72029072462479304 7 0.7246496506178105 7 0.72751269451458211 7 0.73127015240010651 7 0.73939725115608124 7 0.78521327481614889 7 1 9
7 0 0  8 156 23  0.33144221026809978 0.83410257361063167  0.33028703048041463 0.83604393845842739  0.32955865691686564 0.83700628449476122  0.32903561774265599 0.83749535634061689  0.32856120331589961 0.83787036549800531  0.32804346618762137 0.83834399034996465  0.32745522110175679 0.83898237616056215  0.32683404499515206 0.83970513507489153  0.32597059521293231 0.84061309476434576  0.32569564221896929 0.84090964261918355  0.32529700598705691 0.84136710401005577  0.32480720378138911 0.84194299371853354  0.32439026967690948 0.84258096712425667  0.32423465896745668 0.84328600426282285  0.32440046946411749 0.84405403779859345  0.32479806758476126 0.8451394702355548  0.32501972395752859 0.84556508568413247  0.32527054814716949 0.84595707718646806  0.32553971719700187 0.84633474626181904  0.3258209858485801 0.84671249002038917  0.32611268654169584 0.84709980116332639  0.32641772941437752 0.84750126798272474  0.3272264225097033 0.84853190113110744  0.32770486182693664 0.84909900071209865  0.32823818681855232 0.84984647803778057  0.32872611809480978 0.8504969992176602  0.3291333167000654 0.85099331948222545  0.32952700024297699 0.85162064946209071  0.32992768876911505 0.85252535980163624  0.329991130255121 0.85267164365302828  0.33001912041413051 0.85273468405404373  0.33005587131156106 0.85282165234906748  0.33009954007219428 0.85293199109934159  0.33014762048704177 0.85306207838847004  0.33019694301334479 0.8532052278224187  0.33024367477457423 0.8533516885295156  0.33018976137343592 0.85316543962886948  0.3303983532284045 0.85378348437010831  0.33059014891991934 0.85457526551928953  0.33064448400005181 0.85529015793344376  0.33058278524784629 0.85590550245665509  0.3304920885328585 0.85645709964887806  0.33042826507274742 0.85698911997842209  0.3299828410417 0.85917409678826162  0.3295567234475078 0.8604779404329731  0.32918458020632607 0.86228752515545748  0.3285021335091583 0.86301596016176729  0.32792884871237821 0.86380062997039231  0.32761278328827098 0.86523311645631629  0.32695296869958684 0.86520139052430611  0.32770817584263323 0.86748432859259894  0.32777415009559258 0.86767549670939681  0.32785316844892975 0.86788896760375511  0.32794983729760668 0.86814236307172643  0.3280621307914226 0.86844581429826362  0.32818139083501446 0.86880196185722025  0.32829232708785677 0.86920595571135184  0.32847784636869604 0.87021643726096742  0.32850745390329 0.87070131526407979  0.32848567955366226 0.87110178192759991  0.32844788761560878 0.87144835858653058  0.32841821948879379 0.87176102111782305  0.32840226616085449 0.87203761029243021  0.32839516038191924 0.87227002656652763  0.32844219723083262 0.87330371675969132  0.32869285105331675 0.87360663170816522  0.32904592013722045 0.87397992849758765  0.32944548863441186 0.87418063702336746  0.32981032220847162 0.8742964619023571  0.33015033557198969 0.87450065093744966  0.33059505716782345 0.87462230826626075  0.33178962587157856 0.87495655242647186  0.33256534935016457 0.87512586120089586  0.33336357062191685 0.87525727124917418  0.33417410561819305 0.87535165927608738  0.33498927411660867 0.87541078134500094  0.33580389974103791 0.8754372728778651  0.33661530996161337 0.87543464865521547  0.33767191422539716 0.87539889024475626  0.3377301395567936 0.87540365849669588  0.33782039740499209 0.8753709831284382  0.33792412897001328 0.87542622148077454  0.33811895193850644 0.87535816779798892  0.33836586523541179 0.87540208766640482  0.33860256236140818 0.87539171619778167  0.33873199955765848 0.87562194536311666  0.33873708144538128 0.87563197795933889  0.33874154408825441 0.87564160177283412  0.33874533375785365 0.87565046879671726  0.33874846393781471 0.87565839894194042  0.33875101532383306 0.87566538003729311  0.33875313582366412 0.87567156782940159  0.33875627381105089 0.87568098830392127  0.33876613043847897 0.87572314567715026  0.33877789206205078 0.87577959235478209  0.33878687329063967 0.87583492971608534  0.33879042171934837 0.87588252626723095  0.33878791792950896 0.8759245176412922  0.33878077548868307 0.87597180659824558  0.33876018807971953 0.87615028950916607  0.33873992994471724 0.87627786080819714  0.33870993949175576 0.87642764291917485  0.33866353225717594 0.87662235140007838  0.33858906636755937 0.87690655136975215  0.33846994253972773 0.8773466575079063  0.33828460408074351 0.87803093405511812  0.33782749748308155 0.87973819397882347  0.33764832835783398 0.88042826408084984  0.33747582815774335 0.88110975459608987  0.33731516206326217 0.88176326073697187  0.33716986178971942 0.88237992345117422  0.33704182558731999 0.88296142942162392  0.33693131824114469 0.8835200110664968  0.33682037799909997 0.88417665997831552  0.3367071188336016 0.88477580827497182  0.33659461108329092 0.88565930131488257  0.33654104868270884 0.88663349302012018  0.33656540199230095 0.88752768134913373  0.33664741779841767 0.88819410829674728  0.33672761931331441 0.88850795989416187  0.33671293642242639 0.88840633493976617  0.33672873970248818 0.88851675016875953  0.33675663429312414 0.88868879026356884  0.33678883647941793 0.88887684209486284  0.33683598271066761 0.88908485586572561  0.33689217325461562 0.88928518390917  0.33691874746973416 0.8893800447026905  0.33759335897512166 0.89175637966685051  0.33769266882444909 0.89134442660439794  0.33796751391872443 0.89125267917001949  0.33854746619032022 0.89215727110463205  0.33924895626956009 0.89341018508450776  0.33987354380473084 0.89411275292432857  0.34050618778209563 0.89418915578024116  0.34234578286399076 0.89597730513087104  0.34316892880500355 0.89685216269698309  0.34412592497799221 0.89781154698431753  0.34510548138582586 0.89865569494696462  0.34604204772519581 0.89925803056003717  0.34691581338661531 0.89956516481966986  0.34775270745441961 0.8995968957430186  0.34885977355313641 0.89940551962945847  0.34912302083210173 0.89908468709719847  0.34991739815821021 0.89943270120547236  0.35092737945094649 0.89899624321123039  0.35174976324264762 0.89728083573607631  0.35223001153323513 0.89557409186649417  0.35240381919175889 0.89523106281260889  0.351353203031737 0.88994922184794856  0.35086250577315048 0.89276299277302429  0.35020168392969853 0.8887564946969293  0.34955275778670264 0.888519740935382  0.34890991835016583 0.88994722371264268  0.34815887111049787 0.8871924604503435  0.34740581224264672 0.88562532456337506  0.34698633815138319 0.88344836237010438 
 0 9 0.12911012206804878 7 0.20204163211588747 7 0.26061165235655503 7 0.34739024082606407 7 0.38189756810662318 7 0.46333180740589774 7 0.66240991101047908 7 0.68089600741318612 7 0.70491248336467871 7 0.79467950401216547 7 0.94109214788760631 7 0.98613398481564774 7 0.98816327741616472 7 0.98947717940002167 7 0.99140878873434179 7 0.992652495991037 7 0.99287122988757104 7 0.99293185695144504 7 0.99702207493530803 7 0.99868736648250289 7 0.99913702998552412 7 1 9
7 0 0  8 156 23  0.88187987751943375 13.690235931356993  0.94214013086713633 13.113907980076629  0.98688785814462621 12.502240124654266  1.024375433734088 11.875117456157037  1.0608507326954741 11.247093195559044  1.1005571307665025 10.627388693741395  1.1457335043626593 10.019893431492164  1.1966142305771974 9.4231650195064063  1.282392968287505 8.4956055780432358  1.3120587189460795 8.2099063039544298  1.356921558213932 7.7859780346265142  1.4174209544275591 7.2864657062788041  1.489351339868485 6.915740902827876  1.5682604071640831 6.8788071259815844  1.6468350874236108 7.2073819654423366  1.7522074505955352 7.8308413851250522  1.7911288969300507 8.1391788335012638  1.8247889101143306 8.4641090703269075  1.8553115137584282 8.795646882570944  1.8841953940811234 9.1278812881926328  1.9123138999099254 9.4589755361415495  1.9399150426810712 9.7911671063575803  2.0061903466919584 10.633927191132091  2.0420184497612395 11.120844027415972  2.0770688269901245 11.570031410928273  2.1079142718888986 11.975026891691613  2.1332111712151116 12.317912526852439  2.1552018754752336 12.565484403778969  2.1742456188482273 12.688071536850313  2.1772259209510803 12.706146760168114  2.1785579293808137 12.714806741686321  2.180255524620585 12.724182529655046  2.1821881529638265 12.732025116872435  2.1842131961970601 12.736638041771009  2.1861759715998974 12.736877388417676  2.1879097319450405 12.732151786513729  2.1861065796264199 12.745382875855654  2.1942429156472114 12.742183645296995  2.1991596520770997 12.631087941001581  2.1950551135949827 12.382983531091599  2.1837733511651742 12.044755291585053  2.1711141645883711 11.706494490883331  2.1604907674805984 11.412544797689831  2.1034622914296728 10.047913525838471  2.0575964413658401 9.14874163548469  2.0104833269605851 8.228181401898226  1.947562634286613 7.334777734787945  1.8753957373412542 6.4134058240105123  1.8011769573585663 5.4587616057991912  1.7042802213637116 4.6471098364660932  1.5380704553134541 3.9706790602264728  1.5249708459800142 3.9190461619401571  1.511647360700545 3.8692558782015065  1.4977460129818767 3.8176621246038298  1.4838056853604507 3.7609725051345646  1.471258129402319 3.6962483121752898  1.4624279657031467 3.6209045265017163  1.4580704014712935 3.4181304022009136  1.4672246443780104 3.3116145176844092  1.4833179109663321 3.2203737038634133  1.5033341712203869 3.1508373743309517  1.525192416913101 3.1060254916537362  1.5474788074072516 3.0851411511589881  1.5696374110949505 3.0853830729981513  1.6785204659220732 3.1829562179609101  1.7470793957288406 3.5230505871545414  1.8056185126832396 3.8679134346721233  1.8573003908776673 4.2724785412800212  1.899236798884012 4.6424223015909467  1.9351535356665392 4.9404591647675211  1.9780611287661314 5.3608854686437608  2.084144477562075 6.441976234901051  2.1457850056878147 7.1222924269034449  2.2045769866624449 7.8089590925307597  2.2614368703264622 8.499332659293886  2.316923376364449 9.1919012433535894  2.3712374943050762 9.8862846495205101  2.4242224835210986 10.583234371255163  2.49109681865361 11.500409417304351  2.4946000989728176 11.547665259638368  2.5005882083816857 11.638983939268995  2.5065142632619204 11.703169022047607  2.5192781654227834 11.898258330694581  2.5340466543227178 12.089462216394308  2.5484849725350038 12.293182467410576  2.5543681796043618 12.294088201114485  2.5545906999085117 12.293658806405237  2.5547791871609156 12.292901322458984  2.5549333577777009 12.291933776148101  2.5550555658652541 12.290851868483534  2.5551508032202288 12.289728974614844  2.5552266993295398 12.288616143830199  2.5553367865022558 12.286846690278336  2.5555768935250072 12.275469143231881  2.5558115616968857 12.259025924830073  2.555887761766773 12.240780114628549  2.5557017159741551 12.221641405325487  2.5551988980491265 12.200166102761637  2.5543740332123894 12.172557125920294  2.551649638097528 12.074015856632505  2.5493511585642876 12.001816834325352  2.5462796607348994 11.909115864751568  2.5418842073881414 11.78070442351053  2.535158922922216 11.593116537055284  2.5246429933547399 11.314628782692555  2.5084206663227477 10.905260288582729  2.4684755620033658 9.9378626563092887  2.4526464660141865 9.5591557401513541  2.4369452738262671 9.1803160908728554  2.4216138400353198 8.8010960618253549  2.4068245631216598 8.4213362541051655  2.392680385450205 8.0409655165533671  2.3792147932704735 7.6600009457557965  2.3641366078547765 7.2114607852428518  2.3481647228343601 6.7403014822040035  2.3294386772459625 6.141714214990257  2.3151338586680659 5.6096859777751815  2.308638526667008 5.255546520842171  2.3095538127969872 5.1079683505844429  2.3136937206000603 5.1129667295050325  2.3132538115215602 5.1280976349352221  2.3137232096752935 5.1115811642178421  2.3147534254590356 5.0916893967424723  2.3161105307351608 5.0757824500435014  2.3187299583634502 5.0811574387969856  2.3222323438084804 5.1053432929155802  2.3238702093307499 5.1160869131914009  2.365885733402227 5.4074942521285001  2.3778170773401772 5.720708814083058  2.3975460887749342 6.023386525470964  2.4322936111438986 6.3199133034852943  2.4733639572387767 6.6270424816904088  2.5102757058190086 6.9452759525826204  2.544892498225201 7.2302453101508695  2.6302514945693227 7.4185877442581143  2.665991822900045 7.4110951006581303  2.7073770019440704 7.3847119475777561  2.7506387755856418 7.3605515838430842  2.7936384496339048 7.3377437211659426  2.8358668918229033 7.29343448414392  2.8784445318115819 7.1827864102603547  2.9364550592302301 6.8731452078242379  2.9496911753358281 6.7853650162581536  2.9928870422304454 6.568038649339468  3.0479611384850362 6.1235639966542976  3.0909197213581274 5.4561080733364156  3.1123057834090915 4.7388852168312097  3.1168703328782059 4.3569414703087608  3.074821972604604 6.0164868489027796  3.059962696403129 7.1175463731145134  3.0369617192108533 8.2093455501750601  3.0124016470212416 9.3038548386183528  2.9902020535763465 10.39970862192339  2.9674776812161934 11.492254296486891  2.9450543201301418 12.590126263433934  2.941269755299726 13.690235931356993 
 0 9 0.12911012206804878 7 0.20204163211588747 7 0.26061165235655503 7 0.34739024082606407 7 0.38189756810662318 7 0.46333180740589774 7 0.66240991101047908 7 0.68089600741318612 7 0.70491248336467871 7 0.79467950401216547 7 0.94109214788760631 7 0.98613398481564774 7 0.98816327741616472 7 0.98947717940002167 7 0.99140878873434179 7 0.992652495991037 7 0.99287122988757104 7 0.99293185695144504 7 0.99702207493530803 7 0.99868736648250289 7 0.99913702998552412 7 1 9
7 0 0  8 23 4  0.35045597232435627 0.87855109081679028  0.35116182619997671 0.87833499450970987  0.35189715263914079 0.87750505216933428  0.35248955511556262 0.87697531731167577  0.35287895134196473 0.87714667669083435  0.3531175732700777 0.87790685029899551  0.35336996709064034 0.87863039136643251  0.35391299323339953 0.8781786863615052  0.35515980202428077 0.87483567006319529  0.35521549625448634 0.87468415505215413  0.35528706701225304 0.87447633669988822  0.35536207465820435 0.8742251498863497  0.35542872648852891 0.87395085302237296  0.35547954927799963 0.87369598345625388  0.35551314663582323 0.87351841534472607  0.35565980162680111 0.87273050155519105  0.35581513633307937 0.87156625332340454  0.3558671635900052 0.87034313954141962  0.35578640426039487 0.86914083619140103  0.35572661353389318 0.86736457545459722  0.35548160094725856 0.86623794530436693  0.35528088953479336 0.8648440428469466  0.35513721350610372 0.86351350588694231 
 0 9 0.81360866553078326 7 0.82956080315128466 7 1 9
7 0 0  8 23 4  3.1352179534364848 13.690235931356993  3.1667720588545665 12.914266927260549  3.2022703884861174 12.200606538539532  3.2294518488555504 11.484752857186303  3.2436434601968416 10.7320598915845  3.247760356453536 9.9377375665090355  3.2523057852787423 9.1268517231260855  3.2753711080351349 8.3543241189931052  3.3439546348386466 7.6922000346339647  3.3470347766919692 7.6637693048338571  3.3510934276495732 7.6340552218520132  3.3556005824553168 7.6204075168385828  3.3600124955154564 7.6353479476896844  3.363750853525405 7.671078648172192  3.3662949859043496 7.6994590140906061  3.3775057054942477 7.8302026568823813  3.3923247743591105 8.1419752784998849  3.4027072777687732 8.6949782361566772  3.4130617555999399 9.4744786894519066  3.4209324488985851 10.46572738911339  3.4260911085512182 11.580332786341305  3.4297438401784932 12.711357076042098  3.4359042173223164 13.690235931356993 
 0 9 0.81360866553078326 7 0.82956080315128466 7 1 9
7 0 0  4 5 2  0.35740703400933355 0.85381391381895644  0.3595969528913816 0.85056001965205796  0.36079498740293159 0.85108484285747499  0.36245696295936253 0.84992787068089171  0.36418236423388439 0.84889879997611095 
 0 5 1 5
7 0 0  4 5 2  3.5790573744261183 13.690235931356993  3.6555097424867391 10.281571308501855  3.6542063882952656 6.830658262042224  3.6764858119721708 3.4150259873541629  3.6829660907541455 -0.020000400000000002 
 0 5 1 5
1 6.2831853071795862 0 0 1 
1 0 0 0 1 
7 0 0  7 38 7  0.29562295860868576 0.91007043683586974  0.29553336649817713 0.91033758742913096  0.29543018945655192 0.9106026106338857  0.29531567133370251 0.9108666297138216  0.29519076178851877 0.91113198491255198  0.29505511628888775 0.91140223345361604  0.29490709611169386 0.9116821495404771  0.2945798076469347 0.91227444458272122  0.29481227057953213 0.91195623202934151  0.29423817751160641 0.91285100092670635  0.29351806713931072 0.91397014610897631  0.29363383074488547 0.91383480866600453  0.29434654645758856 0.91280214159518935  0.29249963347745983 0.91562826492748206  0.29232559228260507 0.9158930601880928  0.29218545387699646 0.91610444358213072  0.29209222306782873 0.91624721064868053  0.29203070035473305 0.9163404013751566  0.29197590384890598 0.91642406301355506  0.2910841787807848 0.91778699828720345  0.29164713593811409 0.91642240264073782  0.2899118802798879 0.92169478729855214  0.29172476654213059 0.91386377201174085  0.28945554080775354 0.92287028257730619  0.29020501876183413 0.91836992696106923  0.28876047911009117 0.92542944569023455  0.288589804578817 0.92583539063345655  0.28857957660434669 0.92539759773273256  0.28856936095362856 0.92510134247138709  0.28848292726056435 0.92535310214674138  0.28832824902600879 0.92598055587011274  0.28741725645597532 0.92773661195821977  0.28666567767330026 0.92872465080363609  0.28606204657600326 0.92939906535051742  0.28558392641181735 0.92999420685292467  0.28506716436995089 0.93077641357152363  0.28420589158108694 0.93204401077358601  0.28255252311738349 0.93412731073298994 
 0 8 0.10632912100059105 6 0.21307028811521944 6 0.222827058165701 6 0.3611723764379049 6 0.452856744877627 6 1 8
7 0 0  7 38 7  1.1270337344531765 -0.020000400000000002  1.1029521766775878 0.55731327607961023  1.0796672696870202 1.1354379498135347  1.0571026436252866 1.7142587313209254  1.035162629661827 2.293656922616909  1.0137322599917091 2.8735100176125843  0.99267726783562771 3.4536917021150231  0.95093017440062866 4.6167010919979186  0.94408174484281804 5.1074388947299649  0.91702710620057182 5.5394335885504891  0.88463920207424251 6.0356024973818325  0.87191233827024095 6.6751732000027788  0.87493890884083692 7.360224787509746  0.81703678559780735 7.7116622094342251  0.81225795435281334 7.7154779690499957  0.8094656511491316 7.6722469126091637  0.80762119517857989 7.6419941287473678  0.80646794315388914 7.6198213858433688  0.80547981612213937 7.597930398875917  0.79036325389818485 7.1998668963469248  0.80870071808494715 7.042092752570249  0.76733453501016324 6.8587673658658437  0.82146856619140296 6.5079730545683914  0.7708399700254096 6.1454914430034879  0.80003557070589426 5.6677788991995195  0.76482314047256283 5.5695070393741872  0.76282422656455051 5.4596367410597386  0.76509538248942488 5.3440673191296133  0.76674797227836933 5.2561679810827986  0.76577057842229823 5.1976747959565257  0.76302900187185752 5.1386906943262574  0.75771447242567802 4.2955646272244739  0.75456774422121686 3.5780506179901885  0.75479229934983272 2.859535197893599  0.75759798740685191 2.1377445540911966  0.75943828565713545 1.4137393036052046  0.75401029903507932 0.69191449332357746  0.7322547601446131 -0.020000400000000002 
 0 8 0.10632912100059105 6 0.21307028811521944 6 0.222827058165701 6 0.3611723764379049 6 0.452856744877627 6 1 8
7 0 0  3 5 3  0.34557937513275888 0.83620129530560905  0.34556429279756073 0.83612984438056814  0.34553336002526153 0.83596968686406048  0.34550769486701477 0.83580340888621851  0.34549529661314871 0.83571021384520872 
 0 4 0.45372582170639503 1 1 4
7 0 0  3 5 3  0 0.33064747384368609  0.004031297785245659 0.28077903101662677  0.012144732707913065 0.17061957883528744  0.018753709120899211 0.06035507104501097  0.021981177159651644 0 
 0 4 0.45372582170639503 1 1 4
7 0 0  8 30 5  0.28172429721119496 0.93011001381089153  0.28176436792565207 0.93017309995909014  0.28241317932119453 0.93078298455865738  0.28238983378112292 0.93267136965133091  0.28380535211218955 0.93151638217185839  0.28259006260400654 0.93518354629086797  0.28182432284351849 0.93636747640429285  0.28143037613414634 0.93747962061802015  0.28133590832679045 0.93991843203764136  0.28139347980372276 0.94059822220984179  0.28151069121031491 0.94122594177398955  0.28167260970302571 0.9418316618056104  0.28187690177209485 0.94244320581219188  0.28213383324154329 0.94308614973318372  0.28246626926917318 0.94378382193999799  0.28360977952953309 0.94577857536812937  0.28458672575088584 0.94717639124192377  0.28589814979208505 0.94870397574913767  0.28793719890085123 0.95030605928557055  0.28917914758944485 0.95091438716923682  0.29087956988229263 0.95212701369577346  0.29244882208060308 0.95312616477039325  0.29578551693961574 0.95562839951335987  0.29718128757592482 0.95693090927809998  0.29808053555153213 0.95769295517892628  0.29942938191523299 0.96012953304840321  0.29971270878483325 0.96202405735640795  0.30013894831376536 0.9634959078269133  0.30060637963436215 0.96440837912934319  0.30131083538520398 0.96550925839157986 
 0 9 0.34091549748963074 7 0.49648436819903147 7 0.74211658633150612 7 1 9
7 0 0  8 30 5  -6.9000000000000021 4.5188850774706069  -6.8578164461011752 4.523271158091358  -6.318639856925433 4.5924726618420557  -5.698285020561709 4.5932803543876943  -5.1998752315299797 4.7530444477191622  -4.9380313038271382 4.6120048373113463  -4.7762843694405834 4.5288807976707766  -4.502158649029667 4.4865798781866388  -3.4304824965744527 4.4763683545208028  -3.0950050338756734 4.4826438780279165  -2.7596332766975449 4.4953293443537818  -2.424325677750931 4.5128343549953485  -2.0892159701343047 4.5350433818963252  -1.7546131673337495 4.5633157674471851  -1.4210015632229558 4.6004857244851589  -0.56489811330512651 4.7304034350001452  -0.05027451455498877 4.8437525377787729  0.44760388593907052 4.9955830192773902  0.91484946490851371 5.2508535757256567  1.42156230971041 5.4107585418647233  1.9000955971626468 5.6280342990065932  2.3854236048706383 5.8296123110958078  3.374298648541167 6.2514580173329932  3.7633088260957024 6.4245812926429267  4.0631638623036324 6.5314678049234942  4.258292323959644 6.6935915738917515  4.4471408136659392 6.7179319994721709  4.6335724992056591 6.7715486502241475  4.8751423427807907 6.8229879367524191  5.241862322714109 6.9000000000000057 
 0 9 0.34091549748963074 7 0.49648436819903147 7 0.74211658633150612 7 1 9
7 0 0  8 184 27  0.36372132480380737 0.85185852837941123  0.36384499629646144 0.85110725014887112  0.3639708403889082 0.85034907058738729  0.36407461116117817 0.84967058656797323  0.36415075902511362 0.8490905316738665  0.36421243072436843 0.8485597761985304  0.36429146933440792 0.84796132714565153  0.36443841426250928 0.84711032822914201  0.36476132149323182 0.84556872695316199  0.36481236295325586 0.84533462656762748  0.36490614651858605 0.84489323383586257  0.36504947848158559 0.84426253878649149  0.36524236327382265 0.84349856664033163  0.3654764566213769 0.84265463455409839  0.36571505911786112 0.84183834482491549  0.36614831742280102 0.8403732726368176  0.36630539602698586 0.8398860054863454  0.36641269460155795 0.83952823435621882  0.36656554015329618 0.83904147561948783  0.36678528643354247 0.83835225536513192  0.36703726848096252 0.83755028314580038  0.36730715676342968 0.8367023958033295  0.36799332925225303 0.83443831298663873  0.36819962894909325 0.83373335117857661  0.36833663808785505 0.83325079449230199  0.36842830565481743 0.83292211416026429  0.36849845491223127 0.83267165502782814  0.36857078339831945 0.83241663555327539  0.36866886292727652 0.83206714780780433  0.3689199116369693 0.83114497233861262  0.3690135610963276 0.8307982400251398  0.36910931165502181 0.83043872731265556  0.36921261974629271 0.83004567262420326  0.36932217454894511 0.8296247860283239  0.36942989798734749 0.82920824923905834  0.36952094473143149 0.82885471561594559  0.3696006349953293 0.82854445024234069  0.36963048736341808 0.82842817431617632  0.36966469928007245 0.82829472591770115  0.36970400176036972 0.82814120071530362  0.36974841685535031 0.82796754651359061  0.3697972576520186 0.82777656325338889  0.36984912827334221 0.82757390301174294  0.36992719690622095 0.82726953862940911  0.36995915437143201 0.8271540910850077  0.37000080625084053 0.82699504107817623  0.37005856816752319 0.82676282669255041  0.37014226139067852 0.8264250103859353  0.37026511283562691 0.82594627899030737  0.37044375506381055 0.82528844371181187  0.37087393301236771 0.82380419814238992  0.37104210001355603 0.82324639729392524  0.37121275450661256 0.82270617349113262  0.37139475201389821 0.82215600516158649  0.3715957763598805 0.82157171325467337  0.37182233967113304 0.82093246124159258  0.37207978237633588 0.82022075511535597  0.3726581562978637 0.8186421665393141  0.37293441181084869 0.81789073508456966  0.37320346838129281 0.81715526019013396  0.37346799147301835 0.81642507228928729  0.37373088337760774 0.81569172108501076  0.37399528321440362 0.8149489755499868  0.3742645669305088 0.81419282392659909  0.37500739143072415 0.81213012300216969  0.37567358239203269 0.8103864755419431  0.37570029300191587 0.81017832535101875  0.37607733693321127 0.80914597076192851  0.37710105517146164 0.80659492841882385  0.37780676070521774 0.80484084415235746  0.37735754144957262 0.80588660074559204  0.37839781829727298 0.8034116452746578  0.37840565454628805 0.8033930071098806  0.3784141502894271 0.80337281153845441  0.37842218992526533 0.80335370337696055  0.3784298265267958 0.80333555616402619  0.37843870023383336 0.80331447989273419  0.37844937062252559 0.80328914912813965  0.37845662526197954 0.80327193037381972  0.37845775152600392 0.8032692573071154  0.37845894488164461 0.80326642513486879  0.37846020331371882 0.80326343866725936  0.37846151975426034 0.80326031469954595  0.37846288208251944 0.80325708201206913  0.37846427312496356 0.80325378137024883  0.37847034307294303 0.80323937952830804  0.37847440419103878 0.80322974599911445  0.37847785675171941 0.80322155742001344  0.37848075225738476 0.80321469089533593  0.37848319097067812 0.80320890815073831  0.37848532191448625 0.80320385553320151  0.37848734287193997 0.80319906401103058  0.37849991332924193 0.80316926312528969  0.37853641972604279 0.80308271946486565  0.37857212698411841 0.80299822113417807  0.37861065411004668 0.8029071704056161  0.37865105927355353 0.80281181475991992  0.37868843335823693 0.80272377527597827  0.37872331543241178 0.80264165110518915  0.37899383518360225 0.8020050528474626  0.37914348647516294 0.80165517001186393  0.37926877373526829 0.80136106467896151  0.37941307289694576 0.80101686226950619  0.37959640203899925 0.8005716940419394  0.37981542138600904 0.80002969709239324  0.38004343330833185 0.79945001435468954  0.38069526054367847 0.79769545927768182  0.38126514607672179 0.79601351066443116  0.38153912481599866 0.79484361414859017  0.38180270713683884 0.79344184195998391  0.38206402994565897 0.79200225628927945  0.38219029786777747 0.79079585721393852  0.38226292094419184 0.78919037457778163  0.38227299868721598 0.78732713726375259  0.38226511831716647 0.78668245938618597  0.38224231004066472 0.78598337842330401  0.38220141301767024 0.78523133391012256  0.38213996062627775 0.78442917583150118  0.38205618046271689 0.78358116462214156  0.38194899434135232 0.78269297116658987  0.38162327039259586 0.78040180688934124  0.38138940409922323 0.77904300272895666  0.38110552690528671 0.77762675782899615  0.38080486371666733 0.77625994787405861  0.38049251819735808 0.77493471827339055  0.38014137378708962 0.7735611623942199  0.37973125315966927 0.77212735007081956  0.37909150719530255 0.77011520816588397  0.37881672964646423 0.76929953905693804  0.37851192142778095 0.76845435799762385  0.3782035065066961 0.76766383667271854  0.37791453363186761 0.76698621911000142  0.37766467633316786 0.76645382168025489  0.37747023292168325 0.76607303309726449  0.37712543444194552 0.76539298988918736  0.37684388329097507 0.76489540099273112  0.37656569994957118 0.76443226025225552  0.37633297260979304 0.76406541346060752  0.37616365074299196 0.76381783967967731  0.37605154509981126 0.76367365124039799  0.37596632771018612 0.76357809374274499  0.37573612658704081 0.76329125480277249  0.37561361200208704 0.76314666285768618  0.37549353040962841 0.76301186808234522  0.37538156202598061 0.76289238916276425  0.37528152500262862 0.76279116560910531  0.37519537542622644 0.76270855775567659  0.37512320731859755 0.76264234676093401  0.37438601357748258 0.76197084394474457  0.37415127704155571 0.76192915105699477  0.37365206343002028 0.76160313534946622  0.37330255746048341 0.76148310491554128  0.37302608162952222 0.76150771211150903  0.37260371229472 0.76141777358114238  0.37228538118712717 0.7614579380708244  0.37018236771818291 0.76185746372371499  0.36944193661667041 0.76314951304724099  0.36844505900270313 0.76388096988636589  0.36780926344798304 0.76472346811997294  0.3674470015156503 0.76551196205763627  0.36695287371162899 0.76592579773137326  0.36653554814431411 0.76659217440866501  0.36516921352707821 0.76859030246236004  0.36438866899212236 0.76978285008315006  0.36365887225499116 0.77091470272787888  0.36295811065831113 0.77198294632521436  0.36227273323908871 0.7729757712148676  0.36159715072871029 0.77387247214759103  0.36093383555294212 0.77464344828517973  0.35924284029896975 0.77624531823491372  0.35823816266108149 0.7768433801379957  0.3572443762088468 0.77682488696416152  0.35627527427608358 0.77680494168652825  0.35535970229618141 0.77490888550059056  0.35443300900542707 0.77356716684740856  0.35350612388815317 0.77180325865963428  0.35176861503611778 0.76877852343841702  0.3509687268251302 0.76746828356990571  0.35015426997542159 0.76621908576732767  0.34928023032062661 0.76567563598009547  0.34844719031352722 0.76455708952678025  0.34741822434613689 0.76554069283562876  0.34633652094092804 0.76709555568251675  0.34517259314651882 0.7695637695637696 
 0 9 0.11976940004068053 7 0.13613578692506378 7 0.17056685902636226 7 0.19726177540962869 7 0.21607117873807069 7 0.22567341928947038 7 0.23026997035516175 7 0.23344378686102477 7 0.23654590283169327 7 0.24173928932300409 7 0.24178155036076265 7 0.24178879955070284 7 0.24181303605049123 7 0.24193001013790677 7 0.24287595576070012 7 0.24522819881333002 7 0.24631885907867865 7 0.24794055864871758 7 0.2487611377429351 7 0.25018417477339694 7 0.25166536506994946 7 0.26839666764451009 7 0.36159598226933842 7 0.52042423882546818 7 0.78091225797528374 7 1 9
7 0 0  8 184 27  6.9000000000000048 -3.4500227134688295  6.67154614757521 -3.4796719539193819  6.4460177101491176 -3.5086145519706835  6.2201606296597243 -3.53233171962128  5.9923446141912953 -3.5500811263372571  5.7625631379743671 -3.5648968990522523  5.5324334413857432 -3.583589622167449  5.3051965309484919 -3.6167463375515765  5.0557255121743596 -3.6872006338288528  5.0232785738271 -3.6983170525324436  4.9555989156185314 -3.7185972432873213  4.8855847950645837 -3.7495557976780121  4.8533655893001377 -3.790447318118777  4.8723290806453905 -3.8382630252278567  4.9196206143072079 -3.8849811106951155  5.0173691578538815 -3.9690613173832965  5.0831035513293017 -3.9975736570118379  5.1056525290449217 -4.0171536664023648  5.1683909203025671 -4.0456655960615393  5.2547915922532384 -4.0848924952579342  5.3260000121188007 -4.127825029484339  5.4086374888998607 -4.1732618525409508  5.3924965972788712 -4.2799276915971882  5.342634290192894 -4.3102694620482342  5.2807633356583965 -4.3293958631438905  5.2260247024765736 -4.3417909790923472  5.1858957121183336 -4.3513970570461371  5.1561900387243051 -4.3616145071021402  5.1210577091048286 -4.3753019023015796  5.0050207229175729 -4.4084975333579415  4.9602142554110644 -4.4207627444376145  4.9184499718553578 -4.4330022142480923  4.8801700412107465 -4.4458633213519976  4.8463745297628984 -4.4592102204955291  4.8186214011228579 -4.4721238426084593  4.7990265162270429 -4.4829018948041321  4.7857901629159727 -4.4922020044488926  4.7811032724839828 -4.4956754195482391  4.7765434176052155 -4.4996296039419903  4.7724724570846879 -4.5041348489788975  4.7692736529685025 -4.5091812390919683  4.767351670543845 -4.5146786517984738  4.7671325783389884 -4.5204567576999475  4.7699883386250352 -4.5290454107815776  4.7716246885052476 -4.5323307635702212  4.7737321473662062 -4.5368097006922978  4.7780143738897634 -4.5432597958311751  4.788119435837344 -4.5525475745094122  4.8096398100499478 -4.5656285140887514  4.8501123824481533 -4.5835470437701211  4.9665965571794022 -4.6239317147651349  5.0146504987685301 -4.6390259501955597  5.0628399819651886 -4.6537257170803947  5.1109162220449846 -4.6687621194909301  5.1587219403934199 -4.6845908993742658  5.2061913645059041 -4.7013924365533146  5.2533502279877515 -4.7190717487267975  5.3462203020219947 -4.755034372655695  5.3840608077704735 -4.7706065308350531  5.4221288630564484 -4.784394342768497  5.4668966348306531 -4.7967409658251574  5.5230168817377185 -4.8079133379821322  5.5933229541161715 -4.8181021778244668  5.6788287939984334 -4.8274219845451629  5.9459760813292784 -4.8501229293343204  6.1290596354908988 -4.8607545648885662  6.3128547505493247 -4.8689714679158662  6.483268006009979 -4.8758600173593587  6.6285683740066554 -4.8813359794571696  6.7395375239296893 -4.8844200889985325  6.8084394656057174 -4.8848806801761873  6.8269590169241097 -4.8862544558613941  6.827084915687184 -4.8862646146979776  6.827190984794191 -4.8862752275179764  6.8272830894919174 -4.8862851568320469  6.8273626091520798 -4.8862944796067911  6.827424986288043 -4.8863049266525076  6.8274634182341085 -4.8863170254802828  6.8274801398305636 -4.8863251338381897  6.8274824472319633 -4.8863263890215078  6.8274845197177134 -4.8863277143187389  6.827486273352636 -4.8863291064968593  6.8274876342402253 -4.886330556949444  6.8274885385226467 -4.886332051696666  6.827488932380736 -4.8863335713852978  6.8274882359405096 -4.8863401728411544  6.8274817077084711 -4.8863445148743647  6.8274721337143411 -4.8863481568426534  6.8274615441401538 -4.8863511799664696  6.8274510529735135 -4.8863537072323968  6.8274408580076029 -4.8863559033931541  6.8274302408411778 -4.8863579749675976  6.8273563977648948 -4.8863707654204092  6.8271251753867164 -4.8864077210856163  6.8264876650516282 -4.886438879307712  6.8253286954192181 -4.8864672862782577  6.8236456819719695 -4.8864924225764117  6.8215405372611251 -4.8865104929325449  6.819215361672355 -4.8865244294009127  6.7988604542897191 -4.8866137749016101  6.7818522745482497 -4.8865964196304077  6.7538811880468126 -4.8865038227513251  6.7063113585928233 -4.8863588395244149  6.6339406949859869 -4.8861855537590504  6.5350008510182747 -4.8860092778139244  6.4111572254739402 -4.8858565525970556  5.9103048889434504 -4.8855029879547542  5.2940747796146761 -4.8854838616071792  4.5345079541835407 -4.886525463027132  3.728454349051125 -4.8875950684614402  2.9540053994208986 -4.8886622312298682  2.2705765188686371 -4.8898212245070916  1.7189903088729999 -4.8902089626760059  1.1372836703918732 -4.8902750761227525  0.95300784275933659 -4.8902260432542093  0.76873227896830798 -4.8900741573750857  0.58445706961296784 -4.8898041121750389  0.40018226515493915 -4.8894181714245644  0.21590787592328806 -4.8889361689749959  0.031633872114523058 -4.8883955087584994  -0.42663582634499631 -4.8870417813248297  -0.68094677785181545 -4.8862684770905229  -0.92235167685104291 -4.8856614702451022  -1.1536036395321805 -4.8854115907981814  -1.3734278106236384 -4.8854584473774167  -1.5765209617990696 -4.8857099544093803  -1.7535520791045742 -4.8861798717157328  -1.960794424833731 -4.8865565776172479  -2.0350085785718246 -4.8867159331757231  -2.1048130925282744 -4.8866607148874239  -2.1640953397458653 -4.8862606443379244  -2.2096226834900672 -4.8855025250138668  -2.2410424772490378 -4.8844902423029657  -2.2608820647336216 -4.8834447634940057  -2.2982494101655733 -4.8814197547982037  -2.3216949496335668 -4.8790771184356867  -2.3412405978110065 -4.8763964090682554  -2.3548456847966976 -4.8738600871734112  -2.3620736712585648 -4.8717128933271825  -2.3640921484336568 -4.8699618482041283  -2.3636728381281449 -4.8683762525773364  -2.3667724121283307 -4.864521944701738  -2.3673963835879861 -4.862308773986256  -2.3671929296610288 -4.8599887996709477  -2.3663212264924209 -4.857681791533949  -2.3649702038073444 -4.8554866646325525  -2.3633585449112058 -4.8534814793032197  -2.3617346866896347 -4.8517234411615782  -2.3450385575069639 -4.8335927186081733  -2.3254562988202712 -4.823107942956292  -2.3099083633514588 -4.8063920611417368  -2.2933263793766745 -4.7912807546223455  -2.2774489700383138 -4.7750657666280549  -2.2665513116174028 -4.7533770070512187  -2.25909983917155 -4.7327016427064841  -2.2366393121533514 -4.5869138363588355  -2.3448292408123379 -4.4740196666451508  -2.4411739305598488 -4.3638274123693437  -2.554132639878282 -4.2645306516961927  -2.657159725464604 -4.186075759135595  -2.7273929775514572 -4.1207100859599297  -2.8264844345835507 -4.0420038942106578  -3.1455828803569079 -3.7819266785002283  -3.3452918388323916 -3.6168293578510862  -3.5413921947530431 -3.4474772682450836  -3.732152062677494 -3.2718021622365541  -3.916328782970226 -3.0887261511497024  -4.0931689218015661 -2.8981617050786084  -4.2624082711476907 -2.7010116528872263  -4.6897379794837999 -2.1681352307753059  -4.9315126362549542 -1.8238244621203386  -5.1538169352662528 -1.4545061966959452  -5.3394829018076102 -1.083183210106057  -5.4913828803985858 -0.67702304678361713  -5.6299128865235257 -0.27777301159470369  -5.723901607593433 0.13649504987959915  -5.837782413471567 0.90584661661507582  -5.8654356406915369 1.2578609916507624  -5.8737494294670221 1.6136816189462451  -5.8600932862975945 1.9654523368234464  -5.8293638826355973 2.3228477789440092  -5.8000870558678397 2.6755409033326778  -5.7346319396165288 3.0233879774971122  -5.6461895970018219 3.3669930375076262 
 0 9 0.11976940004068053 7 0.13613578692506378 7 0.17056685902636226 7 0.19726177540962869 7 0.21607117873807069 7 0.22567341928947038 7 0.23026997035516175 7 0.23344378686102477 7 0.23654590283169327 7 0.24173928932300409 7 0.24178155036076265 7 0.24178879955070284 7 0.24181303605049123 7 0.24193001013790677 7 0.24287595576070012 7 0.24522819881333002 7 0.24631885907867865 7 0.24794055864871758 7 0.2487611377429351 7 0.25018417477339694 7 0.25166536506994946 7 0.26839666764451009 7 0.36159598226933842 7 0.52042423882546818 7 0.78091225797528374 7 1 9
7 0 0  8 30 5  0.34517259314651882 0.76956376956376971  0.34458422234460534 0.7708114629237719  0.3440646042098518 0.77208849263887402  0.34359278377374558 0.77334327264784331  0.34314810418141845 0.77458352855134671  0.34271455676966756 0.77582874015623837  0.34228259845449144 0.77708469765840149  0.34184843642813811 0.77834017146413992  0.34103221073467249 0.7806630648615579  0.34065355880277909 0.78172428941656624  0.34027890701956665 0.78276119067887306  0.3399105954427854 0.78376968515373735  0.33954922153835715 0.78474978448794896  0.33919364018037523 0.78570559546982899  0.33884096365110439 0.78664532002922927  0.33796308065042735 0.78896370871110955  0.33741888454771546 0.79038433985986234  0.33682873120714946 0.79189631269400651  0.33621691065713932 0.79350325528691712  0.33544483854695484 0.7953949981236621  0.33485851352614493 0.79681584818371776  0.33429119989211425 0.79823921286663668  0.33330175322900346 0.80078712004060071  0.33309450050129136 0.80135161348659956  0.33281634132001492 0.80208410472648162  0.33254319654668463 0.80282525467342536  0.33218468040537119 0.80381414958020214  0.33170085471191119 0.80515277219786419  0.33124064626228611 0.80645151716765351  0.33058354462307654 0.80815674162041518 
 0 9 0.23287225629359018 7 0.43430503612453186 7 0.73183786072435186 7 1 9
7 0 0  8 30 5  -5.6461895970018219 3.3669930375076262  -5.6014815899439387 3.5406869605078031  -5.5572147045291898 3.68728533075614  -5.5150012241658155 3.8171468253943388  -5.4733111677192374 3.937591397884904  -5.4293832342364858 4.0535141339032705  -5.380860672541889 4.1679566384996418  -5.3271520757040856 4.2826359545305213  -5.2215282654744239 4.4985928811909721  -5.1718980623858659 4.5989664434385791  -5.1201228627156885 4.6983020978382815  -5.0653054906605117 4.7958204617231033  -5.0071552230065297 4.8912123710235553  -4.9459877891295143 4.9846388802676422  -4.8827253709948106 5.0767312625808643  -4.724616250171362 5.3042754302964816  -4.6262109761782391 5.4440257526122942  -4.5327739094500235 5.5920386665590556  -4.4571280283401826 5.7465821249058706  -4.4494364383616869 5.929930136100495  -4.367811800095879 6.0636956400402511  -4.248462832575882 6.1892403558066391  -3.9788116329876608 6.399925311190799  -3.8973248370407987 6.4404423804167692  -3.808764844066495 6.498508921369563  -3.7263134505219604 6.5502414941760492  -3.5668420303712836 6.6224337213997444  -3.4491455279934939 6.7098426790701211  -3.312429328650996 6.7923377483360881  -3.3302541852227812 6.9000000000000057 
 0 9 0.23287225629359018 7 0.43430503612453186 7 0.73183786072435186 7 1 9
7 0 0  4 8 3  0.30130923210351968 0.90841830506246424  0.29983168336263516 0.90901146148205791  0.29821689346608532 0.90946448826802673  0.29660342244607868 0.90986674834426329  0.29345702592577994 0.91055765229378838  0.29193590991646823 0.91085565746733177  0.29039362951674091 0.91113725346885444  0.28881922536366011 0.91141283446161914 
 0 5 0.52257986222419184 3 1 5
7 0 0  4 8 3  0.53711448388600225 6.9000000000000057  -0.4418305163434173 6.7384634858395813  -1.416381488197672 6.5506542166145891  -2.3885411850995588 6.3527636937339267  -4.2457572320091206 5.9581764093973604  -5.1310575126651834 5.7633587066446879  -6.0156238879222084 5.5653459471042339  -6.9000000000000021 5.3664621304866564 
 0 5 0.52257986222419184 3 1 5
1 0 0 1 0 
1 0 1 1 0 
1 1 0 0 1 
7 0 0  11 92 10  -5.9656403428697686 0.40539674985919405  -6.0428528152154639 -0.5887369190504731  -4.8251985119097522 -4.3122303551100991  -7.0400746853821143 7.6809902444891316  -7.9322743267340643 -10.295412387534258  0.61981211920885537 14.943668830423695  -15.272259180766948 -11.102605685560547  1.1915953950586715 7.5810646416533691  -8.9624021665005973 -2.4243754867754186  -5.4422369708633145 0.6097105792537898  -6.0105260566480228 0.12664311438113446  -6.002027727547488 0.17847137730958848  -5.9887209195845434 0.28516297103238564  -5.9799623658391319 0.35208420969257787  -5.9809846126740203 0.33168471498904084  -5.9909706774890497 0.22982337362690797  -6.0053778709589718 0.086180163303689009  -6.0182616193676433 -0.04533202130523295  -6.0245992868305906 -0.11615554255993327  -6.0226139976227673 -0.10267619387058613  -6.016098458425394 -0.025811373711035646  -6.0180194250190011 0.13982796852290894  -6.0068904409632609 -0.088284629706527201  -5.9987942930511524 -0.23864751870195358  -5.9952029780961507 -0.24303527004741524  -5.9918486382343277 -0.18728013899246856  -5.9844072848472241 -0.17466644300028733  -5.9716356333242269 -0.24672474239622172  -5.9559610486290655 -0.3614258230979846  -5.9415246017174201 -0.42877448144772856  -5.9296772367568922 -0.40380311112801082  -5.8764326740524124 -0.50328905426822479  -5.8337074881867617 -0.56521521811594755  -5.7845537778222527 -0.62288556028207465  -5.7297718291985094 -0.67644205733236162  -5.6701619285356593 -0.72602668582899632  -5.6065243620858496 -0.77178142234025915  -5.5396594160594113 -0.81384824342622053  -5.4703673767105157 -0.85236912565576273  -5.3994485302565725 -0.88748604559026345  -5.3277031629392386 -0.91934097979607998  -5.1123883570857043 -1.0055457549191631  -4.9662211072075477 -1.0545943596914813  -4.8177790475557041 -1.0961000230260749  -4.667411414335918 -1.1309410487935876  -4.5154674437486761 -1.1599957408676771  -4.3622963720002303 -1.184142403117175  -4.2082474352922636 -1.2042593394168981  -4.0536698698287621 -1.2212248536357757  -3.8989129118134347 -1.2359172496473498  -3.7443257974492821 -1.2492148313223221  -3.2821216939216415 -1.2875580449535053  -2.9736912877489949 -1.3061101225499923  -2.6650160360607007 -1.3183124407995575  -2.3561454304917624 -1.3248253051796142  -2.0471289626838454 -1.3263090211674671  -1.7380161242691323 -1.3234238942406422  -1.4288564068903731 -1.3168302298762344  -1.1196993021810071 -1.3071883335520365  -0.81059430178093972 -1.2951585107450052  -0.50159089732659823 -1.2814010669328175  0.42496605328581372 -1.2369267889124704  1.1154798535432457 -1.2707288818954947  1.752015549537419 -1.2971823566498273  2.3117002481748967 -1.2969027332471856  2.8371839739970679 -1.2818925596951978  3.3982482091088166 -1.2755126899322571  4.0534144331407793 -1.2924535617876121  4.8115526631667791 -1.3187064749850392  5.5934899936702829 -1.2915348691016515  6.1936191364672188 -1.0794456015645892  6.289394784852318 0.15512515032110144  5.8050708005661482 0.80639010267819922  5.1489967100236402 1.0809224425385615  4.4850238518351055 1.0317616545086699  3.8586041041049315 0.88567852732038588  3.2575589333535175 0.84326522029109352  2.6554065891338925 0.9691357656355698  2.0372474444962525 1.1722370066309411  1.4082074821424886 1.2762699716325814  0.7844399264042865 1.1802216839436288  -0.45106988449947866 1.0377931311270745  -1.0807305851547813 1.1265159632079942  -1.6635437444330949 1.3019421490778624  -2.2186734973510247 1.5228353375946728  -2.7941443594156015 1.7503793029564108  -3.4293168491381856 1.9326100481058786  -4.1288958239737799 2.0028572897137527  -4.8484715299593111 1.8921953248012795  -5.491593364731048 1.5559032789331166  -5.9183763542342955 1.0139347360454776  -5.9656403428697722 0.40539674985918284 
 0 12 0.0078125 10 0.015625 10 0.03125 10 0.0625 10 0.125 10 0.25 10 0.5 10 0.75 10 1 12
1 0 0 0 1 
7 0 0  9 90 12  -4.3336543758721504 -2.8558866900840782  -4.2441499739627409 -3.8114033065168229  -4.2620375271939226 -3.6018476303807612  -4.3095607071785746 -2.7376057364558917  -4.3695822318251203 -1.9764026314052836  -4.4198132562716435 -1.8414418375786308  -4.4146286851335645 -2.3857334334235816  -4.3144684060525007 -3.2026105505004576  -4.162824444554575 -3.6824343271020425  -4.2348088380475435 -3.4320138141691161  -4.2757280778211468 -3.176004558328632  -4.3140613935294292 -2.7924643065750243  -4.337821138712286 -2.3417661349983288  -4.3425423864614263 -1.8996514401639015  -4.3312829294142343 -1.5572299391095714  -4.3146232797611273 -1.4209796693493479  -4.3106666692386879 -1.6127469888697283  -4.37941142903043 -2.9267461633952458  -4.1071874658141825 -4.597454778964905  -3.5598608798658624 -5.53977550244824  -3.0933654464384692 -5.7127724077628859  -2.9764306041985344 -5.6025972897134366  -3.1998397814195658 -5.5224435321035994  -3.5065914398170541 -5.3865271174082237  -3.642962836036721 -4.9580947779741127  -4.580531159787177 -3.0249173320122571  -4.4173805148582543 -1.0604563470248447  -3.015588696145207 -10.319617284659655  -5.8229121700544839 4.8762525773865129  -2.7965442758797794 -10.328077814452408  -4.7412033368300657 -0.81729034268875966  -3.9622032080532361 -4.5081311929627743  -4.0779117705343655 -3.9283243093539397  -4.0193044783802989 -4.1159561185646041  -3.9771460152025551 -4.2388713310870774  -3.9317214795147524 -4.3596340637623339  -3.8828517338825956 -4.4782644970252328  -3.8303576408702797 -4.5947828113148326  -3.7740600630441499 -4.7092091870651025  -3.7137798629683285 -4.8215638047147191  -3.6493379032086239 -4.9318668446990204  -3.4429893325725103 -5.2566817729672843  -3.2917726595371231 -5.4635258317507942  -3.1285126889366954 -5.6613668109769701  -2.9548170824844657 -5.8509008578153852  -2.7722935018932611 -6.032824119439038  -2.5825496088763118 -6.2078327430158842  -2.3871930651466 -6.3766228757195016  -2.1878315324171584 -6.5398906647187856  -1.5825549523689189 -7.0152154421187287  -1.1374766720628651 -7.474005363263549  -0.63747533512760834 -7.719946318047775  -0.12453813084417452 -7.6339351174107257  0.33175387133260831 -7.2578658352485563  0.6619815272379781 -6.7199745578602705  0.82464342346004471 -6.1601841333924359  0.83391168280304417 -5.6554489212847807  0.69433994364598972 -4.1244007825785856  -0.434879642436306 -3.3852821717005703  -0.79189310026229554 -2.3740595114341141  -0.35140138497346851 -1.2079297362699408  0.36939733946532233 -0.16968453233927419  1.0385950175875875 0.59788708603693796  1.7245667025200153 1.1979072427566211  2.5981692388452466 1.8856287092944886  3.3841338229350817 3.2196338308817962  3.703505244329639 3.7095996100132127  3.8807959080972498 4.1794976508543673  3.9336343301993315 4.6280383878050593  3.9881281083826559 5.0872774705900872  4.1702505036784965 5.5918854016092352  4.4972270219016508 6.1484171733074406  4.7689219951497366 6.7045819055251981  4.1495283314543441 7.5324430602028505  3.5370007644578951 7.271060325997273  2.9692239773747975 6.8243511309151241  2.5593647309868608 6.4208324843125952  2.2682529701183354 6.1070351907324998  1.9864597619606208 5.8269874864111841  1.6163752343953268 5.5016986757760016  1.1542865143183756 5.1086427679508892  0.0087939692539967043 4.0664408038673452  -0.69564525762328211 3.34444726214956  -1.4004552591380557 2.5981653472988699  -2.1283985746008365 1.8255074833731966  -2.8654070381634109 1.0193946592905265  -3.5605817788178897 0.16775642883176053  -4.126193220397985 -0.74646908936248257  -4.4376810815776304 -1.745335211789008  -4.3336543758721504 -2.8558866900840605 
 0 10 0.0078125 8 0.01171875 8 0.015625 8 0.03125 8 0.0625 8 0.125 8 0.25 8 0.5 8 0.625 8 0.75 8 1 10
7 0 0  7 8 2  0.81166512019967352 0.83711234771768983  0.81195833775051895 0.83771850043915452  0.81241559528908502 0.83866929102029852  0.81301227232284301 0.84015654561600139  0.81352703019537831 0.84137299573313074  0.81406593394533766 0.84287432538138451  0.81441836693273151 0.84402037125858653  0.81461914233360744 0.84469217474994707 
 0 8 1 8
7 0 0  7 8 2  -6.5999999999999996 0.39699494453020456  -6.4975465789439744 0.31000517467460931  -6.3434104140738636 0.16722366735311045  -6.1951586096362474 -0.0015971442081461618  -6.1667708052396311 -0.18392530754541525  -6.2745221387827401 -0.34775812334731793  -6.4739638862167395 -0.47318322732427198  -6.5999999999999996 -0.54125944597829179 
 0 8 1 8
7 0 0  3 7 5  0.81247943538524681 0.84324012385310509  0.81253156213694422 0.84329313760237856  0.81281403958005527 0.84356546466650306  0.81340270130833403 0.84400537469895887  0.81402687138280361 0.84434105545744431  0.81445090444644397 0.84452860554736864  0.81460735577157517 0.84459320187949827 
 0 4 0.049891316736896868 1 0.28168241318022358 1 0.73328352191909218 1 1 4
7 0 0  3 7 5  6.2831853071795862 1.7444236247140072  6.2811260848578518 1.7162728602285406  6.2700462004962167 1.5539493826906243  6.2475891837279969 1.1262092885963064  6.2241480036912247 0.56226413650410045  6.2080818489221841 0.14015641049348765  6.2021190170724481 -0.020000400000000002 
 0 4 0.049891316736896868 1 0.28168241318022358 1 0.73328352191909218 1 1 4
7 0 0  5 10 3  0.81170982361720756 0.83715670794293406  0.81145510002047982 0.83792275728045396  0.81179751739600259 0.83908297804547372  0.81126348759585754 0.83915041278979052  0.81035805501543978 0.83900022226358062  0.81185305563377808 0.84255483064333692  0.81214949986677343 0.84285995882735898  0.81227119017877669 0.84302919401840692  0.8122909848986396 0.8430370351221631  0.8124808705698896 0.84323091851096188 
 0 6 0.80725155776895974 4 1 6
7 0 0  5 10 3  0.058523693127117596 -0.020000400000000002  0.063364164498697348 0.48883933463487994  0.045251312644159922 0.66203584041123209  0.063261797180560686 1.1051287448983227  0.09539452743060807 1.776670365429835  0.025002758642957194 2.038739037379778  0.013264122469659091 1.907716599079321  0.0082274737086362217 1.8416412587983864  0.0075056818325214712 1.846674874953979  0 1.7444236247127274 
 0 6 0.80725155776895974 4 1 6
7 0 0  3 6 4  0.80991823326681867 0.90990193883331683  0.80998794428322696 0.91023127308053442  0.81012552205848276 0.91087709652296833  0.81025887854908474 0.91180529934242338  0.81026292098547048 0.91249166155651074  0.81023864269006096 0.91281632046894279 
 0 4 0.37297198025540523 1 0.72368819692721187 1 1 4
7 0 0  3 6 4  4.305447237698389 0.92485581223022684  4.2317235629343406 0.82775964699119597  4.1121673992158874 0.60970671617376671  3.9866178772298948 0.29146565707866057  3.9156265302313904 0.08682958992940569  3.883916365414497 -2.9537028217102627e-16 
 0 4 0.37297198025540523 1 0.72368819692721187 1 1 4
7 0 0  7 8 2  0.81018577673040282 0.90407459069311691  0.81018932706201052 0.9049157565133541  0.81015554187985361 0.90584725979609559  0.8100254958140013 0.90662581526887798  0.80977116037271812 0.90762407681250579  0.80952088079549056 0.90811189420116778  0.80973375726668506 0.90903042285544211  0.80991823326681867 0.90990193883331683 
 0 8 1 8
7 0 0  7 8 2  5.549926368442903 -2.9537028217102627e-16  5.4680692254464685 0.26076795559224014  5.3679122474707031 0.55830882011125371  5.2140965613658281 0.85685646244874081  5.0714828174293043 1.1659128076435181  4.7697530832739554 1.3732074563366432  4.5005419205239514 1.1818010285601741  4.305447237698389 0.92485581223022684 
 0 8 1 8
7 0 0  5 10 3  0.81021117286045552 0.91281247221187756  0.81139383563597556 0.91263573990332281  0.81167548409660772 0.91256092092458141  0.8123766028817947 0.91301565384506223  0.81343172609144698 0.9130182575193595  0.81334414856707149 0.90713570137046162  0.81201015835244539 0.90524755344288954  0.81137239249766591 0.90506876979088324  0.81136801283882498 0.90476838212942334  0.8101630793574659 0.90406558201109322 
 0 6 0.48287281246544722 4 1 6
7 0 0  5 10 3  3.8790185370268078 4.5404471014386658  4.0463959810267252 3.8608926632340697  4.1416616530751593 3.507875874636313  4.2286132415311553 2.8471053696542681  4.3935839940017729 2.0041032681217557  5.1222618450983965 1.71438289287446  5.2325800034767909 2.9498985511734834  5.3995468032689349 3.491668623676814  5.3907230289832579 3.7408107900357459  5.5539891102816643 4.5404471014386658 
 0 6 0.48287281246544722 4 1 6
7 0 0  8 37 6  0.800078086468475 0.93114177755065064  0.79936187763117028 0.9307585717400283  0.7990377108029233 0.9306005310835942  0.79873531096635997 0.9302373275738306  0.79835101977757761 0.92967446025420586  0.79793332384932647 0.92909297314331329  0.79756838303419164 0.92858917315900991  0.79726555870777571 0.92791434804255535  0.79660897873153125 0.92527342868582219  0.79646022977471731 0.92444838705035792  0.79636637321666093 0.92374798942476399  0.79630353853524871 0.92316374232336584  0.79625430665103325 0.92267002872641057  0.79620770992723311 0.92222410808006594  0.79615923216973217 0.92176611629642013  0.79604579716162416 0.92048461809586812  0.79599517766978989 0.91981730898412817  0.79595557706225506 0.91921019318439878  0.79592443411861358 0.91865465732063811  0.795899999487376 0.91814041987462747  0.79588133568596786 0.91765553118596965  0.79586831710073092 0.91718637345209098  0.79585530634388146 0.9162744243724491  0.7958843622626659 0.91583976996449623  0.79590560147339151 0.91543762864003209  0.79590262691102021 0.91506367940201783  0.79588584071536372 0.91468534912072375  0.79589244423108163 0.91424181253372905  0.7959864380076821 0.9136439922459213  0.79682270514670406 0.91097271386290224  0.79773698746837307 0.91024479945733516  0.79877149564859329 0.90917816427359432  0.79895020410196227 0.91015703751420374  0.79999210408771326 0.90745226174239357  0.79965345351315908 0.90893726310021239  0.79990586217837978 0.90865569541252855  0.80087352443236748 0.90729856769559503 
 0 9 0.22440040857768001 7 0.34862992945965732 7 0.51541539708443773 7 0.67313542282049332 7 1 9
7 0 0  8 37 6  2.3502527908315778 3.5102667439351261  2.2531804579081918 3.3148985330333924  2.2313406322124067 3.1270624588300704  2.2076667218792303 2.9401169456356815  2.1694249314145466 2.7326063946186019  2.13563590809333 2.4880146801940648  2.1244963883578514 2.214518646413163  2.1208008442158861 1.964741603351845  2.0004931088530173 1.7950337412508155  1.9493495591842511 1.8157862528790407  1.8969836269390112 1.8732561321392396  1.8474390658930333 1.9348739254273857  1.8017522372914065 1.9800089517807893  1.7579521098485722 1.9999693028780969  1.7110602597483235 1.9980018430392901  1.5752635426377237 1.977599011520911  1.501113381900713 1.9260571209242558  1.4325940814705509 1.8447591290052141  1.3708001447491787 1.7421249885291259  1.3159668855027038 1.6249020134571746  1.2674704278613995 1.4981648789463919  1.2238277063197036 1.365315621349656  1.1438008688010142 1.0983107496065179  1.1090029535145554 0.99308937090721106  1.0784770023604395 0.88367014829054535  1.0511819149844681 0.75600132373697337  1.0248612081946462 0.61072873503462699  0.99604301596118328 0.46319581577931535  0.9600400894164921 0.34344359537452562  0.80921333284698405 0.1983235688454974  0.76813813293772037 0.78861462042971975  0.71584350555921561 1.5078728917887443  0.73453387494023437 2.1902099832830499  0.68865576078480806 2.4216437988616386  0.69221746764636471 2.5811061167862128  0.7024107359004893 2.7379658796253761  0.65360522196021542 3.5102667439351256 
 0 9 0.22440040857768001 7 0.34862992945965732 7 0.51541539708443773 7 0.67313542282049332 7 1 9
7 0 0  7 32 6  0.80086259937947801 0.90729543087870912  0.80087001901509403 0.9073988101394439  0.80095692353264913 0.90859306896347836  0.80094360787509999 0.90992468326664844  0.80083251520384935 0.91106539168432576  0.80069899157800839 0.91205460696720231  0.80058204063365823 0.91304182737707429  0.80034139066063548 0.91418973960640015  0.80030105627219761 0.9143791606400774  0.800248734744063 0.91460564988126702  0.80018214038058422 0.91486854569412446  0.800102042144201 0.91515818610935307  0.80001226365544176 0.91545590882420524  0.79987379943877734 0.91587190119971573  0.79976739231172844 0.91621805958324765  0.79956891549148257 0.91673114792380439  0.7992828332680908 0.917347315485329  0.79894962054194885 0.91798023922497929  0.79864576282379629 0.91852112379312856  0.79823157880556594 0.91933303906953578  0.79801512277994413 0.91980927341406893  0.79783531266819552 0.92031774886053064  0.79770788157343131 0.92091169671474138  0.79766337119152875 0.9216472352947751  0.79774713181113177 0.92258336993095891  0.79842666197445011 0.92557576128603025  0.79901357327200595 0.92700322125887069  0.79941517873713064 0.92820796661948102  0.79929041322409078 0.92815060785880621  0.79983872668207801 0.92952762209591633  0.7999960301005663 0.93010047468842616  0.80004347091210182 0.93114709114281546 
 0 8 0.64228731314733689 6 0.74683346627104286 6 0.79864753001933364 6 0.87930065323023721 6 1 8
7 0 0  7 32 6  0.65501033321882585 -0.020000400000000002  0.65107758734734555 0.035717770536248743  0.60640977446354705 0.68051525945880476  0.58025948730327548 1.2738894754329328  0.57942900004301046 1.6584300171636441  0.58725435928484171 1.9261154205363979  0.59258947504144277 2.1846099057578012  0.62305494834714292 2.3461772781399235  0.62823742297761331 2.3717711437941351  0.63540326189316954 2.397011955756855  0.645133969937705 2.4188550254417081  0.65752693051829214 2.4345407413780364  0.67219540560518298 2.4415945692109  0.69623453126711954 2.4359598343373143  0.7097846658673751 2.4511590077585517  0.74581906561735967 2.4148334368393898  0.80923742497138795 2.2986378629601285  0.89293900675330584 2.1144729040067713  0.97782264215648973 1.9144850543710166  1.1183431431987143 1.5989551956114343  1.208568726920481 1.3953582355257195  1.3085672481284631 1.2021594142820204  1.4214539057251563 1.0371568039509229  1.5483553312962364 0.91406293908470082  1.6884095891105602 0.84250481671731492  2.0637784398998917 0.80635284932201157  2.1972492548970299 0.88324378689228189  2.2310345888661995 0.72276482083762983  2.2804304356746377 0.69599870062390279  2.3147221015216397 0.5670151008807307  2.3646014081241926 0.40920452929774498  2.3495515545296524 -0.020000400000000002 
 0 8 0.64228731314733689 6 0.74683346627104286 6 0.79864753001933364 6 0.87930065323023721 6 1 8
7 0 0  6 17 4  0.80638204658237111 0.92803217822926409  0.80640007971343419 0.92862358219159535  0.80638818766761211 0.92921730953560733  0.80646052359919473 0.92970989180565644  0.80660228535133716 0.93013128656608501  0.80666971545605792 0.93064487740122159  0.80636802046881106 0.93161875042052378  0.80632537395874204 0.93174233818203811  0.8062491997068082 0.93195674055358846  0.80611531051162066 0.93214692269866051  0.8059315194765132 0.93228609379669181  0.80563220604168972 0.93249939943626303  0.80487050540733374 0.93290581002038653  0.80431530976151266 0.93249437616641206  0.80358982910879706 0.93249690104292227  0.80261078536455832 0.93213409152369864  0.80232334434669761 0.93204044355915816 
 0 7 0.76519369556783323 5 0.82561973480158246 5 1 7
7 0 0  6 17 4  3.1778400092874928 3.5102667439351261  3.1698538285162079 3.2715536499370685  3.1620213121615048 3.0442650815294638  3.1614340622824675 2.8128128416361537  3.1658705097058273 2.5729613255640915  3.1637959140259633 2.3318275210033379  3.1320380463989097 2.0901963343846415  3.1277272151156197 2.0618010228089187  3.119987264566876 2.0132929428510922  3.1088981282276134 2.0044725788679156  3.0938926078927818 2.041249479715769  3.0694909014676321 2.1063897430391156  3.008749547431786 2.3374867928210827  2.9582872597822294 2.7273345601143424  2.8905442164365103 3.1567904530318471  2.7409547315901608 3.436310133104564  2.6975492347374583 3.5102667439351256 
 0 7 0.76519369556783323 5 0.82561973480158246 5 1 7
7 0 0  4 8 3  0.80231760237679528 0.93208434535461782  0.80238621183768966 0.93174591787706107  0.80252023233420189 0.93142987218642237  0.80270826239062743 0.93104785615671715  0.804273116997264 0.92947119163061931  0.80532722513934674 0.92884180464548527  0.80567145732837464 0.92856673969570225  0.80648881266566497 0.92794616501446137 
 0 5 0.39155081969950034 3 1 5
7 0 0  4 8 3  2.6954027792278543 -0.020000400000000002  2.7109018944746905 0.12819631322884531  2.7337746504042433 0.23866778273547615  2.7664879034909498 0.4118876488971116  2.9625491312815919 0.56307542400452004  3.0702978674147543 0.24213964608760172  3.1008038185316971 0.16200306134262071  3.1871562023381332 -0.020000400000000002 
 0 5 0.39155081969950034 3 1 5
7 0 0  8 23 4  0.79336120898416229 0.94365215980465333  0.79352637969611794 0.94352140205096302  0.7942494851903763 0.9428935225556262  0.79506552960959076 0.94194755574143951  0.79567258534501262 0.94086217704805364  0.79593179303648875 0.93981570293197392  0.79586736157246207 0.93898609086655982  0.79566656808997249 0.93855093934202516  0.79565655508077249 0.93844727948039852  0.79563242822710356 0.93830196931926413  0.79561975398899387 0.93822542987335422  0.79559098008884921 0.93801687271329515  0.79554241330785691 0.93775559144075271  0.79545077769468098 0.93738159687174238  0.79532727681990012 0.9369306079027675  0.79472230717932146 0.93483467103099016  0.79443363809366652 0.93399062303353109  0.79401556362285786 0.93245563016695532  0.7938035493468133 0.93172891686722648  0.79327901046999838 0.92934874866960238  0.79282403248654132 0.92800245221642108  0.79235248985697848 0.9265480774953877  0.79189354909641996 0.9251799308425035 
 0 9 0.12246040686335115 7 0.33788577968078221 7 1 9
7 0 0  8 23 4  2.2722442726693868 -9.6500930379294697e-16  2.2692493865741699 0.23893520350260089  2.2399163056293299 1.420722093582361  2.1889517358304049 2.8334496340348867  2.1237821644799975 3.9965980526439173  2.0545538601877773 4.6610388411813242  1.9941328728704781 4.8090347554071098  1.9581050337518986 4.6542398150694115  1.9530408500182788 4.6637598568801071  1.9480669265527257 4.658733927072797  1.9455477594279165 4.6563325840505607  1.9379330091462623 4.6581158688325965  1.9297211728585608 4.6400815962803401  1.9263765076540011 4.5707880237870153  1.9305327541297714 4.4475951775401885  1.972915657718779 3.7443843196762812  2.0312309188623643 3.2297844567841651  2.0462418236706483 2.6903718744290122  2.0992480174995167 2.1734081067137936  2.088997859367991 1.6215988755415731  2.1012977339451995 1.0814641774458535  2.1058701281622656 0.53885583420103689  2.1128898992598653 -9.6500930379294697e-16 
 0 9 0.12246040686335115 7 0.33788577968078221 7 1 9
7 0 0  7 26 5  0.79188852795021614 0.92510883106404918  0.79192658756211609 0.92571843218113947  0.79198835268384238 0.92676656074184294  0.79205309007871949 0.92791389561433879  0.79210939866880248 0.92896847858205145  0.79215520953487695 0.92988571434365019  0.79219778591645962 0.93076837051304984  0.79226385265388721 0.93206544717897  0.79227679453357047 0.93231703903754226  0.79228864312365743 0.93254787156429297  0.7922988522631389 0.93274810239753236  0.79231023535718581 0.93297152844471498  0.79232896537714925 0.93333558588243903  0.79236867434005165 0.93410029756896873  0.792373875862734 0.93420050451400471  0.79238041257985803 0.93432606546457553  0.79238822977416867 0.93447561686062275  0.79239698485990562 0.93464233710900868  0.79240604738280396 0.93481394658351658  0.79260633720632967 0.93857632064908847  0.79260130459479927 0.9380106263438458  0.79291539458347404 0.94232535214868329  0.79289576398768102 0.94034595585946057  0.79306733435330934 0.94232877835043516  0.79311002999617386 0.94247729241954492  0.79337550633799536 0.94370736846247361 
 0 8 0.59696891266999808 6 0.70507142270316281 6 0.71751653508022817 6 1 8
7 0 0  7 26 5  2.1129554564236135 9.5631656585927427  2.1123079053439877 9.3566391669000204  2.1099464399226284 8.9717770991913408  2.1065208375401068 8.5311417686932245  2.1027966144114756 8.1179421415904542  2.0996550255862694 7.7760338370260698  2.0980930649485017 7.5099191271013677  2.0994281644962069 7.2439714820131638  2.1000536742473317 7.2061239950982126  2.1005396128547362 7.1679700061163478  2.1007838415346103 7.1280988097211511  2.101142464334639 7.0869234652344986  2.1024298281340021 7.0466807966465632  2.1063201524964206 7.0073733666342282  2.1068317176968114 7.0022976058729487  2.1075109936807084 6.997376750830556  2.10837383791536 6.9935230574411644  2.1093941898991075 6.9913883970744104  2.1105040711613796 6.9913642565354559  2.136323753146526 7.043914900745885  2.1537957818872551 7.7946860228153216  2.1975463769216463 8.098784378649114  2.2058752698320716 8.6996589289662793  2.2265277565853729 8.7750407049748329  2.2377707737560568 9.0729616414493606  2.2737041738908048 9.5631656585927427 
 0 8 0.59696891266999808 6 0.70507142270316281 6 0.71751653508022817 6 1 8
7 0 0  3 5 3  0.81025221053128471 0.85817315067717292  0.81015412590942859 0.85810672179725245  0.80999292351537522 0.85799660221678542  0.80977086089692274 0.85784429351170255  0.80968559783384553 0.85778582240085077 
 0 4 0.60481292039957191 1 1 4
7 0 0  3 5 3  0 9.3294370049835642  0.003532671127893169 9.3780422291241692  0.0097025320275235614 9.4561864706007448  0.017119933730837637 9.5339048649461962  0.020285953550673419 9.5631656585927427 
 0 4 0.60481292039957191 1 1 4
7 0 0  3 6 4  0.80974986201890309 0.8578269309365173  0.80974976970848955 0.85784533849933009  0.80978563340931742 0.85826985782582177  0.80968680520803138 0.85861874179931674  0.80961065245686115 0.85899364136478984  0.80958935968818413 0.85908108106307668 
 0 4 0.038089463258680109 1 0.76742277810931725 1 1 4
7 0 0  3 6 4  0.018192794900719681 -9.6500930379294697e-16  0.018121577325193247 0.0079362854607087103  0.016814495421788967 0.16789311951261712  0.017134531900136196 0.37663508716581789  0.01870971661167229 0.57715398904385684  0.019161446805831608 0.62560958464704852 
 0 4 0.038089463258680109 1 0.76742277810931725 1 1 4
7 0 0  7 20 4  0.80958935968818413 0.85908108106307679  0.80945372657407511 0.85963806445754842  0.80923787675670877 0.85994572584650564  0.80908243484218523 0.86022713555399355  0.80901935305110284 0.860602976474099  0.80897191121856049 0.86109154407094901  0.80875471679415545 0.86160874637871043  0.80798568354762312 0.86201455123794957  0.80786341497786418 0.86206073133118166  0.80774990472076669 0.86205184638363352  0.80765386505040082 0.86200871364795162  0.80758445478400454 0.86197331433210678  0.80752740116329202 0.86193543206400625  0.80681277604476909 0.86142034571397741  0.806907443692778 0.8607030211703327  0.80614500311418869 0.860491516118013  0.80629293376298328 0.85941170518616972  0.80607249418516258 0.85916870420777247  0.80569396756203593 0.85832857796454842  0.80640038656491742 0.85689619303800457 
 0 8 0.30116456941153924 6 0.34009031092188424 6 1 8
7 0 0  7 20 4  0.019161446805831612 0.62560958464704852  0.022038929480838364 0.93426758151794875  0.030254760586360559 1.1100483835681316  0.035729615748930577 1.2791372487698065  0.036302377433676127 1.5056597464024992  0.035730134944320223 1.7916817570530497  0.043688184423181245 2.0772094726156132  0.079916630776557071 2.2612546709778121  0.085743404819220867 2.2803424960402285  0.091332305709501349 2.269722485110508  0.096037858715537286 2.2426046560403607  0.099436445393470296 2.220507889259562  0.1022262371332027 2.1978292536317499  0.13711235656518045 1.8921515582310124  0.13124318179738076 1.5401485719470767  0.16684593228667549 1.2941349855528659  0.15647379420580737 0.92296956417146736  0.1668389338229988 0.63280352915802018  0.17914117189301293 0.28800467523384671  0.15152951958728866 -9.6500930379294697e-16 
 0 8 0.30116456941153924 6 0.34009031092188424 6 1 8
7 0 0  4 17 6  0.80649760638163404 0.8568569492596686  0.80272151748892862 0.85858022320320826  0.80327613134073128 0.86116883210614825  0.80184365171456939 0.8610792745437047  0.80036048010077865 0.86259425982302929  0.79976796179789489 0.86359237300199687  0.79985675468527284 0.86257520430808143  0.79864696400305901 0.86497147267152186  0.79856313858962424 0.86516067890117365  0.79850583935263653 0.8653069066506125  0.79841908089577041 0.86554927227805256  0.79835228692877269 0.86587880902320524  0.79803367457282015 0.86637351162802756  0.79813304374483218 0.86882127945709775  0.79832619884849576 0.87006337835612202  0.79892040475569026 0.87252159272650331  0.79921449159631808 0.87398940994662055 
 0 5 0.66231421384822087 3 0.95324934083101831 3 0.97692700173182445 3 0.99205925754901181 3 1 5
7 0 0  4 17 6  0.1477008087351028 9.5631656585927427  0.30366630086924151 8.7624355040149062  0.30210597620593088 7.3839863767278153  0.37220586314903636 6.5382986011619266  0.46462296946306381 4.9193913293849736  0.50057857098142455 4.5785270178153432  0.50091895842962719 3.9509182669793708  0.57438837694170952 3.5892005240453271  0.57928744790023778 3.5810483303402898  0.58248262219360447 3.5871367577325604  0.58712427118331423 3.6104632786615873  0.589305502162774 3.712803976662749  0.61034947593761735 3.5714982129320147  0.57796688993792078 5.2603303918589628  0.54688857083956954 6.4472811011577642  0.48439038506496301 8.5299093430840394  0.45435035559142434 9.5631656585927427 
 0 5 0.66231421384822087 3 0.95324934083101831 3 0.97692700173182445 3 0.99205925754901181 3 1 5
7 0 0  5 10 3  0.79920241551704185 0.87399248819161701  0.79939757669703537 0.87370286524021223  0.8018720812069311 0.87096248008546906  0.80387718486068105 0.86918292906298844  0.80472375605624047 0.86897437722309401  0.80701426671071663 0.86718091181220347  0.80790475942246975 0.86682138896873928  0.80777213745183507 0.86742839058168153  0.8084066999301448 0.86815152534838003  0.8089330251185769 0.86916708562176614 
 0 6 0.46213263285150608 4 1 6
7 0 0  5 10 3  0.45493193056448283 -9.6500930379294697e-16  0.44888679421698552 0.14047802963705874  0.37955247459804431 2.138568864240173  0.30868089842134905 3.5673033997730137  0.25536469283333696 3.8016960097278782  0.12698702979302073 4.2713632004184845  0.070544796650575586 4.1452924419543642  0.080898627093960229 4.3555897063037436  0.037675155082922518 4.5863241236897281  0 4.7371706528393807 
 0 6 0.46213263285150608 4 1 6
7 0 0  3 5 3  0.80917606256073438 0.86956731448356228  0.80913261406836234 0.86955300286849335  0.80903010947636422 0.86949694920087162  0.80893922330427059 0.86949830293185726  0.80888797346769015 0.86949599281836421 
 0 4 0.4504574469841594 1 1 4
7 0 0  3 5 3  6.2667759612176681 -0.020000400000000002  6.2693158274229752 -0.0018816968253619303  6.2748477375407639 0.038644152332211766  6.2802446352083017 0.079174081313841446  6.2831853071795862 0.10154277643410049 
 0 4 0.4504574469841594 1 1 4
7 0 0  4 8 3  0.80888797346769015 0.86949599281836421  0.80831572812550978 0.86947019855686913  0.80771372599092495 0.86987041171861612  0.80740815788497677 0.8705648283155164  0.8067843416063436 0.87278988916260813  0.80711303608986829 0.87437358546873289  0.80695093668347417 0.87573949247692917  0.8076995528826898 0.87731014661063034 
 0 5 0.29112091846785687 3 1 5
7 0 0  4 8 3  0 0.10154277643410049  0.032834950328243469 0.35130711613380039  0.066377489175294013 0.60663794358605228  0.080082611001517701 0.8727880342279607  0.09995762630817745 1.7975097001063445  0.064878238648735945 2.4300323507259316  0.061626822873693775 3.0989151565734465  0 3.7224631738702705 
 0 5 0.29112091846785687 3 1 5
7 0 0  5 10 3  0.80769849815465666 0.87731638894115482  0.80779532536169307 0.8775196540540291  0.80781210224081734 0.87752871343397243  0.80788716993158505 0.87766137879327677  0.80803780094817623 0.87794922785360252  0.80848256510075966 0.87808427474351491  0.80854772454208323 0.87804714614461032  0.80877060745457063 0.87802574435527581  0.80903968833433426 0.87780681024870766  0.80939832742617313 0.8772595123492265 
 0 6 0.6322928248083024 4 1 6
7 0 0  5 10 3  6.2831853071795862 3.7224631738702456  6.2752126072738745 3.803205106723059  6.2740853188097434 3.8050195602428389  6.2682159543478608 3.8515888272029537  6.2560108637550123 3.9689223396354416  6.2279734320657036 3.9153447946797284  6.2245269761407691 3.8740796148419885  6.2114384559178148 3.7995956745660959  6.1979892841395001 3.5897358645585307  6.1834653897113352 3.1291063941811501 
 0 6 0.6322928248083024 4 1 6
7 0 0  4 5 2  0.80939832742617313 0.8772595123492265  0.81001703836841965 0.87631533418576602  0.81014856237163801 0.8749403212248229  0.81074294638465894 0.87445795464951614  0.81042885458704728 0.87187645431392835 
 0 5 1 5
7 0 0  4 5 2  6.1834653897113352 3.1291063941811501  6.1584093023766684 2.3344454101192138  6.1656644873222728 1.5693603946038801  6.1405164653604833 0.75613950182939327  6.1796001483575553 -0.020000400000000002 
 0 5 1 5
7 0 0  6 7 2  0.81043287344823445 0.87193721379649558  0.8108842797862067 0.87269176147894711  0.81223432456468159 0.87461692710019401  0.81393785232122962 0.87766625984718427  0.81488307761121259 0.876300321371143  0.81705321149724197 0.88070663878312572  0.81734895545534336 0.88138544206533098 
 0 7 1 7
7 0 0  6 7 2  6.1786328964136086 4.7859930098991148  6.1496305675553584 4.6924600268565557  6.0645824237274484 4.3266020094025288  5.9917351685845253 3.223756190773527  6.0039712181656189 1.6294081137339258  5.9304308293746022 0.17126950097554819  5.919190782105054 -9.6500930379294697e-16 
 0 7 1 7
7 0 0  3 6 4  0.80674881140716259 0.88479791430174404  0.80647031620423204 0.88473322240151675  0.80582376027722924 0.88456265611957663  0.80531051829254796 0.88436777716368276  0.80499778814781775 0.88421039651831945  0.80493947627771301 0.88417917844919169 
 0 4 0.30569041810809849 1 0.86644795276985598 1 1 4
7 0 0  3 6 4  0 1.1723986940521467  0.023018096779270917 1.0646884148528912  0.07477765012507695 0.72726348744504143  0.11107004358396608 0.3322112863294292  0.13150238768884073 0.053738043127018915  0.13523932412332038 -1.13860375299287e-15 
 0 4 0.30569041810809849 1 0.86644795276985598 1 1 4
7 0 0  4 8 3  0.8106223060894322 0.88431354667559181  0.81048595013402502 0.88493403391305137  0.80999561704575818 0.88505038168094674  0.80995242346072316 0.88535176033597973  0.80819625772926107 0.88511137725198064  0.80742543221003493 0.88494323480398496  0.80691361240336046 0.88483590386764455  0.80674851739470621 0.8847975487701033 
 0 5 0.69529195622872053 3 1 5
7 0 0  4 8 3  6.0444735960660605 -1.13860375299287e-15  6.0362995045432708 0.36145999987970445  6.0587608919336526 0.65090169126163056  6.0371516980250348 1.0812427327378071  6.1615354802364228 1.4713462559339243  6.2257387585160044 1.4771471704815322  6.2695396727176247 1.2362646038830014  6.2831853071795862 1.1723986774754025 
 0 5 0.69529195622872053 3 1 5
7 0 0  4 8 3  0.80501962908382885 0.88410104128873512  0.80287382559567089 0.88626085271381416  0.80226843286055405 0.88714607776314058  0.80098040918096325 0.88913673893154199  0.79911607242659877 0.89240032779329126  0.79843198276376837 0.89387664832320801  0.79772498436524897 0.89445367049118873  0.79662333177022571 0.89740535851438519 
 0 5 0.51512698217932562 3 1 5
7 0 0  4 8 3  0.13095261284273896 5.5449908128694823  0.28074457719923418 4.8633022650240605  0.33979410965460427 4.0136453868307722  0.45023157702110272 3.3005656795359153  0.64668458172297172 1.8050287351896508  0.74158371822431679 1.2896021027934157  0.81375043603178443 0.37964869928923961  1.0186340302427315 -0.020000400000000002 
 0 5 0.51512698217932562 3 1 5
7 0 0  5 10 3  0.81337797167878756 0.89163590600799147  0.81334026924650193 0.89110678119390196  0.81321350253648172 0.89061591455174549  0.81325431397969727 0.89038870158744088  0.81333184527146574 0.89006464157578102  0.81248699392862112 0.88720607673850593  0.81197241764548422 0.88641861324612992  0.8112755510659716 0.88526257008296305  0.81146674352869641 0.88549179016419488  0.81068524970963995 0.8844023414181218 
 0 6 0.47831834965540942 4 1 6
7 0 0  5 10 3  5.8227083208998227 5.5449908128694823  5.8298019800480319 5.3898577060574571  5.8416816096935751 5.3516306460676635  5.8417138714723134 5.2175126265245808  5.8405328796630913 5.0048451873781747  5.914766539212704 4.9134065618146865  5.9503046721728605 5.2294160689513935  5.999750347836815 5.3207987292420631  5.9865848064278495 5.3522109316874342  6.0404011301142901 5.5130784615757022 
 0 6 0.47831834965540942 4 1 6
7 0 0  4 5 2  0.80980176987376939 0.8898076439560878  0.81081138317029633 0.88952194894122383  0.81164500615731139 0.88986782749447091  0.81240866040821758 0.8900611920370668  0.81337526336930011 0.89157192269283114 
 0 5 1 5
7 0 0  4 5 2  5.9242692842655043 2.7162102990581287  5.8806923767993524 2.0391419956670247  5.8655680983159382 1.3598452522081739  5.853029834373797 0.67607531653430952  5.8236279095131653 -1.13860375299287e-15 
 0 5 1 5
7 0 0  3 6 4  0.80831305426069067 0.89049136900743497  0.80846053853759225 0.89040384266257244  0.80899919203803694 0.89009399204178385  0.80941714337913195 0.88992720017417071  0.80973727540944995 0.88982589425747127  0.80980176987376939 0.8898076439560878 
 0 4 0.22357903871668669 1 0.8392201705044311 1 1 4
7 0 0  3 6 4  6.016650082837387 3.5102667439351256  6.0039244315827007 3.4544611956745817  5.9657014974219713 3.2347836018897982  5.9414437916904594 2.9679540339468602  5.9270529929521834 2.759461668354783  5.9242692842655043 2.7162102990581287 
 0 4 0.22357903871668669 1 0.8392201705044311 1 1 4
7 0 0  4 8 3  0.8056707557520455 0.89507130512295985  0.80594417666767837 0.89466068909216934  0.80614264057217855 0.89447759692123896  0.80649338357267397 0.89408480536463752  0.80816866560984302 0.89215917908019904  0.80779155132676916 0.89203685806624877  0.80833853221320251 0.8913385226737105  0.80833235184835839 0.89042603923829822 
 0 5 0.16293015774171249 3 1 5
7 0 0  4 8 3  6.2831853071795862 1.1308107406722654  6.2513746462768331 1.151142077681355  6.2270411991228762 1.1981828736773941  6.1865389937820048 1.2081068085509346  5.9997867398765683 1.030511087755962  6.0609669748904818 0.46548015951062549  6.0016708387645039 0.35011500296973153  6.0174493624366061 -0.020000400000000002 
 0 5 0.16293015774171249 3 1 5
7 0 0  4 8 3  0.8051736585471585 0.89687111727165791  0.80517823312039527 0.89664033062224446  0.80523628790913315 0.8963681773074883  0.80515708419288179 0.89624925005059608  0.80540341410997363 0.89556222409848163  0.80547837654590626 0.89536896256632692  0.80559363960182451 0.89519045106770656  0.80567051230124453 0.89507468036636828 
 0 5 0.83567327404870817 3 1 5
7 0 0  4 8 3  0.042181320151396098 1.4932745538670531  0.045258060730975457 1.4014940827000899  0.041349563881497457 1.3332475440677987  0.054431230876968245 1.2284602767590973  0.030042422581224165 1.1378318741947113  0.022340193481579201 1.1180927608451203  0.0089385926947831915 1.125222636979297  0 1.1308107406730112 
 0 5 0.83567327404870817 3 1 5
7 0 0  3 6 4  0.80528779793372396 0.89843602368298658  0.80527501071957974 0.89835149681199411  0.80522131625228865 0.8979637682762136  0.80517461912096966 0.8974617506707333  0.8051715464754533 0.89697767102584036  0.8051736585471585 0.89687111727165791 
 0 4 0.18455507268349841 1 0.83036435956163368 1 1 4
7 0 0  3 6 4  0 2.2400221974585119  0.0032426664978624795 2.1942109944517636  0.017403644694892102 1.9879269481479629  0.032443447515002319 1.7390591534569364  0.040760794916367228 1.5356494216868661  0.042181320151396307 1.4932745538670531 
 0 4 0.18455507268349841 1 0.83036435956163368 1 1 4
7 0 0  3 7 5  0.80672654301327662 0.90184894408216532  0.80654622337961912 0.90165022220123658  0.80613240595801183 0.90113693300371311  0.80573342237149725 0.9002769773218352  0.80544434815709098 0.89934872392843879  0.8053304853045391 0.89866834469186363  0.80529161511316449 0.89840349595743063 
 0 4 0.20420742603316203 1 0.53601416560371451 1 0.81648611332563525 1 1 4
7 0 0  3 7 5  6.0285086558377836 4.5404471014386658  6.0560455114688247 4.3879791777634267  6.1172019093325778 3.9821596920643048  6.189407229338145 3.3561200769419388  6.245433852794263 2.7415925221800221  6.2731999890039294 2.3825570179565689  6.2831853071795862 2.2400221864469798 
 0 4 0.20420742603316203 1 0.53601416560371451 1 0.81648611332563525 1 1 4
7 0 0  7 14 3  0.80785845231675601 0.91561653820687783  0.80711690421175208 0.91550044028030886  0.80668358976832333 0.91493412410278008  0.80618063802829176 0.9144979455987039  0.8059634271614079 0.91277518538451663  0.80655238658204265 0.91160202833081427  0.80693960992748459 0.9106270492298485  0.80765273042002839 0.90851158899039408  0.80782246107204347 0.90752160368271173  0.80640077839973445 0.90694923643503222  0.80673037804254388 0.90612720843303818  0.80618230837876481 0.90484459836046738  0.80631698543210417 0.9033306141376839  0.80669919605646423 0.90181798230572452 
 0 8 0.42805119096064936 6 1 8
7 0 0  7 14 3  3.535495610764015 -2.9537028217102627e-16  3.4890504721494087 0.30501720952900524  3.4801685577685717 0.63315401269283633  3.4722727626910932 1.0071831055471916  3.4602355362047992 1.3263172671860579  3.6340893231646541 1.6270104487573807  3.8932473962805179 1.8351308751529705  4.7025848069117906 2.0705610147451496  5.2613589762010733 1.9963399276427209  5.7615297847811036 1.9400840611617658  5.8645002598987261 1.3297930232743704  5.9859239540239191 0.89928881455005472  6.0319070686466247 0.421245712023047  6.0320687573993945 -2.9537028217102627e-16 
 0 8 0.42805119096064936 6 1 8
7 0 0  7 8 2  0.80886714154088013 0.92527568534862636  0.80946708303555071 0.92394274235375018  0.80933055684692012 0.92311982302627249  0.80996337260897222 0.92127948155679895  0.80896635957809848 0.91998951567781573  0.80817214285234984 0.91896376254277401  0.80772321159158611 0.91720858770566072  0.80786150426839498 0.91556652859504339 
 0 8 1 8
7 0 0  7 8 2  3.4747092474978616 -0.020000400000000002  3.5656233664583548 0.31538375062359858  3.5665353315903001 0.726510332849583  3.6854506407453034 1.3152117997833652  3.5640197859693905 2.0672558477750771  3.5143732031953068 2.9910243314420799  3.4922566018812256 3.9044187384913962  3.5368562406555664 4.5404471014386658 
 0 8 1 8
7 0 0  7 8 2  0.81871752103284567 0.92543317950089854  0.81771559536240457 0.92605699141097864  0.81653562529454926 0.9262065975409236  0.81518617726536924 0.92587277803089585  0.81375739657976898 0.92592073900911676  0.81212386973892536 0.92525989261028618  0.81055320508190409 0.92506896924247572  0.80890096372399267 0.92521404304584964 
 0 8 1 8
7 0 0  7 8 2  4.3390445748128572 -1.13860375299287e-15  4.2144237388118722 0.4275757931951728  4.1286123059072084 0.97053412774510894  3.993208711560162 1.4710469894524609  3.892817580925207 1.9871349978170751  3.7502060262767771 2.4700669233479862  3.6298647053717312 2.9761513548448861  3.479962288760551 3.5102667439351256 
 0 8 1 8
7 0 0  6 12 3  0.81912198079151921 0.93871678767306543  0.8192740452769085 0.93758352142773049  0.81928215205081756 0.93630864666546743  0.81920477915517831 0.93540633193285505  0.81913896285198096 0.93474268658150639  0.81908333546236067 0.9337793788040244  0.81853468209174629 0.9299642391405496  0.81820589079752437 0.9282943229998275  0.81823365864397513 0.92708673833700828  0.81860871887047115 0.92603568578419426  0.8185724494338148 0.9259938827713986  0.81875201507892192 0.92531924783088138 
 0 7 0.51429968681266625 5 1 7
7 0 0  6 12 3  4.1671432357963312 -0.020000400000000002  4.2117633650911417 0.30533040859380239  4.2353746817212352 0.80807570243410354  4.2391513973504882 1.22959261550729  4.2400671615371239 1.5487858970999735  4.2454785167657274 1.9790662111340496  4.2109263602272096 3.8967073251698374  4.1838370471436583 4.7790910080449978  4.2008522181668084 5.2835292929177964  4.3024189709444816 5.3893425235199217  4.2917116505470503 5.448453358962432  4.3504939423715605 5.5449908128694823 
 0 7 0.51429968681266625 5 1 7
7 0 0  5 6 2  0.8257126418068651 0.9346430713983328  0.82417895772288041 0.93733067251304991  0.82343320846130474 0.93632593880313675  0.82181729581273677 0.93828198496912363  0.82085450661470127 0.93782807344313024  0.81912448603081511 0.93865114756202772 
 0 6 1 6
7 0 0  5 6 2  4.2735919817209425 -9.6500930379294697e-16  4.2455588452163369 0.97090476558180405  4.306939831434736 1.8973679701552641  4.2409524930473195 2.881752701511223  4.2950231122880762 3.8999204403051975  4.1698047526578712 4.7859930098991148 
 0 6 1 6
7 0 0  8 23 4  0.81984987561312128 0.95259729950319538  0.82077967649375583 0.95225475103882284  0.82158759410496929 0.95180263988881109  0.82233144743592124 0.95172766389874364  0.82312215483411666 0.95177326279007113  0.82403394852124323 0.95142218632181352  0.82501458910900838 0.95037906245225756  0.82579558011498111 0.94905296550065488  0.82604410162274289 0.94857870308179271  0.82631178681388551 0.94794041020726016  0.82645965743352012 0.94727344586991991  0.82649996839214812 0.94666435221259582  0.82655553633035883 0.9463230317483694  0.82656029562700728 0.94582561655411823  0.82657128065178476 0.94568401196734153  0.82659220011856227 0.94401734344095656  0.82645452401280906 0.94320216579681604  0.82642943909161326 0.94141971471359298  0.82599712163022909 0.94097365699944335  0.82594430956610398 0.93789437378589413  0.82563601084751126 0.93729636556063411  0.82570426530197161 0.93518596854417491  0.82571750097193752 0.93457972813918544 
 0 9 0.0052400820575515391 7 0.19144420964282119 7 1 9
7 0 0  8 23 4  3.6808005112842719 9.5631656585927427  3.7407778969485013 8.7886062597489012  3.7984148725599569 8.0488649812683413  3.8481167053429708 7.153036243402032  3.9001354906644874 6.0905389440886175  3.9668533926599796 4.9803857774699516  4.0490658848593721 4.0204525524066401  4.1222649908129458 3.4367475109935772  4.1462877174116901 3.2881663361246019  4.1740982299790064 3.19010758406049  4.1942413737808089 3.2910713966300609  4.2061140087320457 3.5359646416056956  4.2146261218281467 3.6106512500953185  4.2219518434092125 3.8446735824329235  4.2246210064397669 3.8942052995770462  4.2481736119798335 4.6396043775514286  4.2488121693547445 5.1941651639619035  4.2555015353951466 5.8465821582884363  4.2417138408541764 6.6608290110889143  4.2369420677357574 7.6054347853452207  4.240094844567655 8.5673329968103147  4.2650954908060896 9.3252658136633109  4.2743471035789442 9.5631656585927427 
 0 9 0.0052400820575515391 7 0.19144420964282119 7 1 9
7 0 0  8 9 2  0.81682047117989987 0.94270927460122933  0.81690184694327472 0.94453111955339564  0.81773592908969872 0.94563196641348235  0.8187166393329357 0.94613834205589464  0.81857998781517094 0.94776333152375825  0.81939002684193141 0.9485363887663496  0.81947742189687567 0.94976166739951207  0.81971907029336399 0.95106463021553855  0.81987042707857283 0.9525992327078785 
 0 9 1 9
7 0 0  8 9 2  3.8138768387021647 4.7859930098991148  3.749494160588025 4.2206173561712497  3.7975132131215434 3.6020257982942177  3.7859056980917427 2.9877406344127979  3.7666947465198675 2.3709606659215821  3.7562630044676912 1.772822644679982  3.729708521098448 1.1822559459439954  3.707827024841289 0.59777674871411757  3.6823456827774845 -9.6500930379294697e-16 
 0 9 1 9
7 0 0  4 5 2  0.82384130851661819 0.88447686689037219  0.82240281278915262 0.88522847906064228  0.8210684773517426 0.885401864891741  0.82030198979654434 0.88778835752789009  0.81822630742223956 0.88483573441298247 
 0 5 1 5
7 0 0  4 5 2  5.5629762631842699 -0.020000400000000002  5.6496783392022216 2.3699693579888725  5.7193299006495977 4.7604243036804794  5.7546046159844231 7.1945764681027535  5.8607409563533714 9.5631656585927427 
 0 5 1 5
7 0 0  6 12 3  0.81824805599957784 0.88487661056936318  0.81846247169448283 0.88656223322718475  0.81845194457028292 0.88741993191631974  0.81855920249511327 0.88870228038458554  0.81875903098169633 0.89036474959990597  0.81889603932628507 0.89187458578641987  0.81895801043526451 0.89456387026599937  0.8188389195457505 0.89556658959981961  0.81865070566947717 0.89635405225474662  0.81847355493341734 0.89710119996615922  0.81829910365051317 0.89796673079058265  0.8181698843796088 0.8990214919523708 
 0 7 0.42580198668457042 5 1 7
7 0 0  6 12 3  5.859855502732473 -9.6500930379294697e-16  5.829316904784057 0.32691701230769432  5.8111394226952626 0.67788711836184101  5.7832115218588349 1.0165987375715702  5.7462317744947216 1.3384610646285957  5.7098635522240251 1.6583081951838679  5.6371212105965425 2.456320104395731  5.6021892440985752 2.9240955126060504  5.5733233366334023 3.4011189262568839  5.5311302359158443 3.8673112085242649  5.4898469685154128 4.3350194897732983  5.4266853643374047 4.7859930098991148 
 0 7 0.42580198668457042 5 1 7
7 0 0  4 5 2  0.8181837224747226 0.89903196375355188  0.81723118135546735 0.89796738624483552  0.81633211934347794 0.89731464065834909  0.81562235870379762 0.89742820169493198  0.81440485770878768 0.89581956970701493 
 0 5 1 5
7 0 0  4 5 2  5.4252077092929341 -0.020000400000000002  5.5275640641822363 1.3561519796969395  5.592767651713566 2.7569018866307102  5.6407584941522559 4.157250807783222  5.7258946234268251 5.5449908128694823 
 0 5 1 5
7 0 0  4 17 6  0.81442794257546069 0.895860550733103  0.81442419053445303 0.89599062283170972  0.81442237639362913 0.89612910351677788  0.81441422075291081 0.8962410280803691  0.81436394800822154 0.89713822052730763  0.81429579061136459 0.89781727557433022  0.81423568041909333 0.89852786518850214  0.81413749130487456 0.90031736463794154  0.81419483179293461 0.90137914469499114  0.814035878405864 0.90209200424658431  0.81497830837791008 0.90691866873541926  0.81533794041894136 0.90860272562731392  0.81557372597363764 0.90979871929956524  0.81680663425517697 0.91468677455232572  0.81740973892622693 0.91442877490439256  0.81791992408804104 0.91531895556680287  0.81863410965237182 0.91591580020581387 
 0 5 0.033042247001701698 3 0.25031617885101282 3 0.53595831833886387 3 0.63807058249860171 3 1 5
7 0 0  4 17 6  5.724682636063017 -1.13860375299287e-15  5.7206028233390063 0.043686164086345874  5.7165886465139 0.087448018318882742  5.7125668121024527 0.13122227592696997  5.6820615835619552 0.46299506292913944  5.654769173835926 0.75118667772685987  5.6233927258492891 1.0377099003992494  5.5326839812793889 1.6898734495484804  5.4866682689025081 1.8797446230733481  5.4028224934432973 2.4190919642510496  5.1635143813244646 2.4253123207769431  5.0901951479391014 2.3472963028689775  5.0471073332339991 2.2637783560459654  4.9477086034733988 1.6323072542234227  5.1002647788130151 0.97027234460353484  5.0852205630662484 0.60794301244003335  5.1087289988950486 -1.13860375299287e-15 
 0 5 0.033042247001701698 3 0.25031617885101282 3 0.53595831833886387 3 0.63807058249860171 3 1 5
7 0 0  4 8 3  0.8186441156141846 0.91601834563765772  0.81848497385480878 0.91430430244919603  0.81845715224513693 0.91309791751211833  0.81844111919049878 0.91192283442221955  0.81852891088055302 0.90855282934747128  0.81876373935486801 0.90702842148952056  0.81905349682649553 0.90587853507838667  0.81927073695995567 0.90435824403945875 
 0 5 0.3009122116425369 3 1 5
7 0 0  4 8 3  5.1053746752404976 5.5449908128694823  5.1694970784890941 5.1717978468007821  5.1900310654368393 4.7356993824847047  5.2135960643750572 4.3385144507264224  5.2566540517867848 2.9356809312062166  5.2502952792039643 1.9461026767822089  5.2315552113707904 0.96538192968075376  5.2274739141493445 -0.020000400000000002 
 0 5 0.3009122116425369 3 1 5
7 0 0  6 17 4  0.8192614868014978 0.90435891031516513  0.82000811478932289 0.90554267350588258  0.8206782805236722 0.90626397928559299  0.8213187420054503 0.9067300148157047  0.82197862852284154 0.90721475495487081  0.82270944065131013 0.90805896225898808  0.82440895605078657 0.9112593719085339  0.82501434190860012 0.91311453400609643  0.8255413326935106 0.91494093347033278  0.82594784169955981 0.91618521129191655  0.82629350633234988 0.91802642392912104  0.82670658947375575 0.92198871284604955  0.82662485195874236 0.92318502923449153  0.826704932415674 0.92496221005402646  0.82670141762987326 0.92620905874898951  0.82676596083343978 0.92766918859561032  0.82677332573951101 0.9290684611681812 
 0 7 0.30324543512389834 5 0.60234280381456928 5 1 7
7 0 0  6 17 4  5.2275598148884983 4.7859930098991148  5.231232397147874 4.1871539216080196  5.2435438281268238 3.5970073516859409  5.2563313364418631 3.0035594973637534  5.2628299698466963 2.4035444399536012  5.2576725952322212 1.8024241448488956  5.2163914866173808 0.63439646426063823  5.1835101062381232 0.34640463741418986  5.1409897701387433 0.1713098618472213  5.121263518506713 -0.029587410064840801  5.0771363724245955 -0.048969733240210603  4.9222377523287202 0.18568087827151741  4.8364224611324538 0.41917944255676648  4.733428323614973 0.46784896957962946  4.6343754783980291 0.43252248929692971  4.5404546101429268 0.21698493753114242  4.462543659746526 -9.6500930379294697e-16 
 0 7 0.30324543512389834 5 0.60234280381456928 5 1 7
7 0 0  4 5 2  0.78948848294449259 0.90740655641354451  0.78950849911461107 0.90631520943562138  0.78957584437555417 0.90525077837793466  0.78966012049933765 0.90413440461926575  0.78973350304073897 0.90305931955743746 
 0 5 1 5
7 0 0  4 5 2  1.6577819867741006 -9.6500930379294697e-16  1.59218989757333 0.095282336700638445  1.5224498524104424 0.15119661951941213  1.4505778989422486 0.11205460419238779  1.3861391520438446 -9.6500930379294697e-16 
 0 5 1 5
7 0 0  8 65 10  0.79590130130487935 0.89991944183132933  0.79570625857102228 0.90087311230452238  0.79561255703375366 0.90158755127794454  0.79557501703759603 0.90213923222595493  0.79556096756563133 0.90259174947993681  0.79555024623949899 0.902995818228296  0.79553519931939864 0.90338927451646089  0.79552068170408763 0.90379707524688324  0.79552985261622378 0.90497691310677542  0.79553513443752299 0.90676737853680778  0.79581438789918024 0.90817997515359672  0.79606665790947817 0.90931541955814155  0.79606765858165018 0.91038448512490722  0.79591942550463368 0.91115064043665095  0.795897510483495 0.91122870529714295  0.79583405481657055 0.91161186956125451  0.79573699479647353 0.91198863443317557  0.79560961009933984 0.91226942721524296  0.79549486361725785 0.91248148437555543  0.79541555128214736 0.91264344163474831  0.79532143442180436 0.91280887882055617  0.79527695423108691 0.91289118965433036  0.79497741448969228 0.91343735238813217  0.79475584699210122 0.91383026040595061  0.79455753285092379 0.91427876144705522  0.79439535920126791 0.91484053400341914  0.79428020064714033 0.9155490255996982  0.79422091926144445 0.91641345279322983  0.79422436458598256 0.91741880117403352  0.79434291085294717 0.91926692607677296  0.7943994674853454 0.91981815006091361  0.79446593683599498 0.9204124852017499  0.79454809879873789 0.92117718095414214  0.79468654503199987 0.92220798770524159  0.79489712552288405 0.92347338733305984  0.7951229576984904 0.92479875889496355  0.79556273875293126 0.92824960240211285  0.79552513646703082 0.92880272984331913  0.79566576332471572 0.93036289748886214  0.79554600541477627 0.93037490715155879  0.79561983177985962 0.93142689204634788  0.79557798561971149 0.93176679568768994  0.79556986676006536 0.9323083142276366  0.79554422375538325 0.9333608122091267  0.79555199554668421 0.93386610420380678  0.79555408685446638 0.93432449598094547  0.79554061514654517 0.9346962785762295  0.7955157879948751 0.93502242589006901  0.79549790307554968 0.93542459468759809  0.79551934816880121 0.93610512459867656  0.79566242670527243 0.93776187252170884  0.79568403973560953 0.93789597386992984  0.79567396661914647 0.93782151260792468  0.79573076274782661 0.93837359273142573  0.79580354635436523 0.93892449852332038  0.79595361803882558 0.9396843604133176  0.79621570482851323 0.94048246264031998  0.79695411450835285 0.94195566548073739  0.79743137133647368 0.94293913279702668  0.79903056947828865 0.94426652045182213  0.79911091378923982 0.94444199025974196  0.80180981770376658 0.94570077938626662  0.80195986505797312 0.94615631911549258  0.80321598411314854 0.94709308084855015  0.80360945993516086 0.94740978544881171 
 0 9 0.001245038415184814 7 0.0033829246464886645 7 0.076959960182980847 7 0.31995437086839529 7 0.48262771826389006 7 0.726247122084551 7 0.89572570909334859 7 0.95233637281088857 7 1 9
7 0 0  8 65 10  1.1641608433945621 -0.020000400000000002  1.2040491520634364 0.10189487266960891  1.2185777314152992 0.2737277251398576  1.2190914421761796 0.45992181612743899  1.2137298015004663 0.63813472843963981  1.2074269829709101 0.79925796897434109  1.201911816598624 0.94741696872001757  1.1957077888230814 1.0999710827557383  1.1642577595752639 1.6095474646028649  1.1120703189377368 2.3727357973033794  1.0212149104572796 3.2345079491409021  0.95107635091612508 3.9841999198585585  0.93590581576418497 4.4935612475199012  0.95391809501190161 4.7102194206020007  0.95636037327274515 4.6941018028161192  0.9631658949316646 4.7901943166373133  0.97737614844581799 4.8395294814598655  1.0000737006143996 4.8013798849056526  1.0242555992951303 4.736899502859413  1.0408024772785254 4.6999864499644621  1.062953001829672 4.6346319049993303  1.0731804195548744 4.6066508314591736  1.1471749250783889 4.3943150894166179  1.2084856740045022 4.1997397477391338  1.2766262816975573 4.0134256631717626  1.3523183783480155 3.8653263572178416  1.4346892950789718 3.7754972783375087  1.5212720639461523 3.7540958019477149  1.6080054179379153 3.8013812304222152  1.7436123723928287 3.9789001200755143  1.7783946087830653 4.0435585658242914  1.8160124624850129 4.1007579880831271  1.8599538661240926 4.1709155899767616  1.9130392158209117 4.2517934529910537  1.9722570006351345 4.3185932091795207  2.0227164340474375 4.3274298984376962  2.0990393538860324 3.9628682902533177  2.0703891844470297 3.6077051305089327  2.0928667999627257 3.3068894960130217  2.0463535143327585 2.96217290958643  2.0535720746770871 2.7005795063857141  2.0302173053509041 2.4288749301894335  2.0154949905481709 2.1611481000825665  1.9809701715923544 1.6161416021256616  1.9727325465107335 1.4154747782865584  1.9624841621815774 1.2192869595845881  1.9467756609851148 1.0162866273490259  1.9266456980901052 0.80234060740988122  1.9076209414538405 0.58047407009790142  1.899716071822146 0.36087053024456994  1.9233520016130541 0.094066604168057816  1.9294629394837388 0.098711893694021349  1.9275480995415664 0.10264846063343765  1.9371249774655577 0.031448254813029403  1.958338217590299 0.013963636962898512  2.0054519203923387 0.12193131280389011  2.0692231730843047 0.3317589177621334  2.2093929734290181 0.79355408853888454  2.3076668553832151 1.1060380104326999  2.4846668877033844 1.7256282520244259  2.5333855538722299 1.5270477366895874  2.6774265950142349 1.2174483348385543  2.7144941744454019 0.6445432060245444  2.7729512821984752 0.16452047543902903  2.7952423786071137 -0.020000400000000002 
 0 9 0.001245038415184814 7 0.0033829246464886645 7 0.076959960182980847 7 0.31995437086839529 7 0.48262771826389006 7 0.726247122084551 7 0.89572570909334859 7 0.95233637281088857 7 1 9
7 0 0  8 30 5  0.80353950106622041 0.94736609006228811  0.80189910388119245 0.94766294880019897  0.8009427956165639 0.94801137332544239  0.80032355176297199 0.94835898743030289  0.7998165380007346 0.94869176200965832  0.79931911019984714 0.94903401506097784  0.79885081441998551 0.94944841168432215  0.7985533869105047 0.95003596408234425  0.79872043216844801 0.95113049031635066  0.79880374225556328 0.95155367806027547  0.79900840754649716 0.95208140823489851  0.79942185176020653 0.95262107858109257  0.79993301455296462 0.95311854362894466  0.80059792073922875 0.95354348085730811  0.80139498437769374 0.9539484751302918  0.80343184214345931 0.95445323594852727  0.80423629694337984 0.95454607539168801  0.80498096840252231 0.95454225183273622  0.80567680120527496 0.95446173958174108  0.80632928740910126 0.9543157563650948  0.80693846644453904 0.95410676332551414  0.80749892511520038 0.95382846502203988  0.80855215445750128 0.95306587669080312  0.80898474911130935 0.9526206214306  0.80935913165651829 0.95210777880376429  0.80969667593077288 0.95151754914023268  0.80997857951204055 0.95085259794554455  0.81014586371861064 0.95012805590083871  0.8100993736090949 0.94937151886285653  0.80969977798242698 0.94862304786394092 
 0 9 0.64017595430495722 7 0.77848538419243163 7 0.8838286091570704 7 1 9
7 0 0  8 30 5  2.7928400191929659 4.7859930098991148  2.6902643550936705 4.5126907009600385  2.6384237219617255 4.1455687164693416  2.612613578020575 3.7378322841673981  2.5964980495155774 3.3256836287731315  2.582109930714009 2.9283219719840075  2.569850683905063 2.5479435324760376  2.5684904393998491 2.1697415259037798  2.6009316571536916 1.6737937078656446  2.6142714989445408 1.4884946712091736  2.6349991669953723 1.2969985374817905  2.6646615647417051 1.1645357547406763  2.6949544071884124 1.080350456429833  2.730040688545714 1.0704925172294295  2.7675734579215625 1.1195284496781932  2.8568376200137826 1.4341525931737495  2.8909664130882717 1.5945464679502388  2.9223747968816092 1.7675881047555173  2.9523079553769205 1.9453318003947393  2.9815120985476677 2.1236045132513413  3.01023446235765 2.3020058632870422  3.0382233087610011 2.4839081320418428  3.0939569360619004 2.8887962981949791  3.1181792555035206 3.0952811107846938  3.141551906099151 3.3047461599852386  3.165302123158138 3.5222481782855897  3.1877273552270848 3.7490651710816323  3.2041952640898415 3.9826964166761551  3.2071437247675081 4.2168624662788554  3.1860808255184381 4.4415051440063396 
 0 9 0.64017595430495722 7 0.77848538419243163 7 0.8838286091570704 7 1 9
7 0 0  3 6 4  0.80969977798242698 0.94862304786394103  0.80961413385713377 0.94846263033248812  0.80939233531179011 0.94814152580970845  0.80894067771886424 0.94776037703905736  0.80856635762001428 0.94756819244684987  0.80841527665643886 0.94750402177120741 
 0 4 0.34754797688893962 1 0.74139496481828571 1 1 4
7 0 0  3 6 4  3.1860808255184381 4.4415051440063396  3.1815664778581105 4.4896521314944708  3.1690953637025028 4.5857893379860588  3.1414647911560354 4.701977197404509  3.1177250444865616 4.7642914741084805  3.1080771868937207 4.7859930098991148 
 0 4 0.34754797688893962 1 0.74139496481828571 1 1 4
1 0 0 1 0 
2 0 0 -1 0 0 1 6.5999999999999996
1 6.2831853071795862 0 0 1 
1 0 0 0 1 
1 0 4.520446701438666 1 0 
1 0 -2.9537028217102627e-16 1 0 
1 0 9.543165258592742 1 0 
1 0 -9.6500930379294697e-16 1 0 
Curves 101
2 52.46884293670886 29.994113012658232 201 -0.10370493491674482 -0.11830562970733763 0.98754699354180819 3.1398494915180203e-16 0.99290060739458863 0.11894697909344797 -0.99460810698179714 0.012335388725429738 -0.10296869286865216 4.0000000000000009
7 0 0  4 8 3  53.105192959636682 33.906689388193598 201.53554155200348  53.496507638910302 33.623442049846453 201.85453479136078  53.519910536456294 33.352968352447462 202.09645585199721  53.445708342160771 33.010679283778096 202.67417221113757  54.42836985071569 32.26577803541106 202.92616273393068  55.143810053088636 32.293910797241985 202.13452334523629  55.243711050047025 32.451715087098584 201.99290433470742  55.779990617169446 32.154759943803946 201.60655245206917 
 0 5 0.46840969786384257 3 1 5
7 0 0  4 5 2  56.185669085393002 31.364427558825607 201.55447400752422  56.244365270870155 30.72096537427722 201.73776474909502  56.125716093189496 29.905912512463392 202.08033953845364  56.196538515360615 29.092721655829795 201.59045684169928  56.198747783089559 28.566129342929745 201.2206183943704 
 0 5 1 5
7 0 0  5 10 3  55.877952945957468 27.904525590568433 201.10767242119076  55.674402338935089 27.936755034642012 201.41936048123424  55.501575572721478 28.012526791562923 201.73266789191769  55.260082589312496 27.986562277448954 202.03682719926258  54.980080901992366 27.872552405447131 202.31213016171802  54.273906135774702 27.497093272907378 202.6783790834298  54.263642847450463 27.476730136670852 202.60716801314368  54.041732762807563 27.332411728707172 202.64538716217339  53.749075270445864 27.418052316604161 203.06608734592885  53.307447534965405 27.648401277227652 203.88319104610781 
 0 6 0.49351223725859539 4 1 6
2 52.153804962025312 29.634720607594929 204.00000000000006 -0.10370493491674482 -0.11830562970733763 0.98754699354180819 8.3266726846886741e-16 0.99290060739458863 0.11894697909344802 -0.99460810698179702 0.012335388725430252 -0.10296869286865208 2.3000000000000069
1 52.46884293670886 33.965715442236586 201.4757879163738 -0.090498223329914571 -0.58811682583248304 0.80369687740270201 
7 0 0  4 8 3  52.170860138328592 32.029227729412938 204.12211439417143  52.269014461555201 32.028582111366184 204.13148711853572  52.347310992567145 32.061594139660876 204.08437229761645  52.391273694166117 32.096776848080175 204.03485262360346  52.571161551292242 32.287445550942408 203.767122630644  52.542275069931726 32.481225913303589 203.50597741725906  52.510646433277678 32.648393790880192 203.28394074554222  52.455607265920285 32.825384136537615 203.04173368198201 
 0 5 0.19656630295791805 3 1 5
7 0 0  1 2 2  52.455607265920285 32.825384136537615 203.04173368198201  52.344341172004192 33.156621296799926 202.58146354007627 
 0 2 1 2
2 53.046412556962025 30.652999088607594 195.50000000000003 -0.10370493491674482 -0.11830562970733763 0.98754699354180819 -4.145989107584569e-16 0.99290060739458863 0.1189469790934479 -0.99460810698179714 0.012335388725429011 -0.10296869286865226 3.9999999999999978
7 0 0  6 7 2  56.079967729155058 33.189785737978561 196.10220970503161  55.907696419029968 33.301167342138825 196.4886548436763  55.443405490672852 33.591869988608153 197.58736074984722  54.765225980872373 33.77615738065154 198.96652810805071  54.150371993550849 33.907606345339332 200.52335588626954  53.103399148643206 33.906725825715043 201.53773633178398  53.085753837544758 33.907308213458073 201.55382693765029 
 0 7 1 7
1 53.046412556962025 34.624601518185948 195.9757879163738 -0.10370493491674487 -0.1183056297073366 0.98754699354180819 
7 0 0  8 16 3  52.72461794818777 34.257501207501349 199.04012905585853  52.74656974105293 34.254102270066504 199.06850142032951  52.778434110923087 34.249422325529835 199.10602246870911  52.818688435216792 34.244132885882905 199.14517018498921  52.867583725380513 34.238680885268195 199.17872075208169  52.922049285232717 34.234296109583099 199.19355110994857  52.976883403348275 34.232123171818479 199.1815871216024  53.026334219182765 34.232010010289684 199.1515581122475  53.374258472804136 34.236892331795552 198.88075466791159  53.312102921743957 34.29518080238514 198.32839440748106  53.700942203585313 34.309058261456386 198.07379012541173  53.369861980845194 34.400754431090533 197.42144649646696  53.720722996256477 34.405499893965064 197.277307777836  53.559884854670173 34.478394029013018 196.77608401283521  53.624291338474755 34.519698893490215 196.45569827625269  53.543446414615538 34.589972900443847 196.00358173642596 
 0 9 0.097264514043564912 7 1 9
7 0 0  3 5 3  52.175900292770862 33.956327848541576 201.46415322649821  52.127165520520812 33.960210893390517 201.39761422957298  51.999940649139148 33.97044242474486 201.19284782607659  51.904136781547891 33.97753618415922 200.98684445875898  51.845022554461423 33.981378524291806 200.84781357876858 
 0 4 0.34655412198210717 1 1 4
7 0 0  8 135 20  51.845022554461423 33.981378524291806 200.84781357876861  51.738796923226921 33.988283038249243 200.59798128431154  51.645781431355665 33.992857853888374 200.34564972545692  51.561989475821967 33.995319870834827 200.09177072931033  51.48426063085018 33.995770410119029 199.83704616584021  51.410260647914562 33.994195214176273 199.58192794787698  51.338481455739412 33.990464446846673 199.32661803111395  51.268241160298992 33.984332693375165 199.07106841410689  51.1763992974223 33.972418291820006 198.72800362343762  51.06343952624983 33.949934432503909 198.2927011136648  50.922613081598087 33.916627290961351 197.7650545383529  50.796691106506373 33.879582784126228 197.31887023840633  50.709407536755364 33.844332837368185 197.04577996623658  50.665459100867075 33.814855384492624 196.95524088576212  50.650505320104898 33.793574367740696 196.97453557240848  50.62316858650469 33.776306366615515 196.93811325157245  50.607448468248286 33.766270630088009 196.91870681181058  50.588745000815479 33.753806391597223 196.90214637906411  50.571713496016741 33.741395602560672 196.90353015084034  50.558391653131451 33.730841145606092 196.92124784214181  50.548841083367172 33.722964723101811 196.94297947099645  50.542753606474072 33.717771516789774 196.95952565169199  50.45188294943987 33.639739041596002 197.22383865578044  50.538287374060573 33.688068492846824 197.57516573635661  50.463798630880355 33.622525948108517 197.8481086430844  50.479555717438025 33.619269930174127 198.16439553924775  50.534620645203901 33.644008906477239 198.47808601934935  50.500296102139615 33.605859066177295 198.73599743150106  50.52441957433048 33.605648931910217 199.06122113300609  50.537995579656275 33.588417957504078 199.54065803037346  50.526172236395567 33.573877660445049 199.6784934919431  50.521090680333522 33.563447445700206 199.81038328834191  50.533041176322762 33.562123451657158 199.95833611207232  50.558896150587493 33.567775153925176 200.12852628060847  50.582110190723512 33.571145365335191 200.31129373639601  50.57272004569824 33.555850235939786 200.48114404685248  50.484287307845051 33.496321200810158 200.60088822920645  50.480071642987198 33.493508148188248 200.60623058138844  50.47468503663174 33.490016274159778 200.61102515149113  50.468269551632993 33.485986177212766 200.61410832854443  50.461121908345184 33.481622875310997 200.61490320003028  50.453693484622306 33.477195805894013 200.613419551883  50.446590315818149 33.473038825877097 200.61025386848883  50.436928562145432 33.467437214912387 200.60436978311733  50.413364517164837 33.453940555889275 200.57921638110116  50.381841637964015 33.436202040114694 200.5406121692493  50.349832854231714 33.418533940676333 200.493679681976  50.32032334722593 33.402418998216767 200.43918094549835  50.291810549773864 33.386510420933469 200.37351747783612  50.258304146271946 33.366631884578801 200.28873028881176  49.943969018660198 33.168612526108845 199.54277811684415  49.817487975794918 33.032583114663467 199.2011609031498  49.666820474619918 32.899743681397169 199.03449220842751  49.436053118560977 32.638104637258593 198.8935551167416  49.254001861576299 32.350354945416093 198.62366679095368  49.171160379994156 32.135335920405204 198.17368548531945  49.029821314389835 31.82871920997902 197.65480266485591  48.922826972369229 31.165630485010173 197.1305989389534  48.90510240761953 31.035126037150945 197.03919877937363  48.890450974310554 30.889343662122073 196.95736965966813  48.880609829882466 30.730865589945548 196.89311396339866  48.876603777995911 30.563341142726351 196.85135960912777  48.878745268531951 30.391486734652418 196.83396005041854  48.886634397592054 30.221085871994664 196.83969427583469  48.903808006677572 29.998818836789912 196.87338813539199  48.928678912836595 29.501103883014796 196.94411231767694  49.078541261793106 28.854403989197895 197.17163308960164  49.110225658560502 28.476901566221734 197.88064861713602  49.548373761269225 27.757982398379596 198.33382162959296  49.582608612260202 27.53646074217416 199.13404563393203  49.946383775881728 27.171899323191553 199.33216394462247  50.18491163727807 26.93928114268369 199.45530464817901  50.276363656569409 26.95058061632033 199.15759813174259  50.313835257334496 26.980278262190861 198.79900911904357  50.320406288650588 27.037161921249741 198.50386066987821  50.317284194478816 27.074319774430396 198.37033491022655  50.321619744355012 27.057536388928956 198.3794589692439  50.332788967492164 27.068958881898901 198.2995166386292  50.318094169860871 27.218027507316361 197.61281917701746  50.310538164617142 27.273388261687618 197.36675268132024  50.299112362859773 27.332717236957404 197.12129226361498  50.284232149433407 27.396144749139452 196.87608264740302  50.268328514834067 27.461696768301717 196.6307790004312  50.255848055209178 27.525294918566345 196.38504693469216  50.253252972357529 27.580756478109709 196.13856250642408  50.272031678537445 27.627247888614185 195.8437474201335  50.275717160626471 27.630127972505591 195.81516263887045  50.277172381095347 27.634863473114894 195.78632987600045  50.280997024686812 27.638893072265002 195.75139224805071  50.289329607857148 27.640608333171595 195.70899459982658  50.300207304365145 27.641054587376193 195.66069396905706  50.314251588380216 27.637389666764307 195.61634990025709  50.452038939078811 27.523477868229115 195.57802059726919  50.581839889234089 27.341347217040173 195.8965332715386  50.787780658116681 27.139942537322838 196.26771228350481  50.855516463325607 27.016042533674955 196.63336463566745  50.981524775386987 26.920054486337712 196.86473240685783  51.191582284010529 26.825041485996227 196.95289869584585  51.07560330002071 26.810881094137198 197.13570688700912  51.513313824872178 26.593796820216856 197.48184131207148  51.635893567020133 26.544618828363259 197.53462588350283  51.744259678990616 26.521727419164531 197.48868390938114  51.829942411305325 26.516921104194417 197.38484342927111  51.895741571787738 26.516891620477463 197.27888401783176  51.947006435262118 26.516820040302846 197.19259549735861  51.988525013874622 26.519956383236337 197.11205001549041  52.170347822507978 26.535194277551316 196.73911349859526  52.2106667881147 26.547732682145625 196.60708823559514  52.240343061224742 26.554619427345223 196.52580962737792  52.305517397557701 26.560550859813844 196.39917177100224  52.417234885053432 26.573278380562911 196.17441774125544  52.562571996740836 26.595788635867603 195.87039239962073  52.715763643606842 26.618483708182868 195.60579520324444  52.867408263269574 26.610397300802806 195.63036165896196  52.88075639328671 26.608867186220721 195.63986206100651  52.890496339657616 26.60713775131423 195.65224303259603  52.89761729531196 26.605444959636099 195.66504120543789  52.902975923968121 26.603893950290868 195.67702103038806  52.907296360133309 26.602459037934832 195.68817477745091  52.911170209103439 26.600983712776049 195.69972253577902  52.918305719415031 26.597673182206623 195.72614270270745  52.932668011608605 26.582939215253695 195.84755869843644  52.939642185318 26.558394471133962 196.05084396223003  52.928826933014427 26.527588618102147 196.30700251109428  52.897920877866248 26.494205261249228 196.58555861767167  52.85272257373893 26.462061942502476 196.85455681024143  52.807130505195182 26.435110140625454 197.08056187271904  52.711065480316606 26.364325665591092 197.67366195007358  52.658572479575639 26.324949111367498 198.01013502330872  52.558003567979256 26.261551102531005 198.5211593115794  52.561843312695999 26.230051038324603 198.8372786184141  52.496875344708613 26.163071305852846 199.32239938632958  52.542745472668685 26.120740515950118 199.72037919049038  52.555941277989582 26.062609233498662 200.15890346758746  52.688738788871326 26.023577903637964 200.56768439972711 
 0 9 0.1105010215199838 7 0.14803160248074712 7 0.16355855308966807 7 0.62727357741156131 7 0.91007503882776652 7 0.92020223939158641 7 0.92633611960313778 7 0.95956871254743836 7 0.96644727088190618 7 0.96900059234103453 7 0.98075928717040917 7 0.98736633220044567 7 0.98862781581641135 7 0.99227250702712866 7 0.9933901644825871 7 0.99755115364843405 7 0.99811433726029475 7 0.99858518687321574 7 1 9
7 0 0  8 30 5  53.809433114181054 26.236503758071589 200.71087946819699  54.023872749912172 26.328368807135643 200.52529812137902  54.232655317158446 26.434200727318736 200.33289689526492  54.424690811225233 26.544429146377077 200.13174757535674  54.593320595279245 26.652164283766851 199.92077538549731  54.736317400348554 26.753196950644242 199.69975898787104  54.855885325322632 26.845998549865371 199.46933048300372  54.958659836952322 26.931721075986335 199.23097540976227  55.192168580906596 27.130168129549077 198.64402066006394  55.320816057273703 27.250500651078621 198.3298373930968  55.431158729368967 27.357366388472006 198.01233344715493  55.521483373031558 27.444907722981803 197.67481284039519  55.598855009521728 27.519237708492899 197.31603310642924  55.679116905521006 27.598440071522536 196.95020529432387  55.786890573132098 27.71256921122033 196.60699396860085  55.961044414173372 27.909844897988858 196.32258646464655  55.967356745112845 27.916987332819254 196.31195516249727  55.975033928078609 27.925721239887217 196.30060307215047  55.984233017506661 27.936265052639087 196.28989351472123  55.994746956887617 27.948411901939778 196.28157336307888  56.006004578766806 27.961529616072756 196.27777304184667  56.017070604744269 27.974560720740023 196.28100652740181  56.165174784599245 28.151847527095356 196.48463646424173  55.916013598647034 27.880622129279317 197.52927620934386  56.196840165605508 28.183665535240351 198.04138298580844  55.777933656658298 27.768083579436297 199.03068044628409  55.967383970164157 27.903621292030468 199.36430026239921  55.909196317936946 27.931189403881689 199.94874280318285  55.836677655583806 27.796985472245435 200.34188122493305  55.87899593368455 27.907302429001255 201.12836721214995 
 0 9 0.32141750899512939 7 0.7733683404635272 7 0.78802023869491655 7 1 9
7 0 0  5 10 3  56.191755029055479 28.550663551483517 201.23828390985085  56.321544622917052 28.836594500294172 200.91331991681653  56.376770306659033 29.010301325088584 200.73926976609755  56.477046757653547 29.26407566118025 200.39383908058204  56.599629755937542 29.670023039254289 200.00581735693407  56.561966378472462 30.620365883553621 200.28393043467997  56.460539669689837 30.811446673970213 200.68791498506766  56.376663776527131 31.056645815531589 200.97338490714367  56.298441945741537 31.184565486147765 201.24980023487785  56.177972916397195 31.376746833601441 201.57539423612113 
 0 6 0.53669036303334483 4 1 6
7 0 0  4 8 3  55.779398003384919 32.150153372917757 201.62619097042165  55.782640493959654 32.179005684668063 201.50581341713843  55.790546435360426 32.200811456731614 201.38439167250078  55.800056481176426 32.220237709508204 201.26307683229123  55.93157569563455 32.409126240100242 199.87089075067612  56.201206295151117 32.374975304675992 198.5814304744938  56.479109533852139 32.252322087054878 197.32325112105221  56.725377247368257 32.126497270512452 196.04260660765181 
 0 5 0.087414002665817586 3 1 5
7 0 0  6 12 3  53.300477289848303 27.645634366371983 203.86187500739271  53.470265728682165 27.71339853061545 204.36299078579941  53.403773152959261 27.651319028294001 205.05211513658307  53.475523707677169 27.701441180151836 205.91680154385054  53.268552462057372 27.435990017329615 206.75248183756341  53.492585429985908 27.670174241514427 207.38022606835497  53.706458670698751 27.927661958652195 207.90551946223675  53.964583860968283 28.298603486530343 207.85026433011899  54.15729055250516 28.886631280226243 207.77543980565429  54.021021833251893 29.164255458991235 208.3337808659368  53.985337203347115 29.428816672895028 208.53066375087747  53.889780870731443 29.653332185031193 208.81898758363789 
 0 7 0.25458256231472531 5 1 7
2 51.681247999999997 29.095631999999998 208.5 -0.10370493491674482 -0.11830562970733763 0.98754699354180819 3.4208746946262628e-15 0.99290060739458852 0.11894697909344827 -0.99460810698179714 0.012335388725432836 -0.1029686928686518 2.3000000000000029
1 52.153804962025319 31.918392004602495 204.27357805191494 -0.10370493491674457 -0.11830562970733856 0.98754699354180808 
7 0 0  4 17 6  50.468270190831589 31.199604943064152 204.0104666947982  50.448196324091988 31.647915510940617 203.48775693733728  50.472050918532538 32.095128801296838 202.96634106941454  50.45415480492732 32.509277541739507 202.4252458783474  50.515382367983499 33.026582359710488 201.80894998255826  50.54119551910177 33.091149972145935 201.74735873594352  50.519435701740193 33.170672245955956 201.62530370440226  50.60788814844426 33.275162937606048 201.56527787790472  50.63156956674932 33.297863848363583 201.55607375174989  50.65959283642043 33.296952974746731 201.58132665010768  50.982670793974052 33.278884777644421 201.88215805603161  50.93856842022339 32.896784727655373 202.33624944351681  51.134221498915615 32.84887730283895 202.56319815601094  51.486188427263812 32.42898057597597 203.36062909345847  51.589049726025131 32.471530878823032 203.30689860826334  51.704721696182922 32.032265193072099 204.07764216938395  52.170860138466814 32.029227730031238 204.12211439279304 
 0 5 0.36010684884401895 3 0.42401213705516311 3 0.43446137750269254 3 0.69352540552596176 3 1 5
7 0 0  3 7 5  52.344341172004178 33.156621296799884 202.5814635400763  52.341650925649098 33.164559737443234 202.57027715301712  52.297756961118431 33.294440156753346 202.38709889547843  52.223205240106296 33.531545313622289 202.04820895068886  52.167796281891441 33.789392078957569 201.6784105924724  52.159799377417613 33.928294020847368 201.48313853569243  52.160244324817761 33.957576611588053 201.44240614450661 
 0 4 0.029543301333567709 1 0.48442958729189445 1 0.89197131690054177 1 1 4
7 0 0  4 8 3  53.546958309869765 34.586834250828176 196.02382713343519  54.028857896045253 34.927716669254544 195.62897359317691  54.391895464374457 35.257003412588872 195.19013107026203  54.707561521030527 35.662316002392345 194.72635644976233  55.34524975553537 35.920506444630561 194.25657269609124  55.446679828846825 35.95754726535791 194.185203222284  55.622431906491748 35.966376637426293 194.11060871593781  55.754620713334447 35.853920114803692 194.1583565576326 
 0 5 0.85045703076451895 3 1 5
7 0 0  6 7 2  55.754620713334447 35.853920114803692 194.1583565576326  55.796652417622745 35.818162629604601 194.17353880498359  56.093000247073554 35.583577113153936 194.29529859012942  56.125174991361462 34.914523591082485 194.73138751886125  55.776282990610035 34.403590021169727 195.57585421366733  56.046281114879783 33.298393906467197 196.07609094079839  56.071047147457762 33.195524705696499 196.12221305066942 
 0 7 1 7
7 0 0  8 16 3  52.682240327863795 26.025581427678382 200.54698939033889  52.531638034348077 26.140810129387294 200.82293047757142  52.355208217407544 26.273791963228717 201.12885265666409  52.320740705647985 26.353215310661987 201.31320365718616  52.15292020873175 26.481464143576918 201.59763354390719  52.006462480181433 26.628970652480213 201.91622891408542  52.049243535930096 26.741237138404198 202.17980968855233  52.049944760563243 26.872425297189814 202.54711782317986  52.570472904639942 27.083227026866325 203.12294196341549  52.987017427089334 26.983487829072047 202.82548608734416  53.295704071401921 26.903371519752586 202.33896271596953  53.490640633551102 26.585485765063098 201.63955655478946  53.562203442763298 26.588781468270362 201.56911532299577  53.643686148861022 26.459579808113151 201.25642635582813  53.683341534077741 26.444703959580558 201.20101653174817  53.829086615442215 26.244990186414505 200.69370738140762 
 0 9 0.4126423807784742 7 1 9
1 53.466463189873416 37.983203153047981 192.32073415574479 -0.08432088970425837 -0.67420509773040682 0.73371484498667106 
7 0 0  8 51 8  56.721504784157503 32.128490718021375 196.06269136579226  56.83134924393385 32.030799082260934 195.98608730326518  56.938241632966289 31.951047774004969 195.89954692246772  57.04507021230738 31.880670985122745 195.80662678815509  57.151788305240672 31.809910957572352 195.71172284512818  57.255414297280652 31.72781798340074 195.62007041823315  57.350031636172858 31.622250404743703 195.53774421236184  57.426788831893774 31.479874613825888 195.47165831245164  57.584474524158196 30.831502269779484 195.33077021068826  57.533902257506902 30.297471861497122 195.34250482821975  57.545278158912652 29.856168168810768 195.19672469971664  57.548809512752712 29.430676016697223 195.00662466179176  57.539194373303637 29.017384524356014 194.78977954787311  57.550300170136701 28.654692158733919 194.51581374054274  57.547811417350303 28.318311435334682 194.2554762788518  57.536540302139834 27.862656461146873 193.87313099015549  57.533439327083485 27.845711170822369 193.85518414583504  57.533993637750591 27.761340853617938 193.78327545704161  57.524491643107361 27.717576552161798 193.74868578342958  57.521849360670899 27.551026278956762 193.60026769903956  57.506680171216026 27.395920980930093 193.45566595404517  57.472960765002803 27.262144841224963 193.3472898122599  57.392483388605562 27.239102847815492 193.39953439812405  57.369975332557075 27.221736744839596 193.40210104889815  57.320336557111254 27.220496508081332 193.44815143534601  57.249261441189319 27.257126618712739 193.55540956753578  57.162461811207464 27.340745324281674 193.72756421317766  57.06186167616535 27.468825326313944 193.95921071822639  56.941791962734527 27.628174467915464 194.24079282748434  56.749702798782636 27.833921789395831 194.63667049448949  56.683560577269326 27.907296437226723 194.77500196851898  56.60015070967539 27.984264200288848 194.93389454954561  56.511793515059544 28.043930554368778 195.0805159536493  56.429737507670858 28.076282615617821 195.19384599073706  56.364159396948772 28.082189140552064 195.26467656454318  56.324164087523087 28.073400526052378 195.29561167262906  56.30298731598986 28.070573209028872 195.3137222593264  56.283410527021225 28.067434078134781 195.33001749870726  56.260964583558398 28.060424051035135 195.34515503302612  56.237386833982235 28.048072191004636 195.35580250499342  56.214241703804184 28.03014399023958 195.36009329152967  56.192920695666224 28.00764136985795 195.35762650376535  56.174642389340889 27.98280267989934 195.34946698704121  56.065999803909399 27.801348369065824 195.26278484317851  56.136960075451228 27.77254502823812 195.15341744831863  55.931468620129877 27.420617566535078 194.97307646053031  56.154473455128233 27.02645399157527 194.30581373013337  56.136347442369093 26.324495762767587 193.37254216545946  56.398713787323892 25.646745268065732 192.20253374172316  56.377364806744694 25.009629919243999 191.23928206573817  56.37662667323599 24.891549831985131 191.05799123457314 
 0 9 0.19501915639744299 7 0.65275573906971796 7 0.90220430788026262 7 0.92083107007090215 7 0.92505134375619991 7 0.93484048400253672 7 1 9
2 53.466463189873416 31.132188962025317 191.5 -0.10370493491674482 -0.11830562970733763 0.98754699354180819 -4.8572257327350586e-17 0.99290060739458852 0.11894697909344791 -0.99460810698179702 0.012335388725429374 -0.10296869286865221 6.9000000000000021
7 0 0  8 30 5  55.456410849431457 24.550826382845226 190.92053911815609  55.211457639446003 24.762881825269645 191.35818678640689  54.982994243364828 24.982986988324072 191.79639578233053  54.77013920195126 25.208331211857878 192.23816311799698  54.567320141983799 25.436422327312272 192.68381929997517  54.364273776255956 25.665086657720238 193.1310283293333  54.146045903576372 25.892469017706528 193.5747877016388  53.892991408768822 26.11703271348771 194.00742840695827  53.509631286951603 26.387809617426861 194.51230944081246  53.48567977971895 26.400787309532909 194.53552837076879  53.453200972079074 26.423641744538575 194.57822383417951  53.414248532340828 26.444926027604005 194.61626439695283  53.339252052299841 26.492585254609082 194.70408777137146  53.245487453298821 26.537721262151731 194.78340495256597  53.142524370197663 26.563791195682754 194.82097871042347  52.980506207557305 26.481179703570984 194.64887174505446  52.968544580176115 26.410658611411971 194.51711267477589  52.991251902215005 26.335210175271492 194.38060307180382  53.019399716954567 26.266914249585028 194.25828771126695  53.037029756631576 26.209782922440482 194.15572686744756  53.041453942439006 26.159760515578149 194.06509631378182  53.043254384526072 26.104723584390758 193.96518732285972  53.129056114640449 25.805754442541762 193.42948753418972  53.200244515374159 25.58786574895144 193.03958120181372  53.274141733845298 25.370042864074552 192.6499297987144  53.344237533411167 25.15189749765193 192.25922337783433  53.403218291140291 24.933425042243279 191.86659991564159  53.442966997812526 24.715004573227095 191.47164531212937  53.454563257919013 24.497398848800696 191.07439339081611  53.428283289662154 24.28175430998024 190.67532589874551 
 0 9 0.44130606899941649 7 0.54186373325539816 7 0.66482650935196896 7 1 9
7 0 0  8 65 10  52.101363027296934 24.435008042151086 190.55434188386806  52.008374597066755 24.527665373016333 190.68150051982354  51.924683613782875 24.60288017842926 190.77679931794273  51.844330498983922 24.677752642257445 190.87181739782088  51.76003680755877 24.762119779036141 190.98155903698577  51.663205227746474 24.858555433968345 191.10445367089855  51.54391958113635 24.962370282924727 191.22235589295309  51.390944822667862 25.061611832443685 191.30054545447632  50.968152732259917 25.221741901054084 191.27334191278712  50.901407063577935 25.187673398744021 191.14825576027962  50.717115412244944 25.232903953630437 191.07760410710733  50.611708558968836 25.192147283295615 190.91538763834544  50.513204726925245 25.140740480657477 190.72725563372563  50.323154683634407 25.170675661663736 190.60443822160656  50.215530288136279 25.146118682124435 190.45711175874752  49.813219241445566 25.41863745498781 190.50731995709955  49.846391479453487 25.710439010088315 191.01292314585871  49.708245714642736 26.030778418462052 191.39786691346401  49.939679997779777 26.202672742200999 191.90689517472481  49.851435827752489 26.399482223818062 192.14869424648461  49.934425361111813 26.516897912413359 192.4186997628735  49.960336790280877 26.643235178422568 192.65453680767027  50.063051834885826 26.997878640801783 193.33510374246384  50.075950910658975 27.085550792148211 193.48424521342633  50.08993326050004 27.158834187725652 193.61328606222912  50.115557445025203 27.230651053054771 193.75731148739561  50.151726184457317 27.311410921190504 193.93025745965249  50.185686358625951 27.409010632722062 194.1249107219291  50.193029006967315 27.52883433577291 194.31290878935761  50.079993865057389 27.824841778757254 194.5821831019027  49.95647877584593 27.886291379993509 194.4885808317072  49.824327809117719 27.881720432136188 194.28034742585106  49.738603518917365 27.87118147306818 194.14037160918181  49.663298992335505 27.854342008970988 194.00286700922086  49.656854156909105 27.853738549938878 193.99315233381543  49.609648315183165 27.847138919758379 193.91312926762018  49.288736272114825 27.747843954723646 193.2969009175963  49.142909633201334 27.637456280295165 192.93325909052845  49.066919308875633 27.671553555066993 192.85340285599113  48.94640097579186 27.529652994690679 192.49658265585288  48.749057701739808 27.389214928282279 192.01653051575522  48.532799731756874 27.367740092890649 191.64457095021066  48.360784415332368 27.112244543630151 191.07140461039694  48.182991419082491 27.264028978461017 190.97552059988826  48.166518090075691 27.290439298895127 190.98120863079896  48.155255638433296 27.317588650800595 190.99579609325167  48.147776513786013 27.341915529061449 191.01284403325053  48.142814082900543 27.362099996416635 191.02881412760871  48.139262629679635 27.379063683459986 191.04306868394821  48.136177355162005 27.395969788640208 191.05787064069997  48.066169990772345 27.853773018726326 191.47987044954797  48.16631596076293 28.093589795952127 191.88567512159483  48.186696618305433 28.446281324081404 192.26712882470105  48.185348652427585 28.864567611115632 192.66423371338306  48.238338169129847 29.276904844066465 193.09204985300124  48.317760522712966 29.728478847695417 193.49960195805045  48.334262919676945 30.331567916841358 193.78130587095686  48.355418607768677 31.825008138934095 193.90963430195862  48.328586354287651 32.49128583153567 193.66116904254756  48.310574316836622 33.131042653100167 193.33013449945366  48.257046763027802 33.668324516416732 192.94713034628575  48.215650327269387 34.146557507385694 192.57203274186537  48.206350039371465 34.61411584267573 192.23585684463913  48.145432478843418 35.019475588657087 191.8661713564739  48.159806533239994 35.542240758511667 191.47104691871539 
 0 9 0.040807891346008103 7 0.086604988324292642 7 0.16598113476617243 7 0.20530839067586157 7 0.24630979004128678 7 0.34684408385994281 7 0.36198579336136238 7 0.65834515345104894 7 1 9
7 0 0  7 20 4  53.89687362313925 29.636483051039811 208.79746132299493  53.82939259991047 29.44274221151797 208.87593178513376  53.736315568883875 29.238461345660031 208.97304047431106  53.64606748076848 29.013372614753376 209.04258535806392  53.56857494959916 28.768140675177609 209.06377266166106  53.495266252736606 28.514362678404613 209.04121686810302  53.399071330867393 28.274568270998525 209.00494071812173  53.080720150490997 27.902660599070991 209.01544835107168  52.905634027065034 27.839194240867435 209.07881370125295  52.748100659052589 27.864631328541069 209.20399830765726  52.618820599109299 27.919651777730845 209.33833924725613  52.518199282862803 27.980685755252345 209.45956557481648  52.443519953422033 28.064607302114261 209.58716211072974  52.184030095497882 28.535808564858471 210.17309265913278  52.317739971582725 29.022842500217209 210.48430430694674  52.168391855480223 29.454827140699319 210.34160043114539  51.861130462906686 29.604495007390128 210.3258536858159  51.771151283099861 30.48983182753253 209.51367445776245  51.707260618596571 30.696422127786924 209.3536840700333  51.656208244121679 31.126446618560642 208.98515359912733 
 0 8 0.19364347087452094 6 0.37441116721588019 6 1 8
1 51.681248000000004 31.379303397007554 208.77357805191494 -0.0757294637314119 -0.76473222525344242 0.6398825454580479 
7 0 0  4 5 2  51.636832555811942 31.37707115526927 208.78889905697665  51.294237485479826 31.512117302558963 207.58909313442936  51.054597992752775 31.47314511777056 206.41991128857944  50.851058488309356 31.610927170176822 205.15123764736492  50.460933940387221 31.191786962540927 203.98850711553212 
 0 5 1 5
2 54.884134075949362 32.749454784810126 178 -0.10370493491674482 -0.11830562970733763 0.98754699354180819 9.6797569959505816e-16 0.99290060739458852 0.11894697909344802 -0.99460810698179714 0.012335388725430389 -0.1029686928686521 6.9000000000000021
7 0 0  8 79 12  48.769432719525525 29.72126887979493 176.9748573453339  48.758586150956013 29.60138398270718 177.4021974826978  48.743275243271697 29.43751017037853 177.99929845953812  48.72755293984811 29.256261414140084 178.66414478658365  48.713949362233613 29.077283961670116 179.32275432592618  48.703471810149459 28.913256336994007 179.92917829102123  48.695604761489761 28.769889340484301 180.4655012466875  48.68830987232149 28.645926048860638 180.94184110910714  48.662254117442018 28.360170678749931 182.09340377016002  48.638225484592354 28.224745190767127 182.71528467556107  48.601121173697294 28.107178826179666 183.34962750752496  48.510435573489822 28.050278816815663 184.04092229962254  48.401063074503909 28.009510927996608 184.77206053568344  48.313988665330243 27.947712311483837 185.46919396725232  48.231132945060153 27.922495145905046 186.00986733883974  48.121477736141472 27.895239021415545 186.70568066406133  48.002769676115406 27.940429010002731 187.20050962360406  48.07385742313609 27.691915038104074 187.68230892518048  47.836364948654179 27.927139279863372 188.17754485370227  47.950747762706762 27.599704246240041 188.6705908674484  47.766757745897813 27.758593983927625 189.15929818943448  47.762609519314218 27.616885380368824 189.65982174545655  47.644143500747717 27.655496151321749 190.19732181065871  47.636151918756894 27.660343068193708 190.22610338719659  47.630812981695904 27.665294383057109 190.23962187579164  47.627182804637215 27.669729830703716 190.24525596390893  47.624581421808188 27.673288553019969 190.2480330514974  47.622592786590907 27.675869098986972 190.25062925098996  47.621064771522292 27.677629424680514 190.25336938730376  47.617859511755434 27.682182610908264 190.25624596250339  47.615574406512472 27.685796320382767 190.25707931797422  47.613406109792521 27.689559154386476 190.25676641663705  47.611463045854656 27.693246601257886 190.25544440152936  47.609809805989762 27.696678504982035 190.25334820634143  47.608467148520482 27.699719065190585 190.25081055541622  47.60741199880124 27.702276837161769 190.24826196374948  47.606537684252956 27.704401357787678 190.24613395225322  47.600080075278342 27.72476359619575 190.21519552733176  47.591828807221461 27.753646905811038 190.16615881021443  47.584863307889329 27.783639950745169 190.10627467790977  47.580718247968882 27.811664600454975 190.03730153644574  47.579383541026964 27.838975929742571 189.95550532086952  47.579304343510366 27.87116221875527 189.85165949524796  47.576117793986569 27.949004304740487 189.61868621880009  47.575105145523167 27.98478714082405 189.50971057638327  47.573407405294979 28.020684013700901 189.40509724358608  47.570625097091721 28.052944874232846 189.31914091849632  47.566894972553506 28.078879071678934 189.25945187912069  47.562890011170801 28.09685535369546 189.22695598338444  47.559819420284406 28.106301866335944 189.21589466913167  47.558915768716616 28.109549140795092 189.21110866081887  47.5580694971284 28.112829318261021 189.20587520080653  47.556774414676752 28.117259707616959 189.1997297638087  47.554953581978403 28.122562013979127 189.1940188347796  47.552568525910807 28.128466626411939 189.189830193907  47.549619239612319 28.134712617928017 189.1879929166121  47.546144182482031 28.141047745488187 189.18907737354974  47.533733174671333 28.160596848927458 189.20273443061924  47.527839364199536 28.168612116405576 189.21337634131052  47.523124901540179 28.173848814503458 189.22564669192286  47.518506174597974 28.17846156228768 189.23928966955555  47.513229906406643 28.184185035823742 189.25346791916613  47.50687315512895 28.192333968176097 189.26676254357037  47.499343314056688 28.203803149408156 189.27717310344224  47.443156049014767 28.30511885836162 189.30999201275654  47.433616144062782 28.417020725756419 189.03845511345122  47.428078737158977 28.551460413800474 188.68612297956136  47.429419418217378 28.658107904158655 188.38256529556131  47.433539347951445 28.715737587559804 188.20367726194655  47.433279677327327 28.738328262566363 188.14313009888983  47.433124374765839 28.76107702754593 188.07923605437975  47.458216510862954 29.302496052130209 186.47138888246644  47.509615595797044 29.717375309226632 185.14063901902952  47.559145019660917 30.163979701665902 183.81709616144514  47.627342558208738 30.605545740342716 182.49385684344099  47.711726646731478 31.045883207773244 181.17168778904283  47.803026317176332 31.504056230916095 179.85437606287073  47.913579943486774 31.958402241240602 178.53778378180874  48.037696544227515 32.394961554862398 177.21831739807521 
 0 9 0.094881820245526854 7 0.24039698438849044 7 0.58995062569482437 7 0.62880969746040261 7 0.72029072462479304 7 0.7246496506178105 7 0.72751269451458211 7 0.73127015240010651 7 0.73939725115608124 7 0.78521327481614889 7 1 9
7 0 0  8 156 23  48.166754728871005 35.55072286781833 191.49304530826092  47.963626151907121 35.303477486868942 190.85849939630174  47.84899597065025 35.128560924081093 190.2061262037052  47.778501238060713 34.985017843416827 189.54649655675124  47.7208825062716 34.840922789088317 188.88723996660835  47.657983826588719 34.673380185557775 188.23304462933436  47.584752749490598 34.468524337537573 187.58565742587589  47.5092403246285 34.221519429990153 186.94388392206858  47.420606830713012 33.775591854850404 185.94189928616473  47.393160340300028 33.614003583465674 185.63035723823967  47.355106958297377 33.370633352931733 185.16793199246038  47.312796378412948 33.025698511876712 184.61635532682106  47.280634104715304 32.577360750036888 184.18386849431519  47.270221853865159 32.036544839584401 184.08058718603118  47.28208691421603 31.460010486344903 184.34548399274027  47.31438651855089 30.669659567533738 184.88551508837011  47.332950129108447 30.370572482282725 185.16386022256683  47.354667473562124 30.107063328763047 185.46360070905888  47.378895320631493 29.865666197284739 185.77294469156936  47.405371027650304 29.63680197485693 186.08473151605136  47.434212540566506 29.414778345187784 186.39643173068816  47.465918393942232 29.197789788684538 186.71014708589297  47.553890173466648 28.676966455223557 187.51037924211565  47.608692611356773 28.395865848881204 187.97551592755747  47.675852529020389 28.12937147678797 188.40549487202861  47.740566634803649 27.897322435772093 188.79459427437027  47.797390542929392 27.708704698165956 189.12517501307755  47.855874547401001 27.55325472443106 189.36338782858067  47.91759546788299 27.430603196370654 189.47930892560174  47.927363768674581 27.411533232972371 189.49635334009272  47.931669272310501 27.402941231310191 189.50454535665335  47.937348272170702 27.39220092969023 189.51334907960535  47.944134539878981 27.380327390817946 189.52058078627041  47.951648424978657 27.368332676357394 189.52460399695548  47.959396854932564 27.357225846931243 189.52432947495259  47.966773335123122 27.348012962120823 189.51921522653925  47.958226816491269 27.356602002365022 189.53274461307529  47.991047164067254 27.311239607923675 189.52751729202367  48.022086183805122 27.296668475444477 189.41653457171387  48.031287357917741 27.348995661682114 189.17253645961938  48.021317241549426 27.452427017836058 188.84138697489308  48.006318147948427 27.563946499786976 188.51064534910046  47.996066735868453 27.659624472577036 188.22337438959045  47.925354173028609 28.151969953140508 186.89309109162281  47.859486486624817 28.533179098928795 186.02133155807891  47.80474371557073 28.924637651704355 185.13031008339479  47.707412124436871 29.429889546602062 184.27594740965372  47.633063160810956 30.00660383523801 183.40423829225205  47.604452693631849 30.607911047581997 182.50658659340468  47.521181495013657 31.370688673001723 181.76733416183595  47.612549569944512 32.588959508822867 181.23791413321089  47.620496234797805 32.684790193652709 181.19794491587851  47.630166756841696 32.781822607575982 181.16016653946477  47.642221126265824 32.8828565747026 181.12129166145951  47.656438725913816 32.984606094495739 181.07756954646757  47.671718331283273 33.07769934177179 181.02478606620866  47.68607811052577 33.14667866670041 180.95826369951732  47.710397552606253 33.200299610521625 180.7619100881081  47.714437488274015 33.150676570933598 180.64853056396407  47.711533929598318 33.052031671436026 180.54401688024899  47.706467825165547 32.923779648433964 180.45770742210388  47.702563937723127 32.779577396321137 180.3946454374904  47.70052249303118 32.629331734020219 180.35528431713129  47.699561113842449 32.47748732108429 180.33723775637679  47.705748230231222 31.719959910061419 180.34594116202712  47.738777503011008 31.210703513709625 180.63278499931002  47.78551968328582 30.775269062213312 180.93474115658682  47.843022829726323 30.385255469890311 181.30372376239291  47.897965296156393 30.06724364295134 181.64600517075772  47.949904427033758 29.799867614039584 181.92122358534638  48.021651238867122 29.477422601759621 182.31585770873795  48.224619896140503 28.690428553287173 183.33761545572949  48.366302570299688 28.240791071552682 183.98752350393937  48.523154733041494 27.822286582792824 184.64918474755723  48.69393945273054 27.429710312086364 185.31916886620274  48.876871595976006 27.059756072723811 185.99536137672169  49.069617827631504 26.711016266207487 186.67696363318558  49.269296610795131 26.383981882251529 187.36449282689202  49.534984231372789 25.987847362431982 188.27367813706465  49.550075730750422 25.968582570807367 188.32080680263121  49.572675790901961 25.931674430398182 188.41122880501854  49.599260799963638 25.900347445797991 188.47526213323741  49.64854465050712 25.823050680998676 188.66872699716743  49.71211469355093 25.74183775808239 188.85928852803011  49.773314452701563 25.661672808107479 189.06240089076414  49.806826504050456 25.638808747389586 189.06409817881027  49.808142398784931 25.637999240038472 189.06370457808956  49.809298060773436 25.637360408306677 189.06298237095416  49.810279525051016 25.636879229619257 189.06204804603033  49.811090244618789 25.636535172814799 189.06099641415028  49.811751090443771 25.636300198145459 189.05990060835197  49.81230035145898 25.636138757276953 189.05881208387925  49.813113184326156 25.635922998299378 189.05707982780928  49.815666900561311 25.636343644465192 189.04587737432274  49.818714203239374 25.63738361399022 189.02967139736052  49.821041139422476 25.639246683290846 189.01166305551391  49.8219604832641 25.642226522995784 188.99273652632661  49.821311736009271 25.646706697945991 188.97145900629525  49.819461125994486 25.653160667194697 188.94408071086912  49.81412683311963 25.675369912433109 188.84639727537615  49.808962433467656 25.693417492284706 188.77490754759648  49.80122280231339 25.716510462707493 188.68299133529993  49.789134624314165 25.748334351688612 188.55550363035886  49.769736876162931 25.796044276057096 188.36922877232973  49.738880826588399 25.870264941483835 188.09288044845272  49.691230036354938 25.985090642481595 187.68710169365201  49.574565039814672 26.269471483389378 186.72932194253949  49.529072358500642 26.383181512232731 186.35468438345021  49.485496062993562 26.497834403958468 185.98022661482455  49.445121015306867 26.612298857241242 185.60569726692091  49.408803190794366 26.725693214407094 185.23091919869916  49.376969678150246 26.837385461433367 184.85578949782067  49.349618679409055 26.946993227948742 184.48027948064819  49.322221826913577 27.073270832682912 184.0383339321061  49.294364940765405 27.20810397602008 183.57446063526891  49.266695478940903 27.37184542624782 182.98503532651944  49.25351831896986 27.505969249712507 182.46098211819321  49.259496588472224 27.580461370103773 182.11192871017667  49.279651665158042 27.59381956845457 181.96620638990706  49.299363176827498 27.573053483141109 181.97085003237251  49.295753250448001 27.573509678782166 181.98584730223351  49.299636148274004 27.573059930427171 181.96947643287842  49.306507058862501 27.570179062129039 181.94971024128844  49.314421921366439 27.565103399489043 181.93382581658224  49.326049339291025 27.551121859044084 181.9388146570713  49.339957786538754 27.530530077083991 181.9622992154315  49.346541438065266 27.520986974881318 181.97272644044554  49.513644139808179 27.274173682784546 182.25578872875406  49.53930364253727 27.177697128096828 182.56408986424617  49.610398791409828 27.052293886855949 182.86302725323409  49.758934116521942 26.858911734859401 183.15572464268703  49.939176671778647 26.634852248072452 183.45881272249324  50.102352178904226 26.433518347343444 183.77407533213866  50.271341171452626 26.264161843119027 184.06009566738547  50.755445144881399 25.936958353400623 184.26245200240345  50.971126623824773 25.816849420812297 184.26312541565622  51.2271841670565 25.688069001476343 184.24787128504113  51.499867070962232 25.56390175852091 184.23716649340264  51.776909336904929 25.454152199120522 184.23001624809828  52.057529671224685 25.365144674495998 184.20395408099859  52.352431485238803 25.299723379914493 184.11504184848678  52.773280097761706 25.245784290726906 183.83922872348302  52.870522288013845 25.235139788950416 183.75927809677194  53.184485723118158 25.196074467447218 183.56750144410259  53.605304796601509 25.191086733679285 183.16101576021384  53.969828711594893 25.25540427472826 182.5311278953215  54.192650209086835 25.349977140518902 181.83958949802476  54.262626351233415 25.386477420021084 181.46455044760341  53.802174846173628 25.204988524819946 183.07492761202988  53.58637274365671 25.085878970920419 184.15294056473675  53.315575897041008 24.968629516927781 185.21602408790994  53.034546948472801 24.860687658517126 186.28189242329114  52.770085433519696 24.756757830056493 187.35134262892575  52.5028813958981 24.653972244705216 188.41729208821639  52.238331326381001 24.557428142283339 189.48966141882644  52.098790231480834 24.432749123799109 190.57405370087173 
 0 9 0.12911012206804878 7 0.20204163211588747 7 0.26061165235655503 7 0.34739024082606407 7 0.38189756810662318 7 0.46333180740589774 7 0.66240991101047908 7 0.68089600741318612 7 0.70491248336467871 7 0.79467950401216547 7 0.94109214788760631 7 0.98613398481564774 7 0.98816327741616472 7 0.98947717940002167 7 0.99140878873434179 7 0.992652495991037 7 0.99287122988757104 7 0.99293185695144504 7 0.99702207493530803 7 0.99868736648250289 7 0.99913702998552412 7 1 9
7 0 0  8 23 4  53.420641079671562 24.279490385984193 190.6945047634276  53.71765788131237 24.367228182138771 189.95045204938444  54.033575707138489 24.46908722400196 189.27317020108788  54.293311573148465 24.569195955528865 188.58755790296087  54.46941363856326 24.660538738567318 187.85480902960614  54.582061205826108 24.744955852857775 187.07241264580608  54.699064720602664 24.833143496033383 186.27415300652305  54.935865771780875 24.944653783619948 185.53010955689916  55.465726103412962 25.111095356964483 184.93521738280498  55.489384478754971 25.118428995911511 184.90979112064687  55.519740019959734 25.127249684823674 184.8839467541836  55.551404268759555 25.134947383456328 184.87437426281838  55.579417667836097 25.139349770365179 184.89297224940012  55.600729114500304 25.140490842078716 184.93152818458927  55.614804912654904 25.140814586255345 184.96178334875268  55.676232393621774 25.141602061514693 185.10072067463315  55.742842406994129 25.126992516615903 185.42166946935527  55.754240731589903 25.079591571921831 185.97716427127452  55.742055900483557 25.004753427968442 186.75624927426401  55.691036492517199 24.90230094996156 187.74236642792181  55.609438622336377 24.779849897889981 188.84778890777204  55.516211924138155 24.65276190612952 189.96806065522534  55.455156334591678 24.548698015688771 190.94040501105218 
 0 9 0.81360866553078326 7 0.82956080315128466 7 1 9
7 0 0  4 5 2  56.371773435020366 24.8879198664808 191.07729932828067  57.200536226784422 25.507184517201466 187.78686823156826  57.537459499888129 25.938047529248269 184.37943654234388  58.028357234772955 26.407841003678925 181.02856355517787  58.422699716139626 26.836629379662316 177.6430000640004 
 0 5 1 5
1 54.884134075949369 39.60046897583279 178.82073415574479 -0.1037049349167451 -0.11830562970733753 0.98754699354180819 
7 0 0  7 38 7  48.688124670074785 35.770110101923883 177.69095483581467  48.699214161031669 35.849931946553774 178.28627545188496  48.712065306298676 35.922703797541985 178.88175771695791  48.726340064869078 35.98904386954208 179.47732385433378  48.741891813141216 36.04964168656646 180.07292087512749  48.758765344918508 36.105258081986484 180.66852057826802  48.777196871409437 36.156725198532349 181.26411955049883  48.818110291489425 36.253354644971225 182.45766692461558  48.788383645125307 36.238372266240361 182.94967642515866  48.8609900580431 36.329088431138132 183.40561074838993  48.952094446337149 36.438560064229776 183.93071790518269  48.937125135704164 36.433231008350745 184.5761432450326  48.846428330859091 36.342351097349535 185.24942186418977  49.080528620474993 36.587965585155047 185.65929841337197  49.102600912167723 36.611086231367651 185.6682499547739  49.12039201830018 36.629802747525453 185.62858423560792  49.132225411120551 36.642454587403755 185.60070827737783  49.140036504428267 36.650681324851867 185.58006174130037  49.146993374284556 36.658105266280835 185.5595146369121  49.26021776803718 36.778921056424579 185.18279495830919  49.188998521352495 36.708480522235078 185.00711375629305  49.40829345303333 36.928466029364245 184.87085907978599  49.180028131558622 36.713014047206627 184.465859888214  49.466179282485484 36.995165292820474 184.16265786718995  49.372030141754678 36.914055911382192 183.65931779931236  49.554211719895129 37.09301271965937 183.60037667184378  49.575611602767331 37.115259767168922 183.49403330329923  49.576760776734361 37.117874097469844 183.37744041437435  49.577949995075983 37.120269481668934 183.28884450615709  49.588798107065884 37.131825294293193 183.23213726583808  49.608252057971704 37.151886513289817 183.1768555667102  49.722067984282731 37.276449224357144 182.34997205712486  49.812759206032531 37.375301731722274 181.64477617440164  49.886319378626119 37.459080211944091 180.93496144567806  49.94656940567716 37.532114396357549 180.21914531933189  50.011492270091196 37.610304777809979 179.5021950664397  50.113233034065715 37.721122610661155 178.79522778077671  50.298098839090073 37.903609910783246 178.11561037881717 
 0 8 0.10632912100059105 6 0.21307028811521944 6 0.222827058165701 6 0.3611723764379049 6 0.452856744877627 6 1 8
7 0 0  3 5 3  51.656208244121679 31.126446618560642 208.98515359912733  51.651668504594909 31.164685764111137 208.95238269742495  51.642372155597222 31.249036939805354 208.88005432474239  51.634680061966542 31.333288998592831 208.80780486205754  51.630967938106679 31.379375302432404 208.76830662304752 
 0 4 0.45372582170639503 1 1 4
7 0 0  8 30 5  50.389614343378035 39.656211179868933 178.35543046609399  50.385251912034761 39.614381207590164 178.34996123080197  50.316423535388985 39.079886072153776 178.27870221593585  50.315620197835145 38.463945341529588 178.20482971513871  50.156717535403068 37.971044711464188 178.12909467652509  50.296996675320237 37.709319938185388 178.11247179665727  50.379672519031821 37.547695941447365 178.1017916611421  50.421745356483534 37.27499454886361 178.07354090519385  50.431901820706209 36.210800683046635 177.94711973153687  50.425660134150476 35.877782317587737 177.90656951834234  50.413043066501928 35.544947976340879 177.86537185506671  50.39563244100502 35.212236788793668 177.82368556104052  50.373543162801134 34.879780113537336 177.78153843918477  50.345423218928531 34.547901538266693 177.73882727601099  50.308453678322401 34.217116879780178 177.69531784162132  50.179236470203676 33.368693829825681 177.58010946562987  50.06649853366094 32.859121951291534 177.50722513423742  49.915486705875466 32.366651073041993 177.43237021632524  49.661592540958267 31.905871515424742 177.35050789068671  49.5025497652897 31.404728513962752 177.27377072318313  49.286445535785788 30.932272703117853 177.19447803354009  49.08595441077258 30.452876772616602 177.11599350873789  48.66638325145361 29.476225771887371 176.95493290862888  48.494193438323109 29.092112873209167 176.89083504580836  48.387883246681845 28.795705112306472 176.84416223063067  48.226633631731573 28.6039618039201 176.80425861700792  48.202424447121899 28.416754272396446 176.77928935784513  48.149096891614775 28.232307520815645 176.75159303559894  48.097934960216392 27.993087199996765 176.71756239636969  48.021338137774947 27.629920682913948 176.66601233109569 
 0 9 0.34091549748963074 7 0.49648436819903147 7 0.74211658633150612 7 1 9
7 0 0  8 184 27  58.315554636036794 25.855883222505259 177.53451017342826  58.345044010954766 26.0823494564331 177.56473701257019  58.373830553613701 26.305919760740533 177.59454312039125  58.397419840833635 26.529880832660382 177.62385026357387  58.415073544647463 26.755860546961713 177.65277592361167  58.429809432300999 26.98382795594982 177.68163329680962  58.448401366252938 27.212093289466235 177.71093129428385  58.48137930417488 27.43730795488873 177.74137454196182  58.551453718423957 27.684138799824957 177.778302952811  58.562510198587148 27.7162182592721 177.78330706121153  58.582681040723088 27.783167268979259 177.79344557683467  58.61347266990051 27.852302446000685 177.80496130684716  58.654143707637701 27.883788502173765 177.81300423045084  58.70170159756946 27.86436981476437 177.81567210130186  58.748167784117868 27.816837736522182 177.81485741642999  58.831794639326638 27.718745986229141 177.81188815144313  58.860153243470201 27.653126556227893 177.80700512225886  58.879627679544797 27.630496135530848 177.80633911745124  58.907985875929512 27.567851443008511 177.80181241146613  58.947001267882001 27.481580284299309 177.79557445508149  58.989702314476858 27.410347811464533 177.7915251355833  59.034894147044461 27.327736529700211 177.78637422763853  59.140984855307806 27.342447066206098 177.79927737995808  59.171163026178597 27.391581103664727 177.80833260319926  59.190186299765728 27.452776880409679 177.81766138685487  59.202514582575041 27.506974003970342 177.82544869079871  59.212068865584179 27.546699608165483 177.83121103826639  59.222231224242563 27.576068353103256 177.83579651585526  59.235844818471385 27.610782425181196 177.84138477352448  59.268861462236423 27.725586138233695 177.8586051332334  59.281060540610106 27.769923210889644 177.86519765993978  59.293234016508769 27.8112400147816 177.87142567751053  59.306025777899073 27.849089534414091 177.87730325100793  59.319300711990294 27.882480479068658 177.88269743776024  59.33214470523432 27.909877282803837 177.88732828736153  59.342864643325605 27.929200104455184 177.89076884167181  59.352114607774105 27.942227767229774 177.89330088604603  59.355569294590829 27.946838537661034 177.89421603051684  59.359502158445352 27.951317243938206 177.89516556867815  59.363983111682998 27.955303729162885 177.89611369632658  59.369002292200456 27.958417574529076 177.89701380460656  59.37447006344577 27.960258099323198 177.89780848001041  59.380217014418378 27.960404360924088 177.89842950437824  59.388759358401416 27.957462930427106 177.89897418270053  59.392026996919299 27.955797671533386 177.89911783230778  59.396481784091577 27.953649924919802 177.89932834674363  59.402897101007511 27.949318535172708 177.89948314670016  59.412134800976737 27.939170644666802 177.8992375305381  59.425145209529283 27.917641693565145 177.89802467428655  59.442967124415567 27.877235419819137 177.89505563164306  59.483134045585004 27.761080051361354 177.88535854773087  59.498146894512793 27.713181070308256 177.88119691023743  59.512767401827197 27.665152375833564 177.8769785325687  59.527722729564552 27.617231967988321 177.87280828774672  59.543466162360147 27.569570387050312 177.86875181074006  59.56017710744819 27.52223071352407 177.86483549846409  59.577761094661795 27.475188568140847 177.86104650978075  59.613529811969812 27.382534202277718 177.8537029194043  59.629018006738207 27.344770252511495 177.850805350331  59.64273147626475 27.306802379275851 177.84769698312709  59.655011527650757 27.262200131094687 177.84364330755128  59.6661236595723 27.206340488299986 177.83811837827295  59.676257562280227 27.136407863031778 177.83080481487204  59.685527117600131 27.051394099238149 177.82159380183901  59.708105661323572 26.785863370405128 177.79215492564981  59.718679972236302 26.603948452916747 177.77147241557668  59.726852570601537 26.421356812846117 177.75045662563249  59.73370397772338 26.252068415056005 177.73089578862994  59.739150414019392 26.107732043296323 177.71417660145497  59.742217894372047 25.997512663245619 177.70129472302719  59.742676002091343 25.929094201933601 177.69314647168267  59.74404237052503 25.910689182123797 177.69108508288576  59.744052474586255 25.910564051852273 177.69107115365037  59.744063030183057 25.910458604858242 177.69105962983872  59.744072905959328 25.910367031565976 177.69104969667166  59.74408217846667 25.91028796144705 177.69104119800221  59.744092569183039 25.910225898282494 177.69103485414897  59.744104602775224 25.910187589936157 177.69103152858557  59.744112667413731 25.910170887033136 177.69103037450921  59.744113915829239 25.91016858052971 177.69103022929536  59.744115233980608 25.910166506409293 177.69103011924358  59.744116618652257 25.910164748051056 177.69103005400476  59.744118061284155 25.910163378933042 177.69103004148249  59.744119547971856 25.91016246263219 177.69103008783298  59.744121059466494 25.910162052824305 177.69103019746512  59.744127625328005 25.910162662888702 177.69103096004787  59.744131943949434 25.910169091213593 177.69103218365481  59.744135566280619 25.910178552313084 177.69103369746122  59.744138573104074 25.910189029416323 177.69103526834618  59.744141086743255 25.910199414927241 177.69103677646802  59.744143271062548 25.91020951042459 177.69103821526423  59.744145331467287 25.910220026661907 177.69103969145141  59.744158052955342 25.91029318772199 177.69104979187847  59.744194809359556 25.910522312699236 177.69108110035839  59.744225799579851 25.911154912749382 177.6911601386083  59.744254053383052 25.91230530399033 177.69130091957356  59.744279054148976 25.913976058998344 177.69150369719065  59.744297027071681 25.916066035555531 177.69175595847551  59.7443108883961 25.918374531898163 177.69203396610757  59.744399752155417 25.938583829690362 177.6944643206399  59.74438249046198 25.955471475770359 177.69648560519045  59.744290392855369 25.983245126765624 177.69980314685213  59.744146191362503 26.030479027748608 177.70544650562832  59.74397383993545 26.102338041148663 177.7140369344306  59.743798514451363 26.200577646752034 177.72578737907887  59.743646612712524 26.323543941701871 177.74050247830141  59.743294954452949 26.820844892215295 177.80004094461452  59.743275931232596 27.432700377993601 177.87333768513062  59.744311916449121 28.186861891762543 177.96379311677194  59.745375754685355 28.9871798118923 178.05978089396328  59.746437163426307 29.756117480508671 178.15200914133925  59.747589907535769 30.434680134487412 178.23342028212895  59.747975555061963 30.982345634521522 178.29906972040996  59.748041312032072 31.559921693659831 178.36826877539107  59.747992543543518 31.742889879683812 178.39018277955753  59.747841476616799 31.925859072471265 178.41208616170078  59.747572887471584 32.108829370880464 178.43397733497414  59.747189027672349 32.291800696883541 178.45585652647287  59.746709624128421 32.474772795566494 178.47772577723407  59.746171879093971 32.657745235129191 178.49958894223681  59.744825450813799 33.112778195834302 178.55395934693428  59.744056316153198 33.365293233060854 178.5841292402402  59.743452582223746 33.604991791570612 178.61278112101309  59.743204050100076 33.834605088138019 178.64026211362341  59.743250654033645 34.052868063140622 178.66641435946718  59.743500804966601 34.254516273863381 178.69059757362439  59.743968188529109 34.430284781151116 178.7117032770042  59.744342863272706 34.636051185289745 178.7363929168832  59.744501359603056 34.709736497900813 178.74523687490989  59.744446439045859 34.779046123346106 178.75353422521712  59.744048525633964 34.837912437641911 178.76054447469599  59.743294494008197 34.883125916595155 178.76588175214468  59.742287669417379 34.914335135803391 178.7695148082685  59.741247827718304 34.934046770654803 178.77176701567987  59.739233737652754 34.97117380990035 178.77600323603727  59.736903732534884 34.994481797608984 178.77855079392609  59.734237477265573 35.013921751148395 178.78059966059172  59.731714830947048 35.02746153679665 178.78195678283876  59.72957921454033 35.034664695415643 178.78259543624964  59.727837610865244 35.036690442451068 178.7826552251845  59.726260564600445 35.036293667932455 178.78244208278124  59.72242703874057 35.03941878122582 178.78241389470119  59.720225801204819 35.040065623188198 178.7822602269257  59.717918335942819 35.039892231445556 178.78199714197297  59.715623766946891 35.03905517468214 178.78165590590208  59.71344047593491 35.03774082118116 178.78126917648729  59.711446102350351 35.036165338824773 178.78087100321795  59.709697543362296 35.034574695094122 178.78049682729855  59.691664579725241 35.018220747798082 178.77664397636764  59.681236336861993 34.998906845037268 178.77323512220912  59.664610585293886 34.983675487366625 178.76966452975338  59.64958075732261 34.967397629246321 178.76613616137237  59.63345319880888 34.951832958050495 178.76257795537708  59.611881382703373 34.941280205665549 178.75904844860514  59.591317497711302 34.934136672804307 178.75603320322676  59.446315763618841 34.913633951148263 178.7383500115333  59.334030307190631 35.022448390496002 178.73959431162771  59.22443219776131 35.119468355756567 178.73970786903783  59.125670834598765 35.232849990991433 178.74291950862096  59.047638962425609 35.336113418445329 178.74709587148013  58.982625733966771 35.406654368089583 178.74871928672241  58.904343917583276 35.506013207434691 178.75240164250525  58.645669010396432 35.82605440161614 178.76357762771678  58.48146187683782 36.026382087416323 178.77033254972199  58.313022915581385 36.223179273776992 178.77622013135658  58.138295030950417 36.414751883227687 178.7808214053432  57.956206146129546 36.599879374437336 178.78387757228413  57.766669203164739 36.777814742214254 178.7852900006614  57.570582162963305 36.948284517506103 178.78512022683674  57.040578953511336 37.379153682280148 178.78108021607483  56.698124671685974 37.623459093014553 178.7743853513301  56.330797730838412 37.848740850896718 178.7627995570937  55.961476878067415 38.037669115230408 178.74664932037302  55.557506686893866 38.193500839735975 178.72289558283816  55.160409365182211 38.335972271342499 178.69826305432935  54.748374992776235 38.434403887155867 178.66678608798222  53.983171687381983 38.556966459125057 178.60111274063496  53.633055336197359 38.58876559938119 178.56815554840657  53.279153255657924 38.601409551060335 178.5325060635779  52.929279247858453 38.592189586759979 178.49466033559256  52.573810843726996 38.566086954906368 178.45420462434524  52.223019402933289 38.541368582616194 178.41440588424172  51.87704788297944 38.480668986810002 178.3708028373525  51.535295504693018 38.397093033091714 178.3249023239822 
 0 9 0.11976940004068053 7 0.13613578692506378 7 0.17056685902636226 7 0.19726177540962869 7 0.21607117873807069 7 0.22567341928947038 7 0.23026997035516175 7 0.23344378686102477 7 0.23654590283169327 7 0.24173928932300409 7 0.24178155036076265 7 0.24178879955070284 7 0.24181303605049123 7 0.24193001013790677 7 0.24287595576070012 7 0.24522819881333002 7 0.24631885907867865 7 0.24794055864871758 7 0.2487611377429351 7 0.25018417477339694 7 0.25166536506994946 7 0.26839666764451009 7 0.36159598226933842 7 0.52042423882546818 7 0.78091225797528374 7 1 9
7 0 0  8 30 5  51.535295504693018 38.397093033091714 178.3249023239822  51.362538120743565 38.354845007787993 178.30169940539082  51.216730193224251 38.312700738255749 178.28133895053571  51.08756889787233 38.272388839979548 178.26294611621262  50.967773749631256 38.232480488232966 178.24558518974757  50.852476056603876 38.190294368407251 178.22842368216041  50.738650613749023 38.143527980209257 178.21086807492208  50.624589636321581 38.091615295728694 178.1926712203061  50.409797126306223 37.989405263034641 178.15787078470478  50.309964767568111 37.941365551150973 178.1416320874724  50.211164720389831 37.891183267861791 178.12524512139086  50.11417216509038 37.837957992778819 178.10868342212316  50.019294598759679 37.781397252987503 178.09194424324133  49.9263718352585 37.721816523047032 178.07504855622662  49.834776005218501 37.660139224990324 178.0580410504694  49.608458731312126 37.505959428651067 178.01580452266077  49.469461927783499 37.40997664688274 177.98970960457558  49.322247083634053 37.31902872340504 177.96335485147614  49.168536907081304 37.245826235737866 177.93844386453989  48.98617748874814 37.240450920366506 177.91864986809475  48.853133234095154 37.161055816943168 177.89516720486182  48.728265442005181 37.04410279747205 177.86804383043838  48.518716477360996 36.778964838439492 177.81427568037543  48.478417871837706 36.698556343048125 177.8004110825045  48.420664419461666 36.611341345587675 177.78389810305035  48.369210783153306 36.530113448252109 177.76876392346554  48.297407808695546 36.372664697508185 177.74236174051438  48.210470150773759 36.256881992280007 177.71936171099037  48.128419886095806 36.122154003659489 177.694605322635  48.021338137774961 36.141180370301669 177.68563969415186 
 0 9 0.23287225629359018 7 0.43430503612453186 7 0.73183786072435186 7 1 9
7 0 0  4 8 3  48.021338137774954 32.301267669724751 177.22562787392073  48.182003664332491 33.271270139362919 177.35870362811031  48.368800286069998 34.236585690911866 177.49396199714568  48.565623804421975 35.199402587925476 177.62997398476065  48.958083516335059 37.038566141426557 177.89151435995515  49.151850782876437 37.915178175722509 178.01687827812989  49.348795878801212 38.791022102634514 178.14248389129557  49.546607335156537 39.666666372292646 178.26815656483947 
 0 5 0.52257986222419184 3 1 5
7 0 0  3 68 66  5 39.649819743145308 178.08224442277623  5.0434183560786083 39.258931107177496 176.39029353976844  7.3348999527074081 39.697915786765066 176.70631952897378  8.948024686584052 38.846036117687163 174.4485836724229  11.094452670808383 38.17839755164394 173.30039874805431  13.018973022120127 37.25757060521034 172.4110104877044  15.08178323359798 36.519005550530288 171.61415093215163  17.309227032545323 35.878291404907614 170.68650962052948  19.364684626851229 35.17658626524365 170.03107714349994  20.920194545077074 34.413150460260603 169.87165747824747  23.542913979243977 33.595268398769413 169.06234977333133  26.470793614755195 32.344603161693847 168.83829953297288  34.066349649496907 29.259780361393307 166.66253042701931  29.844364604596812 34.637619047050798 168.2500061112608  37.190740684139939 30.757661698514209 167.80485230750506  43.326241191777541 28.655532824786352 166.39682755230302  36.062530924735512 30.674317098488871 168.58732130046474  44.612791872792123 28.14093359198235 166.4890783493037  60.168334427437486 24.669575879094246 166.07662973532331  40.595066997792486 25.492259382582006 167.32509126682044  50.386131989269032 23.490939571379766 165.11435839283803  52.396287770802672 22.96454049904775 165.10138282050139  57.306923759164967 21.602086395969494 164.8456950037027  61.332555215168391 21.089379845524963 164.79427192608352  57.902152204700158 21.531374673596048 164.11500332148842  67.051265596004143 20.166080192896587 164.81261898172687  69.580139106872267 19.776590253400194 165.40797748495618  74.054132375775993 19.500019913496217 165.03481580303998  76.889744956256976 19.356864910667849 165.04727100124282  80.122989427597958 19.212669955680013 165.32575512747002  84.119726064579751 18.933666618446505 165.27361873870336  87.49676194192773 18.534265152577248 164.68653086812924  90.958399433639215 17.792338031056207 164.16622884683159  100.36794420100236 15.564291467285678 160.85372805221496  97.28687012351601 18.842107483315317 166.07411457596959  96.212183822077407 18.328006554042894 164.95279011542232  101.2983469989662 17.245926621759608 162.88757168814908  104.0358302336638 17.054025803621304 161.40423126975696  105.94235608613411 16.525124994581773 160.67129430404211  111.5944587877427 16.470451020270406 157.35468538124638  108.76673582479097 16.505175865528578 158.965108565994  115.56502342028139 15.461916353948826 155.43551199185285  115.97522644965895 16.959512088730836 154.70851714077509  108.54984563702294 15.193595270963868 159.68441509065519  117.67786261711406 16.524247435250491 153.85906405597865  121.22292760353085 17.475904178440246 151.77764927679419  123.19856612422731 17.90233886038002 150.45758330683984  126.31746034446363 19.027141349959773 148.9234317830622  131.0963371588378 20.128362620628817 146.25719584940484  132.84899058294437 21.098067738279958 145.55351247742274  137.66670768154401 22.433254832412519 143.09415395792257  140.98941409049343 23.929909118613878 141.77474258053223  144.53995438878394 25.089647954912241 140.20773895353165  148.15974962512735 26.81040149185521 138.85756323419983  151.34735749004551 28.052052880511241 137.51865445123033  155.28249523634361 30.07539501568364 136.341174582343  159.99120989881806 32.367975736233888 134.66015829273653  161.88202154068017 33.585349225331477 134.2643073544877  165.7721968327337 35.423966698591713 132.9612181983945  169.08368170707644 37.703551792202873 132.06109444732564  172.06806677891024 39.455174070968098 131.46243356426709  174.46307162439814 41.188659301331825 130.60864400332292  176.70402692887941 42.820135251984155 130.17329932027263  177.58381756375144 43.286247946445506 129.82803089890831  180.02195458294014 45.37780262170206 129.76976550345211  182.47822478156488 47.098010144479389 129.00708971181052  183.97398608311215 48.214189964987966 128.57014093064609  184.5 48.770972184879433 128.614706081462 
 0 4 0.0039949267996014729 1 0.0081163826701191391 1 0.012391740084398778 1 0.016942865425267035 1 0.021646559102292136 1 0.026770921777491581 1 0.033573460678142042 1 0.04315264536445565 1 0.052515656383327509 1 0.06892079292248722 1 0.086081799120288974 1 0.14955253219373027 1 0.16804526390781252 1 0.18990153274436383 1 0.22992574138465668 1 0.23401064931675433 1 0.23845282138305945 1 0.33320188181999155 1 0.34137499007151195 1 0.34813154820610087 1 0.35645223356238481 1 0.37106934722283946 1 0.40017257283289825 1 0.4066520247045482 1 0.41447631356662545 1 0.42132883528465931 1 0.42991252068736735 1 0.43817701213055132 1 0.44508143192527472 1 0.45227380894828273 1 0.45947651082796748 1 0.46672930188801143 1 0.50643571600769721 1 0.55761418723433664 1 0.56399784126203356 1 0.56766186472019742 1 0.57127642669542888 1 0.5748569313868368 1 0.59536529528089766 1 0.61797278646522935 1 0.70351922797631716 1 0.7844009472842256 1 0.79073549799484122 1 0.79566356618200518 1 0.80797619668560849 1 0.81875390223626332 1 0.82687156787760085 1 0.83646895896948958 1 0.84239759954226445 1 0.84854363198402061 1 0.85476245344434554 1 0.86114126436086402 1 0.86797529635835424 1 0.87444569262888383 1 0.88200044594616422 1 0.89694372358432273 1 0.91372264465182551 1 0.93222596501636745 1 0.95206153848397057 1 0.96373535159410506 1 0.97556671640338977 1 0.98755848169585625 1 0.9929338643506691 1 0.99645860474008885 1 1 4
7 0 0  3 163 161  184.5 48.770972184879433 128.614706081462  182.22557802273843 48.17134859495976 127.01482364460456  185.56587996308502 49.025270756497981 129.16754780991133  184.20881764055946 48.635494530431188 128.07775546944055  184.57932422960619 48.750592098361935 128.15725426954822  184.47864720000115 48.751908390939249 127.92385758557194  184.50571830957006 48.816186265912499 127.7770236241012  184.49847087191915 48.913901139012083 127.63528230921609  184.50040963406093 49.031004286074889 127.50855060989063  184.49988996062621 49.17317233632869 127.41177692153603  184.50002952763768 49.317884343605812 127.3214660584768  184.49999209329047 49.479991003991387 127.26392700950132  184.50000210002577 49.635386591491738 127.1945844395887  184.49999943721528 49.79942805247201 127.13996884020827  184.50000015183005 49.965207340340953 127.09828477788665  184.49999995938521 50.134008102374423 127.07467082518633  184.5000000109091 50.301947804980436 127.03624730830093  184.49999999707671 50.470271654269091 127.00916235679186  184.50000000078393 50.641086848155524 126.99192423419115  184.49999999978996 50.810626606784766 126.96883400127567  184.50000000005639 50.98193293387861 126.96079571880675  184.49999999998488 51.152510436222336 126.94689264213437  184.50000000000392 51.323188056917928 126.93243944828407  184.49999999999906 51.494294712263397 126.92542363473201  184.50000000000017 51.665356530705893 126.91760517889533  184.50000000000006 51.836427751538722 126.91001466887406  184.50000000000006 52.007510694765088 126.90231481944741  184.49999999999989 52.178533836809677 126.89482453681531  184.5 52.349752966079855 126.88598507087981  184.50000000000011 52.519374582838125 126.87794753583957  184.49999999999983 52.692803573773183 126.86817865965658  184.50000000000017 52.862562955530834 126.8595871827132  184.49999999999977 53.0339529909484 126.85976910026908  184.50000000000017 53.205151565362421 126.85787404402107  184.49999999999997 53.376406539271059 126.85547483423812  184.50000000000003 53.547547703776843 126.85799089909206  184.50000000000003 53.718383694302005 126.87102587443803  184.5 53.889172168824885 126.8829203468391  184.49999999999994 54.05946967531932 126.90114242325727  184.50000000000014 54.23000622967372 126.91686946156744  184.49999999999989 54.400243707427563 126.93598878384218  184.50000000000011 54.571250026344316 126.94401492818943  184.49999999999994 54.742334224283567 126.95215365490817  184.5 54.913374839503092 126.9573617742179  184.5 55.084671443059875 126.95389589659251  184.49999999999997 55.255867579377352 126.95236966787053  184.50000000000009 55.427087752079181 126.94847213492106  184.50000000000006 55.598053518326253 126.94191380703946  184.49999999999994 55.769147517923415 126.93631648573574  184.50000000000011 55.940753824818962 126.92950878229348  184.49999999999997 56.111674124024191 126.92653670247522  184.5 56.282478039634938 126.92265425786947  184.5 56.454514413870001 126.91960912411663  184.50000000000006 56.624382281301038 126.91629835389448  184.49999999999994 56.796584734767691 126.91330883421453  184.50000000000006 56.96822887213888 126.91492903063849  184.49999999999994 57.138740653905984 126.91556921360278  184.5 57.310894273979287 126.9164280050929  184.50000000000011 57.481031923018278 126.91741300025284  184.49999999999989 57.6523182747259 126.91765028583643  184.50000000000006 57.824739854602683 126.92076377682493  184.50000000000006 57.99481763369802 126.92597480841513  184.5 58.166435807455258 126.93105991090137  184.50000000000017 58.337287276469254 126.93610317050337  184.49999999999989 58.508676672927514 126.9437587384293  184.50000000000011 58.679515059349512 126.95069113018413  184.49999999999994 58.85097778467302 126.95786136070112  184.5 59.021970466692224 126.96486480312369  184.50000000000006 59.191979465894477 126.96846109871326  184.49999999999994 59.365119531839873 126.97301337967873  184.49999999999994 59.534406100199426 126.97485321456976  184.50000000000006 59.706790866157739 126.98008124829346  184.49999999999991 59.878531473318169 126.97461158752134  184.50000000000003 60.047094745422307 127.01027840213305  184.50000000000011 60.215184183047612 127.03864031063846  184.50000000000003 60.386866455681051 127.05889559733571  184.5 60.546436369683626 127.11934639440307  184.5 60.693080499414982 127.21030948043449  184.49999999999994 60.829977003045677 127.31134789060593  184.50000000000003 60.927914336226102 127.45703106919672  184.49999999999997 60.963769511600397 127.62563127506323  184.50000000000003 60.987673757235818 127.79548145376194  184.5 60.96769840575169 127.96814015231966  184.50000000000011 60.915841049884357 128.12766959602459  184.49999999999983 60.843272364744351 128.28600583042964  184.50000000000017 60.751599776790783 128.42967938817338  184.5 60.654980627399318 128.57108123406857  184.50000000000006 60.528217518962016 128.68768363767015  184.49999999999989 60.403472945471357 128.80354801789699  184.50000000000011 60.256879674719961 128.89534600583607  184.49999999999991 60.103271100546287 128.96720599586172  184.49999999999997 59.942984031058494 129.03078055456029  184.50000000000023 59.77190585248686 129.05020527645559  184.49999999999989 59.603869343656186 129.08235356750816  184.50000000000011 59.43461589500896 129.10774902785954  184.49999999999983 59.262793106036739 129.09937313486174  184.50000000000017 59.09178156553368 129.10643228011429  184.49999999999989 58.920564612087205 129.11121875011185  184.50000000000006 58.749758593303099 129.11570202236049  184.50000000000009 58.578571249981877 129.12362765962644  184.49999999999994 58.408603181007578 129.15006133567454  184.50000000000009 58.239167862281136 129.17080107268839  184.49999999999989 58.069744958354804 129.19536840989252  184.50000000000006 57.898821228877623 129.20985037509328  184.50000000000006 57.728580923645147 129.22722469946871  184.49999999999994 57.558851896452509 129.24879285131664  184.50000000000003 57.388131640360825 129.26590880021462  184.50000000000006 57.218032986495302 129.28328575594665  184.5 57.047705683158256 129.29954320259986  184.50000000000006 56.876914613232387 129.30983283871331  184.49999999999986 56.70474308801851 129.32091578834564  184.50000000000011 56.535750135363664 129.33390224003114  184.49999999999989 56.364503881906423 129.35082881278151  184.50000000000017 56.193187624384777 129.35743346312847  184.49999999999994 56.022254486649928 129.36005682916903  184.49999999999991 55.850881850037183 129.36711183839185  184.50000000000014 55.679326859845773 129.35738432281821  184.49999999999994 55.508677800982014 129.35168953399338  184.50000000000011 55.338163391218899 129.34998377401712  184.49999999999991 55.165540360436239 129.35505583418643  184.49999999999994 54.996304665915105 129.32879393653806  184.50000000000006 54.826771724052975 129.30927224063879  184.49999999999994 54.654982523873144 129.29399239781623  184.50000000000014 54.486353599356818 129.27993122219328  184.49999999999994 54.312437144995627 129.26267720093023  184.49999999999991 54.145362925302422 129.2465757097566  184.50000000000011 53.973993124895479 129.27144010286196  184.50000000000014 53.801257959720971 129.27571612303541  184.49999999999991 53.643691900300709 129.34979094487446  184.50000000000017 53.484104930255761 129.41055390319889  184.49999999999994 53.326089398666412 129.47413389107862  184.50000000000011 53.167338980104049 129.53834798538969  184.49999999999994 53.009738198853206 129.61010806201921  184.49999999999994 52.857138705362871 129.68437285202472  184.5000000000002 52.693753677920483 129.73655085066866  184.49999999999989 52.524371429477711 129.76660552659089  184.50000000000003 52.362025033662704 129.82833895636935  184.49999999999991 52.197349220899696 129.86309841088163  184.5 52.026414404814517 129.88574918054195  184.5 51.855140973885838 129.90667543784508  184.49999999999991 51.685967928238277 129.92368669876282  184.50000000000006 51.515381502290836 129.93637364336348  184.49999999999994 51.347228836495091 129.94600714455129  184.50000000000006 51.170259892634128 129.95458947301847  184.49999999999994 51.000555635735495 129.96293481229381  184.50000000000006 50.832376125018769 129.96102265830842  184.49999999999994 50.658227823209124 129.96221129187498  184.50000000000011 50.486777056865051 129.95989645907125  184.5 50.318113502528064 129.94539645613122  184.50000000000011 50.148604077874623 129.92677615284197  184.49999999999994 49.980340438940232 129.88985940426772  184.50000000000006 49.808473606600735 129.86868555141831  184.49999999999994 49.65373577343977 129.78923487064034  184.50000000000034 49.487687643419676 129.74116672477874  184.49999999999832 49.35860278032979 129.62935460016996  184.50000000000631 49.223083991421191 129.52213309002289  184.49999999997644 49.111619612325583 129.39287523847918  184.50000000008885 49.008864237671993 129.2555846382125  184.4999999996661 48.93826226916778 129.0986701018906  184.50000000125291 48.869593604845392 128.94205930617119  184.49999999532724 48.808964406575932 128.78420892134866  184.50000001001402 48.801129019818461 128.66187091010784  184.5 48.770972184879433 128.614706081462 
 0 4 0.0060785540412047244 1 0.012217442731279501 1 0.018442479510556328 1 0.024727663779287024 1 0.031015767995834137 1 0.037299369781660291 1 0.043573410790026391 1 0.049850182344533076 1 0.056140271486216663 1 0.062433194358822115 1 0.068719975218043641 1 0.074960193254655874 1 0.081219793804386473 1 0.087509908312375095 1 0.093779620795897981 1 0.10007054415185145 1 0.10635409985876002 1 0.11264499143425244 1 0.11893436466248214 1 0.12522741158704376 1 0.13152049893717133 1 0.13781350903000253 1 0.14410657859075646 1 0.15039960887952239 1 0.15669261924286057 1 0.1629855339567618 1 0.16927843733933404 1 0.17557014295214318 1 0.1817944629391206 1 0.18808077266464709 1 0.19437302140087612 1 0.20066492506873571 1 0.20695802930862764 1 0.21325123621862632 1 0.21954454509972796 1 0.22583773207698601 1 0.23213038347300241 1 0.2384220525208248 1 0.24471498565068306 1 0.25100802455012777 1 0.25730027669533512 1 0.2635911841086232 1 0.26988266938735106 1 0.27617489213424268 1 0.28246689654511514 1 0.2887584308273764 1 0.29503931200053674 1 0.30130884076673375 1 0.3075949490250538 1 0.31387958864812887 1 0.32014363659923767 1 0.32642386108055554 1 0.33265163623680205 1 0.33888010476368785 1 0.34513544286172054 1 0.35138291259452875 1 0.35766468713188565 1 0.36392013966717363 1 0.37015256638697003 1 0.37642893549474948 1 0.38269529013863351 1 0.38896736953173777 1 0.39523305438005474 1 0.40150621009727144 1 0.40777608459961162 1 0.41406372679769426 1 0.42035463413800184 1 0.42659095613073683 1 0.43286790940181508 1 0.43909004547434832 1 0.44532190699836816 1 0.45156375367142709 1 0.45782346180363254 1 0.46408443207159134 1 0.47036913307346256 1 0.47665393950939217 1 0.48294398317920367 1 0.4892337961814886 1 0.49552505349098469 1 0.50178515932905454 1 0.50807022666385548 1 0.51434905305772516 1 0.52058814788011187 1 0.52687393969713059 1 0.53316576224576218 1 0.53945579639838714 1 0.54574693445747335 1 0.55203713815234379 1 0.55832716144320138 1 0.56461481191370111 1 0.57090566164396161 1 0.57719823696500228 1 0.58348879537140608 1 0.58977926249320234 1 0.59607096195515741 1 0.60236394590663145 1 0.60865680042020431 1 0.61492506369244582 1 0.62119072361225214 1 0.62748364246971755 1 0.63377665501096658 1 0.64006090976960983 1 0.64635060884649398 1 0.65263945255699374 1 0.65891934099676996 1 0.6652071521170323 1 0.67148957145416244 1 0.67775192864889988 1 0.68399512692014997 1 0.69028247358295591 1 0.69652480523258176 1 0.70276139654157355 1 0.70900870756265921 1 0.71525108670700011 1 0.72150040785323954 1 0.72778276447760193 1 0.73406541113333634 1 0.74031257356356717 1 0.74657736838451427 1 0.75283407160928972 1 0.75905876460250765 1 0.76530269692042885 1 0.77148168042465159 1 0.77776566103679934 1 0.78401211437818863 1 0.79026911956643153 1 0.79651456038621504 1 0.80276727177665519 1 0.80902846132364481 1 0.8152312715627128 1 0.8213876567471724 1 0.82760241188991812 1 0.83377651568065003 1 0.83991825255630004 1 0.84605751856091693 1 0.85227866691232634 1 0.85841889134344418 1 0.86453114918038199 1 0.87069965715700681 1 0.8768597386130268 1 0.88296633349652698 1 0.88889828895840706 1 0.8949764855113127 1 0.9011425076684888 1 0.9072155877386584 1 0.91335316931883848 1 0.91957220327961631 1 0.92576219926570136 1 0.93185693197786068 1 0.93792454847693552 1 0.94400647665836934 1 0.95017996440892893 1 0.95636656502152895 1 0.96253001619446921 1 0.96871686788388955 1 0.97493732444071446 1 0.98118538316074633 1 0.98746108608237271 1 0.99374652603433933 1 1 4
7 0 0  3 163 161  5 39.649819743145308 178.08224442277623  5.0106918188785281 39.180848689797124 175.89181414897294  4.9949894102213701 40.137775922891137 179.13864827681761  5.0013688176947291 40.041263513328474 177.87098965898562  4.9996271051264429 40.354518241584401 178.28621443969953  5.0001003772705381 40.54970472756559 178.26344827814262  4.9999731188271923 40.777433840613455 178.36104762880944  5.0000071882705335 40.998211750435246 178.42149644828328  4.999998074353293 41.21515610400656 178.51015510545048  5.000000517283544 41.422471845061636 178.61534421205221  4.9999998611936718 41.63611513791507 178.70814030030755  5.0000000371686131 41.831759968864844 178.83459141502669  4.999999990127999 42.027872927031922 178.95704716408562  5.000000002645594 42.217303812318079 179.0953414755557  4.9999999992862634 42.39585336234417 179.24427755592507  5.0000000001909228 42.565332751059259 179.40180714419557  4.9999999999487201 42.744023866764124 179.55293833985735  5.0000000000137401 42.902260758495807 179.72244210031073  4.9999999999963158 43.065497508250864 179.88883834017696  5.0000000000009877 43.216281630744064 180.06574703791298  4.9999999999997353 43.355760506920006 180.25211875395979  5.0000000000000693 43.496419979001161 180.43727746357891  4.9999999999999805 43.643335439025222 180.61738897112963  5.000000000000008 43.77429060834492 180.80980909915888  4.9999999999999964 43.915141095441456 180.99519029242384  5.0000000000000018 44.032034467824118 181.19663990745636  5.0000000000000018 44.140590678934544 181.40231228814784  5.0000000000000018 44.22523814414123 181.61936773652963  4.9999999999999964 44.274047088967009 181.84891009122572  5.0000000000000036 44.247377821336897 182.08017879691522  4.9999999999999991 44.172997692938992 182.30265474475391  5 44.044519539645087 182.49957745293634  4.9999999999999982 43.883732199768787 182.66282113781745  5.0000000000000036 43.699258534315575 182.80918915215562  5 43.487372371031782 182.90326550718532  4.9999999999999982 43.274316580660795 182.99716948703249  5.0000000000000044 43.04800110689078 183.05385784667132  4.9999999999999964 42.826664121485891 183.1237434329534  5 42.597214175049899 183.16683863534888  5.0000000000000009 42.365687139129932 183.18630183153692  5 42.134726010384455 183.2163662372995  5 41.900851421352613 183.20382821904488  4.9999999999999964 41.674386268250025 183.16567033847954  5.0000000000000053 41.445045123216801 183.11651410878761  4.9999999999999956 41.234008230218777 183.01818421889428  5.0000000000000036 41.022946509958032 182.92159996196955  5 40.823655068866472 182.80048363589088  5.0000000000000018 40.634467037245557 182.66705878491001  5 40.43627228527609 182.54407276638506  4.9999999999999991 40.220983855539444 182.45460664857825  5.0000000000000009 40.015539702072715 182.34404966859654  5 39.793031319383225 182.27866127658626  5.0000000000000018 39.568592694608782 182.20963491697091  5 39.338120456244638 182.19245129628894  4.9999999999999991 39.105520118675017 182.16093369004807  5 38.872289423210397 182.19026971973085  5.0000000000000009 38.645348654504389 182.22797768820769  4.9999999999999982 38.415328457698266 182.27708969297549  5 38.204368869086935 182.37299164326026  5 37.984505747073655 182.44981946729752  5.0000000000000009 37.776510344354676 182.55842525217923  4.9999999999999982 37.567571308433173 182.6572363729054  5.0000000000000027 37.364521576321764 182.77159938069218  4.9999999999999991 37.166588017122962 182.89341200322576  5 36.977454645489864 183.0290391220629  5.0000000000000018 36.791293220731177 183.1679817387793  5 36.603853170548241 183.3064895096972  4.9999999999999947 36.416940971854309 183.44461228446016  5.0000000000000053 36.234706322805643 183.58655772907593  4.9999999999999982 36.052231564879861 183.73490619871046  5.0000000000000018 35.878953558373794 183.88599718793574  4.9999999999999982 35.704412301383371 184.0425782784456  5 35.537465453861799 184.20397789102583  4.9999999999999982 35.369182643535154 184.36498348968036  5.0000000000000036 35.199244147961622 184.52307406304487  4.9999999999999991 35.034623182132265 184.6882558349858  5.0000000000000018 34.873992047905645 184.85554570325843  4.9999999999999982 34.703154356087929 185.01380326564009  4.9999999999999991 34.521736424660538 185.15914104478958  4.9999999999999982 34.352489228512312 185.31950691049622  4.9999999999999991 34.163347030174641 185.45412157251124  5.0000000000000009 33.961059627066938 185.57159063226976  4.9999999999999982 33.761801440261905 185.69012873612292  5.0000000000000053 33.561651773457562 185.80658882440827  4.9999999999999947 33.34683188106159 185.90201981500928  5.0000000000000053 33.137319951845079 186.00000988006806  4.9999999999999973 32.92538223237009 186.09597752341028  5.0000000000000018 32.705894814028554 186.17345780840657  4.9999999999999982 32.487491846483721 186.25317677058206  5.0000000000000018 32.26784832425998 186.32969213794718  5 32.046848562347428 186.40201922600045  4.9999999999999982 31.824798759728679 186.47150669948579  5.0000000000000062 31.600730310516592 186.53399124743601  4.9999999999999964 31.379968120038182 186.60676900446242  5.0000000000000018 31.155915920481739 186.66952077187932  4.9999999999999956 30.932242717023406 186.73333059790912  5.0000000000000018 30.710282463342736 186.80280693522337  4.9999999999999973 30.493330205257688 186.88644681211414  5.0000000000000009 30.263381314912444 186.93060067765629  5.0000000000000018 30.035503299316851 186.95305650139844  5.0000000000000018 29.797550148672137 186.96136200599051  5 29.586245318934104 186.8271477248723  4.9999999999999982 29.517831309650095 186.5984691039518  5 29.497008558539761 186.35930974091013  5.0000000000000018 29.609076086475461 186.14968716325154  4.9999999999999982 29.67629139438808 185.92588866738456  5.0000000000000044 29.805323591409369 185.73241450417635  4.9999999999999947 29.946803054142531 185.54800069283255  5.0000000000000036 30.081574358049789 185.35855067054143  5.0000000000000009 30.238753190691835 185.18696286475509  4.9999999999999964 30.392127117263904 185.00992058661487  5.0000000000000018 30.544004972504975 184.83684910709707  4.9999999999999982 30.698513000908161 184.66150123315501  5.0000000000000027 30.858056211226774 184.49190431235482  5 31.01446745501601 184.32030510537038  5 31.166491974997882 184.14395414416776  5 31.321374693920646 183.96965849801327  5 31.478622977662056 183.79920301378942  5.0000000000000009 31.636384120561818 183.62948144588916  4.9999999999999973 31.789065753598262 183.45224668905274  5.0000000000000018 31.947615633303691 183.28290551174661  4.9999999999999982 32.102580669123839 183.11038088246269  4.9999999999999982 32.263919702209449 182.94064300018857  5.0000000000000036 32.423941193762474 182.77565482230989  4.9999999999999973 32.583998034067676 182.60048074400834  5.0000000000000018 32.740386576607889 182.4338369398441  4.9999999999999982 32.902726717377412 182.26485211540745  5.0000000000000053 33.062052791994105 182.09656512886903  4.9999999999999982 33.224974911933259 181.92988998838189  5.0000000000000036 33.390685323862627 181.76652308617008  5 33.553576434051308 181.6025611556995  5.0000000000000009 33.720466679312956 181.44048372742918  4.9999999999999964 33.889239455258675 181.27662062571767  5.0000000000000036 34.052762013958656 181.11490604949702  4.9999999999999982 34.224364897925653 180.9570827628919  5.0000000000000009 34.392642129668822 180.79624554124791  4.9999999999999991 34.561848488281093 180.63311342721616  5 34.732648304380788 180.48147192085165  4.9999999999999982 34.912020708931209 180.331099596971  5 35.090211509575568 180.17867056125181  5.0000000000000009 35.270539228348724 180.03458779201858  4.9999999999999973 35.449415183031817 179.88605087273658  5.0000000000000062 35.635558031767957 179.7530387192555  4.9999999999999947 35.830262901974692 179.61160657614386  5.0000000000000009 36.01338953427198 179.47121098695021  5.0000000000000036 36.200929021072199 179.3409250858723  4.9999999999999964 36.401662842026902 179.21559270741335  5.0000000000000053 36.595051475256 179.08634567884584  4.9999999999999991 36.800918452490862 178.98212457673384  5.0000000000000018 36.997804842513347 178.860807969653  4.9999999999999964 37.205272048629737 178.75234409136499  5.0000000000000036 37.413134496725213 178.64662371737663  5.0000000000000009 37.626995663374331 178.55078499785532  4.9999999999999982 37.83930954190236 178.46026373145685  5 38.059666140404829 178.38754301213805  4.9999999999999911 38.280777808898449 178.31243146155657  5.0000000000000497 38.50265205432013 178.24133987642358  4.9999999999998117 38.729550893207161 178.19149279689577  5.0000000000007088 38.955872435172061 178.13654532667175  4.9999999999973452 39.186179094948095 178.10615148357795  5.000000000009905 39.417935154105834 178.09186658277818  4.999999999978769 39.568323824937345 178.06315203316797  5 39.649819743145308 178.08224442277623 
 0 4 0.0060785540412047244 1 0.012217442731279501 1 0.018442479510556328 1 0.024727663779287024 1 0.031015767995834137 1 0.037299369781660291 1 0.043573410790026391 1 0.049850182344533076 1 0.056140271486216663 1 0.062433194358822115 1 0.068719975218043641 1 0.074960193254655874 1 0.081219793804386473 1 0.087509908312375095 1 0.093779620795897981 1 0.10007054415185145 1 0.10635409985876002 1 0.11264499143425244 1 0.11893436466248214 1 0.12522741158704376 1 0.13152049893717133 1 0.13781350903000253 1 0.14410657859075646 1 0.15039960887952239 1 0.15669261924286057 1 0.1629855339567618 1 0.16927843733933404 1 0.17557014295214318 1 0.1817944629391206 1 0.18808077266464709 1 0.19437302140087612 1 0.20066492506873571 1 0.20695802930862764 1 0.21325123621862632 1 0.21954454509972796 1 0.22583773207698601 1 0.23213038347300241 1 0.2384220525208248 1 0.24471498565068306 1 0.25100802455012777 1 0.25730027669533512 1 0.2635911841086232 1 0.26988266938735106 1 0.27617489213424268 1 0.28246689654511514 1 0.2887584308273764 1 0.29503931200053674 1 0.30130884076673375 1 0.3075949490250538 1 0.31387958864812887 1 0.32014363659923767 1 0.32642386108055554 1 0.33265163623680205 1 0.33888010476368785 1 0.34513544286172054 1 0.35138291259452875 1 0.35766468713188565 1 0.36392013966717363 1 0.37015256638697003 1 0.37642893549474948 1 0.38269529013863351 1 0.38896736953173777 1 0.39523305438005474 1 0.40150621009727144 1 0.40777608459961162 1 0.41406372679769426 1 0.42035463413800184 1 0.42659095613073683 1 0.43286790940181508 1 0.43909004547434832 1 0.44532190699836816 1 0.45156375367142709 1 0.45782346180363254 1 0.46408443207159134 1 0.47036913307346256 1 0.47665393950939217 1 0.48294398317920367 1 0.4892337961814886 1 0.49552505349098469 1 0.50178515932905454 1 0.50807022666385548 1 0.51434905305772516 1 0.52058814788011187 1 0.52687393969713059 1 0.53316576224576218 1 0.53945579639838714 1 0.54574693445747335 1 0.55203713815234379 1 0.55832716144320138 1 0.56461481191370111 1 0.57090566164396161 1 0.57719823696500228 1 0.58348879537140608 1 0.58977926249320234 1 0.59607096195515741 1 0.60236394590663145 1 0.60865680042020431 1 0.61492506369244582 1 0.62119072361225214 1 0.62748364246971755 1 0.63377665501096658 1 0.64006090976960983 1 0.64635060884649398 1 0.65263945255699374 1 0.65891934099676996 1 0.6652071521170323 1 0.67148957145416244 1 0.67775192864889988 1 0.68399512692014997 1 0.69028247358295591 1 0.69652480523258176 1 0.70276139654157355 1 0.70900870756265921 1 0.71525108670700011 1 0.72150040785323954 1 0.72778276447760193 1 0.73406541113333634 1 0.74031257356356717 1 0.74657736838451427 1 0.75283407160928972 1 0.75905876460250765 1 0.76530269692042885 1 0.77148168042465159 1 0.77776566103679934 1 0.78401211437818863 1 0.79026911956643153 1 0.79651456038621504 1 0.80276727177665519 1 0.80902846132364481 1 0.8152312715627128 1 0.8213876567471724 1 0.82760241188991812 1 0.83377651568065003 1 0.83991825255630004 1 0.84605751856091693 1 0.85227866691232634 1 0.85841889134344418 1 0.86453114918038199 1 0.87069965715700681 1 0.8768597386130268 1 0.88296633349652698 1 0.88889828895840706 1 0.8949764855113127 1 0.9011425076684888 1 0.9072155877386584 1 0.91335316931883848 1 0.91957220327961631 1 0.92576219926570136 1 0.93185693197786068 1 0.93792454847693552 1 0.94400647665836934 1 0.95017996440892893 1 0.95636656502152895 1 0.96253001619446921 1 0.96871686788388955 1 0.97493732444071446 1 0.98118538316074633 1 0.98746108608237271 1 0.99374652603433933 1 1 4
7 0 0  7 8 2  124.51585348382204 47.941628967066109 138.23623754013076  124.60252248347926 47.83895585176613 138.23949935536567  124.74477749150661 47.684447323889103 138.24542756405614  124.91297578520968 47.53572673326903 138.25382898394807  125.09463162303994 47.506722142974624 138.26829677259883  125.25786031395553 47.613807478565647 138.28675393319418  125.38282291946226 47.812641260565279 138.30567328011338  125.4506481106426 47.938332473389821 138.31667036990396 
 0 8 1 8
7 0 0  3 7 5  124.76171646537333 47.869063323919768 140.00680366151119  124.77767249649079 47.870164097792703 139.97994531860664  124.86445714334907 47.876286044693785 139.82461497625059  125.0488065424901 47.890200315731718 139.41139030056246  125.25117015620873 47.90510095791619 138.86293472259644  125.39275950857889 47.914303433696205 138.45148950030867  125.44558144801415 47.917515691188399 138.29528924517143 
 0 4 0.049891316736896868 1 0.28168241318022358 1 0.73328352191909218 1 1 4
7 0 0  5 10 3  124.52848808901213 47.931116589397007 138.21680436967625  124.45305561500274 47.908605293852318 138.72053215019929  124.55730057721289 47.903840062200651 138.90330495930854  124.40090233397591 47.882440559191956 139.33405447607245  124.13200829941093 47.85060415789313 139.98416719372025  124.57205160511054 47.856180835635705 140.28558157140745  124.66048705911764 47.862623776866883 140.16184992645924  124.69927570793104 47.864830899776955 140.09890792663708  124.7035886790331 47.865065653894845 140.10434576104171  124.76171646537344 47.869063323919676 140.00680366150993 
 0 6 0.80725155776895974 4 1 6
7 0 0  3 6 4  124.01822298628447 39.599624789666692 165.28658528545324  124.03745547157008 39.469787324663187 165.21008642845541  124.0759678731704 39.228714080404345 165.03996243570663  124.11161654715207 38.917905296473123 164.79154960789847  124.11590585958747 38.721565161300099 164.6304150118107  124.10912721229911 38.634638159019943 164.56110477312711 
 0 4 0.37297198025540523 1 0.72368819692721187 1 1 4
7 0 0  7 8 2  124.09442510283091 41.887732175989449 164.6931638338001  124.0954144013759 41.630587626313449 164.8783839306692  124.07372880063269 41.331068907896487 165.0872224229997  124.06180542966317 41.006768729201234 165.29717661898027  123.9680650366458 40.607000016971533 165.50427132018277  123.91191279874546 40.338347713389837 165.64404916791835  123.96732813291814 39.94321318423335 165.48902392257048  124.01822298628447 39.599624789666692 165.28658528545324 
 0 8 1 8
7 0 0  5 10 3  124.09948249819715 38.626591616720276 164.58003500909706  124.42934663414235 38.900743972146927 163.93705912874628  124.50944867014039 39.09376314756615 163.59725293648907  124.7298647703052 39.289832292353047 162.96051305188078  125.05948177535399 39.654158672648194 162.15702128051058  125.03155605164655 41.267036802466606 161.9296805322324  124.60151461558152 41.43763331100677 163.14073747303647  124.44016924296216 41.674968813366661 163.68079024266288  124.42154829669262 41.68547268844884 163.92989003522678  124.08608057508974 41.892903216856212 164.71274784514219 
 0 6 0.48287281246544722 4 1 6
7 0 0  8 37 6  121.456171718238 38.904543504943071 159.80252786535752  121.24991004061826 38.993486765387694 159.61998627101514  121.15622195018373 38.97753244222929 159.44918820404536  121.0624557156862 38.98650928185409 159.28019609689261  120.93929657428163 39.021904431257433 159.09208376472154  120.80415065594484 39.031143972769677 158.86991777513441  120.68452890788387 38.981873458782076 158.62173881788775  120.58143101895485 38.936238446472579 158.39554307460972  120.35040713289337 39.229756015305654 158.24130182142915  120.29703688108034 39.377672662427877 158.26066161471951  120.26262943384695 39.537469505292364 158.31380846609417  120.23923821195096 39.689829748186611 158.37117724135143  120.22095921169856 39.827565268291671 158.414172174382  120.20393100494418 39.95561661568216 158.43516686716907  120.18633473909057 40.091053013326267 158.43750428978825  120.14430781949611 40.494018483946363 158.43280158051931  120.12544494873329 40.71754479405967 158.39588617203788  120.11061159103575 40.92973329025812 158.33319112820828  120.09890159848891 41.128464136949141 158.25181300540714  120.08969660902827 41.31341566011514 158.15750434314225  120.08266604643956 41.486064347313537 158.05467366405279  120.07776712035852 41.649684847676731 157.94638547390929  120.07285962872308 41.960336672745179 157.72842405735108  120.08324977940693 42.093003383137997 157.64401181135221  120.09095188161625 42.216987772484934 157.55539174376614  120.09014464086511 42.340217146184003 157.45026850886907  120.084648864888 42.468908445636885 157.32978319506395  120.08792746363959 42.607568248248896 157.20851332488064  120.12308544929496 42.758992767429035 157.11447285497593  120.42966684732843 43.266789802972113 157.03655380551362  120.76258872353371 43.164893310332943 157.57015214702341  121.05239889188286 42.969463117057224 158.20741041249099  121.19866614872576 42.612153086328199 158.79387314252617  121.35230656500619 42.64728361615272 159.00808302073773  121.37171605922704 42.519679268312956 159.14210975116717  121.41452217287753 42.471011475112498 159.27905280716101  121.68246913370436 42.19392070319914 159.95684520130516 
 0 9 0.22440040857768001 7 0.34862992945965732 7 0.51541539708443773 7 0.67313542282049332 7 1 9
7 0 0  7 32 6  121.6817413647359 42.19286553367602 159.93664795489846  121.68379691025669 42.19583439577162 159.99291813288283  121.70692098646461 42.228024789724927 160.64395771477501  121.7030941619789 42.236419047458234 161.24004226006824  121.67290125669044 42.219915527271084 161.62305139423691  121.63626717154705 42.19864430643846 161.88792388111375  121.60319271833922 42.183282873809048 162.14411269526661  121.53493538547852 42.138038207127011 162.29867690384845  121.52349194671505 42.130415490500404 162.32308836261717  121.50860082574614 42.120195361309463 162.34674156174651  121.4895721152601 42.106644515013542 162.36648846277055  121.46658530808277 42.089604653745589 162.3795658976924  121.44068929717777 42.06949248631215 162.38359556898453  121.40047696266278 42.0363007870601 162.37310907416281  121.37051696938475 42.022329704684047 162.38522252412935  121.31245563207592 41.973168931455511 162.34171289247433  121.22652561744886 41.877280750990927 162.21365331421637  121.12465902266511 41.743807280132913 162.01440156640652  121.03048737533523 41.60257046895024 161.79960006812811  120.89972881186323 41.350750773422071 161.46104604723428  120.82941118013284 41.181739192014199 161.24353663283168  120.77029679939241 40.980880911108784 161.03613296865245  120.72847990420293 40.740588547999742 160.85692828046132  120.71424090262136 40.461843782680305 160.72062368842472  120.74204637620082 40.154197357843024 160.63852820711082  120.9629955136744 39.359233468927286 160.58867396388274  121.16271359084246 39.110113634394651 160.67291750644114  121.22302453770456 39.083511651055431 160.51581718053575  121.28544980882675 38.978375724595239 160.49000079323085  121.35354690693291 38.938840512323004 160.36467995758355  121.44312034604847 38.865287683751824 160.21085795236169  121.45680772774313 38.90646010011212 159.78256995616067 
 0 8 0.64228731314733689 6 0.74683346627104286 6 0.79864753001933364 6 0.87930065323023721 6 1 8
7 0 0  6 17 4  123.09468466703548 38.247121952033524 159.91680371834408  123.09919436443958 38.132666019713007 159.70663204045456  123.09699235599005 38.024527811427944 159.5059910146035  123.1156347736143 37.913949759323124 159.30345562351056  123.15103325761915 37.798621923664456 159.09492708298001  123.16745495669086 37.68268199283893 158.88363284190078  123.09200008343346 37.568347273291501 158.664056040498  123.08133965199433 37.554951061368349 158.63809952049399  123.06228685686368 37.532155561764199 158.59368880282483  123.0288458659677 37.528584781293659 158.58305339126849  122.98310274764076 37.548556125947592 158.61164653904018  122.90861391676972 37.58371992568852 158.6628459406335  122.71958933515994 37.702558681292231 158.85072757287594  122.58051331770143 37.923190914537734 159.18399590384277  122.40413092300805 38.130037953633327 159.54764273945642  122.14875898454767 38.389590525643285 159.77733375577256  122.07362958851195 38.46245134524851 159.83762633361869 
 0 7 0.76519369556783323 5 0.82561973480158246 5 1 7
7 0 0  4 8 3  122.07109922703327 38.465313817519544 159.8174342879631  122.08903530618305 38.444467269281468 159.96699585200497  122.12565869034781 38.42084646192189 160.08015767793322  122.17481551506215 38.378692672765993 160.25667367667495  122.57260485244642 38.244399582615415 160.43732908553432  122.83859878563133 38.237617740673535 160.13758266536075  122.9121203220231 38.233069422226748 160.06323196649126  123.11680355422158 38.248703442808363 159.89868363802293 
 0 5 0.39155081969950034 3 1 5
7 0 0  8 23 4  119.06939464293474 36.718563338547533 146.89337468885824  119.13826669174051 36.80885706700321 147.10452491863688  119.43319823292745 37.30393146157747 148.14693563356204  119.76480713146826 37.944769076249031 149.39325352683414  120.01030489025692 38.543447001764136 150.41993057664007  120.11349665010884 38.983136865636588 151.00722404615314  120.084781189761 39.218104832147695 151.13919648353331  120.00115092587167 39.273711602346324 151.00371572192705  119.99732409554605 39.294435591231 151.01226431214243  119.98808105346369 39.31229049861421 151.00796065621572  119.98322798678677 39.321492408835418 151.00589426044104  119.97215172217219 39.350846845882735 151.00764669065421  119.95356121337913 39.378266391301054 150.99195836344134  119.91827599998763 39.381514019356544 150.9306091848309  119.87007593167802 39.347070440203716 150.82114433856802  119.63123711412744 39.065222120851146 150.19593081225079  119.51272246438995 38.730406496044523 149.73798856602443  119.34073236428839 38.538907495357215 149.26038419648043  119.25530105009862 38.186352317935302 148.80257308321833  119.0323204655276 38.08309832960898 148.31373501306192  118.84390406293217 37.902493509984218 147.83455318383159  118.64689704505449 37.7453009881716 147.35350337049732  118.45968716339763 37.573996983705186 146.87588477522502 
 0 9 0.12246040686335115 7 0.33788577968078221 7 1 9
7 0 0  7 26 5  118.45819358937251 37.572809875706405 146.8957986703995  118.47371601047702 37.584901575046047 146.69016719735899  118.49871516201553 37.613966404322767 146.30690225593852  118.52496919019482 37.651378086210968 145.86806088022681  118.5479568377845 37.689420326514664 145.45652418860178  118.5668574441171 37.721286814167442 145.11599738373087  118.58455094508795 37.741081221232498 144.85100975257083  118.61179496306737 37.744312649951318 144.58633425959863  118.61713680424785 37.742299475439317 144.54869269759632  118.62202610329905 37.741085810473791 144.51073700468211  118.62623639387253 37.741306848032664 144.47105658004708  118.63093203666912 37.740924842964652 144.43008319775203  118.638668219439 37.735229111989248 144.39009100672757  118.65508588638879 37.714718562731015 144.35117936526649  118.65723648385577 37.712017521645251 144.34615519644566  118.65993963749072 37.708358874087317 144.34129501386082  118.66317302519458 37.703616907405021 144.33750814231868  118.66679511466157 37.697914232646106 144.33544224188375  118.67054516337895 37.691621784558286 144.33548330787815  118.7534432864648 37.543199922049567 144.38933455223511  118.75140245326725 37.415494994712468 145.13810715297896  118.88259393908139 37.160949270927681 145.44446194405305  118.87290434478942 37.097964166402335 146.04465016115702  118.94647649324405 36.985456931749809 146.12210443018205  118.96319005014857 36.911705093095485 146.41979686187429  119.0738789968693 36.710375662522573 146.91351689447316 
 0 8 0.59696891266999808 6 0.70507142270316281 6 0.71751653508022817 6 1 8
7 0 0  3 5 3  124.11093745754371 47.559601977539103 147.55750881645753  124.08353757204421 47.557700848424616 147.60389543492491  124.0362618176283 47.554461830953819 147.67818739632466  123.98082438476266 47.550728035374277 147.75132786087224  123.95749956334778 47.549179611991029 147.7786478294226 
 0 4 0.60481292039957191 1 1 4
7 0 0  3 6 4  123.97297691350104 47.55021263041931 147.75993285050859  123.97295160212163 47.545640352331958 147.76643663349842  123.97157810886348 47.453470682280219 147.89744567077418  123.95616229214477 47.332993721853185 148.0672292564617  123.93383643647698 47.217149741048502 148.22967174704544  123.92803157464859 47.189147296336344 148.26889047205322 
 0 4 0.038089463258680109 1 0.76742277810931725 1 1 4
7 0 0  7 20 4  123.92803157464859 47.189147296336337 148.26889047205324  123.89105510161674 47.010774120137626 148.51871039377815  123.83401891671546 46.906505278671808 148.65777197091839  123.79247454810449 46.807698109446228 148.7927487221032  123.77434516444909 46.678565603699965 148.97693932854278  123.75992557491993 46.516176406403773 149.21026763402807  123.70188222919307 46.350454816260125 149.4392826449309  123.50242378811929 46.230444789298247 149.5723940748411  123.47078061053334 46.217095843774835 149.58521809422493  123.44158834269261 46.220683458192234 149.57389235939306  123.41698942579222 46.233893269378264 149.54944287189466  123.39923024293509 46.244842395100036 149.52972491948967  123.38465833971419 46.25637635826849 149.50981490191646  123.20227291278302 46.41296163055366 149.24270922590532  123.22837095613731 46.612613762596915 148.95626794014646  123.03539179151527 46.731718157249489 148.73703009953633  123.07220535920413 46.94663001466305 148.43598116772162  123.01964837004782 47.101097323949773 148.19305523803985  122.92330157938504 47.287482271414817 147.90159505852301  123.10000170856128 47.478818767754348 147.68176696182894 
 0 8 0.30116456941153924 6 0.34009031092188424 6 1 8
7 0 0  4 17 6  123.12318075384452 47.481678427845196 147.70397319138289  122.17745527918046 47.366675878941471 146.81338140313716  122.32774421954332 47.308208287434638 145.43922580431192  121.95356761884631 47.242829254736002 144.55476647778164  121.54172174187244 47.05321355137125 142.88523595828576  121.36532382546775 46.951375069882147 142.52344570920701  121.40667891159585 46.993022429294491 141.89825648436536  121.03068551389592 46.748233966640875 141.49245662399534  121.00440174021432 46.731011542629261 141.48129619602429  120.98633613209502 46.71923038886429 141.48537240776474  120.95889357178815 46.701458007790762 141.5057113116242  120.93834964693359 46.689090106382672 141.60623948821876  120.83525782005889 46.618399442524741 141.45250919288739  120.86740255791555 46.667523228728001 143.15379873395796  120.93216900752959 46.738464267177164 144.35463216352233  121.11612434307493 46.84705174498071 146.46702837707645  121.2049658351558 46.891210532677846 147.51444639063322 
 0 5 0.66231421384822087 3 0.95324934083101831 3 0.97692700173182445 3 0.99205925754901181 3 1 5
7 0 0  5 10 3  121.20324606012312 46.890354467477749 147.49417180553843  121.26224428501878 46.834319188263194 147.61543670634842  121.97039994366352 45.964420106267895 149.32597812028084  122.50632866935828 45.33292872233951 150.55126011849691  122.68264551481263 45.223337674072667 150.75964777334087  123.25243742867822 45.065424267669229 151.19839494371075  123.47952103232302 45.149402613705931 151.11508192934525  123.44697686478732 45.026972476377232 151.28462236792006  123.6110910253704 44.904876025977543 151.4883589587109  123.75136545948942 44.817298178028352 151.62408194990368 
 0 6 0.46213263285150608 4 1 6
7 0 0  3 5 3  123.81495702787331 44.789172567058017 151.64949480068213  123.80328187460201 44.788637712063519 151.66666765285976  123.77776031647885 44.787336090652232 151.7051246456671  123.75277495423722 44.785853686596582 151.7436245408534  123.73913645125273 44.784982392480075 151.76488369019131 
 0 4 0.4504574469841594 1 1 4
7 0 0  4 8 3  123.73913645125273 44.784982392480075 151.76488369019131  123.58685167674535 44.775253698046875 152.00225906539359  123.4313254681302 44.758137620240589 152.24464408094471  123.35415133215362 44.741898416605792 152.50468645379922  123.19589698376996 44.697636482134378 153.41815613663189  123.28093163148193 44.679705365805894 154.06014684413063  123.2363695751647 44.663559255450437 154.72756641368488  123.42846870875366 44.637252277165842 155.36942608713562 
 0 5 0.29112091846785687 3 1 5
7 0 0  5 10 3  123.42846870875366 44.637252277165842 155.36942608713559  123.45331441605876 44.633846036765092 155.4525366831883  123.45765339207355 44.633499640880338 155.45471915121686  123.47703794356093 44.631526951208791 155.50308987865097  123.51563104496299 44.625967009052715 155.62405490589876  123.63185144862265 44.622729421494888 155.58011801553093  123.64909186062604 44.623331173448555 155.54017591504743  123.70757892458748 44.623480418342773 155.47040053197853  123.77901314960481 44.627395268867367 155.26590438940559  123.8761280425643 44.64020657502757 154.81207713908907 
 0 6 0.6322928248083024 4 1 6
7 0 0  4 5 2  123.8761280425643 44.64020657502757 154.81207713908907  124.04366707636306 44.662308168206231 154.02915109435472  124.08022026645682 44.693570381176421 153.26502145830042  124.24997407134832 44.718725190027207 152.46376719396002  124.16163954619867 44.76706547848751 151.6784685735185 
 0 5 1 5
7 0 0  6 7 2  124.16375743747327 44.7658343818037 151.69869193025437  124.29072962455955 44.807029771236095 151.63245309603363  124.65562895893281 44.991306032433201 151.36285010033635  125.21168583449935 45.478733540217377 150.50069905271022  125.48968451024407 46.423679506366014 149.21867985735395  126.31919632977636 47.044588046115223 148.08587768403595  126.4336009160929 47.110571861547136 147.95399030510669 
 0 7 1 7
7 0 0  3 6 4  123.18745748783198 43.921965408919704 158.14115569044418  123.11744556237386 43.981198536919194 158.04465765168842  122.95608079119573 44.159443846731925 157.74705325980733  122.82873583972126 44.360719237171374 157.40362591034602  122.75099426074033 44.501897660978926 157.1625507575782  122.7364943312017 44.529112710174175 157.11607167064179 
 0 4 0.30569041810809849 1 0.86644795276985598 1 1 4
7 0 0  4 8 3  124.21613212856673 44.447056593190034 157.24023544104961  124.17749537223071 44.246773849227964 157.54042939065988  124.04044379080962 44.105733591678487 157.77245301606692  124.020845737255 43.879828232935239 158.13264194178433  123.55589648046649 43.735656731800859 158.4230932563222  123.35621243907188 43.757449031785967 158.41177873281535  123.22896112605663 43.886844093837468 158.19837288690553  123.18745748896413 43.921965416119463 158.14115568159605 
 0 5 0.69529195622872053 3 1 5
7 0 0  4 8 3  122.7517108499309 44.530510534989894 157.13753171470341  122.2182999902404 44.482627210940905 156.40480988163657  122.0708404200082 44.404371798643524 155.53537572310617  121.72029322074931 44.280114685734794 154.78375056702859  121.18173939143914 43.932136812103622 153.22073986546403  120.96215414638833 43.691889147040463 152.67419952318974  120.75015921965591 43.581205808839876 151.7373033767129  120.35655317016476 42.901619451714126 151.27406213559181 
 0 5 0.51512698217932562 3 1 5
7 0 0  5 10 3  125.04304687548236 44.140361777680567 157.31902700520476  125.03103106848775 44.159377782054158 157.16293276191055  124.99080322969193 44.179774554923839 157.12190080854856  125.00281016096096 44.186681525445081 156.98849132520917  125.02649802720444 44.196008598617276 156.77728145751902  124.76268696722798 44.318181533668962 156.66769724249721  124.60350613724671 44.358247320034508 156.97306522630802  124.40491173115724 44.405270071437364 157.04967387974682  124.45489956089285 44.397727717539084 157.08522803443694  124.23291586641849 44.44360629037152 157.22957451079404 
 0 6 0.47831834965540942 4 1 6
7 0 0  4 5 2  123.98616052322203 42.90770415633942 159.49983925637031  124.2635171681039 43.215535366509933 158.95244307629332  124.50725575472167 43.530339861960115 158.40051337307585  124.73345983806563 43.861722219140631 157.8438940726372  125.04147905309433 44.142821040475411 157.29890139340893 
 0 5 1 5
7 0 0  3 6 4  123.59257451133655 42.56261310969235 160.13658371620795  123.63110620828803 42.584676327994366 160.09269087131111  123.76111097458319 42.675482673834424 159.91813998379206  123.8815182894686 42.79362646578597 159.70325509311181  123.96844287994352 42.888039786754497 159.53480712330116  123.98616052322203 42.90770415633942 159.49983925637031 
 0 4 0.22357903871668669 1 0.8392201705044311 1 1 4
7 0 0  4 8 3  122.91823062932637 42.596131431369898 161.21578601769076  122.98621163487618 42.595056049960839 161.24202479692414  123.03556814018485 42.591245841075178 161.29337710432782  123.12322538652028 42.582984175280153 161.31056252022168  123.54450217805253 42.536773174747623 161.16657486314523  123.45550639800422 42.549396242302947 160.59182359211675  123.59421589781124 42.539570517370429 160.48748662077185  123.59260025240569 42.563897151706882 160.11654728445916 
 0 5 0.16293015774171249 3 1 5
7 0 0  4 8 3  122.7947026594404 42.579713939354534 161.56857729074636  122.79583936976508 42.583197062063931 161.4766205200157  122.81026432888386 42.586045915773539 161.40942390359601  122.79058566904388 42.589768670404716 161.30261702686929  122.85178794526621 42.595102906700951 161.21707034794525  122.87035426962655 42.596471909691338 161.19889784505699  122.89911768683962 42.596428724755036 161.20853740434077  122.9182306293263 42.596131431369905 161.21578601769147 
 0 5 0.83567327404870817 3 1 5
7 0 0  3 6 4  122.82306250039485 42.550876656119797 162.31998033359869  122.81988544963183 42.552770774078574 162.27376478389027  122.80654469328979 42.561144542572983 162.06573682689449  122.79494136405195 42.570482136207644 161.81512087778489  122.79417784245979 42.578105788268203 161.61103355573721  122.7947026594404 42.579713939354534 161.56857729074636 
 0 4 0.18455507268349841 1 0.83036435956163368 1 1 4
7 0 0  3 7 5  123.17789836839036 42.384172279928357 164.65460796009805  123.13258354749671 42.405904355979764 164.49843236722532  123.03616001057844 42.450777733321303 164.08429750815839  122.932703872446 42.496774354314219 163.44838184423247  122.8627774623678 42.529273242588452 162.82636719267245  122.83271999254846 42.544983688496686 162.4637536302242  122.82306250133965 42.550876657222403 162.31998032317779 
 0 4 0.20420742603316203 1 0.53601416560371451 1 0.81648611332563525 1 1 4
7 0 0  7 14 3  123.46864299368778 38.226900404115042 164.48919191892622  123.27752345064984 38.366198632359911 164.70724106977579  123.1774171830772 38.562866907907178 164.95278652894422  123.0341687809421 38.777373674558241 165.22986328366196  122.99981233522615 38.981984484344196 165.47462231038574  123.13443841626824 39.212998123707266 165.72128620835002  123.23525670266356 39.474468979191215 165.89680207579306  123.41623842103405 40.19474974051866 166.11852498320559  123.45589763948097 40.677638363288935 166.08605818261964  123.11156069921853 41.027843558257921 166.02853442906147  123.16104311180102 41.361996816319554 165.58869336319702  123.06168021931956 41.770879945611689 165.27395228541508  123.07605056899108 42.103132579655998 164.93021104012897  123.17205923509937 42.386972971575489 164.63412820648574 
 0 8 0.42805119096064936 6 1 8
7 0 0  7 8 2  123.73369299587067 38.365083998791022 159.95662180053179  123.89323814391958 38.416079209008515 160.30937070208569  123.8565237591676 38.410605918071354 160.71897667162202  124.03780384133046 38.502669651973598 161.32975034696136  123.74338297748839 38.336964577759275 162.05304463902254  123.55514088461554 38.275916381111166 162.9622842534221  123.43403485089229 38.215731800970751 163.86692436270178  123.4696801738701 38.227224460441263 164.50938586856122 
 0 8 1 8
7 0 0  7 8 2  126.98453273317352 39.096278305801455 157.25953932628295  126.56871005016465 38.698710064261391 157.5763004576566  126.10590409432763 38.54327096585201 157.99780075229071  125.60811200295365 38.288331313755265 158.37683646242039  125.12896109146266 38.234101959822475 158.7778479036414  124.62675913162595 38.177720023712986 159.1488983938674  124.18272881221098 38.236506448506361 159.5495539906197  123.74284818509531 38.368034059843247 159.97762304918101 
 0 8 1 8
7 0 0  6 12 3  127.15695301121717 38.708507762507715 151.68832165286221  127.22131947798738 38.847348200583568 152.02636856750283  127.21919460621321 38.91197379507539 152.53386370716115  127.18868019608259 38.908823554641266 152.95453678737135  127.16404720073808 38.898322609260468 153.27262694465142  127.13728910478279 38.899886209143823 153.70262019261955  126.90860181405985 38.699686815405506 155.60105939164396  126.77448729780963 38.572171104063258 156.47066717142874  126.78672541550131 38.599751014558059 156.97958260220622  126.93930574577776 38.96691902396762 157.11407535905207  126.92455822279612 38.922622222267862 157.17036824067827  126.99921534755327 39.138105930939531 157.28261034659766 
 0 7 0.51429968681266625 5 1 7
7 0 0  5 6 2  130.0453069995321 38.133763480418892 147.89736609617557  129.42134740059393 38.159002353374007 148.66347666358723  129.07260164736039 38.682803232452549 149.43633716119578  128.34362024156582 38.592612474419013 150.19972928668824  127.89309879339213 38.924888720981947 151.03356437101641  127.16072593321547 38.716774490654046 151.70907691606632 
 0 6 1 6
7 0 0  8 23 4  127.46720019909058 35.284882951783636 147.57849615771013  127.87208900816329 35.518372388065153 146.84488330995532  128.23084212660712 35.779041559853752 146.14338439625391  128.57522390276614 36.010451795455019 145.28265101094755  128.94296081513448 36.2663671991575 144.25750902955804  129.35045826425338 36.622415483351062 143.19202541036955  129.76551736460917 37.087748800645194 142.28257499601105  130.08005173653049 37.516704575987276 141.74090731503856  130.18061542345748 37.654139008688723 141.60595106955665  130.28732037029803 37.812500267433641 141.52313378218471  130.34278355299051 37.924787757783349 141.63393863617475  130.35879541925524 37.98328218091909 141.88372199422454  130.38027788435892 38.029047828266705 141.96247516345977  130.38179586547531 38.062516172394041 142.1990633382681  130.38614236757468 38.075845265612244 142.2497410141801  130.39416726751284 38.18270337018734 143.00359813779997  130.34653140743148 38.164867890072244 143.55584207910414  130.31109108547483 38.177101862998576 144.20867034624487  130.2024417032481 38.061954622103933 145.01253339967232  130.10221733612772 37.997771466732146 145.95016256029501  130.0351923653748 37.974044419859901 146.90968218019304  130.04031566240721 38.091991978580701 147.67633440551745  130.04569887301639 38.137448719421698 147.91764218437257 
 0 9 0.0052400820575515391 7 0.19144420964282119 7 1 9
7 0 0  8 9 2  126.2297618592338 37.65674858034005 151.58539457082429  126.26040776150779 37.275659578099372 151.09569705306978  126.61862752678718 37.135525953365416 150.59860701316532  126.88840256928188 36.869577524750738 150.09399680694577  127.01232932601229 36.574502704531817 149.57094984081564  127.22432433346775 36.2836148636529 149.07402211133999  127.3109725004669 35.957778468312483 148.56946968238677  127.4116772222438 35.635166734063354 148.0721478318782  127.47763106680816 35.290906873822678 147.55955078268801 
 0 9 1 9
7 0 0  4 5 2  129.25002515390966 46.288139013312133 138.55640697647078  128.6164269107727 46.56923722820585 140.91414825009713  128.01430156116007 46.705672338140758 143.26916055030898  127.62672886324175 46.768489480881172 145.68354329280544  126.78684752834803 46.960836335193818 147.99839032033537 
 0 5 1 5
7 0 0  6 12 3  126.79387305569195 46.959237275281062 147.9788390227942  126.88072913748594 46.703155756913468 148.25156108833426  126.8735069378219 46.46768686775377 148.5372643609515  126.91847137537401 46.213927443193676 148.81640871321159  127.00285351660773 45.942758958716631 149.08403681097997  127.05930856761682 45.671586678058397 149.34753412302993  127.08529552561514 45.059781461461483 149.99773026179423  127.03749595381001 44.730192276202459 150.3745624320689  126.94968852966595 44.424413063239996 150.7570083095643  126.89097972942541 44.088467423454652 151.13095777410089  126.81105593594536 43.766579769983053 151.50567214668976  126.75892177984338 43.400007981420728 151.86638593672319 
 0 7 0.42580198668457042 5 1 7
7 0 0  4 5 2  126.76449217217379 43.396345480880925 151.84662465529277  126.37991081163729 43.650838853903352 153.20631385991106  126.04813913664202 43.751746610375605 154.58896939923326  125.7869547207024 43.826513932440378 155.97623445856124  125.37985355374263 43.950734297783249 157.34028387292443 
 0 5 1 5
7 0 0  4 17 6  125.38566723920945 43.948971478982322 157.32062141777837  125.38441127218788 43.919813139602013 157.35699465893072  125.38265340056989 43.890810913927268 157.39339412574193  125.38067412079386 43.861848076461285 157.42978908235494  125.36386201858015 43.642737529984949 157.70548744576232  125.34111313272906 43.453351783947902 157.9443071105546  125.3211871987276 43.259389872468589 158.18174367323488  125.2886832894406 42.786901426311395 158.72201644219405  125.31019709142387 42.591326748137391 158.87960384900225  125.25137233300231 42.253569504913429 159.32583500946635  125.5714423861502 41.676624735585627 159.33513996502157  125.69550379348017 41.513064169999254 159.27184654060642  125.77895348326354 41.41194223571933 159.20286691800095  126.22112742572308 41.257218599423673 158.69004237702208  126.45922451128206 41.800779151872497 158.16188836352293  126.65500185664654 41.8696573505621 157.86910602834317  126.95012942546603 42.096985247196443 157.37955644271449 
 0 5 0.033042247001701698 3 0.25031617885101282 3 0.53595831833886387 3 0.63807058249860171 3 1 5
7 0 0  4 8 3  126.95355331477705 42.083775662679315 157.39940142911178  126.88775608685044 42.336103267768038 157.02918336666821  126.87890735130779 42.423387127666395 156.59391801691098  126.8709819573829 42.523636604144578 156.1983539890899  126.90694975638627 42.731005793706238 154.80074529398814  127.0027555892093 42.748317162935415 153.81563747643571  127.1251760508771 42.72386913212187 152.84000978447148  127.21773214108279 42.749848434519222 151.85919211871908 
 0 5 0.3009122116425369 3 1 5
7 0 0  6 17 4  127.21584749620558 42.749331794611585 151.87909978709195  127.5338260924359 42.941793759473533 151.40934233493917  127.82745565155925 43.16432997225553 150.94604947088533  128.11565969483789 43.400947633691224 150.48008184584023  128.41675923284737 43.624565912851722 150.00915442533164  128.74847276547607 43.797015947145553 149.53783648950522  129.50216942539129 43.940080515571196 148.62356297098563  129.76199271222333 43.844347756698063 148.39914518774586  129.98101629143599 43.637518093621075 148.261873344321  130.14402305106739 43.570657226219645 148.10374864800039  130.27888040275204 43.299241767247651 148.08790115396215  130.43861100888176 42.28093740362511 148.25783405315468  130.40415634978288 41.695229849602157 148.42780084859641  130.44196277950959 41.053844143966678 148.44577338122318  130.43164494542887 40.433122414862517 148.3897233124774  130.46131210031317 39.822921204176502 148.18543252064728  130.46409297689488 39.303441380172842 147.98139893913657 
 0 7 0.30324543512389834 5 0.60234280381456928 5 1 7
7 0 0  4 5 2  117.54179886342193 40.406618485480621 146.91286733789156  117.54884119399648 40.83870808019514 147.01154289183222  117.57251800633696 41.290877027266212 147.07927267068735  117.60247456636732 41.757362621414401 147.06796143957288  117.6287283239936 42.190019142498826 146.99345126006472 
 0 5 1 5
7 0 0  8 65 10  120.08928462860477 42.386962779697789 151.22993392556256  120.01592718957066 42.23580237340316 151.33986530939967  119.98065538132931 42.174553534843554 151.50692867182076  119.966426788693 42.164007434663908 151.69231021964612  119.96094050913864 42.175820867160212 151.87134419797567  119.95663715280824 42.192516250279553 152.0335128901884  119.95069884250849 42.207481625620062 152.18244661794276  119.94504921371102 42.224970658430927 152.3359237411764  119.94859289004737 42.320428627280251 152.85203320331848  119.95161831460983 42.487989692944026 153.62581739314982  120.05778029136503 42.768020932415041 154.51213198170785  120.15296404106903 42.969237936556773 155.28168078290531  120.15281156159901 42.992225314310929 155.7942854841495  120.09659782823597 42.920822314581706 156.0041567376546  120.08876103474036 42.91650554497798 155.98711352937772  120.06488514527885 42.890412696568539 156.08051544786753  120.02823543505309 42.841948378427546 156.12492973543633  119.97991801742791 42.769152630589403 156.07945893177927  119.93521411906444 42.689301252492818 156.00755997360167  119.90452065236627 42.634167593372496 155.96557417309171  119.86757140009277 42.559409260272126 155.89367417183303  119.85015485275282 42.524887000862904 155.86264999055848  119.73209095668125 42.271777032453514 155.62880021560096  119.64318914445944 42.056840389680943 155.4168694683043  119.56271704208005 41.808194714306531 155.21258250792903  119.49643487263323 41.52096149734318 155.04632547444351  119.44915523205225 41.198438659960637 154.93879489317118  119.42474308911362 40.852100553485549 154.90099767479077  119.42611578543702 40.501597959401423 154.93425111533634  119.47474236163195 39.95595414413097 155.09440471870823  119.49793124588652 39.816503863902724 155.15564026350572  119.52505385415 39.667833414385065 155.20934404897659  119.55857490997302 39.493088555693213 155.27554771592429  119.61516014462929 39.285779734361299 155.35317359019774  119.70040987536332 39.063437435096972 155.41851178342068  119.78973476855967 38.882415700626268 155.42766827152846  119.96213920583773 38.626576737287273 155.06582395350003  119.9457928342855 38.745955078088102 154.71253082954811  120.00210099674736 38.672657549563738 154.41219739739032  119.95392590647677 38.855993582880252 154.06927633385104  119.9836928864984 38.837977500750284 153.80832149873001  119.96705585814429 38.933565907291921 153.53786610206808  119.96402985353735 38.99735088652546 153.27127618469859  119.95414207337943 39.145532288090848 152.72901425829045  119.95707199520751 39.183501600736989 152.52924433659317  119.95783630973565 39.229247784114193 152.33410585292648  119.95266843437241 39.296166880248528 152.1324803787254  119.94318731781283 39.380450152695417 151.92019939467679  119.93639744003838 39.461084086539572 151.70004429071983  119.94468881231698 39.499850388395068 151.48174636604574  119.99958163348121 39.421777173196581 151.21526146768127  120.00783932607121 39.398695353667769 151.21969358157855  120.00392838397096 39.405568021481507 151.22359263184225  120.02581875496718 39.372917455466606 151.15261743190592  120.05334240136312 39.293829842997248 151.1341842120645  120.11086253637671 39.111880525456094 151.24014290930978  120.20915593829609 38.874710675363403 151.44967533577062  120.47310472944029 38.384531763865937 151.91622824486907  120.66746453498446 38.04607606252916 152.23301205443289  121.09631538852709 37.492511668939564 152.86969168751835  121.34517386690978 37.437757042399902 152.689413496161  121.83434496827438 37.142687828005101 152.40847455557218  122.04282756213459 37.130419183529597 151.8504322914701  122.29728680626378 37.061692268237543 151.38734297004257  122.39670336436109 37.03875147385007 151.20961198307066 
 0 9 0.001245038415184814 7 0.0033829246464886645 7 0.076959960182980847 7 0.31995437086839529 7 0.48262771826389006 7 0.726247122084551 7 0.89572570909334859 7 0.95233637281088857 7 1 9
7 0 0  8 30 5  122.38598580324471 37.041237416430299 151.22888142055672  121.97094264664358 37.052808550008272 150.96308505311674  121.71825730734224 36.981919203183949 150.62877630114113  121.54149446432244 36.874267052262596 150.2652508476167  121.38669011758984 36.757053414863151 149.89950487697925  121.23235158817369 36.638983249918169 149.54623507511332  121.08945751812696 36.510265157673878 149.20783862935212  121.00145787052638 36.342611379690155 148.87441322847761  121.05352429987921 36.03449666824946 148.44799811856424  121.07950203514272 35.915706032088565 148.28909018360221  121.14291999201723 35.771403729449254 148.12713702401058  121.27164931464125 35.625952968451102 148.02055365399519  121.42359173551003 35.503272217086746 147.95762066834041  121.61394956084953 35.411274275776719 147.96194268294002  121.83294855508552 35.344049142717253 148.01941869549015  122.36147837309855 35.32620078348004 148.32958915958653  122.56378719305778 35.349278724152782 148.48324526334812  122.74772705740973 35.392265233015983 148.64680105404886  122.91884563338004 35.447342825898701 148.81371299520634  123.08040616495079 35.509762645031095 148.98054823098499  123.23338747286064 35.577844459044435 149.14698458619606  123.37648395460469 35.652976662971085 149.31581056629773  123.64905094257917 35.835161526757538 149.68824566990256  123.76360410779007 35.934362942860901 149.87633056218399  123.8648113202526 36.040006329109367 150.06604270136197  123.95716049184421 36.152902890837915 150.26206690742944  124.03458120613477 36.271889236161734 150.46491015324978  124.08044471838654 36.39382737597623 150.67090156455669  124.06756395555409 36.51360472395703 150.87219241995419  123.9581935162844 36.624134096559949 151.05675615091673 
 0 9 0.64017595430495722 7 0.77848538419243163 7 0.8838286091570704 7 1 9
7 0 0  3 6 4  123.95819351628442 36.624134096559956 151.05675615091673  123.93475247994903 36.647823523580762 151.0963131386419  123.87424932475066 36.694786839232577 151.17410389562605  123.75275947549336 36.752369779284756 151.2639839897974  123.6539032752417 36.786095342781564 151.30940090436039  123.61430610244005 36.798551090422976 151.32480133976301 
 0 4 0.34754797688893962 1 0.74139496481828571 1 1 4
2 124.91138453038675 41.345770266197896 138 -0.085798003932657491 -0.040799050821123846 0.99547684050070551 9.6710833785706996e-17 0.99916119482424359 0.040950051982751534 -0.99631255262651985 0.0035134327210587413 -0.085726036122889204 6.5999999999999996
1 124.91138453038675 47.940234152037903 138.27027034308617 -0.085798003932658545 -0.040799050821123888 0.9954768405007054 
2 122.62740662983427 40.259682872928181 164.5 -0.085798003932657491 -0.040799050821123846 0.99547684050070551 9.2374025095764978e-17 0.99916119482424359 0.040950051982751534 -0.99631255262651985 0.003513432721058737 -0.085726036122889204 2.2000000000000024
2 124.0926 40.956418181818186 147.5 -0.085798003932657491 -0.040799050821123846 0.99547684050070551 9.6710833785706996e-17 0.99916119482424359 0.040950051982751534 -0.99631255262651985 0.0035134327210587413 -0.085726036122889204 6.5999999999999996
Polygon3D 0
PolygonOnTriangulations 0
Surfaces 17
3 52.46884293670886 29.994113012658232 201 -0.10370493491674482 -0.11830562970733763 0.98754699354180819 3.1398494915180203e-16 0.99290060739458863 0.11894697909344797 -0.99460810698179714 0.012335388725429738 -0.10296869286865216 4.0000000000000009
-0.51019135035294338
2 53.046412556962025 30.652999088607594 195.50000000000003 -0.10370493491674482 -0.11830562970733763 0.98754699354180819 -4.145989107584569e-16 0.99290060739458863 0.1189469790934479 -0.99460810698179714 0.012335388725429011 -0.10296869286865226 3.9999999999999982
9 0 0 0 0 3 3 68 163 66 161 5 39.649819743145308 178.08224442277623  5.0106918188785281 39.180848689797124 175.89181414897294  4.9949894102213701 40.137775922891137 179.13864827681761  5.0013688176947291 40.041263513328474 177.87098965898562  4.9996271051264429 40.354518241584401 178.28621443969953  5.0001003772705381 40.54970472756559 178.26344827814262  4.9999731188271923 40.777433840613455 178.36104762880944  5.0000071882705335 40.998211750435246 178.42149644828328  4.999998074353293 41.21515610400656 178.51015510545048  5.000000517283544 41.422471845061636 178.61534421205221  4.9999998611936718 41.63611513791507 178.70814030030755  5.0000000371686131 41.831759968864844 178.83459141502669  4.999999990127999 42.027872927031922 178.95704716408562  5.000000002645594 42.217303812318079 179.0953414755557  4.9999999992862634 42.39585336234417 179.24427755592507  5.0000000001909228 42.565332751059259 179.40180714419557  4.9999999999487201 42.744023866764124 179.55293833985735  5.0000000000137401 42.902260758495807 179.72244210031073  4.9999999999963158 43.065497508250864 179.88883834017696  5.0000000000009877 43.216281630744064 180.06574703791298  4.9999999999997353 43.355760506920006 180.25211875395979  5.0000000000000693 43.496419979001161 180.43727746357891  4.9999999999999805 43.643335439025222 180.61738897112963  5.000000000000008 43.77429060834492 180.80980909915888  4.9999999999999964 43.915141095441456 180.99519029242384  5.0000000000000018 44.032034467824118 181.19663990745636  5.0000000000000018 44.140590678934544 181.40231228814784  5.0000000000000018 44.22523814414123 181.61936773652963  4.9999999999999964 44.274047088967009 181.84891009122572  5.0000000000000036 44.247377821336897 182.08017879691522  4.9999999999999991 44.172997692938992 182.30265474475391  5 44.044519539645087 182.49957745293634  4.9999999999999982 43.883732199768787 182.66282113781745  5.0000000000000036 43.699258534315575 182.80918915215562  5 43.487372371031782 182.90326550718532  4.9999999999999982 43.274316580660795 182.99716948703249  5.0000000000000044 43.04800110689078 183.05385784667132  4.9999999999999964 42.826664121485891 183.1237434329534  5 42.597214175049899 183.16683863534888  5.0000000000000009 42.365687139129932 183.18630183153692  5 42.134726010384455 183.2163662372995  5 41.900851421352613 183.20382821904488  4.9999999999999964 41.674386268250025 183.16567033847954  5.0000000000000053 41.445045123216801 183.11651410878761  4.9999999999999956 41.234008230218777 183.01818421889428  5.0000000000000036 41.022946509958032 182.92159996196955  5 40.823655068866472 182.80048363589088  5.0000000000000018 40.634467037245557 182.66705878491001  5 40.43627228527609 182.54407276638506  4.9999999999999991 40.220983855539444 182.45460664857825  5.0000000000000009 40.015539702072715 182.34404966859654  5 39.793031319383225 182.27866127658626  5.0000000000000018 39.568592694608782 182.20963491697091  5 39.338120456244638 182.19245129628894  4.9999999999999991 39.105520118675017 182.16093369004807  5 38.872289423210397 182.19026971973085  5.0000000000000009 38.645348654504389 182.22797768820769  4.9999999999999982 38.415328457698266 182.27708969297549  5 38.204368869086935 182.37299164326026  5 37.984505747073655 182.44981946729752  5.0000000000000009 37.776510344354676 182.55842525217923  4.9999999999999982 37.567571308433173 182.6572363729054  5.0000000000000027 37.364521576321764 182.77159938069218  4.9999999999999991 37.166588017122962 182.89341200322576  5 36.977454645489864 183.0290391220629  5.0000000000000018 36.791293220731177 183.1679817387793  5 36.603853170548241 183.3064895096972  4.9999999999999947 36.416940971854309 183.44461228446016  5.0000000000000053 36.234706322805643 183.58655772907593  4.9999999999999982 36.052231564879861 183.73490619871046  5.0000000000000018 35.878953558373794 183.88599718793574  4.9999999999999982 35.704412301383371 184.0425782784456  5 35.537465453861799 184.20397789102583  4.9999999999999982 35.369182643535154 184.36498348968036  5.0000000000000036 35.199244147961622 184.52307406304487  4.9999999999999991 35.034623182132265 184.6882558349858  5.0000000000000018 34.873992047905645 184.85554570325843  4.9999999999999982 34.703154356087929 185.01380326564009  4.9999999999999991 34.521736424660538 185.15914104478958  4.9999999999999982 34.352489228512312 185.31950691049622  4.9999999999999991 34.163347030174641 185.45412157251124  5.0000000000000009 33.961059627066938 185.57159063226976  4.9999999999999982 33.761801440261905 185.69012873612292  5.0000000000000053 33.561651773457562 185.80658882440827  4.9999999999999947 33.34683188106159 185.90201981500928  5.0000000000000053 33.137319951845079 186.00000988006806  4.9999999999999973 32.92538223237009 186.09597752341028  5.0000000000000018 32.705894814028554 186.17345780840657  4.9999999999999982 32.487491846483721 186.25317677058206  5.0000000000000018 32.26784832425998 186.32969213794718  5 32.046848562347428 186.40201922600045  4.9999999999999982 31.824798759728679 186.47150669948579  5.0000000000000062 31.600730310516592 186.53399124743601  4.9999999999999964 31.379968120038182 186.60676900446242  5.0000000000000018 31.155915920481739 186.66952077187932  4.9999999999999956 30.932242717023406 186.73333059790912  5.0000000000000018 30.710282463342736 186.80280693522337  4.9999999999999973 30.493330205257688 186.88644681211414  5.0000000000000009 30.263381314912444 186.93060067765629  5.0000000000000018 30.035503299316851 186.95305650139844  5.0000000000000018 29.797550148672137 186.96136200599051  5 29.586245318934104 186.8271477248723  4.9999999999999982 29.517831309650095 186.5984691039518  5 29.497008558539761 186.35930974091013  5.0000000000000018 29.609076086475461 186.14968716325154  4.9999999999999982 29.67629139438808 185.92588866738456  5.0000000000000044 29.805323591409369 185.73241450417635  4.9999999999999947 29.946803054142531 185.54800069283255  5.0000000000000036 30.081574358049789 185.35855067054143  5.0000000000000009 30.238753190691835 185.18696286475509  4.9999999999999964 30.392127117263904 185.00992058661487  5.0000000000000018 30.544004972504975 184.83684910709707  4.9999999999999982 30.698513000908161 184.66150123315501  5.0000000000000027 30.858056211226774 184.49190431235482  5 31.01446745501601 184.32030510537038  5 31.166491974997882 184.14395414416776  5 31.321374693920646 183.96965849801327  5 31.478622977662056 183.79920301378942  5.0000000000000009 31.636384120561818 183.62948144588916  4.9999999999999973 31.789065753598262 183.45224668905274  5.0000000000000018 31.947615633303691 183.28290551174661  4.9999999999999982 32.102580669123839 183.11038088246269  4.9999999999999982 32.263919702209449 182.94064300018857  5.0000000000000036 32.423941193762474 182.77565482230989  4.9999999999999973 32.583998034067676 182.60048074400834  5.0000000000000018 32.740386576607889 182.4338369398441  4.9999999999999982 32.902726717377412 182.26485211540745  5.0000000000000053 33.062052791994105 182.09656512886903  4.9999999999999982 33.224974911933259 181.92988998838189  5.0000000000000036 33.390685323862627 181.76652308617008  5 33.553576434051308 181.6025611556995  5.0000000000000009 33.720466679312956 181.44048372742918  4.9999999999999964 33.889239455258675 181.27662062571767  5.0000000000000036 34.052762013958656 181.11490604949702  4.9999999999999982 34.224364897925653 180.9570827628919  5.0000000000000009 34.392642129668822 180.79624554124791  4.9999999999999991 34.561848488281093 180.63311342721616  5 34.732648304380788 180.48147192085165  4.9999999999999982 34.912020708931209 180.331099596971  5 35.090211509575568 180.17867056125181  5.0000000000000009 35.270539228348724 180.03458779201858  4.9999999999999973 35.449415183031817 179.88605087273658  5.0000000000000062 35.635558031767957 179.7530387192555  4.9999999999999947 35.830262901974692 179.61160657614386  5.0000000000000009 36.01338953427198 179.47121098695021  5.0000000000000036 36.200929021072199 179.3409250858723  4.9999999999999964 36.401662842026902 179.21559270741335  5.0000000000000053 36.595051475256 179.08634567884584  4.9999999999999991 36.800918452490862 178.98212457673384  5.0000000000000018 36.997804842513347 178.860807969653  4.9999999999999964 37.205272048629737 178.75234409136499  5.0000000000000036 37.413134496725213 178.64662371737663  5.0000000000000009 37.626995663374331 178.55078499785532  4.9999999999999982 37.83930954190236 178.46026373145685  5 38.059666140404829 178.38754301213805  4.9999999999999911 38.280777808898449 178.31243146155657  5.0000000000000497 38.50265205432013 178.24133987642358  4.9999999999998117 38.729550893207161 178.19149279689577  5.0000000000007088 38.955872435172061 178.13654532667175  4.9999999999973452 39.186179094948095 178.10615148357795  5.000000000009905 39.417935154105834 178.09186658277818  4.999999999978769 39.568323824937345 178.06315203316797  5 39.649819743145308 178.08224442277623  
5.7164374589964888 39.258931107177496 176.39029353976844  5.0522628193583552 38.794741353082856 174.22032852207076  5.0392735068429033 39.743881999238845 177.43232469684301  5.0445506664904514 39.64974651529721 176.17327276956692  5.0431098907881049 39.961786260586685 176.58043709445573  5.0435013899471652 40.156874600644358 176.55388937664921  5.043396119492999 40.384299033283241 176.64665022382758  5.0434243023442065 40.604880374845486 176.70280064827293  5.0434167631493061 40.821772669960019 176.78682883197362  5.0434187839847828 41.029277676862264 176.8872434862871  5.0434182412555373 41.243070680660388 176.97575158968357  5.0434183868251488 41.439228367896952 177.09738635017362  5.0434183479123131 41.635976177004665 177.21549190307792  5.0434183582670915 41.82618921622344 177.3492249013033  5.0434183554881926 42.005711364760025 177.49364165915756  5.0434183562365433 42.176415860740804 177.64694700322462  5.0434183560361889 42.356126168261397 177.79408383464488  5.0434183560899744 42.515739758027387 177.95962144984182  5.043418356075561 42.6803252069287 178.12258054967555  5.0434183560794255 42.832445573295296 178.29625069852082  5.0434183560783898 42.973477377306402 178.47968818393556  5.0434183560786652 43.115319185924243 178.66250099095285  5.0434183560785923 43.263212605139991 178.84098697349387  5.0434183560786154 43.39521216910957 179.03223520570927  5.0434183560786057 43.5366217737282 179.21762633624311  5.0434183560786101 43.653803525446449 179.4198751090118  5.0434183560786101 43.762081596614919 179.62665831807334  5.0434183560786101 43.846536300063022 179.84473118405131  5.0434183560786048 43.895345286509489 180.07519610881997  5.0434183560786119 43.86986064170199 180.30732345649918  5.0434183560786074 43.797419544387893 180.53094945679354  5.0434183560786083 43.671737875737641 180.72939135844618  5.0434183560786066 43.514112707396251 180.89481308766995  5.0434183560786119 43.333085055756463 181.04366564692612  5.0434183560786083 43.125119261743784 181.14116720334164  5.0434183560786066 42.916000799318098 181.23845286765317  5.0434183560786128 42.69381759335397 181.29916226064938  5.0434183560786048 42.476373247403536 181.37283080510636  5.0434183560786083 42.250740399107421 181.42011062948427  5.0434183560786092 42.023110133998962 181.4441296598367  5.0434183560786083 41.795833258366443 181.47847194309779  5.0434183560786083 41.565569939520721 181.47082486645166  5.0434183560786048 41.342765993276778 181.43786506061767  5.0434183560786137 41.11713208185342 181.39395633800697  5.0434183560786039 40.909083868280405 181.30145482881721  5.0434183560786119 40.701062643105871 181.21028254301541  5.0434183560786083 40.504836235509664 181.09475018739323  5.0434183560786101 40.318166634399368 180.96677549699788  5.0434183560786083 40.122514002423245 180.8485076051405  5.0434183560786074 39.910003596063511 180.7626640776557  5.0434183560786092 39.707300240998748 180.6559232193467  5.0434183560786083 39.487146341826737 180.59275414979976  5.0434183560786101 39.265220873036228 180.52518597718188  5.0434183560786083 39.037795903201847 180.50812850954063  5.0434183560786074 38.808454992835912 180.47640302466701  5.0434183560786083 38.578466495335526 180.50385554164291  5.0434183560786092 38.354431073708874 180.53935645706264  5.0434183560786066 38.126602127507006 180.58569865076856  5.0434183560786083 37.917104117149535 180.67753840284587  5.0434183560786083 37.698640273828239 180.75020480006856  5.0434183560786092 37.491839851420913 180.85297390251981  5.0434183560786066 37.284986829620273 180.9454550598887  5.043418356078611 37.084227389453531 181.05320725142184  5.0434183560786074 36.88842603349584 181.16839403577262  5.0434183560786083 36.701184649319465 181.29725905275347  5.0434183560786101 36.516951495099804 181.4295048659784  5.0434183560786083 36.331409110294473 181.56147063108963  5.043418356078603 36.146284188562092 181.69325972105378  5.0434183560786137 35.965671440314935 181.82896460386448  5.0434183560786066 35.784727067730167 181.97112164932727  5.0434183560786101 35.612753653345443 182.11628029507131  5.0434183560786066 35.439485775791375 182.26701432429849  5.0434183560786083 35.273566721063496 182.42290551987111  5.0434183560786066 35.106343562627401 182.5786745820657  5.0434183560786119 34.937290630879154 182.73193908958075  5.0434183560786074 34.77317879758963 182.89248644271282  5.0434183560786101 34.612767763678072 183.05559308811382  5.0434183560786066 34.442095506216091 183.21048450993555  5.0434183560786074 34.261022399534582 183.35313587559105  5.0434183560786066 34.09193906815063 183.51081247146962  5.0434183560786074 33.903265294610989 183.64347463071397  5.0434183560786092 33.701569083085062 183.75949204342194  5.0434183560786066 33.502212866973004 183.87690989334735  5.0434183560786137 33.301488376827081 183.99396073527714  5.043418356078603 33.086715742526685 184.09104540522927  5.0434183560786137 32.877206465813366 184.1906351108731  5.0434183560786057 32.66550398455653 184.28852033466538  5.0434183560786101 32.446409389611638 184.36828211299249  5.0434183560786066 32.228497086477397 184.45035647144715  5.0434183560786101 32.009395856630121 184.52931578832636  5.0434183560786083 31.789024373702155 184.60421623007429  5.0434183560786066 31.567664216990959 184.67636736850076  5.0434183560786146 31.344433199079909 184.74172643394078  5.0434183560786048 31.124311368013899 184.81707743910974  5.0434183560786101 30.901101483044915 184.88269955187354  5.0434183560786039 30.678338035542449 184.94941852389783  5.0434183560786101 30.457215996376167 185.02166515380748  5.0434183560786057 30.241019800087717 185.1078280826373  5.0434183560786092 30.012166417975493 185.15527793685979  5.0434183560786101 29.785235286572117 185.18136349906553  5.0434183560786101 29.548440345709007 185.19357297564397  5.0434183560786083 29.337889504118611 185.06585549629759  5.0434183560786066 29.267497404930182 184.84528562511522  5.0434183560786083 29.24399615967738 184.61453931260476  5.0434183560786101 29.350944470817016 184.41274618118527  5.0434183560786066 29.413864544463301 184.19698516962453  5.0434183560786128 29.537391770878145 184.0108360271858  5.043418356078603 29.673235005075295 183.83353985894936  5.0434183560786119 29.802530842709064 183.65131275944975  5.0434183560786092 29.953950564463231 183.48656405022945  5.0434183560786048 30.10173569669406 183.31635337861147  5.0434183560786101 30.247949994936949 183.14969458063473  5.0434183560786066 30.396996285324601 182.98091571104646  5.043418356078611 30.550908682523815 182.81764242118697  5.0434183560786083 30.701898508900005 182.65190691320913  5.0434183560786083 30.848700152562962 182.48141378561226  5.0434183560786083 30.998376931424524 182.31285794474343  5.0434183560786083 31.150332348605797 182.14770496725976  5.0434183560786092 31.302892701198452 181.98265406905631  5.0434183560786057 31.450805394155037 181.81014552023493  5.0434183560786101 31.604444133196527 181.64502674764739  5.0434183560786066 31.754588553916872 181.47619293006258  5.0434183560786066 31.911452769015252 181.30925023580386  5.0434183560786119 32.067681698312789 181.14715355882669  5.0434183560786057 32.223435163859399 180.97451156677869  5.0434183560786101 32.376232070497785 180.80837543848992  5.0434183560786066 32.535522436012755 180.63987768666962  5.0434183560786137 32.69241145652731 180.47248077270322  5.0434183560786066 32.852373130808672 180.30585437604498  5.0434183560786119 33.016995885133326 180.14047400969366  5.0434183560786083 33.179420613529089 179.9751282854705  5.0434183560786092 33.346091161519311 179.81163698920022  5.0434183560786048 33.514680997436542 179.64641075222897  5.0434183560786119 33.677943521344417 179.48331396650744  5.0434183560786066 33.849154644633607 179.3239693899196  5.0434183560786092 34.017118960630391 179.16168448720779  5.0434183560786074 34.186066090244587 178.99713319134327  5.0434183560786083 34.356486358542789 178.8439792881714  5.0434183560786066 34.535410235444324 178.69197897935939  5.0434183560786083 34.713193000895615 178.53796002507309  5.0434183560786092 34.893063281328331 178.39222743004689  5.0434183560786057 35.071545955768975 178.24210493185325  5.0434183560786146 35.257159795255532 178.10731918600553  5.043418356078603 35.451355393902958 177.9640675598541  5.0434183560786092 35.634070610684262 177.82202561873322  5.0434183560786119 35.821075130280924 177.68994459989528  5.0434183560786048 36.021198125415808 177.56261916177783  5.0434183560786137 36.214071019499578 177.43153162642776  5.0434183560786074 36.419237391210913 177.32511107350547  5.0434183560786101 36.61561889969061 177.20190745277884  5.0434183560786048 36.822466377039483 177.09129938845018  5.0434183560786119 37.02963333852005 176.9833679962463  5.0434183560786092 37.242831468094828 176.88520748362691  5.0434183560786066 37.454453869059009 176.79233662218618  5.0434183560786083 37.674030901228519 176.71696022008763  5.0434183560786012 37.894389177330346 176.63922435431007  5.0434183560786536 38.115532455179938 176.56548561893015  5.0434183560784378 38.341581931037318 176.51261431907122  5.0434183560792532 38.567170970210107 176.45480650284222  5.043418356076196 38.79670324197545 176.42116623337427  5.04341835608761 39.027717875095057 176.40343071644972  5.0434183560593135 39.177812139759972 176.37282384804843  5.0434183560786083 39.258931107177496 176.39029353976844  
7.0127453402795501 39.697915786765066 176.70631952897378  7.2104852036955043 39.235583713772002 174.5284685584183  7.393205398842654 40.269617367919373 177.64723981277109  7.3189717825926781 40.2437405802564 176.31029411384509  7.3392391229298592 40.653546756715251 176.65911199322636  7.3337319182445357 40.936231214275153 176.60620488305588  7.3352127539628649 41.25410923082368 176.6794205404407  7.3348163068016436 41.536247726868055 176.80262534063894  7.3349223603869795 41.825243683202331 176.91126960025053  7.3348939333665806 42.098010184431701 177.05572423103425  7.3349015679193972 42.365519291624437 177.21652583278097  7.3348995201969487 42.644721414632599 177.35699369000304  7.3349000675823905 42.886007050842551 177.55422739825104  7.3348999219221236 43.159707155012867 177.70552506244121  7.3348999610127779 43.39436888304661 177.90862840653995  7.3348999504857098 43.627514689839529 178.11269395165169  7.3348999533041486 43.843510072445461 178.3376304141695  7.3348999525475085 44.046153770374261 178.57176313921263  7.3348999527502894 44.249691607259834 178.80580816062343  7.3348999526959133 44.408764452548361 179.07366452136881  7.3348999527104963 44.573312210311656 179.33723540331971  7.334899952706575 44.697516003361642 179.62444969452835  7.334899952707632 44.817640037900617 179.91350537113448  7.3348999527073468 44.919735689223813 180.20794354713223  7.334899952707433 45.037941895326284 180.49758615065628  7.3348999527074001 45.14669265937308 180.78815307843908  7.3348999527074126 45.252878215131489 181.07986921217969  7.3348999527074072 45.383452326863264 181.36043463863155  7.3348999527074072 45.525859746924084 181.63826101648624  7.3348999527074179 45.676712491808715 181.92118654326953  7.3348999527074081 45.810809860975198 182.22798840719304  7.3348999527074081 45.917089887469857 182.55276535102826  7.334899952707401 45.848382995881806 182.89459696293275  7.3348999527074072 45.805388839145706 183.23013604544224  7.3348999527074144 45.59695000304238 183.5312504643735  7.3348999527074028 45.259997939991521 183.6645173271537  7.3348999527074135 44.912274313197059 183.73317598602478  7.3348999527074028 44.594895459036451 183.79533867683145  7.3348999527074019 44.319346595287683 183.88392680816776  7.3348999527074161 44.02697432253693 183.92949910802179  7.3348999527074064 43.725219733572658 183.93565843101749  7.3348999527074126 43.406356708099949 183.91652863392545  7.3348999527074072 43.106047199889261 183.75443558801811  7.3348999527074064 42.917616841407337 183.46543845432845  7.3348999527074108 42.825896037358227 183.13271978164801  7.3348999527074064 42.695472751541651 182.84464939769794  7.334899952707409 42.553874271466 182.54146815906574  7.3348999527074099 42.445642969629546 182.22130224125999  7.3348999527074019 42.300098034122961 181.91823223303214  7.3348999527074179 42.14581241927835 181.61339148086847  7.3348999527074019 41.916915052381469 181.37866098898209  7.3348999527074179 41.689638985034819 181.13308649227665  7.3348999527074055 41.409092695059279 180.94503240854903  7.3348999527074064 41.119089369814674 180.77477961791217  7.3348999527074072 40.805479007608284 180.66313187124825  7.3348999527074099 40.490655014637412 180.57658162023085  7.334899952707401 40.165423434769139 180.51088532037949  7.3348999527074215 39.837273090766466 180.5513204563434  7.3348999527074037 39.522152664501398 180.56848369827054  7.3348999527074179 39.218582176426246 180.66270506345944  7.3348999527074028 38.923012970480002 180.7780898082809  7.3348999527074197 38.644212359533476 180.91984707411333  7.3348999527074037 38.381643777686563 181.09050096043075  7.3348999527074223 38.123495804413935 181.26066469179636  7.3348999527074055 37.856438467008225 181.41857080207259  7.3348999527074135 37.592978468515426 181.58448928902723  7.3348999527074037 37.343214205175862 181.7784757090198  7.334899952707417 37.096656561488246 181.96767180739744  7.334899952707401 36.889358847625807 182.20555852241756  7.3348999527074019 36.674175264282809 182.43703204806226  7.3348999527074072 36.457622045459061 182.6557910702349  7.3348999527074064 36.242628579679945 182.88467060783896  7.3348999527074072 35.997930657345485 183.07755147249324  7.334899952707401 35.784048186458193 183.30401193007532  7.3348999527074135 35.571122970106742 183.53022517198394  7.3348999527074126 35.352457907640229 183.75314738093766  7.3348999527074081 35.12497695661385 183.96453026203125  7.334899952707401 34.916872877091578 184.19608989877139  7.3348999527074144 34.714345433794563 184.43251007312841  7.334899952707401 34.508273437021437 184.66446304198195  7.3348999527074037 34.316439818875764 184.90965790246042  7.3348999527074215 34.134058912439187 185.17200935835183  7.3348999527074028 33.933388341474341 185.41231364610459  7.3348999527074206 33.745772248140014 185.66437058643032  7.334899952707401 33.569519808551405 185.93752046504454  7.3348999527074117 33.414161451677714 186.22141372054179  7.3348999527074135 33.258212274857968 186.50756803637586  7.3348999527074055 33.093651738390257 186.79218054502371  7.3348999527074064 32.911359566349546 187.0598842100797  7.3348999527074206 32.72904065439149 187.33201051258305  7.3348999527073966 32.469199229095437 187.51691975226149  7.3348999527074197 32.247469642189557 187.74767891455093  7.3348999527074117 31.965745855520797 187.90155137825559  7.334899952707409 31.664778628429893 188.01572994510315  7.3348999527073966 31.351453568775209 188.1012448389331  7.3348999527074099 31.031235762080154 188.18204822534895  7.3348999527074046 30.69501684798977 188.22661597440572  7.3348999527074055 30.354983953582689 188.2689310864437  7.3348999527074179 30.017292453581803 188.30236648324882  7.3348999527074028 29.710856355195411 188.38864892543796  7.3348999527074099 29.40612695824613 188.46464965264971  7.3348999527074055 29.117033370891125 188.66765775878633  7.3348999527074046 28.762833868725256 188.91731597221684  7.3348999527074126 28.381999025867067 189.16142513348242  7.334899952707401 27.923408153347886 189.32156642530882  7.3348999527074179 27.484462194788126 189.16473793900244  7.3348999527074072 27.342444515974591 188.71323621435798  7.3348999527074117 27.445989713384385 188.18775439060317  7.3348999527074037 27.700539419571847 187.73408918718007  7.3348999527074117 28.038792914329761 187.36076613098408  7.3348999527074126 28.338872914578324 187.1416167480358  7.3348999527073975 28.574786169948865 186.99520833608358  7.3348999527074152 28.769257777347256 186.81835461486452  7.3348999527074046 28.918160873834459 186.61855117274635  7.3348999527074072 29.081353520597148 186.35993049885559  7.3348999527074046 29.273985333157633 186.09716288780928  7.3348999527074117 29.466839860701711 185.82578475748454  7.3348999527074072 29.667706694295468 185.56656050591161  7.3348999527074046 29.863119492227995 185.31790619253724  7.3348999527074072 30.06161129117163 185.07666454289549  7.3348999527074099 30.249577588674281 184.83510797605351  7.3348999527074046 30.431838441693891 184.58726741669972  7.334899952707409 30.613888942257365 184.33106971583101  7.3348999527074099 30.806271661903416 184.08851652260213  7.334899952707401 31.00543814190036 183.8391585188576  7.3348999527074046 31.194666479071429 183.599234300327  7.3348999527074135 31.397586221011466 183.36118897579067  7.3348999527074144 31.597538312581062 183.12543005025702  7.3348999527074117 31.795288167217116 182.8852991866593  7.3348999527074108 31.997435341798603 182.65138986027733  7.3348999527074072 32.197919681137932 182.41848744046456  7.3348999527074152 32.404901284320026 182.18855720765191  7.334899952707401 32.608501470144688 181.95095829985146  7.3348999527074161 32.808486340334611 181.71982717187231  7.3348999527074019 33.010943374473662 181.48476472355352  7.3348999527074099 33.220975084688334 181.25763125909518  7.3348999527074037 33.427068151329564 181.02281233412546  7.3348999527074055 33.641914428075104 180.808066071762  7.3348999527074099 33.8564516272153 180.58253857646343  7.3348999527074064 34.069900198842717 180.35516732261863  7.3348999527074117 34.291673874331565 180.14234414425593  7.3348999527074064 34.511384369738444 179.92545295787474  7.3348999527074081 34.718687711672999 179.7011057689603  7.3348999527074108 34.958388162800503 179.48836842226342  7.3348999527074099 35.178405854943236 179.27483346863801  7.3348999527073993 35.391251877428701 179.05660898961327  7.3348999527074161 35.635542204871555 178.85601966847423  7.334899952707409 35.862363617766384 178.64469924885671  7.3348999527074081 36.095830076318478 178.44423392667892  7.3348999527074046 36.338486298764245 178.25501322010638  7.3348999527074188 36.595280137006135 178.07618798233506  7.3348999527074064 36.845525976387478 177.89182077880901  7.3348999527074046 37.112007622202022 177.72725377671293  7.3348999527074223 37.367266382500546 177.55359379439386  7.3348999527073273 37.648070244143085 177.41920917659291  7.334899952707719 37.915091287913675 177.25671740567199  7.3348999527062286 38.203857548627951 177.14116365447336  7.3348999527118357 38.495452776500777 177.03181221254556  7.3348999526907939 38.784425332236253 176.9137232824898  7.3348999527697396 39.089472833030214 176.84097854796835  7.3348999524749416 39.394945229484065 176.77410615271319  7.3348999532056052 39.577119063453488 176.67407570056491  7.3348999527074081 39.697915786765066 176.70631952897378  
9.0389250893833513 38.846036117687163 174.4485836724229  8.8473098328974462 38.398162059412734 172.29255567209646  8.9952234674623615 39.456916392956487 175.3421621080825  8.9351306902103094 39.470676537506449 173.98775232320668  8.9515372837443188 39.906365559973352 174.23744067016372  8.9470791522244717 40.23584675968641 174.0683401520721  8.9482779020020509 40.602810555880779 174.07128277207801  8.9479569744741259 40.971365921687102 174.07941225050206  8.9480428258013696 41.325572153576275 174.17754470378731  8.9480198138737315 41.67128706483345 174.30512141092726  8.9480259941126175 42.012650859913322 174.40451975182015  8.9480243364629608 42.34805592618644 174.52429941084119  8.9480247795763752 42.684556853980681 174.64986372782633  8.9480246616630836 42.998016212168977 174.83318653089739  8.9480246933073246 43.293645777218202 175.04120580275065  8.9480246847855671 43.55891501093403 175.27119346914293  8.9480246870671323 43.827120116668453 175.50818205030072  8.9480246864545858 44.05328814894176 175.7827070244482  8.9480246866187603 44.290881072249931 176.05494554772889  8.9480246865747546 44.502639392696473 176.34231958119651  8.9480246865865389 44.704337473382495 176.63712986434592  8.9480246865833806 44.907249390155613 176.93259934438441  8.9480246865842226 45.053589205609903 177.25907673769839  8.948024686584013 45.210686786879364 177.58138287139664  8.9480246865840467 45.299748954909852 177.92841506598558  8.9480246865840574 45.402742265419739 178.27140517262433  8.9480246865840449 45.467197298251861 178.62412880417963  8.9480246865840485 45.55256789429049 178.97338242177767  8.9480246865840414 45.622936873662979 179.32705650033662  8.9480246865840574 45.682289013666377 179.67721827533262  8.9480246865840432 45.775808317354844 180.02394845186097  8.948024686584052 45.85289551883826 180.36146713394908  8.9480246865840503 45.989483520396291 180.69489782086993  8.9480246865840538 46.076746669613073 181.04084065953037  8.9480246865840449 46.140040357592341 181.40165612630571  8.948024686584052 46.170378829187499 181.81160676145183  8.9480246865840467 46.095527374207578 182.22993730092674  8.9480246865840556 45.889669453314895 182.59907990101109  8.9480246865840574 45.483809048762247 182.76753071167809  8.9480246865840414 45.080540793519852 182.86124344618725  8.9480246865840556 44.693759371226108 182.88814900367419  8.9480246865840485 44.360820663831277 182.9299067215685  8.9480246865840449 44.022063227138418 182.98809510289936  8.9480246865840591 43.671549405138798 182.86410968578627  8.948024686584036 43.346857896412196 182.63799235750199  8.9480246865840627 43.197090128591313 182.25287506994931  8.9480246865840414 43.160570589018882 181.89557417233567  8.948024686584052 43.101180726074659 181.57218084010648  8.9480246865840485 43.051531654704647 181.23712410483591  8.9480246865840485 42.981431256560271 180.89421786997752  8.9480246865840485 42.921456749214009 180.52430572243517  8.9480246865840485 42.830755382658843 180.17145296417596  8.9480246865840414 42.74343669632421 179.80685678784459  8.9480246865840627 42.601269708748113 179.47006062663269  8.9480246865840449 42.428023983486639 179.12482667677403  8.948024686584052 42.176043639729855 178.82987991239233  8.9480246865840556 41.923716696657706 178.54182673815617  8.9480246865840449 41.607419402396772 178.28679699642001  8.9480246865840485 41.251405612627522 178.1191331510849  8.9480246865840378 40.875399701946463 177.98671626396003  8.948024686584052 40.484656050997785 177.92167537491218  8.9480246865840485 40.105753158291492 177.91133138308876  8.9480246865840449 39.726379514882211 177.96397376383078  8.948024686584052 39.37182782420264 178.08042603253023  8.9480246865840449 39.045109758275331 178.24834319670185  8.9480246865840556 38.740339075807256 178.43523428399405  8.9480246865840378 38.434836970393889 178.60205315428996  8.948024686584052 38.151694753447927 178.82155334621132  8.9480246865840556 37.853777946166559 179.0048611573265  8.9480246865840574 37.561970993063639 179.2220697906136  8.9480246865840414 37.298928118905906 179.45993026151206  8.9480246865840627 37.011230744550929 179.68235460483592  8.9480246865840485 36.763083539367166 179.9418268413614  8.948024686584052 36.508020643315341 180.19438305992031  8.9480246865840556 36.268336955043971 180.45816458347801  8.9480246865840449 36.036749808357577 180.73038437345969  8.9480246865840591 35.804910023864316 180.99995769962374  8.948024686584052 35.570592267969189 181.26933597968105  8.9480246865840449 35.334881525741814 181.5375696866696  8.948024686584052 35.092800436613857 181.8025135018797  8.9480246865840485 34.82772436386643 182.04453575031289  8.9480246865840449 34.569796605039294 182.29590570805186  8.948024686584052 34.327735072351715 182.55714757895842  8.9480246865840396 34.075866675772559 182.80821007886993  8.9480246865840627 33.823854761461781 183.06378221067592  8.9480246865840556 33.578099660912656 183.31868052569786  8.9480246865840467 33.324740332123639 183.56891839780872  8.9480246865840538 33.074381339064459 183.82056690823259  8.948024686584052 32.821434436579857 184.06992193683726  8.9480246865840467 32.577979970769299 184.32651822645281  8.9480246865840538 32.35266381946434 184.60451010820753  8.9480246865840414 32.113016105277694 184.86710625424058  8.9480246865840591 31.89766811749233 185.1575025577373  8.9480246865840449 31.691309891146517 185.46183851733832  8.9480246865840662 31.48475535989418 185.77181804198392  8.9480246865840432 31.301115189554622 186.10035055579874  8.9480246865840627 31.131765929012577 186.44634978705164  8.9480246865840485 30.978127501673075 186.80321218357312  8.9480246865840485 30.805610437901898 187.15127470463801  8.948024686584052 30.521341780453156 187.38774691591777  8.9480246865840556 30.222251271964911 187.6035567056399  8.9480246865840485 29.870290675452345 187.70073328778972  8.9480246865840556 29.512978934998493 187.73467278424687  8.9480246865840449 29.149936444508981 187.73748963709318  8.9480246865840556 28.801894858776222 187.74744569059737  8.9480246865840378 28.436443581118724 187.83234616427194  8.9480246865840449 28.054434176003596 188.08261799328227  8.9480246865840591 27.610801003950414 188.37916677327169  8.9480246865840485 27.10898858521864 188.59701278877759  8.9480246865840591 26.575122316913383 188.62349410094916  8.9480246865840378 26.283627129227725 188.138811414342  8.9480246865840627 26.393209428770767 187.54413496225686  8.9480246865840307 26.633322697156512 187.01779249004241  8.9480246865840627 27.05013077761879 186.58975187165856  8.9480246865840449 27.41409589780055 186.3844098537794  8.948024686584052 27.686684820284967 186.20409679220973  8.9480246865840627 27.912591669544856 186.01396805318717  8.9480246865840414 28.095807372413923 185.7795360450682  8.9480246865840627 28.266719527504016 185.4833537387338  8.9480246865840485 28.460504703157348 185.17023779400654  8.9480246865840432 28.675207659525654 184.85967093983476  8.9480246865840627 28.895591844308402 184.56270066030856  8.9480246865840414 29.123999020965847 184.28401995369617  8.948024686584052 29.335783301298129 184.0077198106616  8.9480246865840591 29.552057301233436 183.72034489939912  8.9480246865840467 29.754357394968487 183.43303214425566  8.9480246865840591 29.965588556117162 183.13979935706573  8.9480246865840414 30.173968055343249 182.84890611935981  8.948024686584052 30.382722392057964 182.55597875546096  8.9480246865840485 30.607091492705194 182.27618416148096  8.9480246865840449 30.821110378743615 181.99197274717662  8.9480246865840591 31.036143580726279 181.70541256068913  8.9480246865840432 31.253717461798445 181.41603172555082  8.9480246865840662 31.467865454384608 181.13380197823298  8.9480246865840485 31.68682321384431 180.84937918055422  8.948024686584052 31.91107569865019 180.56945283446444  8.9480246865840538 32.135172676968054 180.28520043910345  8.9480246865840485 32.362386924805008 180.01606121385913  8.948024686584052 32.597032947526543 179.74216021734321  8.9480246865840432 32.831154460385498 179.46697795076832  8.948024686584052 33.060348143838169 179.19490197638541  8.9480246865840396 33.302711722064586 178.93102826826987  8.9480246865840556 33.540350236160947 178.6713091026368  8.9480246865840378 33.788079223270174 178.39511584044021  8.948024686584052 34.040027720575203 178.14386567735764  8.9480246865840591 34.28554263448283 177.8926805506868  8.9480246865840449 34.52982329866321 177.6219850498631  8.9480246865840485 34.791821031102813 177.37771895704759  8.9480246865840556 35.061175230367766 177.14623805691633  8.948024686584052 35.323977929416458 176.90589033362451  8.9480246865840343 35.581164281239467 176.65200595784404  8.9480246865840556 35.858387695215896 176.42303173168716  8.948024686584052 36.131838171687434 176.18613155211048  8.9480246865840556 36.410268475936704 175.96588752995137  8.9480246865840645 36.686809014986437 175.73753753594616  8.9480246865839579 36.991027444770438 175.54430766007215  8.9480246865844304 37.283635943427456 175.3316131539232  8.9480246865826469 37.585668463656575 175.13594680517875  8.9480246865892958 37.884512663308016 174.93594761699856  8.9480246865643949 38.187587785256511 174.73916384814351  8.9480246866573658 38.512315083789915 174.58647543858837  8.9480246864269262 38.743308861033597 174.51940832947213  8.948024686584052 38.846036117687163 174.4485836724229  
11.067974638326461 38.17839755164394 173.30039874805431  10.954891943083798 37.741909894436205 171.14781647880471  11.159856094096751 38.804806997419732 174.03719570645387  11.076585440193163 38.84640513971344 172.5806743731406  11.099320082098235 39.319282670060815 172.7211031815022  11.09314244239142 39.695603056995893 172.47984942725196  11.094803551802716 40.108401665256508 172.35860415861825  11.094358842033492 40.512770356735473 172.21087928156805  11.094477806349715 40.948306937967658 172.12925699355782  11.094445918686208 41.382052388749315 172.05228724803732  11.09445448265272 41.819187554468655 172.138386240903  11.094452185645066 42.239518908703147 172.25416044548152  11.094452799667991 42.645415316570976 172.38478210713527  11.094452636275369 43.057349972842999 172.50390179086867  11.094452680124824 43.456910469944987 172.65779312041283  11.094452668316222 43.811452814613205 172.92295025663742  11.09445267147777 44.142150859071577 173.21391165244802  11.094452670629018 44.449848596088856 173.51237438609309  11.094452670856487 44.766297474124471 173.79309719831815  11.094452670795491 45.029751666672709 174.13213113070719  11.094452670811863 45.288766881632213 174.47282989933308  11.094452670807453 45.479860649600276 174.85849207433449  11.094452670808645 45.693553802335373 175.22877578048787  11.094452670808295 45.840456679241953 175.62986144074705  11.094452670808424 46.013519265678994 176.02130018940841  11.094452670808362 46.116540184931047 176.43699735607586  11.094452670808408 46.239746967727555 176.84746791002789  11.094452670808376 46.315770158972924 177.26833077071925  11.094452670808383 46.381575363022236 177.69083608240271  11.094452670808408 46.444202546487681 178.11019389931312  11.094452670808373 46.496103335558594 178.54236928310621  11.094452670808399 46.569785495558541 178.96316001193853  11.094452670808359 46.622419264697214 179.39027426367221  11.094452670808398 46.702777681939509 179.81078236001088  11.094452670808378 46.751892603011363 180.23403626225621  11.094452670808385 46.879798478735829 180.62909214277761  11.094452670808392 47.049210398930654 181.01713971343176  11.094452670808383 47.232346923074367 181.43095790426975  11.094452670808382 47.319827939971347 181.91466191867232  11.094452670808387 47.273287108195561 182.41503553551007  11.094452670808394 47.026193577261438 182.8716022427005  11.094452670808373 46.547436946689587 183.1153181330796  11.094452670808412 46.00624533094836 183.21783124140768  11.094452670808366 45.49977562920229 183.32305326415621  11.094452670808405 45.069540694889483 183.38451262910402  11.094452670808375 44.608759576946369 183.34472229252026  11.094452670808396 44.242618308352462 183.00492587604805  11.094452670808391 44.06788280030618 182.51880370841798  11.094452670808387 44.021740072391417 182.02268558311351  11.094452670808383 44.00893222373432 181.57213680940777  11.094452670808391 43.973320845417661 181.1811424002797  11.094452670808385 43.910536070881378 180.77609146143234  11.094452670808392 43.838741823755079 180.35469924669962  11.094452670808375 43.793146271457822 179.91983509450256  11.094452670808391 43.760417851481556 179.48672175032539  11.09445267080838 43.72556058578089 179.0528171590793  11.094452670808387 43.65478349157064 178.63015856713031  11.094452670808385 43.575980441658373 178.19932745528683  11.094452670808398 43.460238485797561 177.76435188919447  11.094452670808385 43.268922517108621 177.35019789419923  11.094452670808398 43.008083951570761 176.95627329539423  11.094452670808378 42.663690617964292 176.62231070471643  11.094452670808407 42.270112733254578 176.33275960363073  11.094452670808383 41.817246739972973 176.1204882960983  11.094452670808383 41.335676501952037 176.00084427749846  11.094452670808394 40.839751616815519 175.97227440057023  11.094452670808387 40.370849127892711 176.10026196422979  11.094452670808383 39.946548840847349 176.23956469236498  11.094452670808387 39.557576563765494 176.47128650483967  11.094452670808373 39.192095368215007 176.69750939920942  11.094452670808394 38.853839396792445 176.94648866407371  11.09445267080838 38.523194723658548 177.20799789129546  11.094452670808376 38.194190920518636 177.47198769206318  11.094452670808394 37.855044875291199 177.73249503191306  11.094452670808391 37.516370120104668 178.00165388555499  11.094452670808383 37.194969226657292 178.29544394199502  11.09445267080838 36.887187966642827 178.59962699250676  11.094452670808394 36.623884709288021 178.94298518991047  11.094452670808387 36.345401562971276 179.26680457983639  11.094452670808382 36.104934761920518 179.62095234302444  11.09445267080838 35.881287667071355 179.98473098561374  11.094452670808387 35.614301229529715 180.31868862715402  11.094452670808391 35.332533586959421 180.63584104646827  11.094452670808408 35.057635499376396 180.96213644458902  11.09445267080836 34.756835677511518 181.27461859616986  11.094452670808398 34.466616424061598 181.58783876941931  11.094452670808373 34.182271869149488 181.90983409918158  11.094452670808405 33.898976641507709 182.23184442648466  11.094452670808362 33.633980022683815 182.57003350655421  11.094452670808412 33.351636612468198 182.89401757622761  11.094452670808359 33.072024834649916 183.21722410606287  11.094452670808399 32.803133801527096 183.5507502795279  11.094452670808376 32.531904779536546 183.87910321692939  11.094452670808385 32.235966317643474 184.18539392976982  11.094452670808373 31.969227719199893 184.51435944746393  11.094452670808378 31.684196531983758 184.82844830246518  11.094452670808383 31.392924999905574 185.13583112998296  11.094452670808387 31.098464165039395 185.44169400843458  11.09445267080838 30.814649747342585 185.75214921300613  11.094452670808391 30.56744129239771 186.10150024490775  11.09445267080838 30.323417050267452 186.45652675136165  11.094452670808401 30.087882047531295 186.83677955641153  11.094452670808362 29.863744207261593 187.24461968065756  11.094452670808398 29.647775263233918 187.66855263817831  11.094452670808385 29.440179509967592 188.09586009964795  11.094452670808383 29.280392948404849 188.53982493995352  11.094452670808405 28.879589834731455 188.7034281027465  11.094452670808382 28.48111054155703 188.76871153642486  11.094452670808375 28.083643079939833 188.85014119196367  11.09445267080838 27.628585864248102 188.89064743847121  11.09445267080838 27.101539660208342 189.07749922909983  11.094452670808391 26.59887530424934 189.461027891973  11.094452670808387 26.038700511761213 189.72210028720309  11.094452670808389 25.329946920125316 189.80495510069551  11.094452670808387 25.028038049177685 189.17747352512038  11.094452670808366 25.169200234517284 188.51043197988292  11.094452670808405 25.504965285148081 187.88611443912811  11.094452670808368 25.974241295177279 187.41794648580606  11.094452670808394 26.429878969408012 187.1478655472061  11.09445267080838 26.791049656728628 186.91844043616248  11.094452670808385 27.019826732614938 186.6622996601985  11.094452670808376 27.213400875225318 186.34295857133441  11.094452670808394 27.42099365485139 185.96157962427372  11.094452670808398 27.664539938251721 185.59103766968266  11.094452670808373 27.915369882584599 185.20943651313956  11.094452670808373 28.156670465720325 184.86512240522239  11.094452670808376 28.3974072870074 184.51161553897498  11.09445267080841 28.636954476615465 184.1652760364463  11.09445267080836 28.872420602851161 183.81181101313837  11.094452670808405 29.100427230392306 183.44843049752626  11.094452670808387 29.351548122498585 183.1050355499797  11.094452670808383 29.599929718297922 182.7560513689956  11.094452670808382 29.856195286790808 182.4067736487371  11.094452670808373 30.105741648125765 182.06614316101772  11.094452670808391 30.36785848069594 181.72737089923947  11.094452670808387 30.624526982428542 181.38524864885702  11.094452670808378 30.881969197383732 181.03867824348652  11.094452670808398 31.127778801241394 180.69806988901672  11.094452670808359 31.378660157537716 180.34842422078697  11.094452670808408 31.630382757759822 179.99847754817068  11.094452670808373 31.891359947888908 179.66407575954983  11.094452670808398 32.151261292742575 179.3249591218493  11.09445267080838 32.404423631421814 178.98894027726524  11.094452670808399 32.680593211682549 178.64349157215639  11.094452670808375 32.940132764009697 178.30762644544552  11.094452670808385 33.210826627884344 177.98614398554832  11.094452670808376 33.504070920246093 177.66461440013205  11.094452670808394 33.78572408142491 177.34211616946854  11.094452670808387 34.057696746892418 177.01648553735546  11.09445267080838 34.347984272203959 176.70598697949447  11.094452670808394 34.645134380036112 176.39476297373918  11.094452670808394 34.933954964609931 176.07729072081253  11.094452670808382 35.237092123027381 175.77060107670997  11.094452670808405 35.545754818891062 175.47875610482271  11.094452670808229 35.857478495685726 175.18873325350268  11.094452670809039 36.17609611224897 174.89818866650737  11.094452670805911 36.469894445035308 174.58665579882899  11.094452670817695 36.797788753080617 174.3111594707043  11.094452670773393 37.115728992586952 174.02465019314445  11.094452670939695 37.459936449576503 173.77325979762168  11.094452670318599 37.826887934207917 173.54844563920039  11.094452671858042 38.045885133281232 173.36181647784124  11.094452670808383 38.17839755164394 173.30039874805431  
13.026499264389171 37.25757060521034 172.4110104877044  12.859275928365092 36.832693209055137 170.25993929240138  13.093813106369284 37.879950263875358 173.04236877889394  12.998527837796251 37.91971204773975 171.49862220053896  13.024542722491965 38.400161244276937 171.53832310787294  13.017473748837757 38.767613764275097 171.15615293179539  13.019374529592662 39.19331378767874 170.9244159466954  13.018865655363674 39.63405821679693 170.70694905966522  13.01900178431541 40.050195228296261 170.44526153464855  13.018965295775416 40.508384744079251 170.26415803842309  13.018975095384457 40.969368464221304 170.08141110838801  13.018972466955523 41.462352362332879 169.94553914863531  13.018973169572099 41.963873583332493 169.94029307353827  13.018972982604556 42.468835691274059 170.00971191368748  13.018973032780789 42.957772776232403 170.1438169056716  13.018973019268378 43.449408145436799 170.165589844479  13.018973022886108 43.947548641862468 170.23971481923104  13.01897302191486 44.399246769564321 170.46121844344944  13.018973022175162 44.762392646369712 170.82003050522795  13.018973022105394 45.120927269779862 171.14910671169588  13.018973022124078 45.416586360398369 171.53838334779476  13.018973022119066 45.740672839092213 171.90482327820661  13.018973022120397 46.00433868405878 172.32101541550657  13.018973022120093 46.231503218771962 172.76032615282639  13.018973022120123 46.367227739739278 173.23466200859951  13.018973022120139 46.529810180702327 173.69226605055721  13.018973022120106 46.64018865550716 174.16478066435241  13.018973022120129 46.748681991432413 174.63701351179179  13.018973022120136 46.843133777650252 175.11435078750054  13.018973022120115 46.905088856169755 175.59298375434591  13.018973022120134 46.972241812356785 176.08308488409932  13.018973022120104 47.014083075645431 176.56557713229955  13.018973022120148 47.048717629864122 177.05198126717073  13.018973022120113 47.085798040780048 177.53931840543135  13.018973022120138 47.148006707663399 178.02253860534665  13.018973022120111 47.234914651237702 178.50708934389053  13.018973022120123 47.344445063680908 178.98664675642397  13.018973022120125 47.336373616542701 179.47695783441418  13.018973022120131 47.383050051823716 179.94440188101299  13.01897302212012 47.538497723639736 180.39539487834139  13.018973022120134 47.766550380717781 180.85906065341527  13.018973022120132 47.937484469489092 181.39984714813667  13.018973022120116 48.155408390087302 181.97671170446796  13.018973022120141 48.151223159773835 182.58212493235706  13.018973022120095 47.638333272932215 182.97736842009499  13.018973022120157 47.039382849583227 183.16489801440423  13.018973022120111 46.406224047575918 183.34134728922953  13.018973022120143 45.808019697425941 183.43330458941074  13.01897302212012 45.247144064693416 183.33754697885061  13.018973022120141 44.831294372773584 182.97757177844466  13.018973022120122 44.706203442066176 182.37269454795057  13.018973022120138 44.700994214949837 181.81549860200019  13.018973022120118 44.738828941408883 181.32277427148185  13.01897302212015 44.663668106791782 180.89996386787575  13.018973022120102 44.554966764123215 180.44424515467864  13.018973022120139 44.455719348680795 179.95830001213898  13.01897302212012 44.412314489541508 179.45705873648188  13.018973022120123 44.351470784074124 178.95780817380449  13.018973022120134 44.306595114707001 178.4698161825558  13.018973022120104 44.294517385809208 177.97336580640746  13.018973022120127 44.283590332710432 177.47718476497207  13.018973022120138 44.295910678186644 176.97617741245807  13.018973022120104 44.26223118282919 176.4671434976357  13.018973022120127 44.200205889072215 175.95072412632197  13.018973022120141 44.023927878496899 175.44175646192821  13.018973022120115 43.780759458743475 174.95611805014676  13.018973022120122 43.410812280564421 174.4895494429972  13.018973022120125 42.890064149297132 174.19297393543539  13.018973022120132 42.35625686866112 173.93191667388629  13.018973022120125 41.750777713908306 173.87806485318458  13.018973022120122 41.187663312682517 173.92613379710724  13.018973022120132 40.654745172423937 174.09520716110052  13.018973022120127 40.213944667166501 174.36350574433726  13.018973022120115 39.846303559159793 174.68910446564843  13.018973022120136 39.511279001008873 175.01441735667788  13.018973022120125 39.169358580584934 175.3274375698013  13.018973022120136 38.796835578247482 175.60743075494105  13.018973022120122 38.369841498215749 175.86129315018974  13.018973022120116 37.973269634788416 176.16158458193772  13.018973022120138 37.594555182118391 176.49049621243219  13.018973022120116 37.222867564799444 176.82776829141181  13.018973022120139 36.873102983216128 177.19096444214733  13.018973022120116 36.537595594884891 177.55476749732475  13.018973022120115 36.226802044786325 177.92570384639427  13.01897302212015 35.957753183068832 178.33724612166921  13.018973022120107 35.678895453599921 178.7318801150015  13.018973022120152 35.409448727729455 179.13550321785124  13.018973022120088 35.094213164878383 179.50544202693951  13.018973022120159 34.778160962551262 179.87112588143626  13.018973022120102 34.475253179724888 180.24779776815544  13.018973022120154 34.179382445552683 180.63524070732529  13.018973022120104 33.863765539132729 181.00762666451519  13.018973022120148 33.529501764172998 181.36667150713282  13.018973022120131 33.245580745415033 181.7657868783821  13.018973022120129 32.918689689159024 182.13112090748945  13.018973022120145 32.628304975356386 182.52569474578257  13.018973022120113 32.331657516354298 182.91473628556327  13.018973022120122 32.057714433071169 183.32069465926187  13.018973022120147 31.759964619901844 183.70758344101372  13.018973022120115 31.457904185113303 184.0914908310925  13.018973022120148 31.149141883943418 184.4700956648287  13.018973022120095 30.845431790604838 184.84292662147047  13.018973022120147 30.538660316485991 185.20960183560896  13.018973022120115 30.236824415844794 185.57876243279213  13.018973022120131 29.935829112727905 185.9480189805987  13.018973022120115 29.616147628929731 186.30843310083571  13.018973022120116 29.373368280199596 186.75731760281067  13.018973022120118 29.108015994545077 187.21372229129122  13.018973022120131 28.884070925160167 187.70351973686905  13.018973022120139 28.838249571755174 188.27504401333584  13.01897302212012 28.813245790396465 188.85172576991721  13.018973022120127 28.304318029692396 188.93135436288873  13.01897302212012 27.821703641649364 189.05377125166328  13.018973022120131 27.377606078176299 189.19143712430306  13.018973022120129 26.833600605014762 189.48253708608982  13.018973022120116 26.181592401137621 189.80741678751428  13.018973022120132 25.498360486716109 190.14765040263126  13.018973022120123 24.756392824639754 190.14848492793388  13.01897302212012 24.304728649347567 189.52638954833935  13.018973022120122 24.306392027608968 188.76917680240771  13.018973022120104 24.742442749330429 188.06199542732207  13.018973022120141 25.33519345521389 187.62197025324349  13.018973022120109 25.790311804711603 187.346308406383  13.018973022120134 26.080466562327366 187.06342164847342  13.018973022120109 26.290673600025379 186.70481325545472  13.018973022120148 26.523236511232888 186.28559884594301  13.018973022120139 26.775078253815614 185.84865919201539  13.018973022120123 27.051917221464013 185.42616619201095  13.01897302212015 27.330604814642491 185.00700319466534  13.018973022120116 27.604269648901166 184.60822755505103  13.018973022120127 27.871499108369257 184.20709065392512  13.018973022120139 28.125111916813964 183.79387348684151  13.018973022120118 28.405873113574017 183.39326250822944  13.018973022120143 28.681370623826488 182.99649811411157  13.018973022120127 28.952096036851763 182.58824591015372  13.018973022120115 29.214310708670713 182.17514729766998  13.018973022120118 29.496790644442726 181.77127046752486  13.018973022120132 29.763296945137984 181.37374473842118  13.018973022120139 30.039631020132557 180.96864947646282  13.018973022120115 30.324753219775555 180.56871950290829  13.018973022120132 30.611586002089087 180.17884322455257  13.018973022120107 30.893729718107902 179.78156106126454  13.018973022120148 31.178118246148419 179.39569640511553  13.018973022120111 31.474457074428795 178.9873036230718  13.018973022120131 31.768046012563364 178.60324094261534  13.018973022120123 32.048406086625434 178.21540631916798  13.018973022120141 32.336179322362696 177.81085803275889  13.018973022120134 32.628320653988808 177.42014850326601  13.018973022120122 32.938545164012069 177.050121555201  13.018973022120136 33.242067240647216 176.67187769323237  13.018973022120107 33.564817454693554 176.30178524301698  13.018973022120136 33.874495757026168 175.92401796802864  13.018973022120131 34.193924966898329 175.5501908122813  13.018973022120107 34.508168267824175 175.18212038017606  13.018973022120237 34.841605922981714 174.82723539646986  13.018973022119692 35.167987216508763 174.46209951288472  13.018973022121767 35.510582583762357 174.1148337899283  13.018973022113997 35.843940797895741 173.75893819298005  13.01897302214314 36.201241963102888 173.42629606586218  13.018973022033808 36.56502122906425 173.10014264299923  13.018973022442085 36.905254780859934 172.75109517951506  13.018973021430147 37.126848280649625 172.51117336892128  13.018973022120127 37.25757060521034 172.4110104877044  
15.079555875301249 36.519005550530288 171.61415093215163  14.895627664257253 36.104490434695329 169.4642893437227  15.169022757908179 37.160243866663151 172.14576500717567  15.057950708918957 37.238584996902688 170.55110909819018  15.088275717082764 37.717002756462705 170.475816771952  15.080035562022301 38.102471110140428 170.00604558876961  15.082251262479272 38.528888360506109 169.65446466307571  15.081658078410738 38.959853151130602 169.28396213936517  15.081816761088723 39.402591624617031 168.93850591539487  15.081774227159199 39.862468636390609 168.60618355060666  15.081785650358924 40.366248191298638 168.35064737497072  15.081782586454223 40.826977259695198 168.02688646179999  15.081783405479669 41.352288068904613 167.79500468061707  15.081783187535505 41.875532291722585 167.53859331272594  15.081783246024862 42.423104159859818 167.30880661089503  15.081783230273786 43.002547974987039 167.33229099082911  15.081783234490842 43.577150573509364 167.38570558769641  15.081783233358722 44.15274337168799 167.40795821726181  15.081783233662131 44.751166957532732 167.43421392044741  15.081783233580786 45.26245381368993 167.71444733742393  15.081783233602593 45.740578787255259 168.05100139873952  15.081783233596747 46.045966187362339 168.52645560088351  15.08178323359831 46.374579941943601 168.95490972081814  15.081783233597873 46.596329345234253 169.44906670240286  15.081783233598014 46.886354027492445 169.91870640309199  15.081783233597958 47.099939352396134 170.4480775452021  15.081783233597998 47.267937975912474 170.99682881554864  15.081783233597978 47.344523927979672 171.56478612617539  15.081783233597978 47.400578774925847 172.13465953529624  15.081783233597996 47.435578943627434 172.69398254327837  15.081783233597973 47.464738116834788 173.26095339920406  15.081783233598001 47.504655100941633 173.81361584298492  15.08178323359796 47.537648063688479 174.37206006305072  15.081783233597985 47.54278398498974 174.9319683894243  15.081783233597985 47.564438381943489 175.49483754833011  15.08178323359799 47.607083746990085 176.05608031738038  15.081783233597992 47.66695394234948 176.61649244392589  15.081783233597976 47.778458542161104 177.17179673353081  15.081783233597967 47.849150196610317 177.73520800117831  15.081783233598005 47.878956343176682 178.30373525760746  15.081783233597967 47.791583111987748 178.87480639312591  15.08178323359799 47.884461095500583 179.4081032030208  15.081783233597987 48.011471659680581 179.91614869642692  15.081783233597994 48.20887816282827 180.41231039594916  15.08178323359798 48.582390388177672 180.96819492068806  15.081783233597983 48.870607471082728 181.60391518404532  15.081783233597983 49.039605084338078 182.29603542406386  15.081783233597982 48.669850140863829 182.89218548994978  15.081783233597966 48.013787897419384 183.22987383735972  15.081783233597985 47.244238532404339 183.38878111335885  15.081783233597989 46.420365264657477 183.55212457718869  15.081783233597985 45.697281333765403 183.39351801805893  15.081783233597971 45.2176095963774 182.84786940328331  15.081783233597969 45.223608002136359 182.06701404126005  15.081783233597992 45.336536369334958 181.3813736513228  15.081783233597978 45.425079308013451 180.83661798715224  15.081783233597994 45.36458566180653 180.35937674858974  15.081783233597987 45.287354196752354 179.86465825115238  15.081783233597973 45.199235119783317 179.36185961328675  15.081783233598001 45.089546659683222 178.84587478645744  15.08178323359798 44.975994570601159 178.29568205404001  15.081783233597967 44.879968621449535 177.73512796081235  15.081783233598008 44.840265110306895 177.16612851774377  15.081783233597974 44.776843259947299 176.605876682347  15.081783233597974 44.825047731116449 176.03506357197318  15.081783233598001 44.842972777562771 175.46166958954137  15.081783233597971 44.923375854158522 174.88310177014756  15.081783233597983 45.023096087180456 174.25936809439634  15.081783233597978 44.993084584123622 173.65193084682664  15.081783233597989 44.863864725828336 173.00879289115704  15.081783233597969 44.563213861131103 172.43246541926243  15.08178323359799 44.08748080467258 171.92995493486052  15.081783233597973 43.425421019925025 171.63696650002697  15.081783233597983 42.670167633270182 171.51068789738906  15.081783233598001 41.941487949083914 171.62697094767702  15.081783233597964 41.28422398395891 171.87594770720736  15.08178323359799 40.763475045719602 172.25292498861035  15.081783233597983 40.336181351804015 172.59585046577951  15.081783233597985 39.945636699201714 172.95386217607322  15.081783233597985 39.558340011665777 173.29283921530998  15.081783233597966 39.182689579763846 173.62935800082221  15.08178323359799 38.800404379782364 173.969470742954  15.081783233597973 38.445921176717007 174.35551426235173  15.081783233597996 38.045147853420644 174.75466712755531  15.081783233597958 37.643946226590813 175.17266750257284  15.081783233598008 37.243834929030157 175.57993463844542  15.081783233597955 36.832865572983408 175.98919139512742  15.081783233598026 36.465372451980429 176.42136330787184  15.081783233597953 36.112287500250943 176.87707290930965  15.081783233597994 35.718468041735477 177.30026989145506  15.081783233597964 35.333971051971716 177.71129780320649  15.081783233598008 35.019138805106657 178.1761891180615  15.081783233597974 34.724923316664338 178.65057670119907  15.081783233597973 34.385363149993935 179.0930440906975  15.081783233597976 34.045985637836338 179.53491952456847  15.081783233597953 33.703161383178163 179.97430138304981  15.081783233597994 33.366870366434625 180.42264549454848  15.08178323359799 33.012992070065543 180.85940092211874  15.081783233597964 32.689901627196448 181.31694010849492  15.081783233597996 32.351923094845482 181.76735988936747  15.081783233597967 32.0260415345059 182.22760578865015  15.081783233598006 31.708426916105587 182.69164392202347  15.081783233597962 31.379747534081133 183.15074110791966  15.081783233597996 31.042532086714594 183.60574175340503  15.081783233597994 30.726669535253762 184.07360128024715  15.081783233597983 30.411862171513977 184.54081100231656  15.081783233598005 30.073828230828681 184.98394914681376  15.081783233597983 29.752671371579691 185.42906920967431  15.081783233597973 29.411182074209886 185.859153409366  15.081783233597978 29.029909158379684 186.27438695985472  15.081783233597974 28.626167136087247 186.68256068110662  15.081783233597987 28.397163475859657 187.25110101367619  15.081783233597974 28.375697360773149 187.91967015712305  15.081783233597998 28.196073089974583 188.51057525474835  15.081783233597978 27.905011396108918 188.973613749474  15.081783233597974 27.582268984209769 189.37095345103359  15.081783233598008 27.113488444875742 189.5937874066131  15.081783233597966 26.621663408556298 189.80545477488286  15.081783233597998 26.015867194672271 190.11550730003512  15.081783233597969 25.278136313852571 190.44226638351506  15.081783233598008 24.460399082771378 190.83805718187847  15.081783233597973 23.574629541519727 190.59263041107036  15.081783233597992 23.332687199564809 189.71674374421366  15.081783233597994 23.716296092685603 188.90478418949812  15.081783233597998 24.337335012096581 188.2335864398992  15.08178323359796 24.835018751806366 187.89813965653354  15.081783233597983 25.202784939845166 187.52173101610035  15.081783233597985 25.462231954138943 187.11625049907428  15.081783233597957 25.699780065412426 186.67015254786475  15.081783233597992 25.96737445238233 186.1546260888058  15.081783233597992 26.248799127535968 185.65999367305415  15.081783233597976 26.560757692150709 185.17830989196602  15.081783233597978 26.887972464871183 184.69462236558024  15.081783233597983 27.184604649018084 184.22992669706738  15.08178323359798 27.473250184106583 183.75086788860352  15.081783233598001 27.771197162112728 183.27975187544865  15.081783233597983 28.074548916810507 182.80101054654284  15.081783233597971 28.381282422752825 182.34158022846  15.081783233597958 28.692961164300847 181.86959731218377  15.081783233597983 29.001542962873692 181.39400310808111  15.081783233597976 29.309298126075838 180.92930189712894  15.081783233598003 29.611039810024984 180.45647459972204  15.081783233597973 29.921972756518169 180.00024003377609  15.081783233597989 30.250006238105563 179.52073126545665  15.081783233597974 30.568988889817174 179.06401689622055  15.08178323359798 30.901220200357045 178.6235259933307  15.081783233597973 31.240429652408448 178.16419125708506  15.081783233597985 31.557476465773579 177.70066903872299  15.081783233597982 31.880812543025588 177.2479433069584  15.081783233597989 32.190665131590123 176.78328185922589  15.081783233597989 32.55205608397236 176.34700168068946  15.081783233597982 32.888772585780636 175.89587168970183  15.081783233597973 33.247635028793155 175.45768517130091  15.081783233598015 33.589877753598842 175.0186495425194  15.081783233597845 33.930343029219827 174.57382495751517  15.081783233598514 34.295488197516484 174.1433793683413  15.081783233596004 34.646868028095547 173.7040670375045  15.081783233605451 35.01889655790611 173.28359695960836  15.081783233569874 35.380022191170056 172.85245371008932  15.081783233703494 35.743173825820378 172.42431804152602  15.081783233204412 36.124149971318396 172.01532977238537  15.081783234441437 36.386077830367256 171.74781332136479  15.08178323359798 36.519005550530288 171.61415093215163  
17.310065522408088 35.878291404907614 170.68650962052948  17.095936180287691 35.473766126024159 168.53914559655331  17.409183174371073 36.551386937443603 171.11061843692443  17.281920519405539 36.653006803019437 169.43274536974855  17.316665903918601 37.181461697330768 169.27709357083245  17.307224608652405 37.579224361953024 168.69617212004351  17.309763284451925 38.017137125550775 168.23111346554234  17.309083633899469 38.443205141157009 167.73310532353304  17.30926544722778 38.905386049918405 167.27115521631598  17.309216713267706 39.360900401476385 166.80349323159291  17.309229801589524 39.809857122646108 166.31878465894283  17.309226291069525 40.308635878926296 165.89849013808151  17.309227229481635 40.784073103406548 165.45041943482863  17.309226979768475 41.299115175333597 165.04601022411043  17.309227046783658 41.82583784659127 164.66499886734914  17.309227028736565 42.373950757863042 164.25578244248334  17.309227033568348 42.955464197876438 163.87714180258448  17.309227032271185 43.563317665557562 163.57431250185908  17.309227032618828 44.222674932002249 163.46702431955208  17.309227032525641 44.928283650284492 163.34050367509866  17.309227032550609 45.656588142947683 163.33163670141607  17.309227032543905 46.40289803412935 163.57602757927998  17.309227032545692 46.971924313905973 164.09733841082368  17.309227032545245 47.448732245227795 164.6992896543037  17.309227032545344 47.578954078789991 165.42547583351771  17.309227032545323 47.711012503130618 166.03064059415314  17.309227032545323 47.829678862177246 166.61815299363786  17.309227032545326 47.966682307626613 167.20085003963484  17.309227032545305 48.083925179125487 167.79492871233626  17.309227032545358 48.144744193571853 168.42066226522616  17.309227032545284 48.205086820377595 169.08880067476605  17.309227032545323 48.198503853889932 169.75307853012598  17.309227032545319 48.144458036048405 170.41980702195752  17.309227032545337 48.119214562909633 171.07829925201219  17.309227032545301 48.0641790280294 171.72596123709968  17.309227032545316 47.999874416519098 172.37417916362884  17.309227032545312 47.93675449793993 173.02229935966881  17.309227032545323 47.867304528055143 173.67310401443794  17.309227032545319 47.841956297387995 174.32217065851006  17.309227032545309 47.854489643298294 174.97159611312725  17.309227032545344 47.964887229917011 175.6190664542371  17.30922703254533 48.006547034195989 176.28258436988827  17.309227032545309 48.094804216551161 176.94933607045002  17.309227032545309 48.237653914433764 177.60794939218033  17.309227032545323 48.2379205937752 178.25372165654576  17.309227032545341 48.357937025261869 178.85186937676582  17.309227032545309 48.63437078383366 179.39528242845404  17.309227032545344 49.101707507399325 179.97245558266093  17.309227032545309 49.624533042056328 180.66766092644099  17.309227032545344 50.032314421502356 181.45302047685078  17.309227032545305 50.277025522183877 182.30337651662484  17.309227032545301 49.729673954098743 182.97118486826486  17.309227032545337 48.910545845785002 183.46546245456358  17.309227032545323 47.848719261905813 183.930504360881  17.309227032545319 46.62633291197001 183.93501767701156  17.309227032545326 45.764639045530544 183.2182846693313  17.309227032545298 45.483085638689317 182.23388626739148  17.30922703254533 45.40392725095662 181.27797353874308  17.309227032545323 45.399476124448185 180.39178965605589  17.309227032545316 45.485536561064308 179.55206132359868  17.309227032545323 45.575159963328822 178.856558334048  17.309227032545337 45.552452909359211 178.27487666574422  17.309227032545309 45.483314772377014 177.6911907726759  17.309227032545337 45.48585570498998 177.10183089906138  17.309227032545326 45.395280469156091 176.51799676107458  17.309227032545309 45.439789582127801 175.93576231720562  17.309227032545326 45.414498595131363 175.33481733287334  17.309227032545309 45.315376270705684 174.74615446995372  17.309227032545358 45.309828661189385 174.12909458880921  17.309227032545287 45.372296940293353 173.47640752789516  17.309227032545323 45.46351533479055 172.82432078390866  17.30922703254533 45.65015260147112 172.12572929787751  17.309227032545316 45.863361849306138 171.35851094269367  17.30922703254533 46.101973146235196 170.52864022163192  17.309227032545309 46.086126009504937 169.64622982920284  17.309227032545344 45.766759574101606 168.83608213210505  17.309227032545316 45.106226462771787 168.23759399601431  17.309227032545316 44.197328464257538 168.15241589207639  17.309227032545294 43.326999013573825 168.34123296670731  17.309227032545344 42.499140009155639 168.69928690341732  17.309227032545316 41.766435974038345 169.22814184732738  17.309227032545316 41.105607427958532 169.85175962017357  17.309227032545316 40.557216545253468 170.4572097160501  17.309227032545319 40.137839331032367 170.91559440264851  17.309227032545323 39.714731151379382 171.34608515410264  17.309227032545316 39.290610063590691 171.76483798165444  17.309227032545348 38.916877272289085 172.19741134878331  17.309227032545298 38.46932897486721 172.63743764905072  17.309227032545326 38.069982095404598 173.06324927454051  17.309227032545323 37.724157654047829 173.52540549012758  17.309227032545337 37.29731935441567 174.0115940245918  17.309227032545284 36.864938308777766 174.51227430698549  17.309227032545358 36.455943243459799 175.04777866344085  17.309227032545309 35.979244206826621 175.52262269976728  17.30922703254533 35.602401140768656 176.07927936881168  17.309227032545337 35.206501086571919 176.61928714760194  17.309227032545309 34.814068370242211 177.14157470888802  17.309227032545323 34.42013156566648 177.65606686321442  17.309227032545337 34.026408735856748 178.16997571896039  17.309227032545337 33.648699915687189 178.69890266243175  17.309227032545301 33.259277649643565 179.21992914407377  17.309227032545333 32.87683834672977 179.74076123608677  17.309227032545316 32.512603031846353 180.27589104957798  17.309227032545312 32.142792402302824 180.80795418583452  17.309227032545323 31.77319445439807 181.34384177416536  17.309227032545298 31.406184248745664 181.88057997469167  17.309227032545316 31.064093795166595 182.4405951357312  17.309227032545298 30.69106488733037 182.97959464637802  17.30922703254533 30.352140902457485 183.54253165161828  17.309227032545312 30.017622042961424 184.10385251489137  17.309227032545312 29.696739531611431 184.6791858391426  17.309227032545323 29.323884576411725 185.18504019191278  17.309227032545312 28.847291128162066 185.65283548135562  17.309227032545309 28.505954448108021 186.19163709793509  17.309227032545319 28.235549473071131 186.79142999972868  17.309227032545312 27.906250901124601 187.37937456717424  17.309227032545309 27.697146219706006 188.0697630678813  17.30922703254533 27.420541275458426 188.7181140826296  17.309227032545316 27.157396402131319 189.30285822179849  17.309227032545323 26.884771975170025 189.8708654553555  17.309227032545309 26.360672590104063 190.07496737637405  17.309227032545316 25.844578249101193 190.45271863896048  17.309227032545312 25.007502249458618 190.88591211706739  17.309227032545309 24.007988000256148 191.39025512650767  17.309227032545309 22.789303517086736 191.65905421721953  17.309227032545337 22.360112893165443 190.61767025068008  17.30922703254533 22.615160741995169 189.73442358717682  17.309227032545344 23.26710996355153 188.94986400068325  17.309227032545319 23.958774143256029 188.29034124940125  17.309227032545365 24.375190598889631 187.87746311352777  17.309227032545294 24.701376124829466 187.37814182903276  17.309227032545348 24.980955950621599 186.85325936332151  17.309227032545312 25.243792320135491 186.32681455062871  17.309227032545341 25.523623811971632 185.72068955240519  17.309227032545316 25.883088186420714 185.15611318721432  17.309227032545316 26.236455519785174 184.58407033320455  17.309227032545298 26.604457133272597 184.03528090696565  17.309227032545358 26.931728510698449 183.48995613407303  17.309227032545316 27.264875802271554 182.92822235417168  17.309227032545316 27.594344620694017 182.3636689070679  17.30922703254533 27.927628752796274 181.80930453427621  17.309227032545294 28.292286058379595 181.26898017118788  17.309227032545323 28.642891892475873 180.73224861802157  17.309227032545319 29.015373944279908 180.17070556778228  17.309227032545305 29.369036895852084 179.6300419585865  17.30922703254533 29.695473942195349 179.07924283109634  17.309227032545323 30.064226962821643 178.52832879675327  17.309227032545333 30.442691426151711 177.997912659196  17.309227032545326 30.823886569993327 177.47747927966179  17.309227032545326 31.214168975907089 176.9611273793858  17.309227032545301 31.564589706041435 176.40554130983014  17.309227032545337 31.92255790541201 175.85960507555546  17.309227032545309 32.309927673805745 175.32886209773082  17.309227032545323 32.700008042615607 174.81381423730761  17.309227032545323 33.086425436820491 174.2922454691988  17.309227032545223 33.467185527263354 173.75959111668067  17.309227032545724 33.853743337487373 173.23549209684165  17.309227032543809 34.233769699813536 172.70589932203421  17.309227032550996 34.635420928228129 172.1935112608636  17.309227032524007 35.036759007633435 171.681589391589  17.309227032624833 35.453066819040082 171.18342051043851  17.309227032374896 35.763468336224676 170.87513704555678  17.309227032545323 35.878291404907614 170.68650962052948  
19.364319290193404 35.17658626524365 170.03107714349994  19.125928112754949 34.782783048443299 167.88029988577114  19.476574938752631 35.881918022891426 170.31378288343453  19.334117878111854 35.980821931985894 168.51046832940324  19.373011655315359 36.53729635998144 168.21759917742372  19.362443125430289 36.961689160933453 167.51257785484182  19.365284904052665 37.433543282252288 166.92379886048218  19.364524107258212 37.902696571283336 166.31152641719439  19.364727628018734 38.369369798985204 165.69982708809482  19.36467307551311 38.839192707875235 165.08899726987073  19.364687726502869 39.320145035349825 164.49553618398744  19.364683796847679 39.792296656595255 163.88158699950878  19.364684847300556 40.309584302414017 163.31943242926138  19.364684567773157 40.797037570475695 162.71034840266111  19.36468464278952 41.273879271450653 162.09289992540081  19.36468462258771 41.787706351690048 161.53977834424609  19.364684627996418 42.253312153335585 160.92404759419367  19.364684626544371 42.746163989979756 160.32496935337048  19.364684626933524 43.261979056402097 159.67146125707882  19.364684626829174 43.708800697691139 158.98366571769657  19.364684626857155 44.227436963654718 158.33032902263233  19.36468462684963 44.718582120409309 157.54018139660519  19.364684626851659 45.41999519095441 156.79422489502525  19.364684626851115 46.284556994879281 156.26406432692369  19.364684626851268 47.410155177764736 156.23940079247171  19.364684626851243 48.175999265205164 157.00777323469336  19.36468462685124 48.590562414642491 158.01514953029161  19.364684626851226 48.848367889316393 159.05150357921826  19.364684626851258 48.849978144508512 160.12379168689063  19.364684626851229 48.836419928168951 160.99136535203925  19.36468462685124 48.813221259619759 161.71099371042686  19.364684626851247 48.902990831343075 162.37074056005724  19.364684626851218 49.001307758809929 163.04491026810268  19.364684626851243 49.01125737561987 163.76483127902912  19.36468462685125 49.047387123454001 164.54729560801701  19.364684626851243 49.0487426939724 165.32624130330635  19.36468462685125 48.98338631643518 166.1078865206685  19.364684626851215 48.925427620348721 166.887467427747  19.364684626851258 48.809035537679051 167.66279358363562  19.364684626851229 48.701195308675359 168.43001407345079  19.364684626851229 48.536926387669567 169.18982988788559  19.364684626851229 48.354962379613582 169.93690543662277  19.364684626851236 48.199411619067575 170.68742977576215  19.364684626851254 48.037528392635721 171.44396056029063  19.364684626851211 47.969041927189522 172.21247302507027  19.36468462685124 47.899152183498593 173.00509934376379  19.364684626851243 47.826152654587673 173.82171711627356  19.364684626851236 47.717291364434487 174.62166984664265  19.364684626851243 47.656053140692961 175.3654085419592  19.364684626851229 47.690884235092078 176.065929072367  19.36468462685125 47.886394683174288 176.72219467989351  19.364684626851258 48.493697687040424 177.43500904554801  19.364684626851215 49.255569172353454 178.22212537417721  19.364684626851279 50.171540542206202 178.98795969461116  19.364684626851215 51.32961113094219 179.89303926272967  19.364684626851265 52.023070185264878 181.22722806755814  19.36468462685125 51.925631444057849 182.73186681254657  19.364684626851226 51.110621311483087 183.9535254376207  19.364684626851243 49.966890083963307 184.76541539584409  19.364684626851229 48.590252247262441 185.20730698759826  19.364684626851229 47.252553107321283 184.73791033535827  19.364684626851243 46.631984325372464 183.63663008967933  19.364684626851229 46.286481181457603 182.49055542307582  19.364684626851233 45.870996883646484 181.35418242188518  19.364684626851218 45.554836321447276 180.19996061616268  19.364684626851282 45.270630307189222 179.01538902144023  19.364684626851208 45.260291434177944 177.9476191483752  19.364684626851236 45.365504094386658 176.92424912238499  19.364684626851222 45.459504215206067 176.08331772304405  19.364684626851236 45.390997519806419 175.4385862770373  19.364684626851233 45.356239038581364 174.7839481121423  19.364684626851226 45.33128998421293 174.13858207228631  19.364684626851222 45.273391384987626 173.52904508745658  19.36468462685125 45.195025624036518 172.91889327837077  19.364684626851236 45.252334477163771 172.28772809024508  19.364684626851236 45.469071392942858 171.56337995243473  19.364684626851243 45.856343991171329 170.76364155607752  19.364684626851236 46.314652785316767 169.73760211068847  19.364684626851247 46.651907591893583 168.59149383614954  19.364684626851215 46.900475608025864 167.37526568941382  19.364684626851222 46.967284279531718 166.10278446885002  19.364684626851236 46.899797319259768 164.81188760890092  19.364684626851243 46.239411551310127 163.73200825900523  19.364684626851258 45.129998192598734 163.91720937796157  19.364684626851201 44.210524241450216 164.54520636724999  19.364684626851272 43.349764668485093 165.19807464628491  19.364684626851215 42.404102475327541 166.02187020789887  19.364684626851265 41.86337712204552 166.76553582072268  19.364684626851226 41.10023381380033 167.66160145191128  19.364684626851236 40.304306475603767 168.58288008317294  19.364684626851222 39.967477003151316 169.334395334996  19.364684626851247 39.528001640864204 169.89113952797697  19.364684626851243 39.084798693218097 170.35582476446749  19.364684626851243 38.656790682800604 170.85166162129377  19.364684626851229 38.206750606198341 171.32555542760241  19.364684626851208 37.786104958689151 171.83353353193735  19.364684626851258 37.274823943071709 172.39535756180464  19.364684626851204 36.795914944366146 173.02308093846364  19.364684626851243 36.375453424897572 173.68314021862366  19.364684626851236 35.900558649090272 174.30947053643183  19.364684626851236 35.429764307106232 174.93774395284191  19.36468462685125 35.036185163996777 175.61797263139647  19.364684626851218 34.525104046242518 176.21507862546991  19.36468462685125 34.131024212365745 176.90052324640601  19.364684626851229 33.713767843573855 177.53422604317603  19.364684626851258 33.260592696626432 178.15032023761921  19.364684626851229 32.787924462043236 178.75206654029842  19.36468462685125 32.384159030324511 179.39689232720124  19.364684626851233 31.945107188884755 180.01868473647264  19.364684626851265 31.503618580040751 180.6418331559949  19.364684626851233 31.067781006803141 181.28201994050562  19.364684626851243 30.672773563265814 181.94093982809792  19.364684626851233 30.312904819746549 182.62902814001401  19.36468462685125 29.891470045280343 183.27885117717966  19.36468462685125 29.44219194583642 183.90086362518599  19.364684626851233 29.032626848190326 184.54087216803856  19.364684626851254 28.599563698267556 185.15549713047434  19.364684626851236 28.212068183828865 185.79021561215291  19.364684626851236 27.789221665417656 186.43518106794281  19.364684626851236 27.409649306322834 187.12122788487329  19.364684626851243 27.132253522647936 187.9509570806064  19.364684626851222 26.832290948845731 188.69458012112477  19.36468462685125 26.645098006085515 189.40845271309564  19.364684626851254 26.520478013165079 190.06980174426513  19.364684626851229 26.157351607015386 190.60936723053152  19.364684626851215 25.285401963060487 191.33803554353096  19.364684626851247 24.048091603231398 191.88035092344634  19.364684626851222 22.74474778298271 192.57724174174905  19.364684626851233 21.127324159243464 192.63210743747251  19.364684626851229 21.133020991870978 191.14841227623691  19.364684626851236 21.671169133359779 190.2272819944005  19.36468462685125 22.44473868775453 189.39290630573325  19.364684626851215 23.302113053443133 188.49608172783888  19.36468462685125 23.828335973627674 188.06775951392893  19.36468462685125 24.111503133019006 187.45343920860557  19.364684626851229 24.375570301584077 186.85808090790826  19.364684626851247 24.676740267398102 186.14823279440995  19.364684626851222 25.063000645472542 185.47274050399707  19.364684626851211 25.476847010926953 184.80320114210792  19.36468462685125 25.900922993428878 184.13420032921869  19.364684626851215 26.299798735217724 183.48655120714454  19.364684626851261 26.67416290633367 182.82218435298105  19.364684626851229 27.068086556355453 182.18218756839869  19.36468462685125 27.486168516346844 181.50537335409064  19.36468462685125 27.886842299230047 180.85753921500952  19.364684626851222 28.288722930540168 180.21972213438269  19.364684626851243 28.699825554840409 179.55543695719876  19.364684626851247 29.09672021367804 178.89720662949981  19.364684626851215 29.500344982301318 178.25171655265891  19.364684626851233 29.925062027947078 177.61697872720654  19.364684626851258 30.367868046967985 176.98275894905777  19.364684626851236 30.795475457605349 176.34212783501647  19.364684626851243 31.227252339872429 175.69911182804753  19.364684626851222 31.638869958702919 175.05761206991286  19.364684626851222 32.074105915002065 174.42696722941517  19.3646846268513 32.505493147045769 173.78708914864731  19.364684626851066 32.970563835931181 173.17426225815876  19.364684626851851 33.37973670545162 172.52423891510881  19.364684626848909 33.838178087842564 171.90668092786575  19.364684626859976 34.281662820458948 171.28035274513405  19.364684626818704 34.718229542938985 170.65144812469697  19.364684626920926 35.070586308471405 170.26981864445577  19.364684626851229 35.17658626524365 170.03107714349994  
20.920301233300957 34.413150460260603 169.87165747824747  20.662312305600651 34.031715285070362 167.71384767453338  21.04104789359436 35.17087589896137 170.05242240584914  20.887179229669755 35.326233902723857 168.17959302068783  20.92918861485834 35.889084399981755 167.7624019907289  20.917773486919053 36.354786341398572 166.96240834407359  20.920842907822728 36.840945853602989 166.2566279395615  20.920021166971384 37.335665951555796 165.53342286446272  20.920240990877382 37.805867511460562 164.79856798745749  20.920182068412455 38.294315479875401 164.07437354713693  20.920197893028075 38.752677341357114 163.33105198087961  20.920193648585528 39.206749518269092 162.58768847761593  20.920194783185643 39.696597400414831 161.86371649998645  20.920194481266449 40.153680168774613 161.11117995370461  20.920194562292117 40.619136802580698 160.37394366607921  20.920194540471996 41.049999151080812 159.60832476634221  20.920194546313947 41.464360192368659 158.83070312771878  20.920194544745613 41.891294971931757 158.07104571593229  20.92019454516592 42.232627122530516 157.28152697926564  20.920194545053263 42.641330150357618 156.529382529744  20.920194545083433 43.041491381421892 155.76907849223312  20.920194545075375 43.421262034741304 155.03587897661436  20.920194545077486 43.757795868461116 154.29780135277053  20.920194545076956 44.088745757641334 153.52251160600895  20.920194545077081 44.424193062572542 152.64806861825565  20.92019454507701 44.884515306712693 151.56164541711439  20.920194545077077 45.463982078302223 150.41273502085022  20.920194545077017 46.255192431314853 149.41908140670176  20.920194545077067 47.325495204038276 148.56987058943963  20.920194545077042 48.590495887045464 148.741956250436  20.920194545077056 49.473523513468542 149.8787778090867  20.920194545077056 49.744485590897455 151.25127393523508  20.920194545077038 49.700214072301421 152.61868797740794  20.920194545077059 49.582690779086576 153.74852197801155  20.920194545077045 49.605607600507163 154.53920526107214  20.920194545077045 49.578932623978936 155.35187073337227  20.920194545077035 49.692152802488906 156.13316028889523  20.920194545077038 49.723708444058687 156.9243868737683  20.920194545077074 49.729140382419402 157.72109124077417  20.920194545077038 49.78840462696698 158.58289206287159  20.920194545077074 49.771919765210967 159.47610500841563  20.920194545077063 49.772295053259519 160.37339951914328  20.920194545077081 49.711188070790669 161.26765062063924  20.920194545077031 49.647170596561075 162.15662925877459  20.920194545077081 49.548931423802387 163.02248528239477  20.920194545077081 49.413772936663833 163.8770004616612  20.920194545077059 49.301171953934173 164.72554460710083  20.920194545077052 49.181632268308249 165.57668264221383  20.920194545077059 49.031858647101814 166.4417219148674  20.920194545077074 48.877727963493371 167.32679764115386  20.920194545077059 48.60534553630557 168.20834326949236  20.92019454507701 48.280824511929538 169.08344604283138  20.920194545077074 47.886913534368134 169.94122730716145  20.920194545077024 47.506648552966062 170.79934932184884  20.920194545077052 47.081672902540205 171.63416833437859  20.920194545077049 46.914090140703209 172.35036469585157  20.920194545077035 47.075003114097576 173.00578407024682  20.920194545077077 47.534719883189808 173.74843087931407  20.920194545077056 48.185506111469962 174.58110983646029  20.920194545077074 49.014729846246865 175.50922663795214  20.920194545077074 49.924811790337245 176.67500504721352  20.920194545077035 50.659559724115788 177.98623645198558  20.920194545077074 51.268353696711685 179.32675948074336  20.920194545077049 51.946336967913311 180.63764498304187  20.920194545077088 52.296576918970487 182.02340200408082  20.920194545077017 52.23363238896853 183.5761621903128  20.920194545077059 50.858451276331799 184.45579857899091  20.920194545077059 49.353426304643307 184.99899439128572  20.920194545077052 47.636388340518842 184.61782624672273  20.920194545077074 46.991227943271895 183.01803107836713  20.920194545077045 46.42898872424 181.59865803020685  20.92019454507707 45.881065105405099 180.08384042448776  20.920194545077059 45.621131107405603 178.58933504886892  20.920194545077031 45.597108259751067 177.2242652916926  20.920194545077074 45.578181922500164 176.13604296907187  20.920194545077059 45.366336242456079 175.37701861165965  20.920194545077059 45.172293228797471 174.59597294936623  20.920194545077052 45.058032912338319 173.86437019803597  20.92019454507707 45.007537053477073 173.16994666345209  20.920194545077067 45.095088680449422 172.48915445355686  20.920194545077059 45.216168305266443 171.83535151599187  20.920194545077074 45.222607840221919 171.197521533051  20.920194545077035 45.365178408857233 170.49849943146711  20.920194545077067 45.544371710578645 169.38919766195968  20.920194545077035 45.832670547901571 168.05970362942048  20.920194545077074 45.913197450485967 166.78260396371232  20.920194545077045 46.916208152609585 165.32847791418354  20.920194545077059 45.915335619497355 164.47267903918828  20.920194545077024 46.30075869226188 163.02628395448312  20.920194545077074 46.82959527441956 161.43627769032122  20.920194545077052 45.221973061891035 161.05321773384469  20.920194545077081 44.070827884460876 161.62703890990048  20.920194545077059 43.173525904677319 162.89879464363554  20.920194545077049 42.3313618248635 164.11452973870541  20.920194545077059 41.504871115239077 165.37559760726487  20.920194545077052 40.796797104801229 166.66532890973065  20.920194545077049 40.480368674154491 167.59487870225269  20.920194545077081 39.976641663611034 168.16501921570762  20.920194545077074 39.431171391465568 168.74420456304784  20.920194545077049 38.900922951321881 169.32978206723138  20.920194545077059 38.536690804730938 170.04979210099697  20.920194545077045 37.927580859272183 170.57623953000166  20.92019454507707 37.4624938586703 171.21640180276782  20.920194545077038 36.973406298549776 171.8139266390873  20.920194545077067 36.338501288552244 172.49627696000817  20.920194545077031 35.898271766834313 173.27127390211561  20.920194545077059 35.380204915929028 174.00767649693171  20.920194545077067 34.900209323680983 174.76217702521211  20.920194545077038 34.415103817035686 175.51345923576667  20.920194545077038 33.947920445139651 176.27070390973051  20.920194545077045 33.46744427118297 176.99958716728179  20.920194545077074 32.975570101681065 177.70760105062647  20.920194545077038 32.475108961276774 178.42568669790182  20.92019454507707 31.996806254597569 179.15480195104197  20.920194545077042 31.549239153517927 179.90273707026432  20.920194545077038 31.066917282540761 180.63277373673691  20.920194545077056 30.55209566095445 181.34800165183822  20.920194545077052 30.169799967546041 182.14174133294804  20.920194545077059 29.67596942475766 182.85626518332919  20.920194545077052 29.19608895593673 183.58760527504194  20.920194545077042 28.745720704196444 184.3024871203782  20.920194545077067 28.25983958861665 185.01655477039304  20.920194545077031 27.75239999847976 185.75870086197017  20.920194545077063 27.269233265675929 186.51716567978696  20.920194545077067 26.823599433005175 187.33292398408736  20.920194545077045 26.571011969208392 188.07051267713712  20.920194545077088 26.40154722908818 188.88156500545767  20.920194545077052 26.258162521698683 189.63384666186602  20.920194545077081 26.138441695069439 190.55154510079259  20.920194545077059 25.300215050106509 191.72339901033814  20.920194545077052 23.923493792996947 192.24798027606383  20.920194545077063 22.548482967258533 192.43346298863531  20.920194545077067 20.770341764614869 193.07999231474889  20.920194545077067 20.595082587181732 191.19999011632927  20.920194545077003 21.415388874483138 190.07267842432458  20.92019454507707 22.464904480243824 188.92295483526311  20.920194545077038 23.294273020025621 188.31744545287248  20.920194545077081 23.62383174173349 187.66498835646223  20.920194545077056 23.946349260495928 186.92380152057905  20.920194545077042 24.285011535236638 186.2111435481404  20.920194545077067 24.675764211694187 185.42590042995661  20.920194545077038 25.156815697024996 184.66433103390804  20.920194545077059 25.588010387089554 183.89834197701157  20.920194545077059 26.045734427343675 183.1246070734606  20.920194545077031 26.479350489365657 182.37483561311817  20.920194545077081 26.913842892640403 181.63701836952282  20.920194545077052 27.381480823275808 180.88295816725054  20.920194545077045 27.859683340652175 180.15272548604341  20.920194545077059 28.306450213062398 179.41342800665797  20.920194545077088 28.738660608275229 178.66140195005096  20.920194545077013 29.204663316478918 177.91730260298624  20.920194545077095 29.656267876155457 177.1726531434158  20.920194545077027 30.134562477956713 176.43473780981395  20.920194545077116 30.615054501368537 175.716231352546  20.920194545076946 31.075869740662192 174.97978905453948  20.920194545077472 31.551388322514143 174.24472577736407  20.920194545075468 32.017577294413627 173.5075067687826  20.920194545083138 32.5329698824142 172.80434192357052  20.920194545054162 32.978780693178471 172.05460311640331  20.920194545163014 33.463571703053177 171.33166752812377  20.920194544756392 33.960037607364391 170.61888686619181  20.920194545764268 34.186950144018667 170.0717845013792  20.920194545077074 34.413150460260603 169.87165747824747  
23.542861355437303 33.595268398769413 169.06234977333133  23.252683380495107 33.226108619136845 166.89649780093842  23.678926989570726 34.388494310362447 169.01398968115205  23.505757272454165 34.576548659044974 166.97512536161068  23.553036251576923 35.184242263502988 166.35852506523435  23.54018922720125 35.683510224298288 165.3595934223348  23.543643671634808 36.165137964383618 164.4340020530471  23.542718852850157 36.649424000442721 163.48585425583877  23.542966251135493 37.114824550081835 162.53259153881083  23.542899937525387 37.574066902926646 161.57214480490057  23.542917747156896 38.039526171348513 160.62094434311089  23.542912970297969 38.476766924996127 159.65184926162897  23.542914247220498 38.857282761305015 158.66266028733759  23.542913907429163 39.202956114799505 157.64779480430917  23.542913998618463 39.608754046646467 156.66199332239307  23.5429139740613 39.924152890657069 155.65604484001958  23.54291398063609 40.255411808074328 154.64398156260808  23.542913978870946 40.600623611321417 153.64456494268526  23.542913979344036 41.012983555241412 152.65208833280391  23.542913979217165 41.381021943262155 151.64374758548473  23.542913979251203 41.768329013469476 150.65580980761084  23.542913979242023 42.168719483280611 149.65488989389576  23.542913979244524 42.580141205138709 148.65300780915658  23.542913979243878 43.062122733194109 147.69734704525558  23.542913979244037 43.510673080311932 146.77856453169963  23.542913979244048 43.916376000457859 145.97087448699887  23.542913979243991 44.387007873743073 145.25760875114565  23.542913979244037 44.68890525500241 144.43758847241543  23.542913979243959 44.88570982576227 143.55716777348994  23.542913979244055 45.091706262210153 142.25284173818309  23.542913979243966 45.58990759766013 140.50613055962992  23.54291397924403 46.489364582921709 138.75873258223038  23.542913979243984 47.87218412464992 137.33994835815366  23.542913979244005 49.682109594712195 137.04828388170841  23.542913979243995 50.517389523643772 138.40529071150706  23.542913979244002 51.053954519462479 139.72112574100791  23.54291397924403 51.273128074497052 141.1705585654571  23.542913979244023 51.38607363494355 142.61722486742048  23.542913979243956 51.332601643385445 144.03389133108016  23.542913979244037 51.220522958129109 145.1411619840755  23.542913979243959 51.165252450990764 146.09102502045482  23.542913979244016 51.109176564250909 147.04053787835232  23.542913979243973 51.078107799591592 147.98233683237424  23.542913979244034 51.054480085850315 148.94321649325042  23.542913979243949 51.017214847094166 149.99950096437362  23.542913979244027 50.959041337290564 151.05493641575168  23.542913979243973 50.8657129940282 152.11807502476981  23.542913979244027 50.772305858015542 153.17583775800324  23.542913979243988 50.633975025425485 154.2214528869049  23.542913979243995 50.517560268015004 155.26441336419279  23.542913979243984 50.417249832404949 156.29605020796879  23.542913979244048 50.358041588539059 157.33264184651  23.542913979243988 50.324643392245548 158.38678892916926  23.542913979244048 50.277892328294669 159.42091218013144  23.542913979243963 50.290841485289818 160.49331327235956  23.54291397924403 50.062210938819021 161.59913058968388  23.54291397924403 49.722977263456087 162.73456834910985  23.542913979243991 49.210293317081209 163.83672752190847  23.542913979243991 48.631675816235592 164.88170057472053  23.542913979243988 47.92514521353926 165.88275212556073  23.542913979243959 47.252371085490182 166.78994265947674  23.542913979244016 46.758819940153309 167.61755463495632  23.542913979243998 46.421057306996516 168.45033314261212  23.542913979243991 46.196824493931182 169.29254999808649  23.542913979243981 46.278343701389275 170.09140608587626  23.542913979244044 46.778763434692038 170.76481577342426  23.54291397924397 48.041303790681674 171.73686423251326  23.542913979244027 49.521730403562621 172.81333938251146  23.542913979243977 51.08201568369396 174.34618154880445  23.542913979244002 52.130575309464689 176.50749003259904  23.542913979243959 53.177442797023879 178.52221560769118  23.542913979244016 53.745844963324259 180.80064237876104  23.542913979243984 53.220772424778644 182.94734593371339  23.542913979244009 51.701169652354437 184.37286077192499  23.542913979244009 49.805367787152221 184.52351446376244  23.542913979244013 49.082077495628496 183.00134414595328  23.542913979243988 48.574871343637668 181.62372754034175  23.542913979244009 47.809436149187604 180.24383658782932  23.542913979243966 47.1057465927219 178.82612265637397  23.542913979243998 46.317009341553103 177.40137013281171  23.54291397924397 45.574807867061068 175.9455228653639  23.542913979244005 45.160777500171719 174.38547203438694  23.542913979244016 45.010262279286785 172.90360078108233  23.542913979243988 45.098448153962792 171.82889266831586  23.542913979244016 44.777086569064011 171.1421084993803  23.542913979243998 44.626146669287095 170.38690548022831  23.542913979244005 43.943200966165371 169.72838003962403  23.542913979244009 44.530562072914805 168.74226287540495  23.542913979244009 44.37907761130117 168.06158823956378  23.542913979243988 43.971262900804653 167.47674730986625  23.542913979243995 44.714942367640376 166.2721860122881  23.542913979243952 45.116527978265978 164.5105271461602  23.542913979244048 45.630563332699978 162.39336716377107  23.542913979243966 46.042560154596067 160.30648110368543  23.542913979244023 46.478150135587569 158.1984038982782  23.542913979243981 46.555324975935463 156.10121483419806  23.54291397924403 44.703711007223085 155.6572273868166  23.542913979243949 43.974386481292349 157.10491161338189  23.542913979243988 43.3627326559929 158.42455999836324  23.542913979244016 42.70613848215865 159.78409853827804  23.542913979243988 42.089304186254608 161.05613100382095  23.542913979244009 41.504848930871077 162.43986311734318  23.542913979243966 40.888638703725817 163.75341816819511  23.542913979244023 40.199778883782898 165.15450983036339  23.542913979244013 39.882549185582789 165.90910175306712  23.542913979244002 39.317533358807481 166.70387808997168  23.542913979244005 38.867748665657963 167.52258181827509  23.542913979244013 38.256803631856343 168.25186543188408  23.542913979243973 37.627114843448759 168.9691513998315  23.542913979244059 37.07409389027341 169.76498691604701  23.542913979243959 36.463143853484581 170.66678858854127  23.542913979244009 35.875216959893052 171.52650697152342  23.542913979243995 35.307144152390279 172.42629481220405  23.542913979243991 34.764077085077439 173.32896296499919  23.542913979244016 34.229972238836531 174.23401153547371  23.542913979244005 33.609126436488509 175.08675609120851  23.542913979244016 33.123646490547038 176.02464548127688  23.542913979243995 32.472040486398058 176.85228244411542  23.542913979243988 31.960032595837465 177.76868394050967  23.542913979244005 31.416431511781447 178.6787012218893  23.542913979243991 30.813380293344117 179.55372473912124  23.54291397924402 30.265599919236241 180.45237612850306  23.542913979244009 29.76745145286997 181.37906160519981  23.542913979243991 29.238959664664105 182.25382211443889  23.542913979244013 28.691274762677953 183.15540710912177  23.542913979243973 28.062014504101221 184.0396099325929  23.542913979244009 27.348092678437524 184.90560926794109  23.542913979244027 26.696310958651392 185.82725835049777  23.542913979243945 26.056108854279337 186.69169590386062  23.542913979244034 25.808764415086539 187.44544870057913  23.542913979243988 25.824471447979988 188.50699634783552  23.54291397924403 25.784264851104783 189.70657841243232  23.542913979243959 25.956404284282463 190.74379021686713  23.542913979243995 24.721136349006855 192.43848049608056  23.542913979244059 22.829032711457991 193.28551878959669  23.542913979243991 20.598366302055169 194.22838764555308  23.542913979243995 19.278468075913043 192.57916773142534  23.542913979243988 20.212122149873856 191.22171956196047  23.542913979243966 21.113919620317684 190.11490887913985  23.542913979244016 22.024930561198275 188.90578157139331  23.542913979244002 22.73174630295776 188.15949599845072  23.542913979243998 23.044285018688765 187.28080582131912  23.542913979244027 23.457075439594945 186.43916109092117  23.542913979243984 23.947178229170365 185.44308012426208  23.542913979244005 24.486071810862288 184.55249598579832  23.542913979243973 24.992185020481063 183.64827589075151  23.542913979243998 25.514148912213596 182.71083372276871  23.542913979244034 26.016461628269617 181.78380026902943  23.542913979243984 26.555262754841564 180.89045877080196  23.542913979243984 27.114864328547295 180.00707390965533  23.542913979244016 27.652219212720738 179.08718849885511  23.542913979243973 28.192509275641612 178.16101630588247  23.542913979244016 28.738794592799007 177.24801792248428  23.542913979243988 29.25872124484048 176.33636688982659  23.542913979243906 29.803500725257503 175.43204047170278  23.542913979244325 30.347457002499105 174.51828151180388  23.542913979242883 30.879873155105663 173.60352111242355  23.542913979248258 31.41504521248088 172.68965142946101  23.542913979227983 31.978404548473787 171.79377439473694  23.542913979304107 32.498445855082664 170.87269220985837  23.542913979019847 33.014865757656388 169.95184910434719  23.54291397972435 33.445688436998616 169.38782199400947  23.542913979243977 33.595268398769413 169.06234977333133  
26.470811037987673 32.344603161693847 168.83829953297288  26.144476999313738 31.989381378134617 166.65973198332705  26.623717894197618 33.125433112765343 168.59580108069025  26.429017003836499 33.323640443665312 166.41698549425837  26.48217444662648 33.949673448599697 165.62850339670223  26.467730078834656 34.351894906164482 164.42079154977733  26.471614033940234 34.848759414984826 163.33548620059543  26.470574227189953 35.302593661294679 162.20933466155373  26.470852385907463 35.703938350115124 161.06651890637306  26.470777827150108 36.063047945244435 159.91008676345223  26.47079785115411 36.41563778900916 158.75275020025163  26.470792480361183 36.725585654338637 157.58342480344874  26.470793916050781 37.050243497031801 156.42676427292571  26.470793534011136 37.429759927097827 155.27716960436271  26.470793636538616 37.780422334082587 154.1237842739209  26.470793608928055 38.128319944654386 152.97557495414776  26.470793616320329 38.532850453015115 151.82431779975957  26.470793614335815 38.950202246220258 150.69442873982936  26.470793614867627 39.264480280883774 149.58246200563059  26.470793614725082 39.580089224329825 148.46382998340104  26.470793614763281 39.988080577675674 147.27374102715237  26.470793614753031 40.337579189004487 146.09045982292966  26.470793614755767 40.814763151280218 144.94574942835069  26.470793614755031 41.125004588243726 143.73863803854937  26.470793614755223 41.528626430507373 142.54661088663644  26.470793614755138 41.952251278495531 141.32006673103979  26.470793614755198 42.345697100292398 140.05900348276688  26.470793614755181 42.864394890767002 138.85924150228539  26.470793614755188 43.350908137611952 137.65236301948929  26.470793614755205 43.928346803798888 136.63702357100817  26.470793614755202 44.367706048622381 135.71376784340404  26.470793614755202 44.713249112305071 134.8429741937544  26.470793614755149 44.902391245908404 133.8525664505643  26.470793614755195 45.028417658719498 132.52323407745965  26.470793614755181 45.524943003091039 130.67138457282266  26.470793614755181 46.131965693936408 128.84015081160757  26.470793614755191 47.008965612335999 127.0494852052683  26.470793614755166 47.926251340177743 125.3104058303847  26.470793614755195 49.567968152428293 123.91790472867021  26.470793614755181 51.475191273385619 124.70352301235138  26.470793614755188 52.258470777799822 126.68080724321402  26.470793614755223 52.724905409398332 128.64941990464879  26.470793614755188 52.801826248693963 130.68506321718255  26.47079361475517 52.652811910055178 132.57477980200306  26.47079361475522 52.559132657573429 133.79864106701419  26.470793614755195 52.515403091613891 135.04687960081381  26.470793614755227 52.575662162958821 136.25359710610283  26.470793614755184 52.480466305638274 137.46744645799743  26.470793614755202 52.444667555013197 138.68286036008689  26.470793614755202 52.342305055418592 139.89854619574328  26.470793614755195 52.215858840425859 141.10811058825288  26.470793614755163 52.068332849679983 142.31326619254162  26.470793614755188 51.85068540817521 143.51750818012397  26.470793614755163 51.673632395712687 144.70992531522811  26.470793614755209 51.422923424937665 145.90515085509031  26.470793614755181 51.261516336857042 147.08361691551821  26.470793614755181 51.112733802353077 148.23808129213225  26.470793614755195 51.024705472491846 149.41918751611698  26.470793614755198 50.83826274060668 150.57963401637861  26.470793614755166 50.869020836232465 151.7942003573782  26.470793614755273 50.766426370507318 153.03030767896888  26.470793614755152 50.632132982060995 154.27591296901966  26.470793614755198 50.532282142762611 155.54893080349404  26.470793614755198 50.265176817380947 156.78783172550371  26.470793614755216 49.977480984334036 158.06272204135448  26.470793614755166 49.455923749558394 159.35508195888698  26.470793614755195 48.761950708275293 160.56928398662532  26.470793614755173 47.936367065728263 161.73359159720209  26.470793614755195 47.069636096791015 162.73301018929467  26.470793614755216 46.320591007349989 163.54167753306959  26.470793614755216 45.630344064770114 164.37526672774439  26.470793614755181 45.150167331606625 165.16465568143008  26.470793614755195 45.23397127553271 166.01492098099223  26.470793614755177 45.88447675936942 167.11109004408664  26.470793614755216 46.914238854599176 168.60953888920648  26.470793614755159 47.89428710785738 170.593079819482  26.470793614755202 49.098419798245644 172.3914011570734  26.470793614755181 50.512971835213797 174.12268538597414  26.470793614755202 51.818984529466917 175.91763429261874  26.470793614755209 53.186239915704064 177.70507597840472  26.470793614755184 54.203067368705838 179.64174326407954  26.470793614755198 54.366181821330144 181.8020072018864  26.470793614755181 52.89944349190425 183.50113717918285  26.470793614755237 50.486516967335909 183.39254163165572  26.470793614755152 49.703275117049223 181.02948117216732  26.470793614755209 48.730199902814071 179.15410583819843  26.470793614755198 47.794751751461718 177.18857615845991  26.470793614755216 46.382993916864237 175.38905315386808  26.470793614755152 45.391095542821603 173.38062883449248  26.470793614755202 44.878227064849483 171.215973434516  26.470793614755181 44.421567878774255 169.36436869662998  26.470793614755202 44.158048902371476 168.35930242405146  26.47079361475523 43.671577112742256 167.52876918023992  26.470793614755191 43.253251984886667 166.66551646625771  26.470793614755177 43.07087783863625 165.75489932584219  26.470793614755213 43.078409513787861 164.82522922914148  26.470793614755156 43.550685941621836 163.39837477020205  26.470793614755205 43.55848749595517 161.36702077116234  26.470793614755202 43.725080407319098 159.35751424900309  26.470793614755181 43.965309485342274 157.33910056737682  26.470793614755188 43.41040693596841 155.50416960688582  26.470793614755191 43.499830293173531 153.4447321896055  26.470793614755191 43.41701548248659 151.60557411192747  26.470793614755188 43.667727976204247 149.06904192603514  26.470793614755163 41.864309858939905 151.48849439121875  26.470793614755216 41.370710364443312 153.29567455247729  26.470793614755159 40.827287168856756 155.42524921208752  26.470793614755205 40.339849367311501 157.50476245888478  26.470793614755166 39.99851925593768 159.67599745892534  26.470793614755177 39.569461421712631 161.57696416713142  26.470793614755202 39.311005987332997 162.66578005010012  26.470793614755166 38.871029870430036 163.87042830336296  26.470793614755213 38.460476226235528 165.04712130284236  26.470793614755195 37.859875179522604 166.15409818246798  26.470793614755202 37.271239375511776 167.25633703718236  26.470793614755159 36.698275790322164 168.37695779428844  26.470793614755166 36.115554304478259 169.49080725847065  26.470793614755181 35.570682630623921 170.6137712838964  26.470793614755202 34.923063046209542 171.68286336262059  26.470793614755195 34.276290735170576 172.76197937622595  26.470793614755173 33.663651994538412 173.84502034613695  26.470793614755209 33.016552744082041 174.91191544397938  26.470793614755145 32.363365642349621 175.98867450467276  26.470793614755252 31.726440295191875 177.05356500737781  26.470793614755124 30.989730791191903 178.10303427160227  26.470793614755223 30.422395446348006 179.16811272601581  26.470793614755191 29.848354042089987 180.25619913225887  26.470793614755184 29.290733613230945 181.31469163320506  26.470793614755223 28.770175118539996 182.4143656522769  26.470793614755209 28.104378254692747 183.5379790226192  26.470793614755166 27.344645853636564 184.55815939358379  26.470793614755216 26.594264961907811 185.54938594774654  26.470793614755188 25.751282514062893 186.63080854341842  26.470793614755216 25.310033420705906 187.4470342810624  26.470793614755145 25.210304463854232 188.54942034593478  26.470793614755195 25.276327294745975 189.61425659776913  26.470793614755202 24.962082579633737 191.49581342407032  26.470793614755216 23.715255840996868 193.21516941730323  26.470793614755188 21.676541594893997 193.7579374537448  26.470793614755202 19.340910508482878 194.50341822403351  26.470793614755181 18.396736324270513 192.18315043402009  26.470793614755195 20.180127147130548 190.66932466128179  26.47079361475517 21.360744329789497 189.11907193125529  26.470793614755195 21.975005083063287 188.14128648948221  26.470793614755173 22.465589482627433 186.96729781072563  26.470793614755223 23.032520098942175 185.90140079557989  26.470793614755173 23.609322985924063 184.78447172666273  26.47079361475517 24.200269225846696 183.68852071613441  26.470793614755209 24.77551688971068 182.59571313917044  26.470793614755198 25.35644261175667 181.49342706642034  26.470793614755188 25.933341276867814 180.41649014617684  26.470793614755216 26.524818709523991 179.45672447868219  26.470793614755166 27.124043298487145 178.36734290900429  26.470793614755294 27.724386709377804 177.32463400220519  26.470793614754889 28.358491760951562 176.30483559421288  26.470793614756214 28.937841332465908 175.23815396656511  26.470793614751376 29.544431655073893 174.19018740655321  26.470793614769519 30.135219379229923 173.13791200608551  26.470793614701257 30.707296639484934 172.07168238028848  26.47079361495766 31.2698516256293 171.00416449723588  26.470793613999884 31.819944686890199 169.93364045296613  26.47079361637396 32.165620357156314 169.19834466045475  26.470793614755195 32.344603161693847 168.83829953297288  
34.066329467079441 29.259780361393307 166.66253042701931  33.646394921859752 28.946821041210043 164.42997340898373  34.263156281716618 30.161260307384964 165.39705072089879  34.012585040434097 30.501498135562692 162.46743539859921  34.080996265460108 30.97989606805605 160.65110218198677  34.062407017304082 31.555058516157693 158.59715931591859  34.067405491887556 31.970725586912842 156.5529701371911  34.066067307621495 32.449254129531681 154.51213195401158  34.066425285312164 32.891467079148299 152.47241969738553  34.066329331563033 33.430299976148959 150.45835441085896  34.066355101550784 33.960868074682679 148.44901416522978  34.06634818958311 34.524095225165624 146.44272699554043  34.0663500372507 35.176557005365126 144.47279338258284  34.066349545583066 35.671126701259837 142.39693650456485  34.06634967753115 36.277634232616187 140.37749785958439  34.066349641997846 36.883012068843513 138.38659939756997  34.066349651511175 37.435181226785801 136.4199761081999  34.06634964895715 37.605444843719205 134.30257755766468  34.066349649641666 38.539153918875748 131.93282186446484  34.066349649458168 39.66773023747561 129.74545351314589  34.066349649507316 40.058209092652483 128.12935781814144  34.066349649494136 40.523805637943646 126.37228084874283  34.066349649497681 40.795270782287481 124.59681133754211  34.066349649496772 41.357848447311817 122.90979249533547  34.066349649496999 41.717784811871873 121.18173657018781  34.066349649496978 42.101535097563072 119.50533165084491  34.066349649496935 42.532990328021214 117.87291149036817  34.066349649496949 42.782941214797994 116.15884271329335  34.066349649496907 43.113017477023064 114.46113346648234  34.066349649496971 43.252968746954217 112.54753949935255  34.066349649496857 43.615207142545792 110.46987080054424  34.066349649496942 44.06428755924037 108.39856646730924  34.066349649496971 44.759746363452848 106.45870997834382  34.066349649496921 45.552500739887648 104.92357952715311  34.066349649496956 45.892239810273111 103.98586246706516  34.066349649496928 46.152635288745053 103.03955957800322  34.066349649496971 46.147121530696985 102.0630981494559  34.066349649496942 46.154399954359882 101.04814806613635  34.066349649496921 45.271319319587512 99.609446685580124  34.066349649496992 44.404933249625643 95.769847049271903  34.066349649496921 44.598203546698819 90.461343824034088  34.0663496494969 45.609791109421302 85.329387898538812  34.066349649496928 47.389022741572859 80.426945934104623  34.066349649496985 51.064914416736116 76.66903311581359  34.06634964949685 53.367350738742246 78.565432705769169  34.066349649496978 54.480200670437924 80.28838520665451  34.066349649496885 55.039194557523139 82.346333905702124  34.066349649496985 55.623416644393586 84.359753327141561  34.066349649496857 56.140462416873966 86.4003006903406  34.066349649496928 56.424825934430039 88.47405276068892  34.066349649496956 56.718574382850974 90.543033738505898  34.066349649496985 56.866965825838172 92.617659330622658  34.066349649496914 57.123639658606137 94.71853327123803  34.066349649496985 57.137853986619 96.788910421627008  34.066349649496928 57.304174207417724 98.905500773824784  34.066349649496928 57.186163789100227 101.01855190813856  34.066349649496942 57.100531468366718 103.14065293793897  34.066349649496942 56.819433023496764 105.25466833458793  34.066349649496885 56.685924001733177 107.35464922774858  34.066349649496999 56.195549728037157 109.4040703572269  34.066349649496829 55.869583650430826 111.45284494813045  34.066349649496964 55.541563717532924 113.43933660630279  34.066349649496971 55.156352238532456 115.42273748769009  34.066349649496885 54.908770316945244 117.421878889548  34.066349649496914 54.71252864299813 119.39594250657871  34.066349649496978 54.732877933541594 121.33005829722177  34.066349649496928 54.928710425947614 123.36375626267778  34.066349649496964 55.24165725790786 125.43902323322546  34.066349649496928 55.5989959583451 127.68226449684065  34.0663496494969 55.783469184842652 130.20560217748528  34.066349649496857 55.901530413141991 132.62030442665306  34.066349649496964 55.70963535139817 135.13920131494888  34.066349649496914 54.833622043315245 137.5504614747914  34.066349649496935 53.472880859454392 139.72233572795585  34.066349649496956 51.492174482552585 141.38023610549928  34.066349649496942 49.57130159293569 142.4938122263255  34.066349649496942 47.384854684494655 143.79969195656977  34.066349649496942 44.9675056079802 145.19679351372164  34.0663496494969 42.607803223021151 146.50620588735308  34.066349649496942 40.198697767675313 147.83374853290223  34.066349649496885 38.233170636554128 148.97893480882797  34.066349649496985 37.757689086486764 149.98853279160397  34.066349649496892 39.736511776726957 151.44927206085845  34.066349649496921 43.53565162922925 154.52362723081262  34.066349649496914 46.137928761199454 160.09440027672366  34.066349649496992 49.301498350581525 164.73990566317386  34.066349649496885 52.280383849574875 169.64505518611887  34.066349649496964 55.67871266066809 174.41754147142663  34.066349649496928 58.384880422451801 179.63350884282468  34.066349649496942 58.801578623200562 185.48180377196508  34.0663496494969 56.07155460517324 190.11760925814247  34.066349649496928 53.778492652215093 188.42747765357021  34.066349649496914 53.269226735553303 186.12208992216219  34.066349649496885 52.067214180020812 184.06904569015987  34.066349649496971 50.414392954937497 182.21888157715458  34.066349649496885 48.558256071015236 180.36624951201807  34.066349649496971 46.538516356942594 178.87325424690056  34.066349649496935 45.334643777932421 177.96350046896964  34.0663496494969 44.015762183689937 177.02281678079552  34.066349649497013 42.635062008274652 176.04800927638112  34.066349649496892 42.805066142985751 174.71204998359985  34.066349649496985 42.228557003284081 173.65332663313237  34.066349649496885 41.493765266497547 172.42429777089194  34.066349649496956 40.029970930966229 172.08557150394068  34.066349649496985 41.084480410252638 165.97481917652175  34.066349649496857 41.189348677453935 160.43082424659414  34.066349649497013 41.101624678965763 154.53385540622818  34.066349649496885 41.381343706545252 148.72967946138692  34.066349649496992 40.965076285216298 142.54885606624168  34.066349649496971 40.366349964598768 138.17435900823611  34.066349649496907 38.348539722681103 140.65193085887125  34.066349649496964 38.227851975440245 142.10513251647075  34.06634964949685 37.543309637180727 143.84170750887503  34.066349649496942 37.348285396959199 145.63204052317855  34.066349649496914 37.10445986167398 147.43455159450897  34.066349649496949 36.878178485396766 149.22446758134066  34.066349649497049 36.76047580155867 151.0657435952339  34.0663496494969 36.135944658609105 152.72144912924048  34.066349649496956 35.957898081861174 154.55027632128986  34.066349649496871 35.580704799788762 156.33309036940915  34.066349649496992 35.22075988813716 158.10088827906259  34.066349649496871 34.883245355263647 159.88210309155011  34.066349649496999 34.359782396365638 161.61057770500105  34.0663496494969 33.868485523093362 163.30889149933677  34.066349649497013 33.342851974800624 165.07108581143626  34.066349649496857 32.515458875675691 166.65384989629115  34.066349649496971 31.612946053721188 168.31668528915259  34.066349649496985 30.603552997933168 170.0115930360293  34.066349649496864 29.287528344680076 171.61820859977922  34.066349649496956 28.212518538468036 173.23815349797354  34.066349649496956 27.398204390139657 174.92872381189358  34.066349649496942 26.661565570251074 176.65342597201891  34.066349649496892 26.175126959476319 178.17688399213228  34.066349649496942 25.642370042276255 179.95342397960317  34.066349649496978 24.684999381477297 182.02213569447571  34.066349649496942 23.34222571852478 184.29823360046149  34.0663496494969 22.34159394981517 185.57071492761901  34.066349649496914 22.407522285464466 187.11723509221179  34.066349649496878 23.260253738864314 189.49555794400572  34.066349649496914 24.587421194971618 191.7445314641495  34.066349649496928 23.683877028150484 197.34756785641363  34.066349649496928 18.345889834189656 200.04317732375617  34.066349649496971 13.176852447780119 202.18061273672282  34.066349649496928 14.120274072638193 199.24081685943983  34.0663496494969 15.159664224162952 198.1234470876079  34.066349649496892 16.026729235080587 196.46039463362843  34.066349649496956 16.895120559599302 194.78880045506617  34.066349649496971 17.721046193029217 193.21727185860777  34.066349649496921 18.50821990209613 191.65852660523527  34.066349649496935 19.320470027948737 190.16847513754396  34.066349649496942 20.279815192531757 188.3500763373616  34.066349649496914 21.215441522136373 185.68311199588118  34.066349649496942 22.073767488325643 183.99570291057501  34.066349649496892 22.989427487405159 182.19288130275476  34.066349649496942 23.779735356904098 180.20994175369128  34.06634964949702 24.7140272848658 178.33623323053322  34.066349649496679 25.544724911273967 176.433869174649  34.066349649498122 26.341979645634453 174.49465862773076  34.066349649492466 27.109296826695427 172.55292992427138  34.066349649513768 27.848585124862183 170.59757995413139  34.066349649434287 28.557940101818883 168.63268821463393  34.066349649631128 29.02603332605797 167.33349936863505  34.066349649496907 29.259780361393307 166.66253042701931  
29.844366679312735 34.637619047050798 168.2500061112608  29.47645870561297 34.145087707686024 166.32520272876147  30.01677919166471 34.11193165928087 171.16867371980294  29.797263535054981 33.105446468898549 171.34832105486436  29.857195931543281 32.523686631268021 173.49066894322058  29.840910618855389 31.664692628697019 175.02078394486637  29.845289586787445 30.951838853584405 176.75102888651176  29.844117255931117 30.196344623306175 178.42740728616897  29.844430866173994 29.323812378383614 180.06053661631736  29.844346804850254 28.434701699822391 181.68573682226793  29.844369380927724 27.625301705028079 183.34025158539555  29.844363325623497 26.847180791551065 185.02714537624317  29.844364944292636 26.065242324944258 186.65057622293551  29.844364513561914 25.367424480127891 188.69009729881654  29.844364629156487 24.380634253863438 190.52167838951664  29.844364598026971 22.973102649653015 192.07241854363849  29.844364606361481 22.358337584488918 193.19127292804649  29.844364604123903 25.524585896477042 196.01692874743358  29.844364604723658 21.721823793135531 201.67985610927542  29.844364604562728 14.692748420773068 205.10818552016178  29.844364604605914 14.908627829014936 202.37618575179874  29.844364604594297 15.883866111300971 201.56219624385571  29.844364604597423 16.435741709021361 200.12100812643598  29.844364604596599 17.166483670531445 198.87810100425577  29.844364604596898 17.837267442187496 197.57760192404945  29.844364604596699 18.556668867029842 196.30154783927105  29.84436460459689 19.256648406783917 195.01246619120622  29.84436460459672 20.056533883766747 193.77291126075977  29.844364604596812 20.79908724348271 192.50599778585675  29.844364604596841 21.680106145466041 191.32838760482099  29.844364604596805 22.558287725019852 190.12854266272163  29.844364604596876 23.409560659361624 188.94691117838465  29.844364604596748 24.330565780045255 187.76521203459325  29.844364604596869 25.099693032865005 186.48661802055352  29.844364604596791 25.95568627109067 185.14963860957272  29.844364604596812 26.726758243801832 183.78009103111472  29.844364604596763 27.445210810329129 182.38535610769983  29.844364604596834 28.066699613811963 180.96397134998386  29.844364604596734 28.723488667228885 179.57081458457768  29.844364604596748 29.17961994573789 178.36942669951088  29.844364604596855 29.625060258993557 177.3453444489183  29.844364604596826 30.015357552803252 176.31061596592616  29.844364604596819 30.177393964269932 175.21408098033191  29.844364604596784 30.251791790186701 174.0272388360184  29.844364604596862 30.370503869364924 172.2337466190796  29.844364604596791 30.775784423177114 170.50112617773254  29.844364604596798 31.107847170378996 168.69957928100706  29.844364604596798 31.55375860801982 166.93484170127607  29.844364604596791 31.882883837312917 165.13386152297753  29.844364604596898 32.39221631198415 163.36452880595829  29.844364604596784 32.803733518534067 161.57814303127972  29.844364604596798 33.345330993505179 159.82069323143983  29.844364604596855 33.797802963313075 158.02943566347088  29.844364604596798 34.229905011149448 156.25240784294445  29.844364604596741 34.665910927148516 154.45315442833092  29.844364604596826 35.122926003224123 152.65661303811058  29.844364604596826 35.614058710947049 150.87872202285365  29.844364604596841 36.110605683174512 149.08333860503109  29.844364604596826 36.601339089359229 147.3095518138378  29.844364604596713 37.094910682972305 145.52351446081352  29.844364604596741 37.654162071577055 143.74508429907775  29.844364604596841 38.122864913460653 141.97345801459605  29.844364604596805 38.675090915338494 140.20453723643269  29.844364604596841 39.206530771467868 138.43976363963304  29.844364604596798 39.77994356310267 136.68341112597355  29.844364604596812 40.244672648313148 134.917983748338  29.844364604596706 40.645691398827047 133.12582367861324  29.844364604596834 41.089389428227022 131.3435064795388  29.844364604596812 41.556229995823372 129.55708871018686  29.844364604596798 42.133631382601365 127.72312419061062  29.844364604596791 42.705103174659008 125.91835521076476  29.844364604596841 43.163725794918207 124.0625299414165  29.844364604596741 43.724115200619281 122.20737658959052  29.844364604596819 44.534016366352411 120.41735180855738  29.844364604596869 45.356284255175019 118.66109718114832  29.844364604596741 46.222823232718326 116.95832441533472  29.844364604596862 47.028406195241764 115.22898401469932  29.844364604596755 46.987393075681233 113.33104965588882  29.844364604596834 48.32368586449131 111.66457644909764  29.844364604596841 49.210927551578806 109.89809425286849  29.844364604596784 50.407982631581945 108.29895347971556  29.844364604596798 51.372078967434881 106.57887136048546  29.844364604596855 53.053572589550505 105.25385589470964  29.844364604596755 54.621094086746865 107.30904778916275  29.844364604596819 54.747414139511037 107.75315292321592  29.844364604596777 54.758909220853411 109.07017296971584  29.84436460459677 54.453367962815776 110.23862606574768  29.844364604596848 54.326496777686273 111.40113635163664  29.844364604596755 54.050047000446398 112.53829044667603  29.844364604596812 54.141512056012843 113.58204097460485  29.844364604596841 54.302345649989704 114.77176842716551  29.844364604596812 54.460882735161576 116.60015541982365  29.844364604596841 54.453430202009841 118.48312873716361  29.844364604596784 54.422920881054694 120.3368487442069  29.844364604596805 54.458074096555379 122.17012001747453  29.844364604596798 54.496468824332467 123.99862406702847  29.844364604596734 54.569074347609813 125.79391127867653  29.84436460459677 54.479312931794212 127.5252164407683  29.844364604596798 54.338104054951401 129.24855505879032  29.844364604596905 54.194379509963156 130.97835769374962  29.844364604596777 53.963810180973894 132.75220313430947  29.84436460459677 53.691871801537275 134.46902585207093  29.844364604596755 53.487326220502297 136.21710019342692  29.844364604596819 53.339673704112712 137.8718429771524  29.844364604596819 52.91300836015013 140.11617609571135  29.844364604596798 52.589329392953445 142.29461587034606  29.844364604596706 52.274327331454188 144.51646263653535  29.844364604596898 51.92278761008356 146.71750474118249  29.844364604596727 51.648898448392089 148.9621470335388  29.844364604596784 51.343281513860731 151.01082574003985  29.84436460459677 51.214293023826755 152.37411813020316  29.844364604596841 50.852022997690398 153.80575759050572  29.844364604596855 50.577471646404021 155.23609572017824  29.844364604596812 50.187951969151513 156.64322158194625  29.844364604596798 49.815992419073638 158.04645250424107  29.844364604596755 49.405701967577443 159.44920923895256  29.844364604596855 49.007200952234811 160.85119687834094  29.844364604596784 48.637936064531985 162.25828500717063  29.844364604596798 48.266215096067285 163.65336678480097  29.844364604596763 47.908055814903115 165.06737355423766  29.844364604596748 47.478453970318384 166.4517628489167  29.844364604596841 47.115085242144545 167.84839726631392  29.844364604596805 46.774270208752434 169.27139777090531  29.844364604596741 46.405097021000572 170.65732082307434  29.844364604596834 46.024861022059234 172.09521635708305  29.844364604596706 46.572699427939398 173.64736241465269  29.844364604596826 48.329314554361623 175.09409733075739  29.844364604596791 51.133926082322432 176.096596288299  29.844364604596798 54.752263999067488 176.58565588253904  29.844364604596748 58.223974937568308 176.93277591065012  29.844364604596798 59.901288494095745 177.58238768963281  29.844364604596798 60.734149093937177 178.64447000845004  29.84436460459677 59.34643484899874 181.15747082306416  29.844364604596805 53.636022538605431 183.64080802849315  29.844364604596819 48.122208500554805 179.08933006744908  29.844364604596826 45.448331736709207 172.72315861378061  29.844364604596798 41.862528865744537 166.4737210862244  29.844364604596798 42.923190983876609 160.20100308706407  29.844364604596819 42.652111307080943 160.04471008118227  29.84436460459677 42.450766940670974 159.18113295687482  29.844364604596841 43.329238030836343 157.73837114131268  29.844364604596748 43.404191601085941 156.18134531161979  29.844364604596826 44.810353797701566 153.47835730625391  29.844364604596741 44.30811087926093 151.88526879555005  29.844364604596819 43.689808646560756 150.34214120194821  29.844364604596869 42.779605913196349 148.82577080300194  29.844364604596699 42.087162283953418 148.04272354259399  29.844364604596841 42.030657521655122 146.32049242343436  29.84436460459677 42.283820368963262 144.74884661954454  29.844364604596855 42.218701556207215 142.32865752457408  29.844364604596784 41.529897003239874 143.51642490469607  29.844364604596777 40.442645278460624 153.36813708176888  29.844364604596798 40.163310796478115 152.81733094443555  29.844364604596748 39.268718210030258 153.82508577317344  29.844364604596969 38.696301507313706 156.08793771741347  29.844364604596016 38.131123938395483 157.83856815631745  29.844364604600003 37.508388231244723 159.3886061870484  29.844364604584484 36.99960478067009 161.24753485938911  29.844364604642969 36.513407963569016 163.01308313599051  29.844364604423454 35.864843870032715 164.74786075662936  29.844364605243491 35.258373109036214 166.5318409493801  29.844364603210778 35.064692372609322 167.65781096642195  29.844364604596812 34.637619047050798 168.2500061112608  
37.190740355355523 30.757661698514209 167.80485230750506  36.732272151003997 30.324868754766825 165.89793715256428  37.405596338921683 30.36611316797282 170.86694747136136  37.132045353835224 29.719930490237168 171.23678973559498  37.206730532793017 29.104599680262318 173.46654573523335  37.186436475425964 28.472595233140805 175.18092787450928  37.191893357226483 27.773085465307545 177.01669649840099  37.190432448854139 27.014109047495673 178.78978816984289  37.190823256472157 26.269784134843295 180.58320934426507  37.190718502860094 25.51562610859806 182.36771418656514  37.190746636198504 24.719696025934255 184.13333359423621  37.190739090338269 23.909360855218459 185.87965721702273  37.1907411074544 23.024753881333474 187.63519447519121  37.190740570696171 22.160380228242168 189.06277039093294  37.19074071474521 21.469632620165392 190.61848858481869  37.190740675953023 21.311305589440018 192.5028580270359  37.190740686338934 20.315049823738349 194.77581809633688  37.190740683550636 15.736045927131018 195.69316380049094  37.190740684297964 16.714814710190865 191.93491672558895  37.190740684097648 19.026841549973234 189.64891046279627  37.190740684151322 19.849646979882159 187.97966075416832  37.190740684136919 20.688843142722689 186.12506583225496  37.190740684140764 21.509262572201777 184.31506554751445  37.190740684139755 22.301693987580979 182.48003518049077  37.190740684139961 23.139651018261393 180.66446199813169  37.190740684139982 23.969617351671879 178.84755791490394  37.190740684139911 24.747867958147772 177.00547892446286  37.190740684139975 25.503476557660747 175.1524356333212  37.190740684139939 26.256578658882958 173.29392709111639  37.190740684139925 26.905839070337148 171.41186001496104  37.190740684139953 27.527579363502895 169.47043097776512  37.190740684139897 28.054881067999823 167.54520494795659  37.190740684139953 28.503337501793315 165.58311256561439  37.190740684139925 28.986563211241787 163.64039462925564  37.190740684139932 29.376693872682363 161.68695625865996  37.190740684139939 29.786903930307439 159.74014965653748  37.190740684139953 30.199124025131148 157.79573928275528  37.190740684139953 30.620898629808405 155.85420653521618  37.190740684139932 31.061072033630765 153.91417470166766  37.19074068414001 31.535973758643657 151.94375176740209  37.190740684139925 31.991058874646157 149.94092270661491  37.190740684139925 32.451770799790467 147.9386259677884  37.190740684139932 32.986165358639312 145.9555882486469  37.190740684139982 33.49647863497254 143.97630976302131  37.190740684139868 34.058956934835891 142.10937193929638  37.19074068414001 34.508026775788338 140.21535777270776  37.190740684139904 34.971666483361176 138.33284526426721  37.190740684139968 35.43774644237422 136.45206828388348  37.190740684139932 35.902776499071194 134.57077847237576  37.190740684139904 36.330113891195978 132.67498901932143  37.190740684139968 36.767055590274865 130.79066370553761  37.190740684139904 37.164406981561264 128.89970287920022  37.190740684139939 37.589248021591757 127.00000058108247  37.190740684139925 38.038921653300918 125.13151409834434  37.190740684139961 38.494254982782863 123.23638262492912  37.190740684139925 38.921029663014188 121.34360027573302  37.190740684139925 39.332624159594985 119.46122837624468  37.190740684139925 39.74737477877683 117.55961872941356  37.190740684139939 40.133571625493929 115.6754953615589  37.190740684139968 40.527054849752233 113.77855636821479  37.190740684139968 40.909786738174596 111.86555040553557  37.190740684139946 41.290721828804777 109.9780873289067  37.190740684139897 41.641459437632108 108.06677315916571  37.190740684139946 41.971175302596649 106.15943023280224  37.190740684139925 42.296646522523247 104.24239611200802  37.190740684139982 42.640150569923286 102.33308865328846  37.190740684139953 43.019211205020682 100.42501616787538  37.190740684139932 43.348478652345861 98.514757578457804  37.190740684139946 43.650929480284546 96.617757858516995  37.190740684139925 43.884744423341182 94.682035394032994  37.190740684139953 44.040943777614714 92.792223860792916  37.190740684139939 44.418697665339998 90.89009797364676  37.190740684139968 44.7379326296427 89.027816928364189  37.190740684139911 44.921346020117547 87.128070013897329  37.190740684139939 45.094368391340907 85.241024975063411  37.190740684139982 45.322276442491273 83.352888146457758  37.190740684139911 45.587057929175614 81.493035794776659  37.190740684139961 45.941194178706482 79.624954932571981  37.190740684139897 46.096852248474825 77.790973142440521  37.190740684139925 46.376948113834366 75.974896018491933  37.190740684139918 46.595979779313865 74.094553093588416  37.190740684139968 46.871402765109238 72.361455650318135  37.190740684139925 47.109714189826562 70.331947677426911  37.190740684139982 49.344207786640666 68.594822975014438  37.190740684139911 50.640462180014268 71.179235711708685  37.190740684139989 51.411334019156527 72.82488559841623  37.190740684139939 52.034394800409373 74.813514891407479  37.190740684139953 52.584497440954195 76.765699803194835  37.190740684139939 53.027207456450611 78.760806460690745  37.190740684139968 53.316419429133902 80.792042900698419  37.190740684139882 53.547486112222373 82.80206499391862  37.190740684139946 53.794487553757193 84.720742329396415  37.190740684139968 53.90665434865096 86.641686745220596  37.190740684139925 54.003944687759514 88.56943444794814  37.190740684139953 54.055348307391888 90.501539549276885  37.190740684139925 54.033076933881688 92.436357302199525  37.190740684139975 53.965379062981498 94.370778976594053  37.190740684139968 53.953518293189425 96.318382760291342  37.190740684139961 53.914862121455712 98.260467584772968  37.190740684139868 53.82262074576002 100.20994504928632  37.190740684139996 53.744130757223182 102.15569038136115  37.190740684139939 53.617161586662036 104.09813345278121  37.190740684139968 53.477971046106866 106.03604182024631  37.190740684139911 53.304357245151763 107.99319954017568  37.190740684139953 53.191527455117537 109.85243977741371  37.190740684139925 52.999931644178091 111.71991029453616  37.190740684139989 52.818231223390725 113.58491938845208  37.190740684139882 52.579380444487867 115.44131719239627  37.190740684139968 52.342687806465094 117.29168222408236  37.190740684139968 52.093395793309064 119.17185313287601  37.190740684139925 51.804195283983461 121.17783667239783  37.190740684139946 51.54183288375387 123.13259627988511  37.190740684139861 51.228800551679086 125.11700307014772  37.190740684139968 50.952870716548261 127.0989920612501  37.190740684139925 50.653160731579263 129.07202227564142  37.190740684139946 50.340562877158213 131.0461693224531  37.190740684139939 50.004988439061137 133.02222581575768  37.190740684139939 49.653411749835612 134.98231541714139  37.190740684139925 49.278328238956611 136.93903674553732  37.190740684139953 48.903763291937778 138.91499378468671  37.190740684139953 48.506951902051348 140.86996033151803  37.190740684139925 48.073091155228333 142.81747345792743  37.190740684139911 47.645754052777619 144.78382705274981  37.190740684140003 47.214040881640059 146.71130381616476  37.19074068413989 46.760693147358317 148.69827283983693  37.190740684139996 46.157517763644833 150.58013439010412  37.190740684139939 45.360535892114427 152.53491036702329  37.190740684139996 44.393796551330148 154.53597805942974  37.190740684139904 43.254651884772031 156.61178706283053  37.190740684139996 42.288966423835504 158.7778535031199  37.190740684139925 42.772253571206562 160.88709483904188  37.190740684140003 44.176276193968363 162.59546591585729  37.190740684139904 46.593829182107811 163.55151663882859  37.190740684139996 49.649544172016618 164.46699037224522  37.190740684139911 52.205881381049473 166.78025992499198  37.190740684139939 53.862952889266765 169.51832149463286  37.190740684139925 55.373978001508348 172.87169099450978  37.190740684139961 52.075859044974408 176.34104774810177  37.190740684139911 49.851279134087392 173.52636863429547  37.190740684139982 48.099611141823225 171.01385905315755  37.190740684139918 45.99206368684419 168.60879021808364  37.190740684139953 44.810898341995298 166.67524626792769  37.190740684139939 42.730808798948047 165.83881535962723  37.190740684139968 41.881589926574058 164.18400322991585  37.190740684139911 41.215181746625206 162.45575452266357  37.190740684139925 40.907849630313905 160.77161750066904  37.190740684139968 40.18298411149641 158.26985259814245  37.190740684139961 39.736749365254852 156.48513993539069  37.190740684139925 38.224015774282819 155.00389724768095  37.190740684139939 37.027963430276003 153.46991179340864  37.190740684139939 35.629806187682235 151.94474724356286  37.190740684139975 35.418508243212507 146.4860396188476  37.190740684139925 34.683201172581903 150.49727797219052  37.190740684140039 34.501065462396497 153.16262674206473  37.190740684139477 34.131101888413113 154.53073927725669  37.190740684141673 33.500149539572369 156.38997844680773  37.190740684133402 32.994588678475907 158.45885570570928  37.190740684164666 32.565426661192774 160.26197775698213  37.1907406840471 32.09905272950013 162.16018954776402  37.190740684488361 31.688214364014705 164.05461082604967  37.190740682840321 31.260378391679019 165.89712914833325  37.190740686925182 30.823765079425215 167.22195348213603  37.190740684139939 30.757661698514209 167.80485230750506  
43.326241381713452 28.655532824786352 166.39682755230302  42.792137389821121 28.251462968355142 164.54436724838922  43.576542387599723 28.166281915672887 169.88683243520828  43.257862673281579 27.577929714298403 170.6203796862616  43.344868945573182 26.988430638076327 173.28711615688519  43.321226901651983 26.484548242479747 175.43814832044521  43.327584025654645 25.866584230330361 177.71948804321553  43.32588210576364 25.159355891150884 179.93113227965807  43.326337386376203 24.456881837747922 182.16111025336926  43.326215351169097 23.604763059206775 184.33739642605224  43.326248125769297 22.773243381670873 186.49290114403379  43.326239335040412 21.767168599897293 188.66719929208742  43.326241684927759 21.440321893731834 190.79692618490012  43.326241059618418 20.291673050909285 194.90724442676301  43.326241227431801 18.796990529813868 198.29479841010237  43.326241182239905 14.456416198215495 200.37380587295922  43.326241194339289 12.263709807498156 196.32471524815725  43.326241191091015 17.593698299140204 192.62150797327689  43.326241191961657 18.154746939289762 191.67202929684279  43.326241191728059 18.322205968557316 189.85099681340404  43.326241191790714 19.208817962446822 187.65361066067399  43.326241191773917 20.052007212951153 185.53948621031387  43.326241191778358 20.943804243702232 183.41725456256688  43.326241191777264 21.834092456018809 181.28764588076467  43.326241191777591 22.50088078165977 179.09008537132658  43.326241191777456 23.19702080279481 176.88961260321756  43.326241191777513 23.762894430240273 174.65483914417945  43.326241191777441 24.2558397738464 172.40625763768961  43.326241191777541 24.685095271291367 170.13509268982477  43.326241191777513 25.053447255446507 167.88384425870183  43.326241191777456 25.477955639127657 165.59529680379484  43.326241191777548 25.933710752237772 163.36881409521249  43.32624119177742 26.440663539390933 161.13677576816298  43.326241191777555 26.907700630653238 158.89171883415889  43.326241191777456 27.506860713765057 156.67030146720913  43.326241191777498 28.043902642226691 154.43367154283055  43.32624119177752 28.579231312738099 152.19568639444586  43.326241191777427 29.111571155030482 149.95616582947733  43.326241191777548 29.657201055161948 147.72190211560311  43.326241191777413 30.183683465405597 145.50463213737922  43.326241191777477 30.730098493299842 143.30814953757709  43.326241191777584 31.205756058586275 141.09641739115023  43.326241191777548 31.695852678153472 138.88585367114203  43.326241191777392 32.104568193869952 136.65260206094911  43.326241191777562 32.585335753043566 134.37353915307739  43.326241191777456 33.052123808009036 132.09633895501713  43.326241191777484 33.509167031055121 129.81083695595962  43.32624119177752 34.013442391733498 127.53641636664462  43.326241191777548 34.452805675639254 125.24601175910449  43.326241191777562 34.930141947867284 122.95813871426162  43.326241191777456 35.37255948522818 120.67403883304713  43.326241191777527 35.850562265882019 118.39416021988174  43.326241191777477 36.261370638577283 116.08809224337656  43.326241191777541 36.665766322590784 113.81287494336878  43.326241191777441 36.991870522435377 111.49098786895281  43.326241191777491 37.387105483288522 109.18778487372521  43.326241191777569 37.750167259739683 106.8898146761733  43.326241191777541 38.02719688292369 104.55687856709076  43.32624119177752 38.360292346207551 102.26288600227069  43.326241191777463 38.56384463680233 99.934959674904334  43.326241191777491 38.913334405123038 97.614030404100717  43.32624119177747 39.121891706999513 95.304505657641087  43.326241191777569 39.397106136420653 92.982570412433731  43.32624119177747 39.63881585847605 90.674144903571147  43.326241191777449 39.846475658538075 88.355166658556371  43.326241191777505 39.969237598873839 86.040290599813602  43.326241191777385 40.082763936957953 83.707651184056729  43.326241191777527 40.238177926869596 81.384352174785008  43.326241191777498 40.528081744665727 79.083136793338156  43.326241191777513 40.834548734948498 76.713064685580974  43.32624119177742 41.419330989516681 74.363778885309202  43.326241191777534 41.673264185023008 71.974833241753785  43.326241191777456 42.274671672863747 69.480870793402715  43.326241191777491 42.799222688617874 66.998092345283581  43.32624119177764 43.543421008956301 64.47813654258799  43.326241191777363 44.250426752861543 61.887873474854338  43.326241191777598 44.858778045441696 59.240312280569178  43.32624119177747 45.440778742942101 56.716270257268434  43.32624119177752 46.240654010515918 53.764669421513545  43.326241191777548 47.062134046137501 50.85774463269361  43.32624119177747 47.749128983350033 48.273509297064422  43.32624119177747 49.49431134060913 44.804779153175829  43.326241191777484 49.784886495082205 43.1283837370814  43.326241191777477 49.414175973278269 39.650109026059887  43.326241191777413 51.820191895331334 39.839024546484872  43.32624119177747 52.353854174759164 42.547812469405322  43.326241191777498 52.732087802827706 44.952970087754011  43.32624119177752 52.931741399503757 47.342877996568546  43.326241191777441 53.163246396619108 49.753542921292947  43.326241191777498 53.390614679929001 52.07645697555278  43.326241191777534 53.599921482088121 54.430196590829652  43.326241191777527 53.759387438474157 56.800014277817439  43.32624119177747 53.954207502512247 59.172117691566129  43.326241191777541 54.071591845938492 61.526918249401184  43.326241191777456 54.230974985263259 63.894038207256457  43.326241191777477 54.346012156954629 66.256973070563504  43.326241191777427 54.316155785717271 68.639550599868727  43.326241191777491 54.261353525293913 71.011619569833883  43.326241191777456 54.180195661550485 73.375388587282004  43.326241191777612 54.095007649810405 75.746624184674857  43.32624119177742 53.931008036828828 78.110159279245877  43.32624119177752 53.962540540782094 80.441860534165727  43.326241191777356 53.71638337071925 82.791679217599722  43.326241191777584 53.557472433465463 85.129514409165665  43.326241191777477 53.26776579399413 87.517951128630557  43.326241191777534 53.168570570246622 89.884822920489725  43.326241191777484 52.827362876803775 92.258724820404666  43.326241191777555 52.658195597121697 94.623194455592767  43.326241191777456 52.39553738642438 96.994554736169505  43.326241191777534 52.116690414875642 99.339555005888968  43.326241191777413 51.873675717501342 101.64265796635715  43.326241191777513 51.569661138517716 103.90575068616485  43.326241191777534 51.344025419859463 106.20265049379024  43.326241191777527 51.046151451866422 108.4805473669618  43.326241191777548 50.72953251829243 110.75333634926092  43.326241191777441 50.393631865772264 113.0408927349544  43.326241191777569 50.130774213361477 115.33206653068345  43.326241191777505 49.758686687221562 117.5960211848035  43.326241191777513 49.498073637535413 119.86922852230202  43.326241191777584 49.133243863576375 122.1435348448574  43.326241191777434 48.793049291120639 124.40264939084328  43.326241191777576 48.463031045757987 126.65705246650171  43.326241191777491 48.060399284754013 128.93471635103589  43.326241191777534 47.672639593899028 131.17163531506162  43.32624119177747 47.242869523734946 133.47342079037585  43.326241191777413 46.877667154914548 135.70331733162817  43.326241191777505 46.614457264701862 137.97355146953197  43.326241191777484 46.428842737650157 140.17450335803201  43.326241191777498 46.300992850242238 142.34390070862727  43.32624119177752 46.062608613707475 144.45067201514789  43.32624119177752 44.972821131343423 146.56298133140285  43.32624119177747 43.361519493044881 148.93704804192845  43.326241191777548 41.142263566757038 151.7649558869939  43.326241191777399 38.433050105035747 154.5604586536983  43.326241191777527 37.650555918604283 156.74376060722841  43.32624119177752 39.279726345961116 157.95520364575592  43.326241191777477 41.887456168339789 157.79697386951443  43.326241191777527 47.050359455515462 157.70764210723993  43.326241191777463 51.231107223373087 161.75708351080328  43.326241191777406 55.061706902443795 165.66206599899596  43.326241191777548 57.60717379862588 170.68786797056879  43.326241191777463 52.736496018668774 173.96122185573455  43.326241191777498 53.496956320489886 170.1120824020575  43.326241191777491 50.179083069875553 167.60722201795841  43.326241191777441 47.375250391677596 165.5382434521868  43.326241191777612 44.896039301741041 162.20007319442982  43.32624119177742 43.726605550107784 164.08673832598245  43.326241191777513 41.484544258761481 161.12700792818515  43.326241191777505 41.362476426512117 158.9772062578603  43.326241191777505 40.311835828009507 156.62337459772988  43.326241191777427 39.05683693016217 155.00272763422336  43.326241191777527 36.802302169029126 155.49506996309361  43.326241191777548 35.571873874853324 150.18611758627901  43.326241191777456 33.413185597469706 145.63389281903343  43.32624119177747 32.259847478911709 151.56586270804752  43.32624119177764 31.559067407018887 153.54835749723054  43.326241191777058 30.750980806385904 154.51799929214388  43.326241191779125 30.592421311982612 157.39914001782972  43.326241191771238 30.085542912279852 159.5464872620004  43.326241191800989 29.55053803516245 161.77967743769435  43.32624119168981 29.187075437048517 164.3289444318242  43.326241191965316 28.725080681028668 165.16823332094214  43.326241191777541 28.655532824786352 166.39682755230302  
36.062530919330044 30.674317098488871 168.58732130046474  35.617970420691705 30.217671048449262 166.74364842561658  36.270868752270076 30.473134888325916 172.70810927228524  36.005616166710723 29.414522961644664 173.74949751446968  36.078035707862455 28.551087448748916 176.85506643589986  36.058357287818438 27.479056086300815 179.34845793537193  36.063648630513455 26.339121302283658 181.97021785962636  36.062232040026828 25.02245089834355 184.47829868070096  36.062610992166441 23.82656212427915 187.03778504925344  36.062509416343431 22.677131432249368 189.5873130469314  36.062536696233479 21.291890612312386 192.13697369486295  36.062529379283404 20.755688695957076 194.66424345836344  36.062531335208348 16.846257963467707 197.12638986954073  36.062530814733378 16.144975791159567 190.98706756981221  36.062530954412637 20.011680886774883 189.16626331967063  36.062530916797073 20.671916860480643 186.30676373323183  36.062530926867936 21.861457804968964 183.74282777919484  36.062530924164435 22.956349651953872 181.26932103284685  36.062530924888506 23.95171754850341 178.59997742338817  36.062530924694926 25.211250164271163 176.05504237129753  36.062530924746738 26.132652328985358 173.39704026254935  36.06253092473284 27.010870674349803 170.72792123333772  36.062530924736592 27.876122368618113 168.04767835589462  36.062530924735483 28.338597466300683 165.27303749114151  36.062530924735796 29.294215112636422 162.60815490903144  36.062530924735569 29.815072316474286 159.84763850758156  36.062530924735796 30.405197993778174 157.10203664958988  36.062530924735682 31.216560157959179 154.40665484474073  36.062530924735711 31.798751830168982 151.65639064909897  36.062530924735654 32.496500879324429 148.95954458372739  36.062530924735739 33.108479628619833 146.17733623123672  36.062530924735711 33.826970300751398 143.48177245839406  36.062530924735768 34.420406668734842 140.73601049075251  36.062530924735682 35.189574910269599 138.03038394879525  36.062530924735881 35.678077044716616 135.26322846538454  36.062530924735483 36.371068576508904 132.53999997216482  36.062530924735739 37.014483661231864 129.80528610372124  36.062530924735853 37.590852422550995 127.0573251477951  36.062530924735597 38.210085027660895 124.31747908281153  36.062530924735796 38.854328963455259 121.58082199941299  36.062530924735796 39.366437301616983 118.81915141709925  36.062530924735483 39.954350847794061 116.07135878428471  36.062530924735682 40.472879402582777 113.3110007366073  36.062530924735796 41.141271088887351 110.575407365101  36.062530924735569 41.418942857036711 107.77601045050841  36.062530924735853 41.986851549012499 105.02479119742549  36.062530924735711 42.457066591797314 102.25612310194549  36.062530924735626 42.804858423451805 99.471678727094343  36.062530924735483 43.142382268614966 96.687593561667711  36.062530924735654 43.561596859051178 93.90098180490304  36.062530924735739 44.009349648488353 91.13137209689171  36.062530924735768 44.174208735555794 88.329029792226265  36.062530924735739 44.716438973307731 85.561996795630989  36.062530924735654 44.944111191248624 82.757058099303151  36.062530924735881 45.453095955073934 79.969024804570495  36.062530924735597 45.76447397532263 77.162140785555835  36.06253092473537 45.994549268244498 74.382485265062371  36.062530924735682 46.454044734697732 71.609174146154373  36.062530924735483 46.605980549045171 68.811379301196041  36.062530924735768 46.82365899331387 66.009779559541954  36.06253092473554 47.118812923948639 63.186640491749756  36.062530924735825 47.297776024419733 60.393020816754955  36.062530924735597 47.441702441469914 57.576374237294004  36.062530924735825 47.776905786544177 54.767841197776534  36.062530924735768 48.176355059267593 51.951557566357877  36.062530924735711 48.848649703672123 49.148949582657082  36.062530924735796 49.257415560919895 46.335088543609004  36.062530924735682 49.555177091839937 43.53069691514176  36.062530924735711 49.456243326337784 40.726247190952733  36.062530924735626 48.735095653109255 37.929174013264742  36.062530924735796 47.424029833815808 35.403392500537592  36.062530924735711 46.558438030963089 32.676967716866642  36.062530924735569 44.456542531587132 30.545513025188242  36.062530924735739 42.638244556910337 28.373539686521497  36.062530924735285 40.451357733370287 26.470494638461091  36.062530924735967 38.102370742544963 24.788993317017827  36.062530924735512 35.645829248709717 23.385732931361758  36.062530924735825 33.458173749878483 21.359811178722481  36.062530924735569 30.214881687924361 21.299121894192581  36.062530924735654 27.175353193463408 20.945288504619114  36.062530924735626 25.238735414470511 19.488826364139314  36.06253092473591 19.335090070046249 21.280438270616827  36.062530924735768 20.284745213453149 17.591225680508551  36.062530924735768 20.805065856098679 14.045951796192035  36.06253092473591 24.949957726794636 16.570224975488642  36.062530924735853 26.847843496745114 17.497429922892486  36.062530924735569 29.659127059146726 18.639305130742919  36.062530924735739 31.779963099283165 20.598335852065162  36.062530924735739 34.06303764032161 22.283687304449955  36.062530924735825 35.938519935097574 24.501229773255943  36.062530924735597 37.777988842344911 26.667623123625887  36.06253092473554 39.318223407274957 29.118252310671792  36.062530924735938 40.78390823509929 31.576834223517082  36.062530924735483 42.004246988708445 34.178333964992717  36.062530924735739 43.296558279978484 36.693056316907743  36.062530924735768 44.443403578508082 39.282744198486427  36.06253092473591 45.647064111203804 41.827422970987243  36.062530924735569 46.776431456287838 44.391809398174559  36.062530924735825 47.894421991616042 46.966340948328877  36.062530924735682 48.930804457020884 49.581104381955129  36.062530924735626 49.827211621136684 52.260711618999949  36.062530924735938 50.429066510213602 54.992007861964908  36.062530924735796 51.411002487392494 57.686210130667291  36.062530924735682 52.203763834428656 60.424769620997267  36.062530924735597 53.182707834792723 63.140290066541951  36.062530924735682 53.415567921797503 65.933081291168008  36.062530924735427 54.04966378777209 68.703056989886306  36.062530924735825 54.27814624236953 71.502621393720489  36.062530924735682 54.814237726054358 74.285994526628201  36.062530924735569 54.979307166444215 77.073027253372089  36.062530924735853 55.167435958051954 79.884856111127419  36.062530924735739 55.350836415537827 82.667608727007064  36.062530924735569 55.326833061517561 85.500726978388457  36.062530924735597 55.365973483650521 88.336794481988989  36.062530924735626 55.298833447454996 91.139302447102978  36.062530924735739 55.35200079220661 93.91723329217524  36.062530924735597 55.005617428809444 96.690312920499991  36.062530924735654 55.05596182014321 99.506920550111545  36.062530924735626 54.68125293658639 102.27652379420999  36.06253092473537 54.476073458885594 105.12670094058905  36.062530924735711 54.272995028392785 107.95095052472942  36.06253092473554 53.905212897956034 110.7783637093774  36.062530924735654 53.621941949199368 113.59620693918828  36.062530924735569 53.308000179573895 116.3533427296469  36.062530924735768 52.810607080058276 119.17934503884453  36.062530924735938 52.563771953569699 121.92935979127071  36.062530924735768 52.10178924000445 124.72350373057913  36.062530924735825 51.681153328545236 127.49112206053945  36.062530924735654 51.265867203894715 130.27913160405393  36.062530924735626 50.767843175226318 133.05383979175701  36.062530924735739 50.310380492519272 135.80786386936956  36.062530924735682 49.769247119806778 138.54834414982184  36.062530924735427 49.288178200348796 141.31883953714379  36.062530924735995 48.657914507204737 143.99920909283782  36.062530924735881 48.177273931222317 146.76442874084421  36.062530924735569 47.336832859533132 149.51858043596656  36.062530924735654 46.66150328508823 152.35458028793391  36.062530924735739 45.776837689578571 155.09845790421286  36.062530924735654 45.193877413113654 157.81175061045735  36.062530924735967 43.724083173219128 160.50521606939537  36.062530924735483 46.177993087390007 163.34763070810538  36.062530924735711 48.622149084493969 164.37065465741557  36.062530924735796 50.441241092442596 166.86753864074683  36.062530924735654 52.442313767873799 169.43944188213584  36.06253092473591 54.679173609478113 170.55902049725012  36.062530924735313 51.945483730214988 179.97405225687226  36.062530924735967 45.052257308539112 164.51877826282919  36.062530924735825 46.255441689563355 167.40095868447372  36.062530924735597 43.234383001952608 164.3672521142322  36.062530924735682 40.44856285883975 164.11097971962681  36.062530924735796 40.066736484376833 159.59899603429687  36.062530924735597 40.522685556679221 156.16513416725002  36.062530924735626 36.427314442731728 155.67604087385382  36.062530924735739 37.220141922345618 152.15758244525523  36.062530924735853 35.878401616544309 146.76881135286169  36.062530924734858 35.389725149597652 148.29191691487949  36.062530924738951 35.979424286267133 157.33239784384227  36.062530924723461 33.413719743688915 157.15011310736963  36.062530924781498 33.179333066314825 160.58362825104552  36.062530924563902 32.459791650785135 163.42387204016893  36.062530925376507 30.896231264896855 164.84435613153698  36.062530923362431 32.267485540102896 169.92608735763145  36.062530924735512 30.674317098488871 168.58732130046474  
44.61279187311537 28.14093359198235 166.4890783493037  44.062828109669105 27.730923453455844 164.67697059377329  44.870525644887195 27.551243980684355 170.52306794294918  44.542382886353458 26.867018694096146 171.66612487386621  44.631972768974585 26.137891225227062 174.82494780783173  44.607628685679877 25.474667962765807 177.43513617817035  44.614174581489571 24.645591084789611 180.1665025496082  44.612422123887946 23.822310141291492 182.85607498857692  44.612890923844176 22.848480783324231 185.51486363536503  44.612765264858908 21.789370879841403 188.13291592604546  44.612799012685564 20.735570600897638 190.75191327627684  44.612789960920061 19.370311560908142 193.22078530045775  44.612792380586214 18.952219392829885 196.15964231582848  44.612791736708594 14.377933685219222 197.11490713823147  44.612791909505113 16.336464119311636 193.61400089306542  44.612791862971271 17.312994812526078 191.32775151212854  44.612791875429934 18.515756840247974 188.66132947847586  44.612791872085168 19.526315091597159 186.05221671088037  44.612791872981688 20.55107774424496 183.40843912541263  44.612791872741234 21.405446890601183 180.72051660870284  44.612791872805658 22.228678566910574 178.01536239374519  44.612791872788385 22.97688829323333 175.29250816054085  44.612791872793018 23.633795715922325 172.54429453334799  44.612791872791846 24.279056145597409 169.79369889410722  44.612791872792123 24.813031521583692 167.01873118507538  44.612791872792087 25.45376243188219 164.26700419793514  44.612791872792052 26.051653001791077 161.50569559642341  44.612791872792087 26.637509828907483 158.74293066821392  44.612791872792059 27.248500905411536 155.98130512157178  44.612791872792123 27.857767677702295 153.24679279668089  44.612791872792002 28.487564158954374 150.45127775362562  44.612791872792101 29.100031329765276 147.71455350423528  44.612791872792002 29.729575959942004 144.95878839972013  44.612791872792087 30.306067605394059 142.19322426292152  44.612791872792045 30.915346936415993 139.43470406020043  44.612791872792116 31.482841437895601 136.66717711269621  44.612791872792101 32.041832601703071 133.89800962099559  44.612791872792016 32.602302303337574 131.12917404889322  44.612791872792094 33.137227934207296 128.3553536296028  44.612791872792045 33.657069235249885 125.57782440626501  44.612791872792059 34.200545135642351 122.80587714435504  44.612791872792123 34.699070311036266 120.02523976827567  44.612791872792073 35.195280022009158 117.24427161041325  44.612791872792045 35.640179171191562 114.45379362372329  44.612791872792101 36.136064008392147 111.67221138347344  44.612791872792073 36.564351528841172 108.87981169189771  44.612791872792052 36.957514113506939 106.08175110065018  44.612791872792101 37.342257076075036 103.28587457634585  44.61279187279213 37.701474671716085 100.4839688640797  44.612791872792087 38.062301026700858 97.674466374189748  44.612791872792059 38.33945110920272 94.867321491936835  44.612791872792045 38.673428402920564 92.069297524210739  44.612791872792059 38.912052242708654 89.236354327940376  44.61279187279208 39.1543781353596 86.453053081410786  44.612791872792045 39.332827018311853 83.615968916801677  44.612791872792087 39.545600142111304 80.795461551972338  44.612791872792158 39.707922067901791 77.984552932085862  44.612791872792059 39.843942739446078 75.139732187514582  44.612791872792137 39.997956357945512 72.340686212271379  44.612791872792059 40.117247565922661 69.518520664997737  44.612791872792094 40.182914427828436 66.675125644732773  44.612791872792045 40.214351309954644 63.870558262058701  44.612791872792094 40.236773912740759 61.039160489877901  44.612791872792066 40.164103913097797 58.221594302060581  44.612791872792059 40.11411808844305 55.393311921919647  44.612791872792108 40.011942921510325 52.574791157852346  44.61279187279203 40.002832965610047 49.74473089185971  44.612791872792101 39.900807497879988 46.923911421221405  44.612791872792059 39.71308610602906 44.127316204148556  44.612791872792101 39.395829975969242 41.290267305248527  44.612791872792009 38.856483545376882 38.543642915972285  44.612791872792108 37.845506417256125 35.880700448946818  44.612791872792059 36.783322656513548 33.264140436776216  44.612791872792101 35.320938648836076 30.834909834180596  44.612791872792187 33.649175734505349 28.564252075321974  44.612791872792009 31.698241848491165 26.509855597499666  44.612791872792144 29.552904046391674 24.656647531971139  44.612791872792016 27.031940658675765 23.389186025478512  44.61279187279208 24.652973723172245 21.926965349343881  44.61279187279208 22.107790317451141 20.663404316032537  44.612791872792066 19.148374556387612 20.525928515551541  44.61279187279203 17.205886793707815 18.07132425205576  44.612791872792052 18.761463390845019 15.324032651222607  44.612791872792052 18.536567748279442 12.278619430837306  44.612791872792002 21.334030838760853 10.643184212964613  44.612791872792045 23.973071051325597 12.379915073053919  44.61279187279208 26.477301501824851 13.486738797459052  44.612791872792094 29.042426561257937 14.724079392724045  44.612791872792023 31.432065811769089 16.225658110090158  44.612791872792066 33.752078687671414 17.842689760371513  44.612791872792087 35.908411787650195 19.671547383548983  44.612791872792094 37.976767945480105 21.600360280488516  44.612791872792066 39.901917086081554 23.670893591041214  44.612791872792087 41.694463162815282 25.857795137364565  44.612791872792073 43.285327301606323 28.195351115460422  44.612791872792002 44.796024359313066 30.585423464890848  44.612791872792045 46.11370912099828 33.085199299212832  44.612791872792066 47.29938652942576 35.652575912952457  44.612791872792066 48.317259201598048 38.280672104615789  44.612791872792087 49.169188341899577 40.982732406436341  44.612791872792073 49.892871026580032 43.722062866423428  44.612791872792016 50.448619554166164 46.486818824356142  44.612791872792045 50.719766621728724 49.299578398150722  44.612791872792052 50.962298355400819 52.118678755476893  44.612791872792108 51.136454896374531 54.938441931049887  44.612791872792066 51.373938340927332 57.751774851496705  44.612791872792144 51.515706198388585 60.579504668770056  44.612791872792052 51.675010531448244 63.394688769948552  44.61279187279208 51.745269377902822 66.215607865705223  44.612791872792094 51.888197528034716 69.038579032288041  44.61279187279203 51.901634592971448 71.889574987715321  44.612791872792045 51.929607965910705 74.684603608208334  44.612791872792116 51.934978221715298 77.520208692813057  44.612791872792094 51.902184129327715 80.340248932926343  44.612791872792101 51.809463688393507 83.159498003917179  44.612791872792045 51.695522148980039 85.99752235058196  44.612791872792137 51.568499243232793 88.83620539947961  44.612791872792066 51.371166120726215 91.643498007313411  44.612791872792116 51.235038045245204 94.458139147064131  44.612791872792123 51.000383597658882 97.278950782305316  44.612791872792087 50.753986194091624 100.07562051129335  44.612791872792087 50.488769184499972 102.86339470690521  44.612791872792087 50.214976070829159 105.69373929863113  44.612791872792094 49.932060759102129 108.47166031116373  44.61279187279208 49.617678724980266 111.33659309607982  44.612791872791973 49.248536375511918 114.08809659556442  44.612791872792066 48.883870116014393 116.91091651539109  44.612791872792066 48.497031284978021 119.69910783058258  44.612791872792087 48.08476823350545 122.50013741617784  44.612791872792073 47.658163933828121 125.29269824980884  44.61279187279208 47.190367091900079 128.06067115648179  44.612791872792101 46.705280946877323 130.84730749866495  44.612791872792108 46.193904391197769 133.66154551548857  44.612791872792009 45.675587023609431 136.40687932023346  44.612791872792045 45.108475880635623 139.18470695015822  44.612791872792087 44.557911936880451 141.95041904878397  44.61279187279208 43.9473898625739 144.73622923570773  44.612791872792073 43.348994612216238 147.43585462954687  44.612791872792045 42.710949977691463 150.21584050163139  44.612791872792016 42.061222236823895 152.94973509440371  44.612791872792108 41.499936931106262 155.84297017882599  44.612791872792045 43.475492737218865 158.29877587534085  44.612791872792059 46.063075106652221 159.34378434018419  44.612791872792094 48.337257050357721 161.23125645735198  44.612791872792016 50.085082702472491 163.3593420814102  44.612791872792165 53.028034498161368 164.66424887105333  44.612791872792016 51.131469504379567 170.13654422374933  44.612791872792066 48.924493276679549 165.35237027878563  44.612791872792087 47.107005615236822 163.9806181502085  44.612791872792087 44.883898171222874 162.03579693773906  44.612791872792052 42.163641685009992 160.98033906536173  44.612791872792094 40.344970410512843 158.66151611648837  44.61279187279208 38.941979819927624 156.20166969596929  44.612791872792123 36.783607192695712 154.13637932454995  44.612791872791718 34.394329075416913 153.40812854891689  44.612791872793352 31.844047321694344 150.1054903253401  44.612791872787369 30.348320443869074 152.20653359266359  44.612791872809794 30.487760162244939 155.53755938071089  44.61279187272541 29.774095780695585 158.1731423772606  44.612791873042298 29.184296847713703 160.89598736492343  44.612791871858775 28.93552967557839 163.95916588147779  44.612791874792151 27.815452598297529 165.03391561791665  44.612791872792123 28.14093359198235 166.4890783493037  
60.168334425110544 24.669575879094246 166.07662973532331  59.426609862656051 24.297982958754865 164.2691531041375  60.51593454721877 24.575695766793594 170.22259505186  60.073375307719196 21.96928574250574 170.92158197789024  60.194203298855982 23.053738410607039 174.49955284398686  60.161370945532198 21.154022557194242 176.82001405550216  60.170199257588322 20.420578122390431 179.56887328218994  60.16783575486442 19.827952152658153 182.35916358602032  60.168468015509035 20.003248344416651 185.33861205851349  60.168298541876986 19.842452052176679 188.33128819942866  60.168344056862267 19.005505782407472 191.10871248115245  60.168331848936205 17.167021009936605 193.26555497628055  60.168335112288844 14.403651686925134 195.52949855282242  60.168334243905065 19.125690452765213 198.51586287910573  60.168334476952445 6.0223949346458241 196.45322437206039  60.16833441419287 14.603196162464309 195.80963701041185  60.168334430995401 14.024380587386418 192.9265799064294  60.168334426484876 15.801407554894988 190.65490382988818  60.16833442769294 16.078822705491376 187.83063841202355  60.168334427369707 16.994606810288186 185.24759855505312  60.168334427456884 17.227201982208243 182.45690706534538  60.168334427432931 17.442270342959382 179.68244474267772  60.168334427439241 17.509242376839453 176.88956245613363  60.168334427437593 18.025495210353021 174.19778929358381  60.168334427438197 18.737825549749758 171.55139062643877  60.168334427437678 19.065458715307571 168.81898218896436  60.168334427437998 19.557176840732421 166.12274147979153  60.168334427437706 20.213967918163689 163.46317588998082  60.168334427437863 20.689216631316398 160.75935929901007  60.168334427438012 21.260971965630088 158.10385080458283  60.168334427437912 21.731023043121276 155.36143797500048  60.168334427438012 22.284969629731762 152.69832956895127  60.168334427438161 22.666834988637348 149.9762749457164  60.168334427438232 23.473503083268735 147.34843175892632  60.168334427437927 23.712440464040789 144.59880883451444  60.168334427437848 24.333275221599216 141.92979291958642  60.168334427437451 24.872956331696152 139.24411608539134  60.168334427438495 25.132871311185326 136.5029750160499  60.168334427437856 25.636882788006709 133.8089762435043  60.168334427438111 26.154097813624453 131.11831899357151  60.168334427438225 26.349010512945235 128.3663994267022  60.168334427437486 26.655370498125077 125.64024066559229  60.168334427438012 27.121865414472062 122.93829758688854  60.168334427438111 27.509412196041833 120.2274651693632  60.168334427437685 27.599566416110783 117.46871823531929  60.16833442743804 27.922820610998272 114.74838772662791  60.168334427438282 28.301252320827412 112.04359851555763  60.168334427437429 28.759662892471479 109.32669206936426  60.168334427437699 28.836936128664476 106.59989660330147  60.168334427437628 29.263432682995457 103.85792107706315  60.168334427438282 29.736310644492796 101.16501121719824  60.168334427437877 29.733512193360717 98.376254746690961  60.168334427438239 30.084148907428293 95.80845658942971  60.168334427438083 30.459128945329699 92.731905834282898  60.168334427437884 30.908565548359217 90.040934048787904  60.16833442743804 30.676648642598725 87.142957503509081  60.168334427437031 31.103726301495335 84.534616122112567  60.168334427438268 30.993963898980457 82.083244692393151  60.168334427437443 31.008479938178915 79.221384216966968  60.168334427437884 30.730939829222464 76.412145067735963  60.168334427437834 30.661275906936208 73.597943808040029  60.168334427438126 30.657803793713715 70.794077113805031  60.168334427437813 30.103745185829212 67.984183469160655  60.168334427437898 30.261570101988589 65.172179221524999  60.168334427438218 29.684646597174545 62.364911338938626  60.168334427437692 29.312335603333491 59.567508559159094  60.168334427438268 28.860468085998463 56.748494213170879  60.168334427437465 28.775390768190015 53.932717540816888  60.168334427438232 28.669477606311737 51.118976760855674  60.168334427437685 28.896089877026121 48.194951678001267  60.168334427438324 28.452257444013082 45.457273257303505  60.168334427437635 29.603696402137011 42.088861960536768  60.168334427437898 28.784349796304411 39.350251555180982  60.168334427437664 28.805442292245729 36.103713947516624  60.168334427437259 28.010856435156608 33.202758177146833  60.168334427438438 27.429673868387397 29.859400385358938  60.1683344274375 25.675127262535646 27.801083783210061  60.168334427438211 25.562924216138001 22.603973572839891  60.168334427437735 23.151737391909158 20.784990901447195  60.168334427438069 19.64176120589147 21.332079872359788  60.168334427437657 18.764638118077816 17.992242243095141  60.168334427438438 10.501288954128244 22.296118424725442  60.168334427438239 9.6134508494662398 16.688347656539218  60.168334427438246 13.293244819407656 17.587642005837672  60.168334427438111 0.88503431832212698 2.6034652632045336  60.168334427438595 8.4365430742241756 -2.0945853199811673  60.168334427437728 10.309930920103087 -0.9306104099621777  60.16833442743804 13.076809573589291 0.090380694027025754  60.168334427438076 16.120534226108717 0.19129534444214258  60.168334427438246 19.075949458792401 0.77347839948525987  60.168334427437678 22.058354141661422 1.4288114250355548  60.168334427437848 24.824941756102035 2.4733557899506273  60.168334427438261 27.409179154058329 3.8023582000812688  60.168334427437671 29.81417700701882 5.3360708761144693  60.168334427438097 32.847784840288426 6.5039162435719859  60.168334427438104 35.035688732419416 8.3614132788540765  60.168334427438459 37.198033935433855 10.312844163340369  60.168334427437685 39.155578757894105 12.404737143978227  60.168334427438239 40.980907482675732 14.623289596592752  60.168334427437664 42.74241501273854 16.918725511988939  60.168334427438054 43.92441416306378 19.457866291591628  60.168334427438474 44.915845168784671 22.034261274598983  60.168334427437863 45.835252125565844 24.685261107406511  60.168334427438296 45.784784205483476 27.442599597659211  60.168334427437699 45.891912433960997 30.167665018162147  60.168334427437856 44.887941654050273 32.960589571598007  60.168334427437486 44.988223979503076 35.695696121443845  60.168334427437834 44.541843861315023 38.510868608129748  60.168334427437912 44.694465956497027 41.299887632743186  60.168334427437991 44.605721818060019 43.895029489570497  60.168334427437969 45.317405017204969 46.470187160442109  60.168334427438424 44.843570224348525 49.202089927578477  60.168334427437514 45.107045698918562 52.073236693617112  60.168334427437841 45.045881162794956 55.129778547600473  60.168334427437863 44.909680402367883 57.865433037431416  60.168334427437863 44.75423378872334 60.076269372856551  60.168334427437671 44.605119032180852 62.453597071520484  60.168334427437884 44.586671578239645 65.311011473773164  60.168334427437614 44.046771973807893 67.863187041203531  60.168334427437493 44.389722245609576 71.113551884198856  60.168334427437642 44.94492145364741 74.316551772591239  60.168334427437927 45.008913952554067 77.748258354529142  60.168334427437614 45.123660183624366 80.590609875341698  60.168334427438069 44.828781876534293 83.265735120919544  60.168334427437728 44.725434135738922 86.069285244694328  60.168334427438623 44.754120988307136 88.785808483006747  60.168334427438126 44.49623302877449 91.539111253223496  60.168334427438197 44.356373812590476 94.27332003108036  60.168334427437706 44.048418791628997 97.006700521743909  60.168334427438424 43.850013090516811 99.804971910915356  60.168334427437529 43.609889383350335 102.53130980206132  60.168334427438161 43.179057999883213 105.14716681272802  60.168334427437181 42.642353281179766 107.79739693197314  60.168334427438978 42.480401322842901 110.55939299959837  60.168334427437941 42.152641119857968 113.16094211682883  60.168334427438026 41.824660828203129 116.13079045505415  60.168334427437713 41.71733417592165 118.89235432567051  60.168334427438054 41.38566240917126 121.69144075971434  60.168334427437898 40.600744567345522 124.3522937784897  60.168334427438474 40.492161969282151 127.44563526025459  60.168334427437685 37.147091917276541 128.75394974683337  60.16833442743787 25.468450165810509 135.24272546285627  60.168334427438211 25.86793819408615 142.28975964737404  60.168334427437713 30.114984203652352 140.90608277862378  60.168334427438268 35.866943464987969 139.22797315005153  60.168334427437486 27.871733295458579 147.35718461053557  60.168334427438026 64.763224582597786 121.52086513742833  60.168334427438261 65.514595798009523 186.92179719994792  60.168334427437841 62.273242042499909 169.2527407912996  60.168334427437891 62.762128259169799 169.21472577100275  60.168334427438083 63.598203383336269 162.23561356467451  60.168334427437848 55.865961890372866 168.39703909795367  60.168334427437884 49.179022955043507 169.98763184414949  60.16833442743809 49.087917043652261 167.82884001828319  60.168334427437813 50.859524110303113 157.821985526714  60.168334427438815 49.710100098298319 161.89911402578818  60.168334427434274 45.054251902675027 166.28348791955099  60.168334427451981 26.958095478730772 152.42024755667006  60.168334427385524 30.564232008293235 159.24550962621922  60.168334427634306 28.86529961113964 162.1116394569876  60.16833442670503 19.932405013788113 158.20049534403887  60.168334429009356 35.976715098217198 176.14928770545939  60.168334427437486 24.669575879094246 166.07662973532331  
40.59506699787633 25.492259382582006 167.32509126682044  40.094631699437286 25.237295461652266 165.00236846743769  40.829589862358148 26.49010983780714 165.00363200651975  40.530998881858039 26.734741857836738 161.21743108507599  40.612520506819749 27.611715244877331 158.51435341789181  40.590368795372115 28.149597699066064 155.49527829750821  40.596325182942564 28.826302751961748 152.55771958603839  40.594730547619832 29.50214923879669 149.60296752362763  40.595157128535874 30.240068952629841 146.65827662403819  40.595042786108479 30.916491166240263 143.69717244159222  40.595073494683817 31.625740490007843 140.75081232247885  40.595065258099311 32.307783148657563 137.81211344509245  40.595067459856409 33.003821678416301 134.87720280052167  40.595066873964498 33.412862009402602 131.88151766691271  40.595067031199619 34.594508730769121 129.10598417811207  40.595066988856161 34.873100749909355 126.27637778412202  40.595067000192842 35.469233838879688 123.49435910436057  40.59506699714936 35.928464190830937 120.70719938679315  40.595066997965205 36.665530826523195 117.95509835976685  40.59506699774667 36.944664678933947 115.14008749472077  40.595066997804736 37.617387548821966 112.37912318941085  40.59506699778953 38.100420361980127 109.59140937087039  40.595066997793595 38.684289704623382 106.81425051706589  40.595066997792401 39.12531625931922 104.01740915527193  40.595066997792628 39.547071698053855 101.21921353009549  40.595066997792799 40.026008772854965 98.423108576480786  40.595066997793168 40.40536040948399 95.616438835585711  40.595066997792401 40.636398198804301 92.797375335656113  40.595066997792856 41.012742857374434 89.98435083166612  40.59506699779277 41.235175963679808 87.187720793471954  40.595066997792571 41.531039879335651 84.328724089882883  40.595066997793026 41.676155576216559 81.525337329949764  40.595066997792259 41.915092597662948 78.700166283819101  40.595066997792856 42.149384035031289 75.873640639245536  40.595066997792543 42.386272846332162 73.045122181951001  40.595066997792657 42.53759728861553 70.215249351648879  40.595066997792458 42.76473601151099 67.377331029141374  40.595066997792742 42.893478473569616 64.53783518908125  40.595066997792543 42.542715432792846 61.724538061490648  40.595066997792685 42.830475814908112 58.873910703629463  40.595066997792713 42.668870151325081 56.054066405198313  40.595066997792628 42.909673170538269 53.196803155635109  40.595066997792912 42.518145068822832 50.411468447746131  40.595066997792372 43.093472583180699 47.512418949037993  40.595066997792486 43.166567096655598 44.570615477224806  40.595066997792941 42.99272386775678 41.684321022857546  40.595066997792429 42.927195976000803 38.464034394269305  40.595066997793168 41.435119156719082 36.304997868415782  40.595066997792372 41.664155393270207 32.252384595529918  40.595066997792969 39.29697306961846 30.554700791976202  40.595066997792543 38.620767480765878 27.37325008110183  40.595066997792799 34.306032575352589 26.364935222448267  40.595066997792884 43.406510000285891 15.546495788019726  40.595066997792486 23.693111485893922 31.777029678841714  40.59506699779277 11.745375617781519 26.095790770704376  40.595066997793026 25.367065478106909 31.261263089786787  40.59506699779314 9.0368459551772133 22.055138627103631  40.595066997792429 10.429534628694825 2.693447240402854  40.595066997792912 14.21889300816656 7.2992355244526834  40.595066997792685 16.50082926984058 7.8022077895869302  40.595066997792799 19.881238765274588 8.1842576971260996  40.595066997792344 22.412166970699388 9.5828318948136371  40.59506699779277 25.476881736585 10.467284244280364  40.595066997792713 28.112560506181353 11.931086458626183  40.595066997792856 30.924988594243757 13.350604908041674  40.595066997792657 33.154519437222604 15.333752398969651  40.59506699779277 35.770560324074324 17.091743017352229  40.595066997792856 38.300733586806814 19.014447496581511  40.595066997792856 40.285739537085306 21.284634526910537  40.595066997792543 42.532848816219371 23.552007334532703  40.595066997792742 44.397838626689548 25.973042538157756  40.595066997792657 46.292124660956148 28.479936986269422  40.595066997792742 48.334445351543536 31.085161150794988  40.595066997792657 51.366540936866016 33.889776151788993  40.595066997792486 52.440745176678746 36.914354317552778  40.595066997793083 53.066446729187732 39.958168655669908  40.595066997792372 53.643601792075373 42.948540663845193  40.595066997792912 53.852200677095283 46.071910853101087  40.595066997792202 54.340523922549323 49.057211736829572  40.595066997792742 54.645910482821307 51.966424057672555  40.59506699779277 54.380910657580642 55.003473343020119  40.595066997792912 55.220555696653236 57.789808858396896  40.595066997792912 55.404831045083711 60.908688846641098  40.595066997792657 55.204029898699787 63.794090825388878  40.595066997792571 55.877595937496892 67.289699198203948  40.595066997792827 55.748758456406847 70.376885121394878  40.595066997792088 55.745183216210876 73.266205736234781  40.595066997792912 55.577925233902363 76.157496465079646  40.595066997792799 55.385498890414908 79.079134822360402  40.595066997792657 55.21278756696853 81.987410243198212  40.595066997792799 55.019778368758296 84.889913767454914  40.595066997792657 54.786574365144247 87.779593451259927  40.595066997792856 54.598701883655139 90.66046754296957  40.59506699779277 54.256867430906141 93.519552854119695  40.595066997792628 54.075522375256014 96.412363723711167  40.5950669977926 53.856169765213906 99.27546837962376  40.595066997792856 53.401871077306197 102.10777080663797  40.595066997792628 53.140224016771299 104.95859928447669  40.595066997792912 52.747055537143979 107.78054479175864  40.5950669977926 52.413682598477578 110.62139878477831  40.595066997792742 52.098935684106692 113.4595742323728  40.595066997792799 51.719961995185173 116.26949087044329  40.595066997792856 51.405505666878128 119.09222095051211  40.595066997792742 50.735362261277459 121.86287813287311  40.595066997792287 50.706511751303736 124.62478339847848  40.59506699779277 49.910864246630496 127.37552863471205  40.595066997792685 53.000883800524036 130.1926902890242  40.595066997792856 60.681663302305111 129.63345967036923  40.595066997792486 54.308041127483989 129.24588649276552  40.595066997793054 34.344558452806609 140.56872967680704  40.595066997792372 22.071660090904743 152.84920184019074  40.595066997792884 26.774549081698865 155.17188682665426  40.595066997792571 22.234578455302341 151.73531961382014  40.595066997792713 14.037014764338124 137.31612774293819  40.595066997792856 44.123711336487446 140.48352376048979  40.595066997792856 69.450985700859746 173.04959256058419  40.595066997792429 60.909012322020118 195.24801639451016  40.595066997792884 70.278842908042037 191.7412756339321  40.595066997792713 75.94479736776151 203.08455379822658  40.595066997792856 68.383993964625063 179.92259638126848  40.595066997792713 51.264130348605647 158.58501843393731  40.595066997792742 39.09472269126357 123.19052953066557  40.595066997792827 29.531237271453335 121.77387980619289  40.595066997792486 31.291842377596168 125.69641606795676  40.59506699779223 32.047289433027402 128.32314019944488  40.59506699779331 31.904567122283908 131.13186045300961  40.59506699779223 32.974638989604415 133.882125164679  40.59506699779277 31.838592718163056 136.65234531236251  40.595066997792401 31.303813050806525 139.32971662415116  40.595066997792884 25.33737026424032 138.29243683338029  40.595066997792514 27.830082329127947 141.09195148319066  40.595066997792998 43.587514384911344 151.32937624110798  40.595066997792259 48.307095369671316 158.24992019899128  40.595066997793026 46.458590094599003 157.94444928895814  40.595066997792287 48.082508338716764 168.39829570335337  40.59506699779277 40.540433157120532 157.72107753838225  40.595066997792372 26.462463596916365 161.77674699550346  40.59506699779277 27.063212945123539 162.00717078691594  40.595066997792742 30.062368628503862 159.89970821122472  40.595066997792799 30.890029202256073 164.05051935269137  40.595066997792543 66.947310844491369 148.73193376124664  40.595066997793026 32.897563149062464 164.63160632934535  40.595066997792713 16.013265224250873 162.4932694437457  40.595066997792685 -1.7400268765305213 147.53832768559164  40.595066997792884 20.45447633083694 175.46984311076596  40.595066997792543 21.868313348378393 194.9526976760402  40.595066997792969 20.980639596227377 191.1808758372523  40.5950669977926 19.108475412537615 193.54694961940459  40.595066997792713 17.28974046586363 195.44717340631496  40.595066997792657 17.960153689159853 200.70563790141432  40.595066997792685 12.483097519043483 196.54365597607739  40.595066997792657 17.87470196741026 196.21687954856066  40.595066997792486 16.734709288240367 192.24123997736922  40.595066997792657 17.969791794904054 189.6883938959113  40.595066997792742 18.811507840147456 187.27630874983038  40.595066997792799 20.144427334713868 184.45630035104921  40.595066997792486 21.188911415331901 181.50649810751975  40.595066997792685 23.027085348402423 179.2793145810773  40.595066997791861 23.643295362420147 176.19593468906976  40.595066997795158 24.248720264087922 173.21874143615787  40.595066997784755 25.099579691349447 170.4918851496052  40.59506699780971 24.7551584189941 167.88757892499848  40.595066997792486 25.492259382582006 167.32509126682044  
50.386131989265763 23.490939571379766 165.11435839283803  49.764997431297957 23.257071569206726 162.8165169174604  50.677219081435602 24.316202658862387 162.72541188999074  50.30661137791013 24.692687636773091 158.96354836064094  50.407795084677431 25.387608832962812 156.20039083009129  50.380300634260493 26.000895140114537 153.17886779085393  50.387693634259463 26.664036523394969 150.22001690046687  50.38571439116977 27.317788720845066 147.24261460572944  50.386243858514881 27.919108642300444 144.25365295748719  50.38610193800389 28.525268709266435 141.26473892865624  50.386140053135904 29.105875624189586 138.278120014514  50.386129829981712 29.685084246812337 135.28653863195308  50.386132562776652 30.211978194074952 132.30033874926733  50.386131835574979 30.77433718248324 129.28415018716763  50.386132030733108 31.243237255777249 126.26690394556135  50.386131978177296 31.763723866061344 123.27551509833353  50.386131992248252 32.271098286764072 120.24762129336497  50.386131988470623 32.737226178318352 117.24080339813058  50.38613198948309 33.161805217163618 114.20951586955691  50.386131989211549 33.614166035930808 111.19266387032982  50.386131989284465 34.008577816832897 108.16135881895954  50.386131989264825 34.376927451999251 105.13077099568933  50.386131989270055 34.696085415774945 102.09279943454857  50.386131989268769 35.02865018913073 99.056776809995768  50.386131989269074 35.355512719359552 96.01965959463854  50.386131989268961 35.612118613038263 92.97628012483591  50.386131989268918 35.868307247483166 89.93258104458701  50.386131989269025 36.097337953082302 86.887846260614197  50.386131989268961 36.282590701587509 83.83544862156721  50.386131989269018 36.44114604643255 80.810753710376233  50.386131989268975 36.575919602727453 77.715741467061918  50.386131989268961 36.701222736728326 74.685997070205929  50.386131989269018 36.764042267121383 71.630811382867321  50.386131989268975 36.794307050440587 68.576584133841578  50.386131989268989 36.749297151469136 65.522590074999187  50.386131989269018 36.712065894715792 62.468130340145819  50.386131989269074 36.573816224087665 59.416584192284809  50.386131989268947 36.409387668942045 56.367410196061577  50.386131989269046 36.309663180030228 53.314142243876077  50.386131989268961 36.089352500157624 50.266952510637388  50.386131989269018 35.937571503924048 47.216008023544262  50.386131989268996 35.665651883798503 44.174862386852013  50.386131989268975 35.483542911224347 41.120418716755566  50.386131989269032 34.927941632668329 38.101914409078162  50.386131989269032 34.057352453835833 35.166615812042096  50.386131989268954 32.904242745956665 32.318491622393012  50.386131989269046 31.362772709464629 29.689330278571383  50.386131989268904 29.780798296100755 27.010590070711139  50.386131989269046 27.445561248911186 25.011325205917338  50.386131989268947 25.276999935956916 22.847043436492996  50.386131989269018 22.53339438841703 21.248838378978917  50.386131989268961 20.318228632998206 19.669675810045668  50.386131989268968 14.655775629524907 20.837069143167685  50.386131989269032 15.389175674513385 16.329603183094171  50.386131989268954 17.091354663555286 13.990343069007981  50.386131989268925 15.24019248666748 9.1271518500654594  50.386131989268911 19.18589382298655 7.3937395775027319  50.386131989269053 22.111324706980938 9.819681722013101  50.386131989268961 24.852434588566776 10.725535160642059  50.386131989268975 27.660883780773258 12.043065255861823  50.386131989268996 30.290238642743542 13.615768228408598  50.386131989269039 32.868887729131792 15.230395270164413  50.386131989269018 35.246473268261148 17.163112879858186  50.386131989268954 37.522122566890616 19.193545982645226  50.386131989268996 39.603550973464394 21.438652629069338  50.386131989268982 41.597745993151165 23.753435907420588  50.386131989268968 43.337517566379425 26.279678817831954  50.386131989268947 44.870250028251533 28.922753676707504  50.386131989268975 46.253058623281206 31.631665737472957  50.386131989269018 47.410431090732864 34.507191668588547  50.386131989268932 48.335223905274361 37.395473997774758  50.386131989269032 49.069010947625102 40.411240668746743  50.386131989268947 49.430253226941346 43.459802268341953  50.386131989269003 49.312284260949376 46.522707736049263  50.386131989269053 49.222398817979951 49.560777529193722  50.386131989268911 49.174587331424476 52.615465717819291  50.386131989269046 49.124154574224058 55.654206537229513  50.386131989268975 49.07859842703067 58.69902452597794  50.386131989269067 49.055156185663421 61.744470484291625  50.386131989268975 49.049902955837069 64.798278076862175  50.386131989268982 49.136981589143126 67.831437202924491  50.386131989268947 49.085559279924524 70.906678878631652  50.386131989268961 49.063353016742099 73.939833677675779  50.386131989269018 49.075809834903112 76.97891449179042  50.386131989268975 48.954346677903899 80.03590794786129  50.386131989269018 48.830501778669216 83.06149184926808  50.386131989269096 48.681961150237811 86.110016184396372  50.386131989268947 48.514702025372813 89.157756286758797  50.386131989268961 48.324152167219893 92.201584437396889  50.386131989269018 48.108510118886187 95.245498284372076  50.386131989268947 47.88457073517641 98.287711827029426  50.386131989269018 47.624580129475049 101.3301485372813  50.386131989268961 47.338412196993062 104.36836325103263  50.386131989268968 47.049971702870266 107.40616161835931  50.386131989268975 46.693470960543905 110.43780910967573  50.386131989268989 46.329832921275425 113.4692899039902  50.386131989268947 45.940615912657854 116.49699338383948  50.386131989268996 45.529673695186332 119.52313051214098  50.386131989268961 45.091402426795568 122.53702536449811  50.386131989269018 44.622595887555747 125.56071024844347  50.386131989268996 44.104457295304869 128.57931430622844  50.386131989268947 43.575896547175326 131.57816484355021  50.386131989268961 43.001754942248084 134.57660563195057  50.386131989268961 42.469254815991704 137.58528376504006  50.386131989269074 41.80324958578187 140.59372384908914  50.386131989268989 41.265214908804978 143.58939058302815  50.386131989268975 39.751143392376321 146.58073603971417  50.386131989268975 37.010760987340795 150.38320941257092  50.386131989269003 37.848077170991957 154.1650489851026  50.386131989268968 41.690407270488407 154.9194518470963  50.386131989268989 45.207734738994134 155.8821211479646  50.386131989268989 47.375321474363417 157.36504325462204  50.386131989268975 51.710081124828164 160.10021531199814  50.386131989269003 56.909862868178315 165.98547727555518  50.386131989268947 51.572508462833994 167.90854165219423  50.386131989268947 49.143624834086808 162.70447555291673  50.386131989269067 47.359155679099494 160.23143053995938  50.386131989268918 42.95628247406362 156.62002567879344  50.386131989269032 38.657363140522584 151.67367604924848  50.386131989268932 37.353603588514112 155.1624809923614  50.386131989269003 38.194260496962983 159.29466143025644  50.386131989268932 38.544490808413983 163.76290202314448  50.386131989269003 38.803129338030857 167.01204144366901  50.386131989269046 38.531788716127494 169.97273899364831  50.38613198926906 38.365099448216696 173.08670404348786  50.386131989268861 38.28058690553334 176.08332763804736  50.38613198926906 38.119973933820177 179.1552757884489  50.386131989269032 37.96394711210656 182.19247458682534  50.386131989269025 38.226288610738408 185.2899803660834  50.386131989268989 39.437747015125154 189.30130913261465  50.386131989268975 38.80238143921089 192.33101824578472  50.386131989269003 34.75033171753369 193.53650705270525  50.386131989269003 33.451072426149381 195.59277106257628  50.386131989268975 34.142832774013279 199.45589841620409  50.386131989269039 31.936969718776233 200.31528581867468  50.386131989269003 30.863493016000319 204.58468422706306  50.386131989269032 30.586503320021926 203.81116319945471  50.386131989268989 26.365644548235313 201.79747313576866  50.386131989268961 26.859366845963855 198.50497792314175  50.386131989268961 28.715943417755039 194.53604352614363  50.386131989269018 21.68734986404942 194.78962898690975  50.386131989268897 25.101348416802495 189.60055464043552  50.386131989269032 27.992653510480856 187.93760803923999  50.386131989268961 32.622133097683047 185.12476994003356  50.386131989268939 24.906229739792309 183.89203908046903  50.386131989269018 22.914405353456281 181.54915556019606  50.386131989268961 21.457583755632498 186.45983489377733  50.386131989269018 20.650868294032172 188.88257079006632  50.386131989269003 19.415222928078645 191.91946633621973  50.386131989268989 17.701404477628017 193.91821489864816  50.386131989268975 15.642876777248766 197.92312757287812  50.386131989269018 12.933378090543282 193.23979599400872  50.386131989269032 16.546526315462337 191.620160398179  50.386131989268989 17.52946987747039 188.71820484856238  50.386131989268847 18.746630740832206 185.92111263838831  50.386131989269558 19.59144251765753 182.97350105573298  50.386131989266843 20.341871111028048 180.02369833206427  50.386131989277288 20.929693729053305 177.01651815999963  50.386131989237967 21.502968405433499 174.02824225785091  50.386131989385575 22.166481770933572 171.05973317193002  50.386131988833938 22.873222987046702 168.10043885784859  50.386131990201335 23.266103660463259 166.12146322689435  50.386131989269032 23.490939571379766 165.11435839283803  
52.396287770803696 22.96454049904775 165.10138282050139  51.750373036749508 22.738902988280568 162.79363187593586  52.698987788553033 23.821686138204843 162.58689880625377  52.31359468300306 24.19680714224473 158.72263119724141  52.418815115852382 24.911082870247498 155.84082291194176  52.39022377376498 25.562726309790648 152.71082994615162  52.397911717652562 26.264667403547612 149.64113580720374  52.395853512618629 26.90501130201303 146.54256064662587  52.396404103074431 27.514808787436518 143.43660339077798  52.396256520641757 28.13304439476579 140.33150010548042  52.396296156377787 28.725935950889525 137.22873947903477  52.396285525370544 29.274721709366268 134.11448920885445  52.396288367190515 29.8516534002455 131.01986148905371  52.396287610977112 30.32356224597201 127.87101290373114  52.396287813921006 30.888356875427633 124.75717385878293  52.396287759268525 31.36677267313469 121.65057570066547  52.396287773900724 31.835046292464376 118.50886411943625  52.396287769972545 32.280407688145459 115.39204108624347  52.396287771025328 32.734449697756205 112.25764655482183  52.396287770743086 33.08997538904454 109.1210595927473  52.396287770818674 33.465032319241971 105.98080966005128  52.396287770798438 33.790376211448958 102.83882987730468  52.396287770803838 34.144344901330953 99.698235016966606  52.396287770802445 34.419293951021572 96.549702822157514  52.396287770802701 34.697068133990641 93.402013215989683  52.396287770802743 34.96222866711539 90.252931167673211  52.396287770802772 35.203499263147989 87.101613189053069  52.39628777080268 35.389615834386255 83.947733940333819  52.396287770802616 35.524709189548609 80.786554646277423  52.396287770802786 35.662757251840418 77.655953676635022  52.396287770802644 35.777216549745631 74.452150358100866  52.396287770802765 35.802498019859037 71.314839550516922  52.396287770802608 35.79985980277668 68.152785694596815  52.396287770802829 35.746756888240625 64.992974206649635  52.396287770802644 35.672685025299998 61.834047288692567  52.396287770802694 35.531608627785744 58.676731797183358  52.396287770802701 35.353625325624002 55.521710055245592  52.396287770802701 35.112009291641741 52.370391517712413  52.396287770802672 34.871010700180491 49.219183278639747  52.396287770802772 34.700435680169448 46.063032905510468  52.396287770802687 34.416446341077105 42.915265132156691  52.396287770802729 34.170362646130805 39.765339022086671  52.396287770802672 33.595644838994787 36.644172960561875  52.396287770802701 32.508602726293432 33.659039596348599  52.396287770802672 31.263916195776016 30.743758863826145  52.396287770802729 29.639817717663707 28.034098284088305  52.396287770802637 27.923142634082517 25.346478837568156  52.3962877708028 25.409669791991703 23.349851877684504  52.396287770802658 23.028778662768168 21.305389028626937  52.396287770802772 20.124748607146625 19.795247551621163  52.396287770802701 17.350011194138425 18.773118794623038  52.396287770802665 13.264493890274597 18.417167006909679  52.396287770802729 15.85487343102572 13.182269969977765  52.396287770802665 16.578423025214132 10.961159948863827  52.396287770802729 16.033326661975984 6.8809059776386121  52.396287770802807 21.161689472737486 7.4297912764725584  52.396287770802729 23.627099258115067 10.021027864471973  52.39628777080268 26.532931319234379 10.827614615264935  52.396287770802736 29.355763513148325 12.372907726965146  52.396287770802687 31.981491049140228 14.113014318424387  52.396287770802729 34.588733957447651 15.961572361291653  52.39628777080263 36.921229269365149 18.086136266995993  52.396287770802722 39.179529085670325 20.317458101499206  52.396287770802758 41.181507163204287 22.775265077276082  52.396287770802651 43.056094717160008 25.336815818368478  52.396287770802807 44.609847599433969 28.106958415399355  52.39628777080263 45.987535106811329 30.968906946818226  52.396287770802772 47.162092936665537 33.913953742054694  52.396287770802715 47.994552649577244 36.956359364816322  52.396287770802687 48.607971573574702 40.107514146740122  52.396287770802772 48.843436271281732 43.241461351334991  52.396287770802672 48.680959431526013 46.448354377318879  52.396287770802672 48.364433759437262 49.600409591829489  52.396287770802743 48.220462086862497 52.761888874850143  52.39628777080268 48.138786251290199 55.917768097529034  52.396287770802779 48.016900082958905 59.088225448286209  52.396287770802637 48.019148557651185 62.243374799524105  52.396287770802708 48.028000053594738 65.411061286863386  52.396287770802651 48.077109185240573 68.570654821994751  52.396287770802658 48.170322140426791 71.733718745239287  52.396287770802729 48.093602155435988 74.884091056610316  52.396287770802743 48.051391301615325 78.062513067669187  52.396287770802772 47.961607405584274 81.215043363667746  52.396287770802665 47.770868761098448 84.359773497460765  52.396287770802701 47.644178276314861 87.554153022633216  52.396287770802715 47.423605574531983 90.694638385847753  52.396287770802573 47.203402776602054 93.847874457535738  52.396287770802829 46.982906635501188 97.001895604210063  52.396287770802637 46.718369755991716 100.15174532961059  52.396287770802765 46.433600630146032 103.30058569904355  52.396287770802687 46.101463173302008 106.44368620972159  52.396287770802616 45.762843995277024 109.58845556652757  52.396287770802871 45.383849643402286 112.72620545177574  52.39628777080263 44.977125911135502 115.85998444647066  52.396287770802793 44.559935123899741 118.994050452208  52.396287770802672 44.108089748489945 122.12280535100609  52.396287770802715 43.639923264296911 125.24847062234369  52.396287770802729 43.109638779198136 128.3654904908708  52.396287770802743 42.57541310624822 131.47247534889883  52.396287770802708 41.978008805143745 134.5833045229069  52.396287770802729 41.393234837471361 137.69815792227635  52.396287770802736 40.794816755909473 140.79342141622413  52.396287770802672 40.178931803511276 143.88735910076099  52.396287770802772 39.498750009048763 146.99283469279345  52.396287770802587 39.080060611032906 150.02391135479095  52.396287770802687 37.971697631513223 153.07334604291344  52.396287770802701 40.644299134199002 156.15104623624745  52.396287770802715 45.570622623354467 156.3414367082157  52.396287770802715 48.750429164555676 157.26094637299917  52.396287770802729 51.018287661371687 159.63376306339188  52.396287770802715 52.067383251990989 162.09837287674571  52.396287770802715 55.798650235503587 165.41383408031874  52.396287770802701 48.218588266106948 165.85301361124863  52.396287770802743 44.489179047791069 158.65481879951165  52.396287770802715 42.612623403280125 155.97728778581302  52.396287770802715 40.100334421968412 156.21915690587107  52.396287770802729 35.522232102739281 153.53674064698959  52.396287770802743 38.661019126006529 162.40025420649448  52.396287770802743 39.375276548784285 167.06368574891815  52.396287770802765 39.655580504080397 170.36039377840061  52.396287770802587 39.267594476814878 173.09970335393228  52.396287770802772 38.88884801456166 175.87191156805264  52.396287770802644 38.617241721830062 178.99080554334813  52.396287770802715 38.487526792065168 182.13935620581128  52.396287770802616 38.343045151051612 185.37158111550468  52.396287770802786 38.167294444236475 188.4827316439478  52.396287770802687 37.885220829723963 191.67231464727254  52.396287770802765 37.938503238472833 194.82413080637559  52.396287770802601 36.365845449526795 197.88920324975635  52.396287770802815 31.379659558743281 197.55049451124717  52.396287770802672 32.494271541911218 201.24770459322986  52.396287770802772 34.724757926058885 205.57755576550096  52.396287770802644 30.890324834185172 206.6781884626655  52.396287770802743 30.926376991310562 209.56044676203044  52.39628777080268 34.087792428301398 215.23127337291299  52.396287770802708 27.009686538931497 214.84541711393371  52.396287770802616 26.601294358621892 211.12423153325568  52.396287770802772 29.972121405665391 206.94735501642398  52.396287770802715 26.292275067880173 204.8932582629306  52.396287770802687 25.820376415383969 201.92143129236354  52.396287770802665 29.313199350924588 197.41161605613664  52.396287770802729 23.892808905069465 197.4589846707467  52.396287770802743 22.094016516950433 193.52989691583571  52.396287770802687 22.656065251418124 191.40303583688768  52.396287770802729 30.958819401527826 187.0679093936983  52.396287770802687 24.736916969972658 184.76963127509001  52.396287770802687 21.94391363137445 183.31669559801955  52.396287770802715 20.902273072833406 187.28612009896688  52.396287770802694 19.842776222061751 190.01956247066948  52.396287770802743 17.999211166637352 192.51034459625834  52.396287770802687 16.45857796878769 195.81721304231138  52.396287770802701 12.417950327054086 194.8738306805086  52.396287770802672 14.745554855835557 191.83752699095291  52.396287770802786 16.757053075677213 189.61445618375637  52.396287770802275 18.069118816742311 186.66714914469205  52.396287770804093 18.992157883685334 183.6468148091418  52.396287770797713 19.719113746727849 180.56109276354567  52.396287770821445 20.328222628419503 177.46663094411085  52.396287770732094 20.872950056136041 174.34877941896684  52.396287771067605 21.536057249423099 171.26040309614274  52.396287769814855 22.279784715797692 168.19860465786283  52.396287772919692 22.669054198298113 166.11854158321614  52.396287770802672 22.96454049904775 165.10138282050139  
57.306923759164405 21.602086395969494 164.8456950037027  56.600473207148049 21.390672191871015 162.54945627596294  57.637993145511452 22.417757688164656 162.43597025171499  57.216480586956379 22.800470253168999 158.65980564015925  57.331562391025543 23.527263643460405 155.88519651847139  57.300291437855549 24.10120806026098 152.838559779088  57.308699904046009 24.726568674328043 149.8537476543795  57.306448801840546 25.339432475392883 146.85051849550251  57.307050994221306 25.934965411215178 143.84303403687753  57.306889580205528 26.570956012843567 140.84245349002219  57.306932930645054 27.103852792835362 137.82939973820805  57.30692130328849 27.675472871492936 134.81969871918938  57.3069244114469 28.1959824280022 131.81541600988288  57.30692358436022 28.754766016408155 128.78191225503281  57.30692380632442 29.19372740479221 125.74584505099693  57.306923746549636 29.651899966517721 122.73312186217068  57.306923762553382 30.108700945335929 119.68665645048313  57.306923758256922 30.512920693737442 116.66006411494089  57.30692375940842 30.8753087702211 113.60997920891383  57.306923759099639 31.198031765235765 110.56639598857976  57.306923759182517 31.542562379170185 107.51881203957404  57.306923759160163 31.885111624094417 104.47454284346502  57.306923759166139 32.14442529594767 101.42019822792054  57.306923759164597 32.439275120994736 98.369857498117227  57.306923759165109 32.736255608291074 95.319237100710353  57.306923759164853 32.954852141909058 92.26207389449155  57.306923759164931 33.129495797871712 89.201866227344084  57.306923759164974 33.28926673776742 86.142349242308384  57.306923759164896 33.481896532312021 83.079821327633596  57.306923759164938 33.615114852453495 80.043078990771392  57.306923759164938 33.664296997168428 76.93461211640394  57.306923759164889 33.721274089998502 73.892761959218689  57.306923759164889 33.715230083751493 70.826173443178163  57.30692375916486 33.687731372427066 67.761844584657737  57.306923759165009 33.608140752844008 64.697995682319075  57.306923759164917 33.500544020193161 61.634774702309699  57.306923759164981 33.326879867479917 58.574987159024303  57.30692375916491 33.164131388334781 55.514448435821066  57.30692375916496 32.921595181183662 52.459687650827675  57.306923759164896 32.707078635859112 49.401432841962411  57.306923759164938 32.463887022069244 46.346336452515786  57.306923759164931 32.188272903127022 43.296658829122634  57.306923759164938 32.111514536491846 40.214682270889213  57.30692375916496 31.771543439123853 37.132650207714718  57.306923759164924 30.923928384342332 34.162802229767692  57.306923759164924 29.638207953431632 31.37447662644157  57.306923759164945 28.245275141248388 28.648368013949835  57.306923759164853 26.732682064193487 25.902689983020636  57.30692375916491 24.806765650251791 23.465719077908641  57.306923759164903 22.643937305496134 21.21010137345359  57.30692375916491 20.2625705937552 19.155780584733574  57.306923759165024 16.42042680726621 19.427754601926363  57.306923759164881 12.425348107830224 17.810845301433815  57.306923759164974 14.120634313863611 14.447525129416841  57.306923759164903 13.867346789028366 11.556292048963002  57.306923759164839 13.022452127798271 5.3718021651562839  57.306923759164903 17.100118765051629 6.0351489389423856  57.306923759164995 19.742828597032826 6.9727340694697908  57.306923759164867 22.577192869185602 8.0151789551609394  57.306923759164988 25.480008451168679 9.1829500611652541  57.306923759164881 28.197219534185201 10.617782061683373  57.306923759165066 30.860908897891733 12.15346486891241  57.306923759164839 33.366444350498909 13.958901004860117  57.306923759165002 35.732063471748269 15.919709736780105  57.306923759164917 37.965566016473694 18.053589839784326  57.306923759164889 40.106712400514276 20.294127392195751  57.306923759164953 41.98970262169334 22.758801275918437  57.30692375916491 43.654362268081854 25.363889969923942  57.30692375916491 45.089016982043574 28.091226691784197  57.306923759164931 46.314806495887218 30.981627874503555  57.306923759164874 47.20217492372079 33.940757614885968  57.30692375916496 47.627564584113934 37.030683501179738  57.30692375916496 47.474627869036752 40.085051813159559  57.30692375916486 47.01920855443106 43.120524285898767  57.306923759164974 46.605198883827214 46.153924097981239  57.306923759164917 46.237811891512067 49.207311092824128  57.306923759164995 45.929899492837649 52.250830531234243  57.306923759164889 45.646937509214339 55.309873603567496  57.306923759164995 45.517341683481334 58.369643576024359  57.306923759164874 45.488121516411482 61.43752884704449  57.306923759164874 45.594426057168519 64.487845635213802  57.306923759164953 45.631905317895082 67.572442055828532  57.306923759164832 45.62975570553256 70.625986838672574  57.306923759165024 45.628404475719918 73.679450299079235  57.306923759164903 45.602434102151051 76.769497801845944  57.30692375916496 45.571557290138287 79.818455361521387  57.306923759165059 45.447003403141714 82.881024318413409  57.306923759164846 45.265362515307203 85.940435324272755  57.306923759164945 45.115280797987239 89.000928400189864  57.306923759164945 44.904411177287102 92.058605731896904  57.30692375916486 44.678872678636097 95.113953658391821  57.306923759165059 44.429916504192462 98.170347886859759  57.30692375916486 44.121736181923602 101.21906168645607  57.306923759164953 43.791338339351555 104.26461396411943  57.30692375916481 43.423593832070836 107.30741202379797  57.306923759164953 43.065441775840078 110.35131009846576  57.306923759164896 42.690394733144103 113.39295384775632  57.306923759164903 42.301615693493041 116.43407299421816  57.30692375916491 41.867501588140115 119.46023872341505  57.306923759164867 41.448649084232173 122.50330872499211  57.306923759164931 40.958451476248584 125.53864856866915  57.306923759164889 40.446176172728826 128.54893772572339  57.306923759164924 39.987862586787287 131.58877610219994  57.30692375916491 39.288159893452601 134.54536243064578  57.306923759164953 37.951345890823305 137.86316405101627  57.306923759164981 36.828103262512386 141.19562835443719  57.306923759164924 34.087320969117499 144.87357701637404  57.306923759164988 34.956068902462256 148.54609262828362  57.306923759164881 37.884393070929342 149.40245105276918  57.306923759164967 40.78084590367493 150.03349234588524  57.306923759164938 45.456722076613289 151.68379980679555  57.306923759164881 47.284619329887775 153.87404039676107  57.306923759164967 56.989638509402887 158.70411040276917  57.306923759164896 54.066339535625438 166.09068818577697  57.306923759164896 52.467400369488601 162.41636712910005  57.306923759164931 49.825296784083726 158.68579808568524  57.306923759164924 48.080472024377833 157.3379443661085  57.306923759164853 40.215791868459519 147.83142010584885  57.30692375916491 40.466594997239028 152.1973118902431  57.306923759164867 39.957902242682287 154.60743547920887  57.306923759165031 39.736734804385392 158.09653143076366  57.306923759164853 39.694467358600548 161.00021053613466  57.306923759164931 39.415131748645123 164.12081800481761  57.306923759164931 39.119681706034044 167.03459321924404  57.306923759164967 38.834177191955874 170.06161050093058  57.306923759164832 38.518178851686002 172.98932854748188  57.306923759164967 38.358734593194214 175.96983056396249  57.306923759164917 38.156600572587976 178.92504241589893  57.306923759165009 39.312193313260984 182.65073250993365  57.30692375916486 41.592116284491823 188.90440117216087  57.306923759164931 38.312920529049279 192.0996942150139  57.30692375916491 32.190043621241053 192.81551217036255  57.306923759164874 34.032999708824846 198.8515256758941  57.306923759165009 33.12690432860034 203.47543031496193  57.306923759164867 24.027268295771432 200.00018785105118  57.306923759164995 28.435100566757349 194.75343338207995  57.306923759164953 29.358626115758817 191.54812763878982  57.306923759164853 22.314935650102051 192.22233265718216  57.306923759164931 22.099060867363413 188.79526777469687  57.306923759164903 23.471501342320462 185.67460089430051  57.306923759165024 22.614664327745601 182.1685105691154  57.306923759164846 25.7811449930404 176.09012830848826  57.306923759164924 26.133370510900086 173.48926023980587  57.306923759164903 25.4672286336822 166.22727836397468  57.306923759164953 18.238031766098295 172.48374710451333  57.306923759164924 20.732961474722977 178.35916831380862  57.306923759164953 20.932647283782178 183.77913100933148  57.306923759164953 20.256114627238183 186.24504366763344  57.306923759164945 18.732391476645198 189.09012927977605  57.306923759164846 16.71772848404575 191.26671532772161  57.306923759164981 14.358070604984933 193.63448309300125  57.306923759164924 11.066388369603169 193.30146683922911  57.306923759164924 12.205177029046979 189.30088923659628  57.306923759165031 15.596847879643516 188.67323699916722  57.306923759164562 17.205484733376977 185.79370241251118  57.306923759166395 18.403672740858504 182.97508201867504  57.306923759159403 18.847957509733533 179.90271621844039  57.306923759185601 19.351169758585023 176.88716629040749  57.306923759087432 19.977490213049759 173.8861319815889  57.306923759455735 20.482727352287235 170.86775024004243  57.306923758080309 20.991729677107678 167.85845181007454  57.30692376148933 21.604750102207738 165.88810140147831  57.306923759164967 21.602086395969494 164.8456950037027  
61.332555215168796 21.089379845524963 164.79427192608352  60.576478730057438 20.882984381315772 162.4705179286714  61.686881186380653 21.84316482294853 162.01785625484857  61.235758694094898 22.260060359922313 157.97665471887927  61.358924633554494 22.878909754452831 154.85196683820425  61.325456994112017 23.506116852119746 151.5043093689257  61.334456128650459 24.134256173105207 148.20290567661618  61.332046893583339 24.755936731438734 144.88492605464381  61.332691388088037 25.383597500816986 141.56662370568085  61.332518635244455 25.959269764965466 138.23742065401407  61.332565030916292 26.578118474985317 134.9246820778618  61.332552586774355 27.16514251302846 131.60192135597771  61.332555913271122 27.717875413265908 128.28901695453678  61.332555028084222 28.216774330720121 124.92868520526217  61.332555265640678 28.755306053911255 121.59524470012417  61.33255520166707 29.229188133462337 118.27397057792516  61.332555218794909 29.677063876435277 114.91279906832432  61.33255521419666 30.055370865857761 111.57288134089728  61.332555215429025 30.426286262095207 108.21297939882086  61.332555215098566 30.770598059404005 104.86137222611276  61.33255521518722 31.144844781653124 101.50617911829259  61.332555215163346 31.397439844629403 98.14292237997411  61.332555215169769 31.716158445887533 94.784445563245228  61.332555215168185 31.915334892402988 91.415836451779143  61.332555215168391 32.115224138408664 88.047616206131735  61.332555215168526 32.244363491498056 84.675882516492436  61.332555215168355 32.437572074928781 81.307857681553955  61.332555215168405 32.57155396420638 77.93828295154745  61.332555215168426 32.599668237684931 74.558504403589637  61.332555215168526 32.535254949789163 71.211371824108923  61.332555215168341 32.56999225781118 67.789610507317633  61.332555215168505 32.438967148188709 64.440400160515495  61.332555215168384 32.340891717924954 61.066562583694605  61.332555215168483 32.179834441894727 57.695572046775901  61.33255521516837 31.941851394393488 54.329162039747132  61.332555215168362 31.630853070564626 50.967606911053934  61.332555215168426 31.343298924961459 47.60562467715674  61.332555215168398 31.050981589278372 44.244718511231206  61.332555215168306 30.793946942657868 40.881423863386452  61.332555215168519 30.493842964043367 37.519873096729519  61.33255521516837 30.133106515255463 34.169332893164309  61.332555215168462 29.853230401642996 30.793237079549655  61.332555215168448 28.480223172310026 27.603562517920238  61.332555215168355 26.468927754166877 24.673831883344342  61.332555215168448 24.525634438425467 21.801927433805659  61.332555215168469 22.161590373160962 19.200150430028557  61.332555215168405 19.51257937640635 16.926937687605864  61.332555215168597 16.574493759987291 14.973272037187472  61.33255521516837 13.090975722882696 13.678562941546438  61.332555215168505 9.6253625070203039 13.294382173970147  61.332555215168398 4.5337817116682526 13.623255530804553  61.332555215168291 9.602823781768258 6.6308447757631903  61.332555215168419 14.033217882903074 2.6860256689835103  61.332555215168377 13.354023213506562 -1.9821330095264611  61.332555215168377 21.068043521886338 -0.84346657317368656  61.332555215168526 27.407969648200158 7.0095262899040636  61.332555215168412 29.78350023559128 9.0901977997278518  61.332555215168469 33.584984236840597 11.581025282444484  61.332555215168419 36.789697931098836 14.619744027942321  61.332555215168412 38.901147168808052 16.541389530481005  61.332555215168419 41.535371170473624 19.29219159199765  61.332555215168341 43.657067818704647 21.913451581912017  61.332555215168554 45.521694932375468 24.944836105833186  61.332555215168362 47.479893232877302 27.769364794540742  61.332555215168355 48.846749113545201 31.045952170394401  61.332555215168533 49.578689511996977 34.588589310584098  61.33255521516837 49.990020487578668 38.208235968366601  61.332555215168419 50.102668259939549 41.83716036141881  61.332555215168469 49.610356860357584 45.47388447327662  61.332555215168362 48.288577620950633 49.25777184793715  61.332555215168412 46.525686649845085 52.619633279780182  61.332555215168412 44.977384409701287 55.952510837544295  61.332555215168327 44.007780087031961 59.299677464980384  61.332555215168455 43.381203127481768 62.672577572658142  61.33255521516849 43.02177788716174 66.030467081454475  61.332555215168412 42.839974263441526 69.408275750756374  61.332555215168441 42.97357886200124 72.792962595755967  61.332555215168405 43.31643447879717 76.182021220737965  61.332555215168341 43.613646713541321 79.559872532165386  61.332555215168533 43.684455902824581 82.932950471745073  61.332555215168362 43.637386471574622 86.294192389372043  61.332555215168441 43.486235746066249 89.686330264553661  61.33255521516854 43.404628224383934 93.049132763699163  61.33255521516837 43.161845407514448 96.401811593949304  61.332555215168377 42.845397017617842 99.800845645371396  61.332555215168433 42.493243705019978 103.14789810991702  61.332555215168327 42.145604982884336 106.50644055698484  61.332555215168533 41.814241060246211 109.86719056045825  61.332555215168327 41.420283451615028 113.21983775439861  61.332555215168561 40.97273865328544 116.56929341660411  61.332555215168362 40.509703694664424 119.91356742156799  61.332555215168362 39.981830401859654 123.25481438295529  61.332555215168561 39.376052428111223 126.57921543628667  61.332555215168348 38.896054646936655 129.91731174317985  61.332555215168597 38.363802118125847 133.25108477798983  61.332555215168348 37.759267761141238 136.57735695804126  61.332555215168497 37.183543824705993 139.90222364792152  61.332555215168405 36.554967638327405 143.22048295983925  61.332555215168519 35.941504302081142 146.52885744790163  61.332555215168441 35.235657939095134 149.84061863898881  61.332555215168505 34.534638559190448 153.14683543963679  61.332555215168405 33.971431990799616 156.48372904680531  61.332555215168469 32.656430819144859 159.59629864187968  61.332555215168313 33.66875204654179 163.47567870981385  61.332555215168547 40.273128166467124 164.00278187903706  61.332555215168242 46.861570064327225 163.03149644972518  61.332555215168476 54.429660103240245 162.5996578056905  61.332555215168284 59.021894178053692 163.01210840757142  61.332555215168441 61.345441383445646 165.35356861913081  61.332555215168398 64.998599978308945 170.58791266024082  61.332555215168348 54.666595071699547 170.21752628097266  61.332555215168441 49.719051178665161 162.56064919546461  61.332555215168391 37.81521331551145 154.89048656842505  61.332555215168497 34.073246517842612 146.84541210614913  61.332555215168441 28.1689616547451 145.07832621989428  61.332555215168327 27.239031005410883 152.68465384188653  61.332555215168519 27.994292053472456 159.70892136864649  61.332555215168426 32.49041400282681 172.13280324883419  61.332555215168398 30.985526326473078 174.6226738625387  61.332555215168426 30.214215423953465 178.81607589569842  61.332555215168277 31.498604303593318 181.12847535470848  61.332555215168568 30.400978842303626 187.64671729038997  61.332555215168377 30.236000451000329 190.91121140195682  61.33255521516859 30.051528110499216 195.16688073694422  61.332555215168341 29.969909721143267 199.47875550402688  61.33255521516854 29.756026048725538 203.45519522725033  61.332555215168419 29.675134038890331 207.85033040455426  61.332555215168505 27.164115999360583 212.10070980736498  61.332555215168341 18.139174673837736 208.46956164686355  61.33255521516849 18.243353224933951 197.05239009694685  61.332555215168384 19.514747042964252 189.66468658117407  61.332555215168526 25.075672131641916 183.33200173511179  61.332555215168412 22.960146145350802 170.38840885907274  61.332555215168448 23.910834348863126 161.57382545142707  61.332555215168398 30.243759892421952 156.8857651568465  61.332555215168348 27.204875638485778 154.07149981017875  61.332555215168426 25.738026789045445 149.62582552505506  61.332555215168476 31.302903254695593 142.51611708204075  61.332555215168355 31.460885835277338 138.31147652618273  61.332555215168483 27.987391284375725 133.48100867869448  61.332555215168298 27.272579464638554 144.6002049295158  61.332555215168455 23.821792112126563 153.45218299650094  61.332555215168441 22.51536074579694 160.8859880439818  61.332555215168412 21.96533391351792 171.63675862799596  61.332555215168398 25.911303886877786 172.58486530772677  61.332555215168341 23.1822271709718 173.77371179136051  61.332555215168526 22.001002871991112 175.46397736094673  61.332555215168426 21.452636757669243 179.20929626150161  61.332555215168327 20.783269533993607 182.40132851384189  61.33255521516864 19.323304573859367 185.8478598096342  61.332555215168263 17.075314170820668 187.44264264139332  61.332555215168441 15.025014059776833 193.96114026728304  61.332555215168441 7.4502198579106036 191.4126863387317  61.332555215168256 10.808548190807322 188.00700101186112  61.332555215168561 13.856224097388408 187.08117703980761  61.332555215168 16.267741324746297 184.35862379773641  61.332555215170203 17.884582643971534 181.35915016312384  61.332555215162444 18.544221932069089 178.03720468984375  61.332555215190538 19.165958567935057 174.72370238664928  61.332555215085733 19.825640906477005 171.41965479371939  61.332555215476887 20.420625739123178 168.10799316145864  61.332555214507344 20.895992370248557 165.91168308650066  61.332555215168391 21.089379845524963 164.79427192608352  
57.90215220470013 21.531374673596048 164.11500332148842  57.188363979740316 21.315380210401095 161.84006790753131  58.236660301472483 22.30617908488248 161.86525538927356  57.810769628572046 22.595894440710737 158.20480981538486  57.927046750045193 23.232316008503432 155.56759168356982  57.895450995618717 23.794412654511319 152.66821566391801  57.903946797822613 24.373410461090558 149.82601594874276  57.901672314148087 24.865915373695366 146.95144704098223  57.902280761305846 25.45955029204957 144.09529986780726  57.90211767073518 25.970670843118683 141.22277853116941  57.90216147144146 26.564372707112994 138.3723097183813  57.902149723315517 27.023845315075313 135.49403334251028  57.902152863757081 27.586901761763528 132.64831810969085  57.902152028080252 28.052544296926762 129.75120305156423  57.902152252349268 28.546581690609933 126.87630102093075  57.902152191954173 29.020694885244197 124.01639113700148  57.902152208123681 29.388696396524118 121.10997520640458  57.902152203782734 29.831086524918142 118.2402051710927  57.902152204946248 30.189659446289959 115.3413066878434  57.902152204634419 30.522639729914708 112.44999150465964  57.90215220471778 30.861002589688177 109.55285502236325  57.902152204695653 31.177250756287066 106.6571812593933  57.902152204701466 31.577604884778076 103.76804078782939  57.902152204699846 31.849134524490886 100.86573954958715  57.902152204700201 32.072033482852333 97.960021862374248  57.902152204700073 32.337093068770756 95.057230757660335  57.902152204700286 32.566650129902584 92.151298128537263  57.902152204700101 32.702431761650715 89.240807067361089  57.902152204700357 32.893397153171868 86.329197639492094  57.902152204700073 33.050776121490486 83.442756101357077  57.902152204700229 33.125050260757817 80.487583421285422  57.902152204700144 33.240959878692173 77.596001644153844  57.902152204700343 33.237230330602351 74.679490602352175  57.902152204700286 33.258770793553616 71.765493724737453  57.902152204700229 33.210274993173627 68.850978021702915  57.902152204700258 33.19140301520472 65.936556135972467  57.902152204700172 33.128244307185902 63.021970204101635  57.9021522047003 32.913890289870906 60.11428461888903  57.902152204700201 32.730411253327702 57.206120828761527  57.902152204700144 32.456216575570856 54.303339138429678  57.902152204700243 32.305578872462085 51.392381198796414  57.902152204700215 32.047740889583636 48.490315512700079  57.902152204700258 31.916806427409767 45.571682960093867  57.902152204700414 31.806811753940408 42.63567500650916  57.902152204700201 31.713291527540129 39.697807153185188  57.902152204700187 31.552899849966082 36.737170737405968  57.902152204700101 30.458342349401661 33.930786530295457  57.902152204700229 29.488685688255799 31.17953366926195  57.902152204700243 28.291018711825018 28.459244823664854  57.902152204700215 26.687908583650312 25.907457944658503  57.902152204700286 25.102831537585914 23.420036024624714  57.902152204700201 22.494864430461227 21.683250396632694  57.902152204700428 19.630425170015773 20.102543889743547  57.902152204700215 16.935754494765735 18.85190272359581  57.902152204700215 12.63199020238212 19.407025664355121  57.9021522047003 11.611765865125225 13.776083915145751  57.902152204700286 13.77261978281987 11.608864131794629  57.902152204700172 13.188874013903437 8.2338225417604836  57.902152204700201 13.508802330028711 3.7683611447351275  57.902152204700243 18.560047790638727 6.9083465915488071  57.902152204700315 20.314506610640468 6.5272785555237913  57.902152204700172 23.32612710322752 7.9870438903163556  57.902152204700187 25.941225147146049 8.9846932682950786  57.902152204700272 28.614698768474945 10.330661992420023  57.9021522047003 31.116694083752002 11.892142185766671  57.902152204700258 33.563853491808594 13.56528506304279  57.902152204700087 35.929234722386347 15.370965322809219  57.902152204700215 38.145084779982895 17.364335415654836  57.902152204700357 40.034257508161787 19.650549547638082  57.902152204700144 42.571873035832837 21.469511675402433  57.902152204700286 43.992606681039646 24.158331970576086  57.902152204700229 45.20916798234181 26.976208011102919  57.902152204700243 46.28560627594436 29.683301736550334  57.902152204700329 47.166452394068742 32.480259336037278  57.902152204700215 47.549819071796961 35.377676028792685  57.902152204700229 47.507732979445095 38.316208887606024  57.902152204700286 46.85879302375578 41.152006094184223  57.902152204700101 46.43962079487541 44.037006791371994  57.902152204700172 45.865156247337225 46.910921556638584  57.902152204700258 45.614773994427168 49.844313369716062  57.902152204700158 45.321967625885392 52.747571014907834  57.902152204700286 45.111260502568456 55.676356993641761  57.902152204700087 44.979831624304055 58.582323881068376  57.902152204700357 44.968037492324015 61.494571390563081  57.902152204700215 45.165965043400689 64.438630017835834  57.902152204700315 45.278147860576283 67.333382539245505  57.902152204700229 45.264548940923078 70.250213019559851  57.902152204700101 45.27352318883932 73.166024019435142  57.902152204700286 45.165487719496738 76.080381134347576  57.902152204700158 45.152061579413044 78.996374215691674  57.902152204700258 45.048700229411295 81.909699282078165  57.902152204700258 45.015125076588134 84.825877839175547  57.902152204700101 44.897213910719799 87.740196149783827  57.902152204700158 44.583590328833239 90.641601936969067  57.902152204700229 44.35962674308162 93.549904660920532  57.902152204700158 44.309949279438356 96.466343115561784  57.902152204700172 44.002641200564554 99.367493131134779  57.902152204700215 43.728861773920045 102.26994854141566  57.902152204700315 43.365348518112796 105.15821164453601  57.902152204700116 43.08536249058298 108.06588922159355  57.902152204700201 42.699718556428778 110.96596514763542  57.902152204700258 42.327248794951807 113.84736138098216  57.902152204700187 41.914574089100682 116.738159677596  57.9021522047003 41.446505917634319 119.59817335511522  57.902152204700144 40.494613877951124 122.65833986582749  57.902152204700286 39.720827287187802 125.84238847401693  57.902152204700272 38.543965234379961 128.94905839215741  57.902152204700229 37.924136583264811 132.04460493717602  57.902152204700357 37.12690785282895 134.96417944900477  57.90215220470013 36.267136369729485 137.68356817357974  57.902152204700215 36.343804379079124 140.8382809566331  57.902152204700286 36.004312689755821 144.27814411548204  57.902152204700045 36.368067460088504 148.30328589070663  57.902152204700414 40.136132728972647 150.80253672514419  57.902152204700073 42.812742416686007 151.49782939690903  57.902152204700343 45.72446735610329 152.86157645879553  57.902152204700144 48.321140274846044 153.85488579585015  57.902152204700329 50.657235258259732 155.00512926438952  57.9021522047003 52.223887156732303 157.28157926839015  57.9021522047004 57.376537832343715 158.35574505230281  57.902152204700258 47.197951837939826 165.1301329330748  57.902152204700329 47.566200768444091 150.86128566832582  57.902152204700045 46.164196668523985 154.17216125334841  57.902152204700258 42.235316075270305 151.90229295667132  57.902152204700087 39.678565840575416 150.28125777459536  57.902152204700172 36.778903272421232 149.34006250198013  57.902152204700144 33.949563993266267 147.39325810029797  57.902152204700371 33.339839846411309 142.49402388504092  57.902152204700187 34.74116732981107 139.02222701604933  57.902152204700272 30.873233242418607 138.40291119474486  57.902152204700187 31.818361193438243 135.29912806517697  57.902152204700286 26.807208774804707 133.63141106074448  57.902152204700229 29.115392473737408 147.81066943543206  57.902152204700258 27.800632202999822 145.60298451315947  57.902152204700343 26.508078680145381 151.30301890691874  57.902152204700144 26.48043664830125 153.97019972787004  57.902152204700172 25.887069334728672 157.40433891840235  57.902152204700144 24.952772801975193 160.9329809072587  57.902152204700172 24.283241955001806 164.3156384062344  57.902152204700243 23.854226063269287 167.71757040686452  57.902152204700172 23.39104413478217 170.06019071110092  57.902152204700286 22.94888622120736 172.53445559444475  57.902152204700243 22.484651951259423 175.07766065198808  57.902152204700059 21.804190932469879 177.53437540304088  57.902152204700343 21.10256952651622 180.55320768783906  57.902152204700172 20.66933776233936 183.487543634747  57.902152204700229 19.92967301235457 186.49683204296997  57.902152204700172 18.381604707175811 188.98485054206981  57.902152204700286 16.515162394953737 191.28505209672426  57.90215220470013 14.107428918709882 192.76225742014196  57.902152204700371 11.835830985773924 195.34891816208801  57.902152204700286 7.6578234944538117 191.70175463255867  57.902152204700286 13.448908957461908 186.47279781997008  57.902152204700187 17.03977513013492 188.57858515982412  57.902152204700542 18.380946052160418 184.63068110250828  57.902152204698652 19.235153239468502 181.7284134057457  57.902152204705999 19.42754519902973 178.54863561031101  57.902152204678345 19.372814814035191 175.56095876381022  57.902152204782439 19.918826495201138 172.70371339034449  57.902152204391982 20.505122916365771 169.85046252020612  57.902152205849632 20.903745409911274 166.96638707433982  57.90215220223709 21.529615907328157 165.11659012142962  57.902152204700158 21.531374673596048 164.11500332148842  
67.051265596004143 20.166080192896587 164.81261898172687  66.224691763620598 19.962657697718704 162.5256111701737  67.438629284341587 20.838849980933986 162.51317556549679  66.945443667983994 21.128966832107295 158.82085456818331  67.080093726017765 21.71229502611007 156.14517955650189  67.043505529532965 22.195670868391037 153.20051266470929  67.05334375260972 22.716375126997768 150.31779573085669  67.050709877992801 23.265004747871782 147.42290303759029  67.051414465826454 23.777539895416542 144.52092008162225  67.051225605330458 24.29014893305407 141.6180836108737  67.051276326982347 24.788000896000234 138.71952969545057  67.051262722535895 25.313161883521957 135.82238541982593  67.051266359198621 25.790569485855656 132.93060304269881  67.051265391475923 26.261559563720262 130.0042925419848  67.051265651182462 26.727962480293399 127.09399136686164  67.05126558124374 27.112113546747558 124.19090820092494  67.051265599968758 27.545002237110943 121.26321405948977  67.051265594941768 27.927405088055131 118.3545271967287  67.051265596288943 28.291769554325079 115.42656354970461  67.051265595927745 28.633774528840824 112.50572423590853  67.051265596024649 28.916431118725765 109.57246144114816  67.05126559599853 29.203753123641825 106.64346317819746  67.051265596005578 29.450264828903215 103.70881894208726  67.051265596003759 29.688314558785663 100.77422064993729  67.051265596004257 29.948301424123088 97.841094644623297  67.051265596004157 30.12856489687519 94.902091706486402  67.051265596004043 30.307966325589646 91.96286217565995  67.051265596004143 30.48202968599831 89.02448295703816  67.051265596003987 30.649579249381759 86.081272500888247  67.051265596004242 30.794795525172692 83.165059943338406  67.051265596004029 30.867800767679352 80.178925544372063  67.051265596004171 30.891028103540798 77.256074886130278  67.051265596004015 30.939806890027619 74.310352583924811  67.0512655960041 30.915886430965713 71.365999280522743  67.0512655960041 30.912719722886351 68.42179513412367  67.0512655960041 30.831629099510579 65.478080498314824  67.051265596004114 30.714809730723118 62.536162832078176  67.051265596004072 30.62952181837381 59.592486857513101  67.0512655960041 30.414531186680172 56.655627713874011  67.051265596004185 30.235536965098191 53.715796595557684  67.051265596004072 29.958722136345202 50.784122655931384  67.051265596004157 29.72777565937367 47.848919830355797  67.051265596004043 29.426660227939568 44.920367158735857  67.051265596004072 29.132465718494792 41.992692163433034  67.0512655960041 28.782645541135352 39.070458450658194  67.051265596004157 28.452723527041591 36.153514162142855  67.051265596004157 28.171674284938348 33.213941604922226  67.051265596004129 27.206523610030928 30.411587830846905  67.051265596004072 26.00277598630602 27.733098004086557  67.051265596004143 24.622049715665351 25.128015687108757  67.0512655960041 22.897880998097264 22.746450188361372  67.0512655960041 21.174523384892126 20.3737065247565  67.051265596004015 19.202659300989293 18.190456001140284  67.051265596004157 16.749193084108342 16.51305518428088  67.051265596004086 14.447233825832006 14.972662766089684  67.051265596004086 10.431369247237857 15.571387621262566  67.051265596004043 10.895551706002692 11.362359439687044  67.051265596004185 11.916583163173982 8.9837534699732444  67.0512655960041 11.768445071437643 5.9910798556491889  67.051265596004058 13.768827441614127 2.853752207264169  67.051265596004114 17.240920433321826 5.0919510666031114  67.051265596004129 19.856034320341205 5.5668990558978102  67.051265596004157 22.643660812983793 6.8576706937638345  67.051265596004072 25.324093575326692 7.951092450420953  67.051265596004058 27.930319960418455 9.3533128642803334  67.051265596004114 30.448901848826907 10.861511675514501  67.051265596004171 32.829502784358752 12.599798051208701  67.051265596004072 35.124184313749311 14.434463384350948  67.051265596004072 37.255965968414088 16.432241931733849  67.051265596004129 39.185193354482429 18.689706741709628  67.051265596004043 41.024250347236489 20.933661752779354  67.051265596004129 42.785757616019936 23.306423824451358  67.051265596004072 44.044090135153311 25.999093485671366  67.051265596004072 44.656278784909929 28.903116645318846  67.051265596004157 45.347075736892599 31.762479143879915  67.051265596004129 45.566687413707591 34.721045135226333  67.051265596004114 45.408576883848994 37.680084209685944  67.051265596004143 44.603198742745398 40.536038948070882  67.0512655960041 43.845509713204606 43.372686330450264  67.051265596004114 43.044541870004835 46.214914275065141  67.051265596004072 42.375418090147853 49.071046606421596  67.051265596004114 41.867464669589168 51.994884790713542  67.051265596004171 41.45987990485596 54.904179944177557  67.051265596004072 41.127859026926728 57.820877474332079  67.051265596004072 40.945778675734296 60.792338210514245  67.051265596004114 40.974362763455474 63.725054431667473  67.051265596004114 41.080891820326016 66.66751968243841  67.051265596004157 41.112824886136309 69.612400406980498  67.051265596004029 41.164040094270021 72.556271241255885  67.051265596004214 41.105134438648108 75.500465741815816  67.051265596004043 41.065273511876839 78.443666533828747  67.051265596004114 40.97043986359526 81.38863108178559  67.051265596004228 40.853640652544499 84.32975464686794  67.051265596004072 40.792238535938672 87.273090582009502  67.051265596004129 40.662056294172714 90.215201494442553  67.051265596004072 40.386842094240848 93.148995418670523  67.051265596004171 40.235847659754782 96.089395420967946  67.051265596004072 39.992445740001173 99.024767727443276  67.051265596004114 39.79649488223049 101.95463368308251  67.051265596004129 39.537805290193525 104.89389351016655  67.0512655960041 39.271628821915385 107.83481345505876  67.0512655960041 38.961992414673176 110.75504711245355  67.051265596004058 38.614129236721112 113.67632281108006  67.051265596004086 38.261628048659638 116.60679771235546  67.051265596004114 37.967998787254274 119.50279953767111  67.0512655960041 37.546963703396422 122.36643491062812  67.051265596004072 37.263554145125241 125.26215107620366  67.051265596004129 36.728592611162227 128.12033213742887  67.051265596003987 36.397493555319848 131.03257249384609  67.051265596004214 35.95665957459579 133.95440936131274  67.051265596004086 35.297941912078471 136.82748131393521  67.0512655960041 34.851928733066195 139.63524334704326  67.051265596004143 33.773721544756178 142.30115341968886  67.051265596004086 34.15072679866671 145.56279584743871  67.051265596004157 37.521420146960708 146.82257010312884  67.051265596004029 40.249578334662388 147.41857281625005  67.051265596004171 43.01144965739006 148.70521696779531  67.051265596004086 45.618539854452393 150.12556241555785  67.051265596004072 48.133982876480545 151.85694310480699  67.051265596004029 49.712286461311294 153.81466017997926  67.051265596004043 54.502088701835234 155.59749622591369  67.051265596004086 49.77562166640746 160.59403874002408  67.051265596004143 47.02474491952735 154.82585149721712  67.051265596004185 45.632450762741058 153.31013071963531  67.0512655960041 42.707334859146684 152.04929575041069  67.051265596004129 40.044256460947388 150.7713272788211  67.051265596004171 37.257705402014949 149.92724233950739  67.051265596004114 34.26326534373419 149.37395627124403  67.051265596004058 31.659043157731897 147.21673717784873  67.051265596004157 31.760858097405254 143.55283073678194  67.051265596004058 30.331469833250992 141.10760169164564  67.051265596004185 30.218883643872552 137.57364749572363  67.051265596004015 27.516255254329231 134.89780678220649  67.051265596004129 27.399711297693074 141.51292430972342  67.051265596004043 27.15157005291119 142.72971226511157  67.051265596004129 26.214189227084383 145.97800127325911  67.051265596004129 25.89107493790258 148.85409757631857  67.051265596004129 25.359935385973593 151.56962843376579  67.051265596004129 24.909705729923459 154.42078920025574  67.051265596004072 24.393257319701242 157.28434769201098  67.051265596004171 23.845118254822864 160.2195644629133  67.051265596004015 23.328705375916311 163.17196462602547  67.051265596004143 22.82649879733501 166.06218180891264  67.051265596004129 22.251326339469458 169.11954690664697  67.051265596004015 21.808415481268582 171.97923685704703  67.051265596004114 21.226879584314762 174.79752653394928  67.051265596004129 20.604063300779593 177.70747553278181  67.051265596004129 19.533802527933009 180.48069028425252  67.051265596004043 17.975821019843856 182.93313095177149  67.051265596004214 15.976625028345726 185.22788139556704  67.051265596003972 13.431716872795249 186.34107551493099  67.0512655960041 11.1540712247022 189.86274847586799  67.0512655960041 7.1529266403353526 186.92811281920032  67.051265596004143 10.183801118869479 184.24237942986832  67.051265596003816 12.810480081339346 183.56410499588122  67.051265596005365 15.279495038157647 181.61605310480067  67.051265595999695 17.036011257142945 179.18573801704144  67.051265596020812 18.157450802287499 176.41538243673034  67.051265595941388 18.634437474617243 173.50313665383291  67.051265596239361 19.113004672039409 170.60422872844015  67.05126559512675 19.718417713215722 167.7323245186474  67.051265597884239 19.847885107022762 165.75530953301592  67.051265596004143 20.166080192896587 164.81261898172687  
69.580139106872267 19.776590253400194 165.40797748495618  68.72239061058184 19.576673643033299 163.11717552723641  69.982112419082014 20.439122158663977 163.15863783104101  69.470326049553293 20.731808291459824 159.49846161256397  69.610054504869851 21.260950885664904 156.85840658266417  69.572086365440086 21.755136372886128 153.95801542527795  69.582295642239984 22.29210208455811 151.12136044584668  69.579562429665941 22.754098745967276 148.25375712531257  69.580293591397719 23.279276632083928 145.39760048482151  69.580097607929545 23.778490926346638 142.53563063542643  69.580150242574859 24.277495305845193 139.68044321639809  69.580136125029711 24.773103221098154 136.82073778235178  69.580139898851058 25.260611470937405 133.97396053357471  69.580138894630366 25.744045725039527 131.09218581642796  69.580139164131708 26.151782894731134 128.21601551294822  69.580139091555338 26.594435277194791 125.36381811861636  69.580139110986394 26.970440758587955 122.47107075726866  69.580139105769788 27.363987295249235 119.60645861273451  69.580139107167909 27.707577575112918 116.71853748535045  69.580139106793098 28.036421363868605 113.83871837392815  69.580139106893597 28.336945652670256 110.95006984013736  69.580139106866483 28.616024571079798 108.06272430259153  69.580139106873816 28.924751809915705 105.17648102868424  69.58013910687184 29.133061981533075 102.28152560555212  69.580139106872252 29.333589562150117 99.386235598558216  69.580139106872323 29.521223093855351 96.490281933236048  69.580139106872309 29.737079625632326 93.595844630273263  69.580139106872295 29.924975389456652 90.700660923157898  69.580139106872309 30.090403757546163 87.799730025991096  69.580139106872338 30.197507847715602 84.923551911307101  69.580139106872195 30.275284781531504 81.980848124821023  69.580139106872352 30.339491606753448 79.100564832720721  69.580139106872281 30.38965178700753 76.197360408369903  69.58013910687238 30.442711870978087 73.295384010794137  69.580139106872167 30.375726324464139 70.393744864711309  69.580139106872338 30.334200146373401 67.492056323998057  69.580139106872224 30.30165779603103 64.589666379471709  69.580139106872309 30.176978125945066 61.690254376886941  69.580139106872281 30.020305153955864 58.792311191090597  69.580139106872238 29.82652980735454 55.896039217130429  69.580139106872338 29.693476750660768 52.996723001412974  69.580139106872309 29.444747648010363 50.105015557883817  69.580139106872281 29.194737487248183 47.213959919035894  69.580139106872309 28.917005424687311 44.323682127167849  69.580139106872281 28.63604926092189 41.434763828038072  69.580139106872252 28.284869910551713 38.551102409938935  69.580139106872309 28.037676059372913 35.663363138595884  69.580139106872295 27.786907987937145 32.751382733260783  69.580139106872252 26.904936978859187 29.966401189224449  69.580139106872323 25.728180553713496 27.300294112856541  69.580139106872267 24.297077191002018 24.768367494226837  69.580139106872252 22.607970709953303 22.415510636717123  69.580139106872281 20.823556020941666 20.094545682413738  69.580139106872252 18.852473356735956 17.989782137216196  69.580139106872267 16.411789336482961 16.2078964867335  69.580139106872252 14.224409030123928 14.607738773386529  69.580139106872281 9.5822982477404839 15.4242582934978  69.580139106872366 10.32710946173404 11.025839752117452  69.580139106872252 11.021971440300211 8.9937530071158918  69.580139106872323 10.397687435734163 5.6350073570939267  69.580139106872267 12.853413554781355 2.6268756392113737  69.580139106872267 15.791944627151675 4.409926507257496  69.580139106872309 18.495368613094616 4.6769530029129198  69.580139106872281 21.258685146912597 5.9325253884855549  69.580139106872295 23.939453885512982 6.9766724221232383  69.58013910687238 26.564322933280977 8.2394178823541555  69.580139106872224 29.100060886614695 9.6769670927307576  69.580139106872309 31.528468935515363 11.270457928850664  69.580139106872366 33.840831589626085 13.00520401512405  69.580139106872195 36.079674020546442 14.922837826632588  69.580139106872323 38.094320993179849 16.974446118734221  69.580139106872366 39.920275542406799 19.273069852995206  69.580139106872281 41.529809053496976 21.686997290841902  69.580139106872295 43.007502368808829 24.225704734984426  69.580139106872281 44.025511925367979 26.951735219359335  69.580139106872295 44.656599625480453 29.802777191613139  69.580139106872366 45.09250505999141 32.671650140104042  69.580139106872167 45.113413516269581 35.624056110381147  69.580139106872281 44.40041150308177 38.445211961485278  69.580139106872323 43.560209152247609 41.213397150569094  69.580139106872281 42.755325947283637 43.998875823096824  69.580139106872352 41.943797796660633 46.807707772561187  69.580139106872238 41.297003121775873 49.631535084895312  69.580139106872309 40.795050428330029 52.480017646724392  69.580139106872281 40.361537006111803 55.378117031617329  69.580139106872224 40.037980581041296 58.253670472951697  69.580139106872323 39.952528878914009 61.160377525382664  69.580139106872267 40.074740896039998 64.060757646817223  69.580139106872295 40.083395490487305 66.961669149428957  69.580139106872281 40.142711030333942 69.865020350548846  69.580139106872309 40.134022247234384 72.766334272031941  69.580139106872224 40.162458134267609 75.670840465318207  69.580139106872394 40.021953743279916 78.570518756789966  69.580139106872281 40.001643925684675 81.471428072135495  69.580139106872338 39.853117211008204 84.370947017452551  69.580139106872281 39.832429948472623 87.275481201590949  69.580139106872224 39.623652734284562 90.170672061737832  69.580139106872338 39.481558565526939 93.069942913306051  69.580139106872224 39.243544190935253 95.955589829230391  69.580139106872323 39.069198483470871 98.858374953974334  69.580139106872267 38.833520896557758 101.75963427239031  69.580139106872366 38.615635440906956 104.64533283601962  69.580139106872295 38.356769229328037 107.53463293121627  69.580139106872295 38.031460869563716 110.42254149012953  69.580139106872252 37.653312018244137 113.30666352489811  69.580139106872281 37.331570918575096 116.20067675837568  69.580139106872238 36.86925560038388 119.08315634500136  69.580139106872295 36.513860311427948 121.96818729183906  69.580139106872338 36.070811243077102 124.8367738717043  69.580139106872224 35.640722844328351 127.70062985199124  69.580139106872252 35.181177906238133 130.59528256816262  69.580139106872281 34.668895233549961 133.43576351807536  69.580139106872267 34.332844983807362 136.39181605938995  69.580139106872323 33.398127985915423 139.06396279089091  69.580139106872267 32.423310366287566 142.64133515797647  69.580139106872252 35.275106790410973 144.84805247970183  69.580139106872366 37.910941342031883 145.3391124727932  69.580139106872224 40.500242930527271 146.51157746181798  69.580139106872423 43.210110316521664 147.65328496120651  69.580139106872252 45.974010754616316 148.99858397352099  69.580139106872338 47.577814696080253 150.9423901383455  69.580139106872252 51.750245516859138 151.50813188192311  69.580139106872252 53.854212423783324 157.8032811799568  69.580139106872338 48.030611594575106 156.35468327505859  69.580139106872338 47.464642444756592 152.70656690134058  69.580139106872167 45.29516206369 151.73586741677065  69.580139106872352 42.590438090555736 150.45830225634899  69.580139106872224 39.852039706253535 149.11611491229061  69.580139106872295 37.163475869795704 148.35973608612429  69.580139106872309 33.687285563011891 147.97578264560127  69.580139106872295 31.695773189078544 145.4925206310761  69.580139106872309 30.998874327654935 142.35759727369708  69.580139106872281 30.395835110169774 140.43159081598293  69.580139106872309 28.644669883056444 132.99101713560196  69.58013910687238 26.593128733889131 141.23324284840078  69.580139106872281 27.133123485536331 142.60744017569777  69.580139106872281 25.902443683494646 145.3416450730509  69.580139106872309 25.620649627721335 148.36180814132717  69.580139106872181 25.082766215051265 151.28156661686995  69.580139106872281 24.58532820869776 154.1358460189839  69.580139106872224 24.152277911523861 156.99450179030964  69.580139106872366 23.569449539988099 159.81238220309424  69.580139106872323 23.173090038643007 162.63271476608173  69.580139106872124 22.631125516055842 165.57031943892125  69.580139106872437 22.104959296862848 168.40812775757365  69.580139106872195 21.671130771322094 171.22669409511437  69.580139106872352 21.154497857894327 174.140751716696  69.580139106872281 20.350151176531504 176.93471628733784  69.580139106872338 19.190077395381039 179.60906754188522  69.580139106872267 17.396484387161266 181.83738954070813  69.580139106872366 15.265895443177982 184.14238773930595  69.580139106872338 12.7775367055386 184.60009281266252  69.580139106872281 10.255988018500027 189.12590909043089  69.58013910687248 7.2924220346750754 183.34030513907402  69.580139106871599 11.223149867987996 182.6021247220192  69.580139106874611 13.411405531827718 181.09258485957332  69.580139106863584 15.823668012713956 179.28885932017783  69.580139106905079 17.346742846886734 176.74893243677354  69.580139106749129 18.380812039253769 174.00313520544336  69.580139107334588 18.841513795918374 171.13481186036944  69.580139105147751 19.209678203697379 168.25051450102197  69.58013911056824 19.823070732116747 166.42955168423276  69.580139106872267 19.776590253400194 165.40797748495618  
74.054132375775993 19.500019913496217 165.03481580303998  73.141230770450804 19.30128499190193 162.74908443763783  74.48195251606316 20.160817538179277 162.79385300198425  73.937258354141946 20.381685472591144 159.13250616185405  74.085971329704705 20.941003243699061 156.50719465119727  74.04556184418955 21.379288608423394 153.60671185298284  74.056427576067904 21.84671393235913 150.76700194108588  74.053518618305418 22.347692427248006 147.91679583871348  74.054296793634904 22.823744100925623 145.06151215149939  74.054088208457046 23.303522286731464 142.20520919174675  74.054144227502775 23.820672377438829 139.36257510432483  74.054129202201437 24.265320565604537 136.50461950436718  74.054133218678857 24.743112333948563 133.66463284447369  74.054132149886954 25.175515923645634 130.78533958953707  74.054132436717055 25.605510413844879 127.92176687378718  74.054132359474224 25.995245806057937 125.07182690641204  74.054132380154584 26.405918302837463 122.19303654006248  74.054132374602744 26.727276308573551 119.32880470942521  74.054132376090578 27.111595149740555 116.45512104577222  74.054132375691736 27.388536296060401 113.57896162072419  74.054132375798531 27.733719420480924 110.70437677771602  74.054132375769967 27.999351522063137 107.82506620952759  74.054132375777598 28.226795451556644 104.94096125837682  74.054132375775652 28.490699161259883 102.06002295341267  74.054132375776192 28.683799973923094 99.173781787627632  74.054132375775978 28.872971935170625 96.28723056765493  74.054132375775978 29.039127525530269 93.398850556000923  74.054132375775993 29.186505642763336 90.51074696537971  74.054132375775907 29.314469779236422 87.617178998311005  74.054132375776106 29.420370460355251 84.750653010352082  74.054132375775993 29.534058073547307 81.818320262225498  74.054132375776021 29.560174378123584 78.946573579273974  74.054132375775964 29.607300471475774 76.052578615735783  74.054132375776049 29.598134965765958 73.159779255256822  74.054132375776049 29.58019415851691 70.267453329577108  74.054132375775964 29.546970347067738 67.374717557165511  74.054132375776106 29.471405500207663 64.483040564895106  74.054132375775907 29.378216309469746 61.591508114682476  74.054132375776078 29.230090827761188 58.702873349495469  74.054132375776021 29.097716532300765 55.812258909812357  74.054132375775964 28.890284917996219 52.927148779524259  74.054132375776064 28.672236300462238 50.042759658941463  74.054132375775936 28.424383285972901 47.160722604712191  74.054132375776064 28.188107162673671 44.277511792328795  74.054132375775978 27.921022183352228 41.397172468936219  74.054132375776106 27.653884158222418 38.517459568160319  74.054132375775922 27.28949265035142 35.646008059045123  74.054132375775993 26.992125731516186 32.776155235066071  74.054132375776106 26.380542079200339 29.935295681626055  74.054132375775978 25.257854863340896 27.251795987117958  74.054132375775978 23.928027762935564 24.68558725251043  74.054132375776078 22.343316523068644 22.266917741324942  74.054132375775936 20.589821795981468 19.953307307076368  74.054132375776106 18.755312540750754 17.733206044237569  74.05413237577595 16.705462417459046 15.710902196732455  74.054132375776106 14.088355688065691 14.104156822012291  74.054132375775936 11.984050995565525 13.035569170383702  74.054132375775936 7.4505584029075429 13.199363868151645  74.054132375776049 9.523896064913874 8.2684203944148518  74.05413237577595 10.151099907221003 6.517853454648213  74.054132375775993 9.6805718896106541 2.7024796514154588  74.054132375776049 13.539054845391338 2.4276753856555935  74.054132375775993 16.293104058801568 4.2404243970878062  74.054132375776035 18.990190248664955 4.4788271506147472  74.05413237577595 21.69726609389626 5.7168428226524295  74.054132375775993 24.378842454968954 6.7462924912102942  74.05413237577595 26.956603051386665 8.0913186589784907  74.054132375776035 29.431325374955726 9.5902750744544409  74.054132375775879 31.827006142309145 11.173471670603933  74.054132375776163 34.121758869571494 12.99186890737662  74.054132375775922 36.2402022979648 14.918233949873128  74.054132375776007 38.245926030391658 17.044240055331159  74.054132375775936 39.983476351634195 19.363249019933363  74.054132375776049 41.47573857217877 21.843813124199961  74.054132375776049 42.627157665098167 24.504836373138644  74.054132375775978 43.525029951182589 27.276802849994233  74.054132375775936 43.961832925766487 30.136396242111545  74.054132375776049 44.294686685047978 33.008176400613479  74.054132375776007 44.130187009344226 35.946372919942938  74.054132375776021 43.132415934886744 38.711011726040809  74.05413237577595 41.979593405460101 41.343002307546335  74.054132375776021 41.063953189656075 44.105703846361131  74.054132375775993 40.194637186009139 46.862806878880079  74.054132375776064 39.514694034209043 49.667593111009651  74.054132375775936 38.969477681564641 52.5406789308878  74.054132375776121 38.568737253056184 55.389029005168695  74.054132375776021 38.219301897349872 58.264966000049725  74.054132375775993 38.125990551846961 61.164869321397326  74.054132375776021 38.303498549252524 64.0564692396825  74.054132375776007 38.379753098913937 66.94628388799309  74.054132375776049 38.3992263509178 69.838067679169072  74.054132375776007 38.403851743217785 72.73291152021315  74.054132375776078 38.409045005921278 75.625605436297633  74.054132375775936 38.341442492008667 78.51688927589683  74.054132375776035 38.265702604759966 81.409060324288816  74.054132375775964 38.138854668731028 84.299454366115526  74.054132375776092 38.056644370280807 87.191347989061626  74.054132375775922 37.892299927999147 90.080357598735304  74.054132375776121 37.747089019905488 92.961829578730658  74.054132375775893 37.539829122964136 95.853517439904053  74.054132375776049 37.356950164181058 98.749053055226341  74.05413237577595 37.04690279491588 101.61814879523698  74.05413237577595 36.815938611710813 104.49968020541596  74.054132375776021 36.601534264373221 107.38905739983072  74.054132375775978 36.372901273039417 110.26931020039387  74.054132375775993 36.08719297246401 113.14121791538193  74.054132375776092 35.796729207892398 116.02244595079409  74.054132375775993 35.413659758917213 118.88301099522022  74.054132375775922 35.047470722223579 121.74943246203516  74.054132375776106 34.646805659525398 124.61356747969897  74.054132375775993 34.186770561189014 127.48939108877863  74.054132375775993 33.780392856345955 130.32131983281005  74.05413237577595 33.226795925791322 133.15529493062607  74.054132375776021 32.946960518114551 136.09282364167257  74.054132375775993 32.284472257128513 138.60903934142073  74.054132375775993 31.869840870356462 142.01622053084074  74.054132375775993 35.314856529074312 143.81836752089737  74.054132375776007 38.553018426376582 143.99952387478356  74.054132375775964 41.016536314616609 144.98905997793457  74.054132375776035 43.579480196338181 146.32736637034847  74.054132375775907 46.36993874497621 147.62247086291455  74.054132375776092 47.986108725761056 149.98262855319075  74.054132375775964 50.303682953728398 149.9989698911815  74.054132375776078 54.538611651577476 154.97453724359926  74.054132375775879 48.723031694856012 156.08209679821016  74.054132375776078 45.860679894377782 151.81145523601469  74.054132375776021 44.194543731641915 149.06218993956475  74.054132375776106 41.996349932054542 148.31371033708905  74.054132375775993 39.014902725128934 147.40940421523607  74.054132375776078 36.582158786503314 146.08333161820877  74.054132375775993 33.607212273558261 145.79931671169456  74.054132375776064 30.61151324097305 144.47445918081394  74.05413237577595 29.444436812522042 140.92740741361797  74.054132375776078 29.663438368353589 139.89270838157086  74.054132375775879 28.658880892167353 131.28945145395556  74.054132375776064 25.967596830253495 137.44061019908287  74.054132375775907 26.885537398717137 141.31436282538397  74.054132375776049 25.907590083166561 143.32031717599091  74.054132375776049 25.426114963569368 146.11267766498588  74.054132375775964 25.032693282302894 149.15057941025833  74.054132375776106 24.470298006607678 151.87806561775739  74.054132375775822 24.054252672936265 154.78116723929955  74.054132375776121 23.529256385331401 157.57084386463777  74.054132375775993 23.10647660849294 160.54126776614072  74.054132375776021 22.650381960272178 163.37019704188873  74.054132375776007 22.172646083793012 166.17010539521189  74.054132375775993 21.648770286579339 169.06114788469475  74.054132375775978 21.216467531794208 171.93430198489335  74.054132375776106 20.208336226876238 174.62051262367413  74.054132375775993 18.954308097152015 177.25818797406146  74.05413237577595 16.975339508839077 179.33532625715685  74.054132375776007 14.613867097893946 181.48762830176523  74.054132375775993 12.234020421648191 181.74631970658103  74.054132375775879 9.1840112087639216 185.96301683030555  74.054132375776305 7.7705780696531814 179.47226864583331  74.054132375774799 11.589996557599907 179.70569848869906  74.054132375780881 13.750392815743137 177.80879956775641  74.054132375757561 16.082285138437385 176.02096556583976  74.054132375845199 17.658923973066685 173.51013475219202  74.054132375516559 18.569360679993409 170.74049388849019  74.054132376743709 19.048645574260117 167.91760030455507  74.054132373701961 19.338333832872856 165.95216850489351  74.054132375775993 19.500019913496217 165.03481580303998  
76.889744956256976 19.356864910667849 165.04727100124282  75.9418873640914 19.15866236448754 162.76597496070633  77.333946791029817 20.008305563389783 162.86701493902669  76.768395702310471 20.239882834663138 159.25310588715365  76.92280305806328 20.766907153159487 156.67863311250079  76.88084624977455 21.189575196358923 153.82901073515563  76.892128042243073 21.645571697395845 151.04313820960306  76.88910769735115 22.108673665729963 148.2394025540292  76.889915669853096 22.555890478878322 145.43355809227819  76.889699097723707 23.049039191728436 142.63440006184413  76.88975726179909 23.467535572925797 139.82936670402518  76.889741661162788 23.905183049762627 137.02414764935224  76.889745831435562 24.431787346290967 134.2487237955275  76.889744721718387 24.836353315927482 131.41813300963577  76.889745019531688 25.227447764313482 128.60358079581096  76.889744939330967 25.648899394746827 125.81156095491045  76.889744960803256 25.992034837906871 122.97846322658796  76.889744955038651 26.375976104051226 120.17605072555834  76.889744956583627 26.649580294712354 117.34326034354332  76.889744956169423 27.034489367658047 114.53377687780554  76.889744956280538 27.323695296196647 111.70690672036417  76.889744956250667 27.584617120047582 108.8813365523458  76.889744956258625 27.835843086561617 106.05320567871547  76.889744956256578 28.07610036544871 103.22428144109722  76.889744956257033 28.277645528743065 100.39221943999614  76.889744956257005 28.463779299755032 97.559306088591271  76.889744956256948 28.63175161215829 94.724983426760659  76.889744956257076 28.779931663445957 91.890651526668151  76.889744956256962 28.922706251874018 89.051955685125307  76.889744956256976 28.999867586495419 86.237403405118471  76.889744956256948 29.115285497606635 83.359998880555608  76.889744956257033 29.199066261164099 80.542666649449075  76.889744956256905 29.22060634127314 77.702117791529432  76.889744956256948 29.272111472058938 74.863595290705831  76.889744956257019 29.244509931000437 72.024636026451134  76.889744956256905 29.239374819252745 69.185525716846684  76.889744956257005 29.17064589005944 66.347160820279527  76.889744956257005 29.100824813329776 63.509247906818736  76.889744956256934 29.007010747081246 60.671442501058202  76.889744956256976 28.821766798995135 57.837443452207118  76.889744956257033 28.694409219492819 55.001411368063472  76.889744956256976 28.47718778473007 52.170437660689842  76.889744956257019 28.275239879412979 49.338902618382811  76.889744956256948 28.053236124190462 46.507701842463561  76.889744956256976 27.794528150620341 43.680293559513345  76.889744956256948 27.561107855382513 40.8513122246531  76.889744956257061 27.334278607369384 38.019853012603207  76.889744956256976 26.956179609780534 35.208207106656403  76.889744956256919 26.79980391733703 32.362907066031411  76.889744956256976 26.10214910822733 29.57400727910899  76.88974495625709 24.996575819056574 26.955964461480406  76.889744956256877 23.692148700911922 24.432648928350005  76.889744956257033 22.12958194972262 22.036935843545884  76.889744956256948 20.507101460999607 19.73532755022606  76.889744956257033 18.723906298392738 17.481555243213272  76.889744956256891 16.836032883090549 15.372844699741275  76.889744956257033 14.254555324684729 13.729778941343197  76.889744956257189 12.32013778287423 12.301409456384391  76.88974495625682 6.6792283608402512 14.659338401161492  76.889744956257061 8.690913549586174 9.3226639081149365  76.889744956257033 8.5344211707036592 6.9537926304069204  76.889744956256948 9.1828049304946475 3.3427037934926407  76.889744956257033 11.515971017117144 0.75362964718785763  76.889744956257061 14.840060121451387 3.5761462989574078  76.889744956256948 17.477001900754345 3.6909816205096115  76.889744956257061 20.176212744767028 4.8033314105563862  76.889744956256948 22.824235530981717 5.8106613209590323  76.889744956257005 25.44292138957297 6.93320556923433  76.889744956256976 27.895923231963739 8.349331055620322  76.889744956256919 30.337651693179499 9.8695634094327911  76.889744956256919 32.636948836781897 11.495872247673072  76.889744956257033 34.849252368385159 13.325919382968976  76.889744956257061 36.915257862385602 15.295952949256435  76.889744956256848 38.688642434900636 17.547641031206737  76.889744956257061 40.374260809167779 19.849474090981417  76.889744956256919 41.693331784109638 22.401950730220282  76.88974495625709 42.729980310200062 25.072664741292101  76.889744956256948 43.384118429721127 27.861604807260065  76.889744956256806 43.892669608321611 30.668339942356795  76.889744956257104 44.107481585253922 33.579692543883155  76.889744956256919 43.480609893043479 36.423272578135609  76.889744956257033 42.083346688604237 38.970352307331808  76.889744956257005 40.881524594076012 41.531145570757694  76.889744956256919 39.897498484733383 44.197352520522934  76.88974495625699 39.005492491886073 46.927220333658497  76.889744956256948 38.348894371244413 49.688440518552078  76.889744956256948 37.835843918522514 52.485342543922499  76.889744956257033 37.369550689016314 55.292368063571971  76.889744956256919 37.069601862381035 58.13131473057426  76.889744956257033 37.098713604352945 60.979400907492391  76.889744956256962 37.325192931451511 63.816518657481545  76.889744956256891 37.39763859878812 66.654405140096202  76.889744956257061 37.438253491667922 69.493718086736394  76.889744956256948 37.466300301816624 72.331973644985325  76.889744956257061 37.436278400149988 75.172030860102055  76.889744956256891 37.432490389347272 78.01201458807715  76.889744956256948 37.368053454214817 80.850268843892906  76.889744956256976 37.313993979557779 83.690092713753089  76.889744956256976 37.12380858319252 86.51678562095131  76.889744956257118 37.060311959688839 89.361415776516196  76.889744956256948 36.888148145659159 92.204429154038408  76.889744956257061 36.715988984960333 95.030050699163766  76.889744956256948 36.550484532756769 97.862936741063322  76.88974495625699 36.281991968516607 100.69408226786339  76.889744956256948 36.049833892638404 103.52207418637579  76.889744956256976 35.717995984238982 106.34121860796795  76.889744956256948 35.449938533908323 109.1735110450457  76.889744956256976 35.17468311104394 111.9962768055919  76.889744956256976 34.938800997613441 114.82341153078372  76.889744956257005 34.662003864516009 117.64632334455311  76.889744956256905 34.340380198630641 120.48941294980948  76.889744956256976 34.030044010813299 123.28374079720373  76.889744956257005 33.609627573334294 126.11349008220218  76.889744956257033 33.129417942705885 128.90154408245431  76.889744956256976 32.674942528076528 131.78479593100269  76.889744956256962 32.280239614529208 134.44640894970064  76.889744956256934 30.237140601022137 137.47738474835165  76.889744956256948 30.498994203668023 141.30407819453694  76.889744956256976 34.358136232870095 142.40807469331668  76.889744956256891 37.315052978601514 142.50259535067966  76.88974495625709 39.840181298670835 143.60624517878853  76.889744956256834 42.789325202203713 144.35277691546523  76.889744956257047 45.269009079852609 146.24585721542962  76.889744956256891 47.019474026920378 147.13235878961154  76.889744956257005 51.233917228482781 149.05842343074266  76.889744956256919 55.702652566379733 153.43859832293271  76.88974495625699 50.166188518386747 156.93154441123269  76.88974495625699 46.604007225573262 151.48324172183419  76.889744956256962 45.683661464208214 148.42439635846938  76.889744956257061 42.749103867992709 148.13397720184284  76.889744956256948 40.224148866488576 146.31074037621201  76.889744956257005 37.635332567177784 145.66280301377267  76.889744956256948 34.40136427182555 145.49774007158615  76.889744956256962 31.111535714569996 144.32895298015524  76.889744956257147 28.553415131868515 143.70386095801916  76.889744956256919 30.856669475684406 137.25061828588386  76.88974495625709 25.561988862911029 133.60524868425762  76.889744956256919 25.851091643646619 140.34277368099262  76.889744956256948 26.15855501068236 143.50187782012017  76.889744956256877 25.153866318626832 145.54155888051815  76.889744956256934 24.909340993868032 148.79741488034367  76.889744956257005 24.379341320081053 151.40062165822292  76.889744956256976 23.936047843099921 154.20315526479646  76.889744956256976 23.470275496883922 157.09589075207421  76.889744956256976 22.98675512842939 159.8730808613841  76.889744956256948 22.607686194583813 162.63443360402812  76.889744956256962 22.171672264091153 165.49221833401316  76.889744956257005 21.648531884818027 168.27563832579767  76.889744956256862 21.106154644167521 171.06311038847846  76.88974495625709 19.65697838732175 173.5261645864465  76.889744956256948 18.255229771561218 176.02575356213083  76.889744956256948 16.445882933179472 178.20621886844171  76.889744956256962 13.854804837820691 179.86519768058835  76.889744956257104 11.707912091777555 180.98177143987778  76.889744956256237 8.1255759804076781 182.09088847791588  76.88974495625979 9.3451574293016932 176.64923597579465  76.88974495624619 12.680872037113257 177.17984768416716  76.889744956297818 14.831216979247699 175.13800492140854  76.889744956103442 16.848225140580727 173.16080173728565  76.889744956833283 18.239716533740335 170.6376209277538  76.889744954107499 18.868407865552346 167.74611508705675  76.889744960863581 19.388017167463605 166.23545520228086  76.889744956256976 19.356864910667849 165.04727100124282  
80.122989427597958 19.212669955680013 165.32575512747002  79.135274045278038 19.014678890658445 163.04322717485766  80.585870126857216 19.800479545817993 163.16454979631192  79.996537389077787 20.043983636231825 159.57605323570039  80.157437635782671 20.570277281607627 157.03159736155777  80.113716526955415 20.968053300938159 154.20569080998405  80.125472723300973 21.397690010703972 151.44310884601879  80.12232537170047 21.860682949371636 148.66906050333898  80.123167319768896 22.324039755938855 145.89546908903685  80.122941640694904 22.733755894165533 143.11097524017509  80.123002250593061 23.149679092610945 140.33555417575633  80.122985993943729 23.684343525511089 137.57333720571353  80.122990339578052 24.040010888801717 134.79826676654363  80.122989183196864 24.486236884108941 132.00533136988741  80.122989493533296 24.889286231178609 129.22086487542532  80.12298940996007 25.292367090940807 126.45474395302101  80.122989432335544 25.651909155910332 123.65217973391529  80.122989426328388 25.971194358666011 120.86966189600679  80.122989427938393 26.381331150607593 118.08199090312078  80.122989427506724 26.678786526284952 115.29016295578995  80.122989427622457 26.960053748295223 112.49129699535564  80.122989427591278 27.241109689436207 109.69580476370027  80.122989427599691 27.469412531544677 106.89394601065365  80.122989427597474 27.693753457430731 104.09208815828256  80.122989427598128 27.93124165603794 101.29110130913158  80.122989427597858 28.102565628653043 98.485324016067295  80.122989427597986 28.287023963536381 95.680264856109687  80.122989427597858 28.448149222389159 92.874770986703567  80.122989427597915 28.547062572069283 90.062116008469388  80.122989427598057 28.701315024364689 87.278679850490704  80.122989427597787 28.793615734226151 84.428858655091204  80.122989427597958 28.861639329112428 81.639415477993026  80.122989427597943 28.91055213698224 78.827257493944501  80.122989427597958 28.901012699659717 76.01645462513693  80.122989427597915 28.928028558531423 73.205813500923625  80.122989427597915 28.915135903956436 70.394955007641386  80.122989427598014 28.893176063417368 67.584035730039886  80.122989427597901 28.789825010949766 64.774727449538261  80.122989427597972 28.704969763292709 61.965539264991705  80.122989427597872 28.619271271579322 59.154747134765984  80.122989427597915 28.433518697953257 56.350251202886319  80.122989427598043 28.286080643725317 53.543250784055829  80.122989427597858 28.059887356070455 50.741420291128904  80.122989427597986 27.859146691739518 47.937371160318861  80.122989427597901 27.646768567080997 45.134207230686485  80.122989427597901 27.361487879233401 42.33783765391744  80.122989427597958 27.128204079061881 39.536978789116993  80.122989427597986 26.871162075869691 36.739126230337178  80.122989427597872 26.543910763796131 33.952427455055314  80.122989427597986 26.306984743867453 31.132807730203321  80.122989427597901 25.471216494584645 28.431854687003192  80.122989427597943 24.362197671583797 25.854225475585487  80.122989427597901 23.03625476068094 23.353265602301946  80.122989427598014 21.436805539830161 21.063656408508251  80.122989427597844 19.760392246040496 18.791950174403524  80.122989427598057 17.994957344749217 16.580311378482737  80.122989427597929 16.140945499908952 14.544712271362982  80.122989427597815 13.600294532569217 12.851967697033135  80.122989427598 11.707680706900845 11.64444157890965  80.122989427597872 6.8306735961135745 12.20263303075186  80.122989427597929 8.1645708040573304 9.7685137690648531  80.122989427597901 7.5811967408318894 7.2534325352532845  80.122989427597929 8.2116514688392854 4.4318061041958128  80.122989427597901 10.164882991936812 1.0391062615749083  80.122989427597929 13.036156828734466 2.7559709837054847  80.122989427597929 15.7791946119741 3.0810202748333357  80.122989427597958 18.469557682129626 3.9700084619028555  80.122989427597929 21.099047845649725 4.9449357204500775  80.122989427597958 23.710895071394937 5.9467340450216728  80.122989427598014 26.231573532027014 7.2759378724124959  80.122989427597872 28.630175381501964 8.676200847177471  80.122989427598014 31.003603794945089 10.232015092671583  80.122989427597787 33.233216263110904 11.938859746820311  80.122989427598 35.379291998372494 13.77535709711783  80.122989427597901 37.214486284013574 15.909769688992322  80.122989427598071 38.929997801235473 18.151533911875546  80.122989427597858 40.402233141809972 20.549074070368633  80.122989427597844 41.574430181721574 23.120122388004475  80.122989427598043 42.447509686427566 25.800383607916583  80.122989427597815 43.017553662291434 28.549375669012534  80.122989427597929 43.406537909394409 31.349307357928396  80.122989427598014 43.167208092905909 34.240980031227664  80.12298942759783 42.208425901916101 36.885023928872897  80.1229894275981 40.848234184810373 39.337924449072432  80.122989427597787 39.756521887098266 41.964882042289574  80.1229894275981 38.739126206669198 44.57121196514678  80.12298942759783 37.903000813003572 47.262951323682856  80.122989427598043 37.274045924644035 50.005748627929719  80.122989427597858 36.724486537941743 52.761915465138898  80.122989427597958 36.341370304579101 55.553062942524292  80.122989427597815 36.063663244345001 58.359239276325681  80.122989427598043 36.197254687993365 61.176384471534362  80.122989427597872 36.270014683181699 63.982492884042117  80.122989427597943 36.335347402705935 66.792331219681031  80.122989427597958 36.387531359606584 69.603297801787633  80.122989427597915 36.397539983818319 72.414463974230387  80.122989427597929 36.394294029093359 75.225129051910002  80.122989427597986 36.379841325096308 78.036598088813776  80.122989427597929 36.328596538109721 80.840379913527499  80.122989427597901 36.237186028847518 83.655286762006  80.122989427597943 36.191944939969503 86.474659927532969  80.122989427597872 36.002467509074449 89.272042742674728  80.122989427597929 35.829510662281827 92.075521191937341  80.122989427597943 35.752477418343474 94.890788771859349  80.122989427597929 35.508139026780363 97.689769243727966  80.122989427597872 35.356901904213061 100.49456679745182  80.122989427597943 35.098834649710057 103.29943447174988  80.122989427597929 34.841461880566655 106.0945003736814  80.122989427597901 34.557436157647771 108.88886208664775  80.122989427597929 34.253912759842521 111.68177038627408  80.122989427597943 33.939643589185195 114.49692072143776  80.122989427597958 33.599930921398872 117.2596969218469  80.122989427597901 33.365221638971498 120.07515721991831  80.122989427597872 33.123258375749117 122.8842986986643  80.122989427597972 32.73434331923729 125.64747042288333  80.122989427597915 32.313640193884524 128.4611857598801  80.122989427598043 32.183760981112641 131.2036896145143  80.122989427597901 31.612821688218158 133.71714277711231  80.122989427597986 29.902971298315638 136.92915149630113  80.122989427597943 31.778545067671015 140.14055336154533  80.122989427597872 34.79086613086276 140.51684544895272  80.122989427598043 37.161835918432828 141.69857394161417  80.122989427597815 39.935494633438132 142.47082463741356  80.122989427598114 42.627084309636871 143.66790342665539  80.122989427597815 44.724788975237161 145.02223802928194  80.122989427598014 46.504475208143539 146.18424218766572  80.122989427597815 50.1391619477251 147.37405020186281  80.122989427598071 54.38292035618732 151.60807920300772  80.122989427597787 48.106905521279046 154.6982073312839  80.122989427598071 47.437616862454163 148.62554263699394  80.12298942759783 45.184888484695861 148.71319444145371  80.122989427598014 42.560870627284174 146.8259870033848  80.122989427597844 40.280984186829912 145.21580985917461  80.122989427598043 37.708790776525717 144.53855411358222  80.122989427597872 35.097395917739107 143.42062914818186  80.122989427597929 31.223303320619117 143.77334769055602  80.122989427597901 30.13234134275837 141.83737400055151  80.1229894275981 28.165075358281236 136.93485825957418  80.122989427597844 24.7830708022721 137.10839991541906  80.122989427598 26.247168248703105 142.90663133076458  80.122989427597943 25.213286663939243 143.99979181667075  80.122989427597844 24.947285599282512 147.4338446766086  80.122989427598014 24.48405779785729 149.99775360896319  80.122989427597901 23.996488805955806 152.88779861512592  80.122989427597886 23.579842636584381 155.63869822317685  80.122989427598014 23.106984378850228 158.35965009466065  80.122989427597886 22.690854210466096 161.18865634885708  80.122989427597958 22.263361820663246 163.96987652100012  80.122989427598014 21.833099349888489 166.71403851752279  80.122989427597858 21.188962955303474 169.47046144534681  80.122989427597958 19.644294798789371 171.89892978314782  80.122989427597986 18.024495780478357 174.1956335685849  80.122989427597915 16.102452131313207 176.3303340238383  80.122989427597815 13.690201154168475 177.69772495766699  80.122989427598384 11.295331599541692 179.71406054829993  80.122989427595996 7.8477704500530896 178.65444607765022  80.122989427605802 10.252225902910787 174.71651521071738  80.122989427568328 13.165067715890457 174.61527433188692  80.122989427709058 15.494434188838722 172.80051934591816  80.122989427180869 17.346713675658641 170.58520439329061  80.122989429153364 18.763436762279706 168.4750382386249  80.122989424264375 18.766014265506179 165.45556416210957  80.122989427597958 19.212669955680013 165.32575512747002  
84.119726064579751 18.933666618446505 165.27361873870336  83.082740949769402 18.742878271626722 162.99461400330088  84.605696419660717 19.887941887349918 163.2136003305117  83.986966279696475 19.978570928209948 159.61640204409898  84.155892636204413 20.486604335853322 157.09311402041914  84.109990608283738 20.917562120839293 154.2964275998022  84.122333233330863 21.359598832881851 151.55973469203724  84.119028883900867 21.767999780470596 148.79939101926971  84.119912830460422 22.226361346400719 146.04641003893826  84.119675893945711 22.60788558686582 143.28172917181843  84.119739527218201 23.101047060832379 140.53958676825158  84.119722459646098 23.432775939600582 137.77167649573295  84.119727022051848 23.852539115781141 135.02783594034599  84.119725807987351 24.291859471692998 132.25549525473139  84.119726133804193 24.634896437054731 129.4853680510891  84.119726046062112 25.012608490538572 126.73893404961588  84.119726069553437 25.424441129725089 123.96686317266936  84.119726063246958 25.880099778787507 121.22544555279259  84.119726064937112 26.149805888573567 118.44327055381817  84.119726064483956 26.415376444869409 115.67169819413812  84.119726064605373 26.697105345310455 112.8956922981624  84.119726064572916 26.944408739714532 110.11991243919039  84.119726064581414 27.197611841660081 107.34321244884242  84.119726064579368 27.444298325629006 104.56598975470195  84.119726064579851 27.622823203558774 101.78339474414364  84.11972606457968 27.842317674959958 99.004060475294395  84.119726064579837 28.034656065976083 96.222353388475696  84.11972606457968 28.186473783157886 93.439299231192635  84.11972606457978 28.32347749521869 90.651227710504457  84.11972606457968 28.42925615715826 87.888624012543346  84.119726064579794 28.526907037057356 85.062149312996496  84.119726064579751 28.612823715699335 82.2958119137312  84.11972606457968 28.665014782338243 79.506698421560984  84.119726064579709 28.715569574364554 76.719134822630949  84.11972606457968 28.695212143117679 73.931132317016207  84.11972606457978 28.687668668700304 71.14305404870656  84.119726064579737 28.644505629603465 68.355313473151554  84.119726064579751 28.608871208047685 65.567544052762869  84.11972606457978 28.540315648633246 62.780262646853053  84.119726064579751 28.394480634874686 59.995249958378068  84.11972606457978 28.303541420022768 57.208510104231593  84.119726064579694 28.08373033309859 54.428639953498433  84.119726064579879 27.952279518161902 51.643638590639654  84.119726064579652 27.760378308723624 48.861425931688444  84.119726064579737 27.54008570531774 46.082274765796456  84.119726064579865 27.309409539454386 43.304004165713621  84.119726064579737 27.027772414554342 40.529672299032342  84.119726064579694 26.76505091232562 37.757072692399284  84.119726064579751 26.510120737761198 34.97971672766262  84.119726064579737 26.190158230624263 32.207347975677848  84.119726064579737 25.852890051713526 29.426605451655252  84.119726064579623 24.860140165527469 26.812125507113368  84.119726064579851 23.665455953121217 24.278353359352131  84.119726064579652 22.268009041512116 21.886980191404994  84.119726064579709 20.7391725189471 19.528994831355483  84.119726064579723 18.942811380998862 17.396026356729227  84.119726064579751 17.219473390493008 15.195446190486871  84.119726064579865 15.28640660276079 13.22192934908454  84.11972606457968 12.639083786284621 11.787944237189517  84.119726064579794 10.69177203948521 10.831917879872005  84.119726064579737 5.7674994003767894 11.67436850670985  84.119726064579766 7.1134026020761567 6.9681449489108669  84.119726064579737 7.3253005730409715 5.0837951409896496  84.119726064579737 7.0925155159438109 1.4517148911829683  84.119726064579837 11.077736760223587 1.5723430003624741  84.119726064579694 13.333514380004788 2.3454619192067412  84.119726064579652 16.195775847398505 3.0090121486244161  84.119726064579766 18.8149225992533 3.8589631910621995  84.119726064579652 21.434111054013457 4.7885873593670265  84.119726064579766 24.036763817707264 5.8749152769525654  84.119726064579652 26.491459674329704 7.1472995819232041  84.119726064579794 28.895551455784439 8.6048634580970784  84.119726064579794 31.199176259427908 10.177272632912146  84.119726064579623 33.359960783319352 11.950476596178756  84.119726064579908 35.444287611580719 13.800202028417036  84.119726064579709 37.256817417807667 15.943325787919775  84.119726064579822 38.852158528729191 18.223738548951957  84.119726064579737 40.214746123213786 20.669303287561739  84.119726064579766 41.304308516617276 23.239175763290937  84.119726064579737 42.15337344989598 25.909768401165714  84.119726064579737 42.685398286487583 28.642901273180826  84.119726064579737 42.830003444450277 31.453888902376853  84.11972606457968 42.299508983921676 34.240727575611885  84.119726064579709 41.182712137656935 36.796178511533128  84.119726064579709 39.739226516648586 39.220184398294023  84.119726064579737 38.634967445285653 41.774804469151746  84.11972606457978 37.594790782858091 44.364007060102935  84.119726064579808 36.746216256240515 47.026105433888745  84.11972606457968 36.096201245735415 49.740208554453915  84.119726064579794 35.569594575718803 52.480764967790257  84.119726064579751 35.239385732710033 55.248369104695655  84.119726064579766 34.945942211670058 58.032262711063559  84.119726064579851 35.095065557196016 60.825537049910835  84.11972606457968 35.194869293648324 63.608858359553267  84.119726064579737 35.266830301851556 66.397228323387949  84.11972606457968 35.299579745388783 69.185605092098328  84.119726064579766 35.331752236159552 71.973351500370441  84.119726064579666 35.32821837968045 74.761999767649925  84.119726064579751 35.318087915230009 77.543037339068178  84.119726064579751 35.268755910347267 80.33658695805066  84.119726064579723 35.190610475949242 83.131626098540565  84.119726064579737 35.106553738907387 85.910769884358487  84.119726064579766 35.036751160122066 88.696811034451571  84.119726064579723 34.854380979461297 91.483180154277761  84.119726064579766 34.705755117792009 94.265692724521926  84.119726064579709 34.513691316034368 97.044675391710143  84.119726064579723 34.333462967711171 99.831547374205456  84.119726064579837 34.116706996613132 102.60623075205297  84.119726064579652 33.886529574712952 105.3808495948399  84.119726064579737 33.625250876523374 108.15112144162558  84.11972606457968 33.3669685110494 110.94538983002559  84.119726064579851 33.084375879287478 113.68807982221878  84.119726064579666 32.734965959868688 116.46580267486971  84.119726064579794 32.374728466395212 119.22974162316515  84.119726064579723 32.055106573761009 121.99644435894155  84.11972606457968 31.754323994666574 124.76121402261505  84.119726064579737 31.366211833388348 127.54569778756576  84.119726064579766 31.004359072955207 130.37080515919564  84.119726064579694 30.925737389060856 132.96301763193421  84.11972606457978 29.649783753863236 135.72198596567898  84.119726064579652 31.498804662547069 138.83155311127382  84.119726064579766 34.691594444190827 139.08122093428301  84.119726064579751 37.094416149563074 140.16948232625657  84.11972606457968 39.709411237581946 141.09898757934235  84.119726064579794 42.461962543936806 142.16622072816199  84.119726064579595 44.997125133783669 143.57257981969792  84.11972606457995 46.996469609869614 145.3889766887001  84.119726064579709 48.28751451289547 146.47199753035738  84.119726064579737 53.948095401918636 147.91630272019685  84.119726064579751 49.02507520247471 153.89236112452954  84.119726064579723 46.72511818300697 147.73425519012721  84.119726064579766 45.223953874789217 146.87180292301215  84.119726064579737 42.441766581753889 145.67134164963812  84.119726064579794 40.06032860805179 144.05618610313451  84.119726064579638 37.410574180272434 143.19245594195667  84.119726064579737 35.059062935342922 141.97046041052417  84.119726064579652 32.064263533411363 141.30367064775504  84.119726064579709 29.190103023880862 140.9779802609234  84.119726064579709 29.78000288062416 136.48694145019465  84.119726064579723 25.303773140908067 133.9764209541741  84.11972606457978 26.110818032761756 140.77335048620421  84.119726064579737 25.577254975484681 141.8104923355051  84.119726064579737 25.158209842128286 144.95194997232596  84.119726064579766 24.756253799659937 147.75818010519822  84.119726064579723 24.277332353986669 150.49490159048435  84.119726064579751 23.915605242041533 153.20294818134442  84.11972606457978 23.485346318291619 156.00470044965238  84.119726064579766 23.01587438226219 158.75222353218558  84.119726064579709 22.629663794820374 161.48496372156279  84.119726064579879 22.222575451760662 164.22524711459994  84.119726064579595 21.434403202218718 166.94584192123261  84.119726064579837 20.083931184747833 169.42166956947545  84.119726064579581 18.241376585290489 171.52861099053064  84.119726064579993 16.293649920456147 173.65855993029322  84.119726064578998 13.958528360846906 174.58497062447384  84.119726064582395 11.39158601285974 177.67885643518102  84.119726064569733 8.1813192402887225 174.38215347506031  84.119726064617709 10.964780208269746 172.27181113518515  84.119726064436833 13.507130343835723 171.55360883406092  84.119726065116495 15.839564717195353 170.05610637777443  84.119726062577797 18.012569624685973 167.46896532515882  84.119726068870136 18.011383060715879 166.92329059811777  84.119726064579751 18.933666618446505 165.27361873870336  
87.49676194192773 18.534265152577248 164.68653086812924  86.418146449787116 18.357289661851006 162.41951761590633  88.002241862733854 20.022512898111366 162.82633966795999  87.358672437398383 20.120503273636377 159.213762951619  87.534380441841336 20.669149177761 156.74008666930706  87.486635650012886 21.021064756323206 153.94931356380556  87.499473777001867 21.447457798781908 151.23670245751566  87.496036772520142 21.872075060474991 148.50575429206117  87.49695620563466 22.248601305822341 145.76901394042329  87.496709757164069 22.677108409824324 143.03810003932205  87.496775945031771 23.082520255231216 140.31053066294587  87.49675819227204 23.445433748220147 137.57307714839328  87.496762937838071 23.899688532351632 134.86316896907488  87.496761675034193 24.264597738634784 132.10748758099624  87.496762013931232 24.698668124896244 129.37781038282571  87.49676192266665 25.14966910882714 126.66810447696588  87.496761947101348 25.405696861241125 123.90299470101753  87.496761940541376 25.736083220103144 121.17177971385202  87.496761942299543 26.069271789234431 118.42497900735948  87.496761941828112 26.351528049771431 115.68182681869696  87.496761941954503 26.628411475477378 112.93249836505163  87.496761941920525 26.872838900764851 110.18359720548489  87.496761941929805 27.142590336038332 107.43539937712193  87.496761941927161 27.342881589483149 104.68148215707812  87.496761941927858 27.58758690575867 101.93103870448942  87.496761941927758 27.743345784880596 99.17412762193463  87.496761941927673 27.932083950201029 96.419290644029047  87.496761941927829 28.093153133730809 93.663772298229176  87.496761941927616 28.229274114953149 90.902729122434764  87.496761941927872 28.355207951318423 88.167673471805088  87.496761941927588 28.480252254046242 85.369669905145628  87.496761941927787 28.544255128402309 82.629419482072137  87.496761941927701 28.610767226725162 79.867477974855547  87.496761941927815 28.616665706588496 77.106606478792003  87.496761941927815 28.643550936521482 74.345779519891494  87.496761941927559 28.653509372491946 71.584625420555781  87.496761941927815 28.613513155541167 68.823846156613783  87.496761941927616 28.544195093604817 66.063663797477204  87.49676194192773 28.477704704096197 63.303611053175132  87.496761941927787 28.397444101746455 60.542936211983523  87.49676194192773 28.250751686383474 57.786131585257642  87.496761941927787 28.148081929979231 55.026706361178796  87.496761941927645 27.950481593385749 52.272611033151023  87.496761941927815 27.770488682224023 49.516968295674666  87.496761941927574 27.569656143169876 46.762973619026411  87.496761941927844 27.324998156020747 44.01302034615027  87.496761941927645 27.098091161534011 41.261036207163187  87.496761941927844 26.850903188300784 38.513469596608765  87.496761941927616 26.558614891846165 35.768508320494171  87.496761941927758 26.26907847586709 33.014437620332686  87.49676194192763 26.004979225739266 30.26866008505359  87.496761941927815 25.348003370981729 27.578350719879882  87.496761941927701 24.313557773874159 24.996054212433631  87.496761941927801 23.05411865934628 22.560751432928967  87.496761941927701 21.558443906211551 20.213916694643764  87.49676194192773 19.852036886175327 18.029229506862105  87.49676194192773 18.267132184620845 15.783888951202934  87.496761941927673 16.319848953946035 13.777786507214328  87.496761941927872 14.335316390077498 11.923495343437402  87.496761941927701 11.496286116578537 10.819479705495606  87.496761941927758 9.5665152424096185 9.980094213177324  87.496761941927531 4.7873914921020795 10.879337363926279  87.496761941927929 6.1842057146962741 6.4102404063036849  87.496761941927701 6.6057095102282748 4.6433220084577567  87.49676194192773 6.4369506426856731 0.31133530402811216  87.496761941927787 10.468548472708063 1.6923441512675919  87.496761941927815 12.706012355219476 1.9494501294564324  87.49676194192763 15.511701218982921 2.677105600754822  87.496761941927915 18.115174698910593 3.4183309914904361  87.496761941927602 20.751049149580886 4.3751272097891265  87.496761941927815 23.309706124206738 5.3118512393592194  87.496761941927772 25.811469999418311 6.5595085746462463  87.496761941927602 28.182215208256956 7.9601571942806402  87.496761941927872 30.542391463196211 9.4173847269357438  87.496761941927602 32.701037447018059 11.142358745309746  87.496761941927744 34.810303552082928 12.958964025206996  87.496761941927531 36.607567086066311 15.063870092230495  87.496761941927758 38.280998614258777 17.277646759297575  87.496761941927701 39.654750978843936 19.687482936689651  87.496761941927772 40.797950798944555 22.210310913176002  87.496761941927588 41.712190731070635 24.813779937264094  87.496761941927758 42.33667054444355 27.541474091630526  87.496761941927858 42.580927269693305 30.314100388280359  87.496761941927801 42.022640033645587 33.073590292876709  87.496761941927687 40.956317489040309 35.656276876056424  87.4967619419279 39.420201388561338 37.946681357827643  87.496761941927673 38.204911706268916 40.431564025312341  87.49676194192773 37.128213666096308 42.983143466709819  87.496761941927645 36.233416172812255 45.599718787838839  87.496761941927744 35.512774653107066 48.268792521556563  87.496761941927787 34.937551655999556 50.973142491504518  87.496761941927645 34.561758887537692 53.709942657027234  87.496761941927815 34.242662767104832 56.460028676406523  87.496761941927758 34.231271468129265 59.225809593244186  87.496761941927772 34.446802728659776 61.981404080082363  87.496761941927772 34.490995897343623 64.742135702957285  87.496761941927744 34.557604985950618 67.502294596454846  87.496761941927787 34.586274621379147 70.263916019743846  87.496761941927787 34.609601256307172 73.017603191413855  87.49676194192773 34.619411264484846 75.78433456794707  87.496761941927787 34.581508075349078 78.553265956084559  87.496761941927815 34.532111256304418 81.306139650213311  87.496761941927701 34.443587287711416 84.063810422491741  87.496761941927787 34.353077732575557 86.827682570235481  87.496761941927744 34.242574468441347 89.584998814744253  87.496761941927645 34.106381325628078 92.339938155440549  87.496761941927844 33.93096988613101 95.103582675577101  87.49676194192773 33.747730214187634 97.858962411225463  87.496761941927645 33.537645029401681 100.61499231893146  87.496761941927929 33.313318256744466 103.37680757460424  87.496761941927574 33.090078625300166 106.16115309662314  87.496761941927801 32.822561097678147 108.89311742025956  87.496761941927673 32.551223062426644 111.6664846301467  87.496761941927815 32.292266263644947 114.43049892706549  87.496761941927787 31.970455803740386 117.17900850583077  87.496761941927744 31.648145139053863 119.93757016397123  87.496761941927815 31.320747798697667 122.69336307269657  87.496761941927645 30.964521965642341 125.41484968587758  87.496761941927787 30.482090616406836 128.19385373996087  87.496761941927673 30.417159941211484 130.95883354044838  87.496761941927815 29.059449455495955 133.59341798210573  87.496761941927716 30.042890700102426 137.11799440666681  87.496761941927616 33.404573682498423 137.71370687720156  87.496761941927872 35.802217514298945 138.46581412243268  87.496761941927758 38.386358686528496 139.55627512300453  87.49676194192763 40.91954718340186 140.43612158657135  87.496761941927673 43.504768353161985 141.62375982098757  87.496761941927744 46.140472713431599 143.23621024315551  87.496761941927815 47.159623328330994 145.158419045221  87.496761941927673 52.188985852028466 144.97595953182554  87.496761941927787 51.805016362643954 151.97025107894359  87.496761941927758 46.86925501058235 148.85629471352112  87.496761941927716 46.027239324134626 145.75190581409356  87.496761941927701 43.6033007803033 145.06983579937366  87.496761941927844 41.179551941940773 143.55958744381635  87.496761941927758 38.590340145753373 142.50202402614281  87.496761941927687 36.008675344088317 141.57028081944597  87.496761941927986 33.594658449802196 140.47582838678198  87.496761941927531 29.900217492667053 140.50133221988597  87.49676194192773 28.992163009113071 138.75426531881544  87.49676194192773 26.250368207710185 131.85801102538107  87.496761941927659 25.883567880295004 139.66715455844906  87.496761941927815 25.909705225335607 141.1434351285933  87.496761941927645 25.190443407391228 144.01093484899434  87.496761941927787 24.963511787392193 146.72973453535286  87.496761941927616 24.486062943880896 149.41332925260414  87.49676194192773 24.039886200371996 152.19511589549424  87.496761941927815 23.675044668110385 154.93872424478363  87.496761941927701 23.256856217779482 157.64310261119141  87.496761941927758 22.875760087263721 160.36733419690057  87.496761941927815 22.335465419002617 163.10351382907731  87.49676194192773 21.418225257171951 165.74756178586421  87.496761941927787 19.929022088697067 168.14930215828616  87.496761941927701 18.06742928922143 170.08233316541981  87.496761941927929 15.814528036858214 172.05574634417587  87.496761941927133 13.505673653217496 172.26558266215525  87.496761941930203 10.394815432676324 176.28299202087985  87.496761941918464 8.9544683274015071 170.32757872329455  87.496761941962731 12.389079856975215 169.91198304479155  87.496761941796478 14.908552897040526 168.98835837295735  87.496761942417393 15.98503091931993 165.73795611687314  87.496761940878031 20.21746028693758 168.26774411651743  87.49676194192773 18.534265152577248 164.68653086812924  
90.958399433639215 17.792338031056207 164.16622884683159  89.837110638580114 17.639536756549216 161.91461073893223  91.483877674455428 19.780702566159089 162.67954670792642  90.814846689151295 20.243247680460843 159.13837313154866  90.997506235597484 20.728049437562987 156.65953702814562  90.947872514878654 21.144593715037594 153.91793746980883  90.961218557140214 21.580023417118898 151.23049139398444  90.957645574328978 21.995084958375639 148.51745762915976  90.958601383007917 22.353136677975705 145.79478297541181  90.95834518428795 22.764415533184192 143.07870346851524  90.958413990748369 23.134248210370977 140.36384850065434  90.958395535635773 23.568526330411043 137.65459572010124  90.958400468950586 23.87711972809084 134.94082595168157  90.958399156186701 24.331689603329217 132.21590367819132  90.958399508491325 24.779066867573142 129.50736797155321  90.958399413616206 25.083996026426632 126.79502447079084  90.958399439017214 25.475568372673372 124.06540281430932  90.958399432198036 25.768807141661341 121.34780234193479  90.958399434025637 26.070274749307195 118.61525716356783  90.958399433535661 26.372847262597038 115.89191930038535  90.958399433666884 26.602650210859139 113.15593009494052  90.958399433631783 26.905865340595703 110.43018166625507  90.958399433641048 27.105705469043819 107.69353851229474  90.958399433638604 27.373986262883477 104.96291592243531  90.958399433639428 27.549420088610283 102.2249484560796  90.958399433639215 27.778703043587278 99.490993172080437  90.958399433639244 27.94717554035455 96.752417833581021  90.95839943363913 28.1125026299162 94.014835652604646  90.958399433639286 28.241308375001452 91.271157757898379  90.958399433639158 28.367954364262999 88.553621966372944  90.958399433639244 28.469399178804956 85.772611801784649  90.958399433639215 28.568998999997916 83.051255486862971  90.958399433639173 28.663628636055545 80.307708349158233  90.958399433639215 28.674414472189007 77.564295998741272  90.958399433639158 28.701105550943613 74.821198847229454  90.958399433639286 28.681679969792953 72.077801153272816  90.958399433639158 28.682633600632172 69.334334165650489  90.958399433639215 28.629417928368198 66.591424030984072  90.958399433639187 28.559158036038266 63.849076273814873  90.958399433639187 28.459489827550417 61.106813842969515  90.958399433639201 28.358274078915045 58.365457277968417  90.958399433639244 28.191985954459504 55.627147751337404  90.958399433639158 28.068498482006675 52.886512925576568  90.958399433639244 27.875638706024603 50.149265468269341  90.958399433639272 27.689653913597056 47.412278699288947  90.958399433639173 27.502574297130977 44.675253188365538  90.958399433639158 27.240445129296226 41.944087770913349  90.958399433639187 26.992472037557853 39.214304046846308  90.958399433639187 26.710735517173219 36.487368189153919  90.958399433639244 26.436214526081471 33.750684185821228  90.958399433639329 26.091795940423484 31.039384366590646  90.958399433639102 25.825365007342938 28.306199888551973  90.958399433639187 24.917050637507856 25.684096312470352  90.958399433639229 23.74905009879166 23.226223094298206  90.958399433639158 22.410381503901192 20.813956763686498  90.9583994336393 20.835030076865934 18.563262081287654  90.958399433639102 19.133942539387085 16.428898935143565  90.958399433639187 17.420581519403811 14.270608814217706  90.958399433639102 15.45314233339931 12.37598660776659  90.958399433639201 13.386820005271275 10.651424955358422  90.958399433639144 10.464430285501876 9.9357175344237838  90.958399433639357 8.5801855545665866 9.2070007890696512  90.958399433639045 3.9559617631936481 9.706479212844485  90.958399433639215 5.3924933875659722 5.498475913086935  90.958399433639144 5.7193265098348371 3.5583370981092219  90.958399433639258 6.6518739619199101 -0.28508253540710093  90.958399433639059 10.295034034926944 1.5461004652565888  90.958399433639229 12.728488441449453 1.8196445967895085  90.95839943363913 15.462423899220212 2.4826002044894571  90.958399433639272 18.109668978619311 3.2542577043855903  90.958399433639116 20.686060289017803 4.169495802812361  90.95839943363913 23.267805026609114 5.1463834483431121  90.958399433639329 25.747821057528174 6.3642564626046401  90.958399433639102 28.122278896530176 7.7400407880487858  90.958399433639428 30.416386728713409 9.2230444994034926  90.958399433639272 32.581874617285578 10.898186197776441  90.9583994336393 34.625633084593339 12.720165594277466  90.958399433639187 36.455492568202075 14.768188594849047  90.958399433639144 38.045022877907634 16.993798554245032  90.958399433639229 39.407671988052059 19.387281858202439  90.958399433639286 40.489702774526968 21.902606553909017  90.958399433639244 41.398368727817072 24.515480204264449  90.95839943363913 41.986465711160974 27.197980390339751  90.958399433639229 42.263134057310992 29.966391477001974  90.95839943363913 41.612001575400633 32.73514097042586  90.958399433639158 40.566559605138671 35.295010766409852  90.958399433639201 39.001117047797777 37.570953125046515  90.958399433639315 37.674679531807428 39.975067681951913  90.958399433639244 36.532887161812809 42.47879438961634  90.958399433639272 35.63141045009035 45.081176271718803  90.958399433639215 34.882119814089528 47.724403232797187  90.958399433639244 34.278463979385698 50.409499392110298  90.958399433639187 33.894437924343137 53.128572408987139  90.958399433639144 33.635774935826248 55.862854254732397  90.958399433639229 33.556541096805447 58.612544077723605  90.958399433639087 33.76854373875674 61.354175343466146  90.95839943363913 33.822567634498405 64.096482018720764  90.958399433639215 33.936927794626492 66.838996709679236  90.958399433639187 33.951255762849883 69.576019035268146  90.958399433639173 33.95995279201167 72.325434464137615  90.958399433639173 33.955678873237716 75.07700173706769  90.958399433639144 33.928586658476036 77.812926674425455  90.958399433639102 33.885422176819624 80.554383868316336  90.958399433639187 33.81358761832535 83.30104216100716  90.958399433639229 33.714316596086405 86.040240003077059  90.958399433639315 33.620004728355475 88.781422406487565  90.958399433639016 33.520804676489618 91.517859461742532  90.958399433639187 33.385395644948446 94.238227892084723  90.958399433639258 33.233054937886209 96.9544827429892  90.958399433639045 33.036031964578598 99.642292103966668  90.958399433639272 32.824921082199367 102.35451670129211  90.958399433639087 32.616348146148496 105.01924113602041  90.958399433639187 32.394979448269922 107.72315077328267  90.958399433639158 32.142832831263512 110.41389192211494  90.958399433639187 31.868946441312609 113.09574338215396  90.95839943363913 31.598262786672031 115.78423818616878  90.958399433639215 31.268825346847684 118.47224906285197  90.958399433639258 30.967259851565913 121.15238544365715  90.958399433639187 30.671682496193334 123.81190399646147  90.958399433639215 30.215518689614221 126.49976252959064  90.958399433639102 30.159230703761686 129.20515616646389  90.958399433639229 29.092205533588604 131.60897237981575  90.958399433639201 29.171083390038206 135.09119143264599  90.958399433639244 32.30291959813205 136.40270843016583  90.958399433639187 35.151923356126183 136.74525525271639  90.958399433639229 37.637091947491065 137.80306029638803  90.958399433639386 40.217434212271229 138.72194183982162  90.958399433639272 42.640079771304201 139.79907369825364  90.958399433639073 45.252007457897797 141.30747298035658  90.958399433639286 46.785915963629364 143.40594349345474  90.958399433639173 49.644637804115021 143.30292412710017  90.9583994336393 53.542552770454478 147.59741332469366  90.95839943363913 48.109223290580147 149.96078552523016  90.958399433639343 46.233929759165498 145.26171275406776  90.958399433639173 44.16035807168462 144.00822073859098  90.958399433639244 41.826219922657799 142.42634410183206  90.958399433639087 39.27619396537159 141.30146655652749  90.958399433639173 36.673386198161758 140.51604895147653  90.958399433639158 34.364761416424223 139.43480081000843  90.958399433639258 31.324609828459288 138.6807237158512  90.958399433639158 28.922825943925556 139.46954358357979  90.958399433639329 27.32741150733893 131.93928453482934  90.958399433639173 25.775632720399262 136.83623368138075  90.958399433639244 26.333944757361404 140.0870096462433  90.958399433639158 25.616009473839252 142.61905670249092  90.958399433639244 25.319140248074667 145.29332787110246  90.958399433639258 24.96012813564402 148.01485612473144  90.958399433639187 24.529184275498707 150.70560101963977  90.958399433639215 24.151222290921449 153.38925550610446  90.958399433639258 23.67359528089947 156.04624255274709  90.958399433639073 23.286341862574957 158.75923114434778  90.958399433639215 22.608046564138977 161.38444393383301  90.958399433639201 21.534458179730898 163.95376082912733  90.958399433639158 19.95186454854786 166.21676335943098  90.958399433639002 18.003414765056238 168.0697034921896  90.958399433639698 15.585171390136953 169.81074712719033  90.958399433637112 13.540164749674972 170.46035899317138  90.958399433647287 9.7223970597900262 172.56465852177519  90.958399433608577 10.170532174747425 167.48365984060246  90.958399433753854 13.447250037649694 166.7620042680324  90.958399433211397 15.896342423514653 168.45782576623378  90.958399434556043 16.843805844202414 159.53659355282673  90.958399433639215 17.792338031056207 164.16622884683159  
100.36794420100236 15.564291467285678 160.85372805221496  99.130659333233694 15.494433138166652 158.67273900307541  100.94778257856285 18.947235071377236 160.29267481998434  100.20954108553025 20.742898821703321 157.09536138770983  100.4110965579175 22.233101330376591 155.09432556393918  100.35632828426115 22.251629131880769 152.19682289623361  100.37105495967917 22.520227968942638 149.56288790361955  100.36711235578883 22.781648649602246 146.93526974697306  100.36816704180777 23.222149648822786 144.3600937134799  100.3678843396164 23.50275648415154 141.75765744988527  100.3679602640286 23.960636497099323 139.18189610227819  100.36793989975472 24.226644786572617 136.5766404168171  100.36794534341612 24.610856265580992 133.99977766241477  100.36794389484758 25.039900423737542 131.40012180788858  100.36794428359798 25.285303214384971 128.78570319246219  100.36794417890779 25.644025941656903 126.20911575402198  100.36794420693742 25.905067183447986 123.58961527576176  100.36794419941194 26.217556570588037 121.00053632503244  100.367944201429 26.544630592517592 118.39764679222634  100.3679442008882 26.746458591024972 115.790471808361  100.36794420103337 27.113144725828466 113.19448083311816  100.36794420099419 27.217717924860654 110.57705302127336  100.36794420100492 27.547878047907062 107.97851502355968  100.36794420100226 27.680274788714371 105.36344037502387  100.36794420100232 27.952546638189858 102.75884967780499  100.36794420100236 28.090421460977929 100.14484868458014  100.36794420100252 28.359818596149367 97.539457878405173  100.36794420100244 28.480772444862005 94.925380902045731  100.36794420100222 28.635903434213361 92.309303513191082  100.36794420100274 28.770889761944851 89.717151084073038  100.36794420100219 28.920369916186722 87.066202824125739  100.3679442010025 29.026730159130615 84.469462470888743  100.36794420100247 29.009071729463322 81.849448463519437  100.36794420100252 29.133963952137584 79.23399043982289  100.36794420100242 29.162731609889285 76.616566351842096  100.36794420100226 29.208813550420054 73.999184816068691  100.36794420100249 29.203913676673935 71.381615051576972  100.36794420100237 29.181692527785565 68.764379624863921  100.36794420100246 29.175320369304067 66.146291495164022  100.36794420100259 29.095294031406162 63.529544002748167  100.36794420100239 29.030500601664247 60.91303412953264  100.36794420100252 28.927819633555835 58.297205278008732  100.36794420100243 28.778308182438796 55.68437017181121  100.36794420100243 28.648984266650054 53.069242334875831  100.36794420100209 28.509253411283296 50.454867568542909  100.3679442010028 28.272854339941727 47.848522166933279  100.36794420100253 28.193890571021456 45.227940949120978  100.3679442010026 27.973710064245349 42.622031952517318  100.36794420100242 27.817406231118213 39.997432397474725  100.36794420100244 27.662974604215382 37.357944811480827  100.36794420100208 27.615327220744575 34.695995031776505  100.36794420100252 27.25262303940557 32.09400664893068  100.36794420100244 27.595430964032751 29.275768753203671  100.36794420100249 27.042447888603981 26.631592731760982  100.36794420100235 26.20908263941126 24.027768283283123  100.36794420100232 25.16802781775155 21.486431015356295  100.36794420100264 23.977233884613199 19.064718452631691  100.3679442010026 21.944416030847858 17.272314648310342  100.36794420100264 20.399410759300352 15.105285735266673  100.36794420100239 17.906955471791878 13.241775097014795  100.3679442010025 16.250641017266126 10.40054707842209  100.36794420100209 11.803840425632776 10.141727787747824  100.36794420100289 12.548301579054151 7.8856837573279428  100.36794420100233 1.0408985527326209 13.524746578922631  100.36794420100273 1.788707169152552 8.1170161975501856  100.36794420100223 0.30053485825295922 7.258446021280891  100.36794420100284 -0.97687517165245197 -2.3356446710077208  100.36794420100232 2.6815886001155675 -0.25703770241006652  100.36794420100279 4.9320808510978509 -0.41257803485503075  100.36794420100219 7.7288554649519909 -0.25549026774023886  100.3679442010028 10.153133425748763 -0.011230691549354077  100.36794420100246 12.926508834636294 0.30949659732418411  100.3679442010021 15.469106653171579 0.60136032706075326  100.3679442010027 18.272401362438856 1.0223324046865869  100.3679442010019 21.007065949409593 1.8068335536844984  100.3679442010024 23.814491466891766 2.7070645593328493  100.36794420100222 26.497346608997731 3.6695576641279928  100.36794420100246 29.049098713640326 4.9761445478348207  100.36794420100246 31.778664996306482 6.3858071923030622  100.36794420100246 34.134180164508003 8.0277717028030651  100.36794420100203 36.266335154878028 9.8966614900524092  100.3679442010025 37.91067274411806 12.084266176251077  100.36794420100256 39.542660841000384 14.304370115022266  100.36794420100257 40.785091447757203 16.645019278085343  100.36794420100232 42.617414160660957 19.275058353804226  100.36794420100284 43.122043285843311 22.101408708105794  100.36794420100236 43.000776258107507 24.97732702311373  100.36794420100227 41.539464376242009 27.161132779646834  100.36794420100239 39.75311810162632 29.158941580509065  100.3679442010024 37.948039263076907 31.21492647107101  100.36794420100256 36.595232608698986 33.516356777027056  100.36794420100223 35.498375079771925 35.911100745744449  100.36794420100277 34.323550531898043 38.349280794991699  100.3679442010024 33.481836078763493 40.888436215500462  100.36794420100246 32.844104059553025 43.467381605461838  100.3679442010027 32.134541755869698 46.083792375595721  100.36794420100252 32.433339376166771 48.696167616307804  100.36794420100233 32.503997872730892 51.307500944977562  100.36794420100257 32.717061442289349 53.91172033289115  100.3679442010025 32.94104145731648 56.527673024475774  100.3679442010025 33.012293030773428 59.151313845991638  100.36794420100257 33.140236074747847 61.759355599964465  100.36794420100264 33.203491388782474 64.375814929392163  100.36794420100242 33.295455835635266 66.998038217817907  100.36794420100253 33.353977595418847 69.623514175806349  100.36794420100195 33.328659505905705 72.218159874516431  100.36794420100304 33.022482679149789 74.944027987992996  100.36794420100233 32.756425628719647 77.71946858152549  100.36794420100236 32.390478097822509 80.539325246681614  100.36794420100281 32.235286547724456 83.651157587475495  100.36794420100219 32.070854405283853 86.756841493706332  100.36794420100266 31.891832461909168 89.812111447161499  100.36794420100235 31.587905148289359 92.906929855053619  100.36794420100264 31.426210385207888 95.999473866064335  100.36794420100257 31.20187933545958 99.080003424623186  100.36794420100247 30.975875095907888 102.16948824619544  100.36794420100253 30.714871300670673 105.25911772017147  100.3679442010023 30.461874261283072 108.32570097758219  100.36794420100246 30.070118061997647 111.40577073482184  100.36794420100243 29.998063143833768 114.51851915804821  100.36794420100269 29.086949427562807 117.50981883689641  100.36794420100213 29.960315034144699 121.04898349915499  100.36794420100232 28.650835504791033 122.68779614198367  100.36794420100247 22.783629801164963 128.36919858181062  100.36794420100243 23.347248976724018 133.97634724155625  100.36794420100222 26.283413295707305 133.86954825893037  100.36794420100215 28.890530343756964 134.7937339895314  100.36794420100249 31.710501637257806 135.43086268447547  100.36794420100273 34.841135891240469 133.64578592531942  100.36794420100244 38.389251308389198 134.20287567384628  100.3679442010025 39.296586675899619 138.92978292649161  100.36794420100235 38.184117314860117 136.07504511141508  100.36794420100247 55.546661533210859 135.24029839459524  100.36794420100225 55.981156795265235 153.08318371191501  100.36794420100263 52.033545337095951 149.53603957107038  100.36794420100242 50.869470951889895 147.45402147051755  100.36794420100266 49.124371079047805 144.99014916604045  100.36794420100247 47.193698641333647 142.73256772502305  100.36794420100244 44.035678627682813 141.65374401627724  100.36794420100222 42.034278353264256 140.20626358405639  100.36794420100256 39.284454171447493 135.88217411458015  100.36794420100209 34.614042017798653 147.0264390382433  100.36794420100259 31.349108777638278 131.49051078268155  100.36794420100242 25.453638798795993 127.88358038800285  100.36794420100233 26.621041261348296 132.51291675918617  100.36794420100259 25.987968603150222 134.8943759880213  100.3679442010022 25.607515264113019 138.07424754561788  100.36794420100264 25.549824047423158 140.91070318456087  100.36794420100223 25.267677710434576 143.56216412860076  100.36794420100253 25.278680373453987 146.49963108215368  100.36794420100264 25.037095234576441 149.3706588444584  100.36794420100252 25.114183488863759 152.51310477235546  100.3679442010024 24.726155893321149 155.14001417464939  100.36794420100281 23.950756263723804 157.69717276737157  100.36794420100162 22.522620743489892 160.11105462245663  100.36794420100613 20.752122040651869 161.76155247809703  100.36794420098981 17.802180298646071 163.80180015099037  100.36794420105026 17.413001753328736 164.59634463722284  100.36794420082309 9.542432425046492 168.80841774412028  100.36794420167674 8.4912276920253404 162.60213340198754  100.36794419848778 14.72108992788656 157.26168647131536  100.36794420639143 10.092003721746721 171.50616585150786  100.36794420100236 15.564291467285678 160.85372805221496  
97.28687012351601 18.842107483315317 166.07411457596959  96.087567166833338 18.560453916898673 163.98308594445035  97.848908744306812 11.818611828316316 170.98523429316103  97.133329633623347 4.477264600163589 171.1163723857953  97.328697798439123 7.1723137855423058 165.29594452669264  97.275610789747603 13.323146298386025 167.07921393903183  97.289885388775929 17.60823304323279 165.059932156152  97.286063814111884 20.716642988540578 161.90964589218066  97.287086123600687 21.87927260373068 157.81352577686386  97.286812099741923 22.029796655051694 153.67965611553953  97.286885693442386 22.356603603448363 149.67568264188199  97.286865954307146 22.942705693790035 145.71284114785706  97.286871230859504 23.506967676590957 141.76406675539022  97.286869826759443 24.037358403413243 137.76436812342791  97.286870203576058 24.588277114577092 133.7935507627023  97.286870102099812 25.168380108265985 129.85000757902156  97.286870129267982 25.69567876585014 125.85668622525246  97.286870121974431 26.309626148369084 121.91151243358502  97.286870123929617 26.632766503801832 117.90427130497082  97.286870123404867 27.129392041202607 113.93250925807044  97.286870123545512 27.426922405690753 109.93066836859694  97.286870123507896 27.850071552811777 105.94727711123917  97.286870123517787 28.148288352491029 101.94981103809528  97.286870123515058 28.498499951867082 97.956907662796254  97.286870123516422 28.714795474263891 93.953838297130176  97.28687012351601 28.989139494017515 89.955147172746123  97.286870123516024 29.199075609659065 85.952436797790853  97.286870123515911 29.385280890004772 81.949098511251194  97.286870123515726 29.558392959109117 77.940383087109865  97.286870123515712 29.587075813853851 73.962220026893576  97.286870123515499 29.710706005304456 69.898721382447036  97.286870123516053 29.685633779236955 65.918380130325815  97.286870123515655 29.679333971048727 61.905852447040211  97.286870123515925 29.537969504687922 57.895129596544066  97.286870123515911 29.418123395662455 53.88627556535981  97.286870123515939 29.269425655122337 49.878865104210547  97.286870123515797 29.03269042973935 45.872235957060731  97.286870123515797 28.772682432492417 41.869578925395253  97.286870123515939 28.415259054004533 37.870858978339669  97.286870123515598 28.082308353888649 33.870712600491153  97.286870123515953 27.621449520206554 29.880475874143322  97.286870123515925 27.191637611130965 25.890990792784095  97.286870123515925 26.822178809392842 21.895906488515703  97.286870123515996 26.341274340559885 17.90951613034353  97.286870123515968 25.788211612441625 13.932855186893281  97.28687012351574 25.314169035206234 9.9476813252235914  97.286870123515911 24.606732020943383 5.9917341680165848  97.286870123515484 23.523760808720478 2.0815258844738551  97.286870123515953 21.085765241595698 -1.4203460229854059  97.286870123515826 18.122601378079686 -4.6556002755508921  97.286870123516081 14.491371233002948 -7.3899986442581245  97.286870123515712 10.67310859672352 -9.919604513909853  97.286870123515726 5.8580122346825174 -11.852751950363741  97.28687012351628 1.0794694822025601 -13.235312635606746  97.286870123515769 -4.7142254125094087 -12.634009974799747  97.286870123516096 -10.001288951177882 -11.386808836881457  97.286870123515683 -17.100102059732215 -9.9110947843379407  97.286870123515669 -14.579299275632788 -15.151582804960215  97.286870123515854 -13.589841699339711 -20.215769618538033  97.286870123515683 -4.6169093192773403 -17.514999935380562  97.28687012351611 2.3285407503302356 -13.548564742975682  97.286870123515769 11.352075944152979 -11.341176973546212  97.286870123515797 17.365556666655827 -7.4918909542620682  97.286870123515854 30.393340540136009 -8.0265287430754135  97.286870123515811 36.121269470152953 -1.4606700948034836  97.286870123516024 43.040688144494126 2.8062863371777329  97.286870123515428 49.714375639350123 12.849050789915275  97.286870123515996 53.541166922972359 15.99194748619627  97.286870123515655 57.949779675272147 20.7978468775236  97.286870123515783 60.861355602084103 24.684647418896759  97.286870123515769 68.811276665796171 28.005747923770368  97.286870123515584 68.409539821072002 34.361001692000031  97.286870123516081 72.708706074868957 44.648443907128552  97.286870123515811 70.634179470727162 53.121893446516012  97.286870123516366 67.334018247018776 58.232009093306942  97.286870123515968 61.752734405356158 63.397387088296412  97.286870123515854 58.490380408119016 69.181700877409455  97.286870123515797 54.19695449734342 74.376936662983255  97.286870123515797 46.142588053904092 77.506106718545482  97.286870123515712 41.9315214067786 82.679211540797652  97.286870123516096 38.483797371528588 87.610569341472853  97.286870123515683 35.776950400664873 92.522280111650389  97.286870123515911 33.52915054157765 97.443933265603334  97.286870123515797 32.149569853544747 102.26646119326975  97.286870123515939 30.362659080959041 106.93214146234477  97.286870123515826 29.399442325741788 111.27644841778626  97.286870123515911 28.531772024291961 115.68594242189059  97.286870123515882 28.550515618537474 120.29263630871363  97.286870123515911 28.707925658306941 124.93938680325671  97.28687012351574 28.731841429767634 129.48315964726487  97.286870123515882 28.755283482178708 133.81050980737135  97.286870123515968 27.170171462038869 137.89844860110716  97.286870123516152 28.295884840119896 142.0143685181618  97.286870123515541 31.144168550976062 146.0801225289772  97.286870123516223 32.150484920435211 149.82591903975026  97.286870123515598 31.605851131922005 153.93134741039157  97.286870123515797 30.525844130445481 158.0126598412443  97.286870123516039 29.383072335773807 162.17097801687422  97.286870123515769 28.266278649845319 166.26041973620033  97.286870123515811 26.864037028924969 170.40058490233827  97.286870123515826 25.729160001885447 174.4622282766104  97.286870123516096 24.361131700669624 178.50562298640975  97.286870123515371 23.245119368421083 182.49019275550347  97.286870123515882 22.273689076456741 186.50773488319149  97.286870123515882 21.071422318652427 190.29409414060089  97.286870123516223 20.603706683862793 194.85413302570259  97.2868701235153 26.673564868296587 196.01608583615646  97.28687012351601 32.438233810894914 195.60046723675683  97.286870123515854 39.961049075275412 193.98963307080194  97.286870123515598 41.953782352175551 184.44041814852795  97.286870123515882 42.781046004253945 175.61461640961767  97.286870123515541 43.865550900490781 166.82488864245889  97.286870123515939 44.654081318640223 157.81636127087995  97.286870123515882 45.783828770024876 148.91598371283871  97.286870123515769 46.534777552209846 139.97572433516697  97.286870123515683 47.429488231045454 131.01909668033215  97.286870123515854 48.206695358290872 122.04101192754743  97.286870123516081 48.885879787956085 113.09009860088536  97.286870123515641 49.912682521090694 104.18217355183606  97.286870123516024 50.18362307335012 95.113485028888846  97.28687012351557 51.632390511983701 86.255038971986508  97.286870123516394 51.552603305083359 77.001367108118842  97.286870123515797 52.831423336565997 68.907476048777795  97.286870123515882 56.518822651696368 58.150228372346469  97.286870123515996 58.704467670713612 49.252247833040592  97.286870123515726 57.426496400903261 57.68693313385581  97.286870123516124 56.490021797668845 61.853570590160793  97.286870123515712 55.093750232154491 67.164945876841216  97.286870123515783 53.630605533613377 73.587648879692296  97.286870123515726 51.801891206644896 78.764030445940648  97.286870123515982 51.305654797887144 81.545101301556684  97.286870123515868 51.974602813868543 88.59879847069746  97.286870123515683 42.346884599301511 94.724998661522605  97.28687012351611 44.078914389506934 89.553525893349928  97.286870123515797 50.122105854159287 95.409555516995624  97.28687012351601 44.423396885069053 103.81326661950227  97.286870123515797 38.109374842983527 106.30243596706531  97.286870123515598 39.63276170192767 106.59493842245305  97.286870123515754 43.017517393184662 114.54948259797455  97.286870123516138 48.294777888277949 120.26062841518123  97.286870123515598 46.701236253897733 131.29236890942781  97.286870123516024 53.332411578930859 132.24345448034387  97.286870123515854 61.052941508470013 145.14766845196766  97.286870123515854 67.112758304066929 159.46386710219909  97.286870123515627 60.729245518851997 150.56839215002822  97.286870123515826 57.773817630054559 147.10616542626209  97.286870123515797 57.025166030582753 139.00899262930218  97.286870123515826 53.24269233686136 136.27626097100051  97.286870123516223 47.511064303548956 137.66511404821654  97.286870123515854 42.094023910433073 132.43384334417391  97.286870123515655 36.082789798503292 129.010502422466  97.286870123516024 30.001139831226858 119.77496559742119  97.286870123516024 28.494744051612713 124.4143313566465  97.286870123515854 28.261287823983206 128.15010570680258  97.286870123515598 28.214146149839053 132.24802190206145  97.286870123515925 28.537458807659966 136.76583752360207  97.286870123515385 29.519301629824934 141.07190907324735  97.286870123517389 28.86472292350588 146.00248180756608  97.2868701235098 32.331806415943007 149.07854799369321  97.28687012353852 30.751370549029652 157.60461156628048  97.286870123431157 23.645086556858679 164.83505835372364  97.286870123698009 23.689963320241091 159.14868155853461  97.28687012351601 18.842107483315317 166.07411457596959  
96.212183822077407 18.328006554042894 164.95279011542232  95.02612905045055 18.034019497315079 162.90257752227694  96.768013843435767 16.198507515735734 167.00452085611141  96.060339428081988 14.339265733420433 169.48424683409962  96.253549444627879 9.0099262194163572 167.1610231953448  96.201048865336759 11.298848216601435 164.08246008227081  96.215165778996152 13.584358299586327 163.79839100508514  96.211386419628639 16.071708837216008 162.91235252924355  96.212397436102776 18.310024333089828 161.51333308916378  96.212126439267934 20.000394288974533 159.51691992048814  96.21219922000995 21.101226557115709 157.19037644447269  96.212179698923933 21.437770061893701 154.71723756673407  96.21218491718929 21.727095433489993 152.25660463716923  96.212183528599269 22.142807027796394 149.78344370573978  96.212183901253184 22.400506956188266 147.30298347482278  96.212183800897833 22.88349853206131 144.86988051475578  96.212183827766921 23.303759377127776 142.4016386475522  96.212183820553321 23.313810396692048 139.89855918953026  96.212183822485372 23.991814297672335 137.47161501900888  96.212183821968665 24.262113416188583 134.99907778450279  96.212183822107136 24.698368435857617 132.54191863486295  96.212183822069676 24.992407326003388 130.07023474303378  96.212183822080021 25.289940317641197 127.59822254082525  96.212183822077122 25.622125243144822 125.12916899631927  96.21218382207735 25.932448773721532 122.65794135067637  96.212183822077407 26.222849697775573 120.18453567844642  96.212183822077122 26.430587133246348 117.70284107730185  96.212183822077748 26.758117684540181 115.23256430865854  96.212183822078259 26.90688948890913 112.74418482788479  96.212183822077918 27.246312204646827 110.29341982607923  96.212183822079055 27.414160633801927 107.77273456196247  96.212183822077293 27.573923098350235 105.30598211252823  96.212183822078202 27.868699046038444 102.82743313094397  96.212183822077236 28.09160758087549 100.34525159544552  96.212183822077748 28.297581673329319 97.861720729440776  96.212183822077691 28.397305112267432 95.373241860651035  96.212183822078089 28.605497953526793 92.888648564514028  96.212183822077691 28.677493652430798 90.399256732977221  96.212183822077577 28.797386636020036 87.910146467331145  96.212183822078202 28.904657146057787 85.420520704724794  96.212183822078032 29.014294613863711 82.93016194990787  96.212183822077407 29.037354375256911 80.439751648489221  96.212183822077634 29.133541649341353 77.948709172049547  96.21218382207752 29.178955120440008 75.456069258782492  96.212183822077577 29.168412583784217 72.965098413028642  96.212183822077861 29.258891747631026 70.469069079740308  96.21218382207752 29.164556843945832 67.979804770313052  96.212183822078714 29.142629574002797 65.488627349508675  96.212183822077407 29.165266013006288 62.980751739498174  96.212183822077975 29.238089749645468 60.453524508005557  96.212183822077805 28.948033810191802 57.947424624721833  96.212183822078089 28.89705483899256 55.421715875388685  96.212183822078032 29.006510879370097 52.846701480153527  96.212183822076838 28.964069360335387 50.300117228841742  96.212183822077691 29.014550291674922 47.64400475147626  96.212183822077634 29.13146839236525 44.971760794200378  96.212183822077805 29.202911658773317 42.306604614198577  96.212183822078032 29.13825975446926 39.858863726158191  96.212183822077293 30.4218701375558 36.971516343462184  96.212183822078373 29.926146840125767 34.129216545675064  96.212183822076895 29.561691099670867 31.078200185795268  96.212183822078543 28.664730402078149 28.281758277533861  96.212183822077179 27.673552714003037 25.39186524571209  96.212183822078089 25.847432309956844 23.256003367357984  96.212183822077407 24.96723230744422 19.840293316603159  96.212183822077975 23.602624126557977 16.962859665608505  96.212183822077918 22.132586719184722 12.443842860714522  96.212183822078089 19.810207220615798 10.816406302946785  96.21218382207752 16.570966299955632 9.5645353141127316  96.212183822078259 15.638186825942958 12.178030799422817  96.21218382207735 -2.2030637276164988 17.707138492654344  96.212183822078657 2.1548760485245015 15.549374857777339  96.212183822077179 -9.4047559004368946 2.505095392225642  96.212183822077634 -5.4331288132455882 -4.6277702487437908  96.212183822077179 -3.1072690901332081 -2.3902252073331809  96.212183822077577 -0.27100356862754182 -2.4839682839412918  96.212183822078089 2.4908484164584479 -2.5778887077432495  96.212183822077805 5.2644816957573681 -2.4617052376630006  96.212183822077805 8.3218030011984183 -2.7264954114170941  96.212183822077918 11.131133864658679 -2.5207714194949595  96.212183822077634 13.862851089397793 -2.1370441093246342  96.212183822078146 16.576206289795508 -1.6401155109163525  96.21218382207735 19.392945742274534 -1.2795447707690428  96.212183822078202 22.211302778841926 -0.8252621506432547  96.212183822077179 25.079754767274537 -0.14362306933399793  96.21218382207752 27.622832608256971 0.90405941722016792  96.212183822077918 30.655823297208812 1.7741867795684882  96.212183822077861 33.158737723373321 3.2068222820367396  96.21218382207752 35.555635397192219 4.8198367651896774  96.212183822077975 38.23505615910446 6.6476750430898051  96.212183822077463 39.926112864391683 8.6992812604526648  96.212183822077748 45.840381554143022 11.318872077966603  96.212183822077009 43.63656261599661 13.762398147460601  96.212183822078202 35.554780388069332 16.172725643088825  96.212183822077179 32.51786707973298 19.471056945074224  96.212183822077861 34.14751545069376 21.640079165776228  96.212183822077805 35.275562416761289 23.851348275476624  96.212183822077407 37.089522451076249 25.851534594606619  96.212183822077918 38.513234775846456 28.009109141572054  96.212183822077634 40.468164864077067 30.057559908314602  96.212183822078146 41.816449654300158 32.332246231910062  96.212183822076611 43.530554164193319 34.565407592732697  96.212183822078714 44.610041656370356 36.960468597913234  96.212183822077805 45.106050364874278 39.419285759830473  96.21218382207752 45.593761388473439 41.888226502288774  96.212183822077463 45.940677057988097 44.339274189784078  96.212183822078259 45.914429986514079 46.921169290964656  96.212183822077634 45.944414727980984 49.540511805872427  96.212183822077691 45.819409157744133 52.206166187806815  96.212183822078089 46.068690893150119 55.12496069831073  96.212183822077975 46.245868759114529 58.043676835004817  96.212183822078202 46.451648402287191 60.918417374352259  96.212183822077805 46.620330586458067 63.839716663784998  96.212183822077179 46.822066006744421 66.750067949064601  96.212183822077918 46.843715020526645 69.654690704652069  96.212183822077805 46.964169089531481 72.569800194224399  96.212183822077975 47.169960536170919 75.489285673458767  96.212183822077179 47.233365502207363 78.393010194048088  96.212183822078259 47.326297189940249 81.295497614776252  96.21218382207735 47.437870110737066 84.230630605938927  96.212183822077918 47.424197386286608 87.135622636900621  96.212183822077122 47.413999926034307 90.050328230419836  96.212183822077805 47.437544259327865 92.956551037451675  96.212183822077861 47.400778119565103 95.90275901806649  96.21218382207752 47.317919120483879 98.867629288200476  96.212183822078259 47.286339933592075 101.17038119564546  96.212183822077634 47.42032073270687 103.68460890703449  96.212183822078487 47.428794397263175 106.13739689489887  96.212183822077236 47.364557390541563 108.56321178330603  96.212183822078259 47.29669722803348 111.03351735554799  96.212183822077634 47.233196238462455 113.537312081599  96.212183822078032 47.132837039908679 116.02624050634392  96.212183822077805 46.640732918452613 118.11772379372132  96.212183822077691 40.359185790979211 122.48996060031379  96.21218382207752 28.374303457432546 129.6818443268869  96.212183822077407 46.287872565971639 126.89048062141421  96.212183822077691 66.868817568982223 142.4064016565776  96.212183822078373 64.473236234242108 163.5581435698582  96.212183822077634 58.116539746982824 160.50387923783632  96.212183822077918 44.850983856362831 164.77102478636186  96.212183822077805 50.940546532764046 157.58806277047279  96.212183822077975 45.247748879591967 155.45682812157554  96.212183822077691 46.944227522379151 149.62759110959246  96.212183822077691 41.202321879616051 138.14839619468  96.212183822078316 37.76572815003729 143.16632972821299  96.212183822077577 33.32853408873423 140.02994223870962  96.212183822078487 31.441024485124473 136.37219736908247  96.21218382207735 29.038159883567388 137.08307106973029  96.21218382207735 26.904548994827991 134.29747465312516  96.212183822077691 25.526800337140301 136.31617512030698  96.212183822077918 25.99573249625719 139.4298431272166  96.212183822077122 26.072764291770881 142.3063705417934  96.212183822077805 25.584785634798337 144.7515307822195  96.212183822076497 25.079046549963792 147.18874961543474  96.212183822082068 25.015785205465718 149.6805551621585  96.212183822062968 24.511513843425135 152.12597134321578  96.212183822133511 24.055997112046711 154.5460939817072  96.212183821868791 23.916234139242789 157.08300689841616  96.212183822861732 22.629505968044057 159.30137504643267  96.212183819134964 21.682323393768058 161.56035285164808  96.212183833053302 20.67134444018528 163.64052583634793  96.212183798554292 18.243172435948587 164.33251484162383  96.212183822077407 18.328006554042894 164.95279011542232  
101.2983469989662 17.245926621759608 162.88757168814908  100.04959259964507 17.031594071103008 160.80884036517273  101.88356043181074 14.585808735342537 165.0375942967971  101.13847549930986 11.755810902601436 164.34963819391277  101.34189937477117 11.90893773676963 160.80074416052247  101.28662340360762 14.984873265272135 160.39990592448584  101.30148659412646 17.308961082054836 159.22164527300538  101.29750744261399 19.555738305580711 157.68286061208278  101.29857190548771 21.129524108557277 155.46678024947587  101.29828658266973 22.193176741752985 152.97690651748724  101.298363210895 22.571953334334765 150.31048512622817  101.29834265784649 22.957826965154837 147.66030103377398  101.29834815196945 23.351040454826546 145.01864286885547  101.29834668997351 23.706289018562071 142.34214327105019  101.29834708232728 24.103749203104957 139.6867922431563  101.29834697666698 24.429818893219846 137.03924840601871  101.29834700495557 24.773282071485713 134.36509789607686  101.29834699736115 25.214302022480766 131.72853737094405  101.2983469993968 25.508041009752802 129.05622856176177  101.29834699885068 25.854676631040313 126.39988777516642  101.29834699899706 26.162428930142475 123.73335776998969  101.29834699895784 26.470382278664228 121.07021701806273  101.29834699896828 26.782638802238051 118.4058947274731  101.29834699896556 27.034318532036647 115.7354266586527  101.29834699896639 27.307947231533294 113.06727033118239  101.2983469989662 27.557676428651334 110.3966389497612  101.29834699896625 27.799217313237541 107.72515758785835  101.29834699896605 28.016507426273751 105.05260791264175  101.29834699896597 28.248713806988654 102.37714249931389  101.29834699896611 28.415730409651911 99.722373310824736  101.2983469989657 28.609734590200844 97.008743398187818  101.29834699896628 28.812258607338737 94.353761035879472  101.29834699896594 28.9352207086447 91.672664195644032  101.29834699896627 29.066585375517224 88.994046520245831  101.29834699896612 29.182894046866473 86.314584933286923  101.2983469989661 29.282549702459541 83.634228424196777  101.29834699896603 29.365385418307607 80.953462078538465  101.29834699896607 29.442701131880177 78.272396626716301  101.29834699896617 29.492545384803126 75.591085935449655  101.29834699896594 29.512093909934354 72.90821631459076  101.29834699896605 29.508608523563129 70.226474371588239  101.29834699896617 29.497687755582703 67.544497588478407  101.29834699896615 29.454888098344924 64.862766505695575  101.29834699896611 29.385945165981529 62.18097268759675  101.29834699896612 29.305949957361605 59.499895714494372  101.2983469989661 29.166374297348611 56.821585639650351  101.29834699896614 29.03589791248487 54.142295228292518  101.29834699896595 28.885684772773711 51.466693680494721  101.29834699896612 28.678933372791516 48.793576894797276  101.29834699896611 28.453384931938096 46.113599254857967  101.2983469989661 28.316493824373598 43.440566911474903  101.29834699896595 28.123900850329395 40.772700596016321  101.29834699896607 27.888265310780746 38.09009007315219  101.2983469989663 27.666025389287771 35.440433395107299  101.29834699896617 27.372183224837173 32.76394748266064  101.29834699896605 27.069333739164506 30.097009076259166  101.2983469989661 26.701189146355393 27.458871841625317  101.29834699896605 26.242446023695269 24.786081682191455  101.29834699896627 25.189804196058223 22.315555746766446  101.29834699896588 24.058988548065209 19.887491215877219  101.29834699896632 22.580811077571127 17.630764121461645  101.29834699896591 20.965408746059538 15.51916968450753  101.29834699896624 19.158501823372475 13.54829918973466  101.29834699896601 17.291914531335486 11.608911856643255  101.29834699896617 15.053921431135441 10.121727481518917  101.29834699896612 12.656189082186888 8.8421245757461371  101.29834699896588 10.011637348931497 8.3917749655654639  101.29834699896608 7.3439053637069565 7.9085801770667645  101.29834699896611 4.8587139720119188 7.6939460905373025  101.298346998966 1.7440299891306872 6.2582703404437829  101.29834699896614 3.6932763137162801 3.1670540762098094  101.29834699896591 3.4296423197008505 -0.14985037227298734  101.29834699896624 7.2049276028584996 0.26797330421882348  101.29834699896605 9.6080679084825018 1.2217183232595459  101.29834699896637 12.292808135011084 1.5948526943235561  101.2983469989661 14.914357069201081 2.1032834692240505  101.2983469989661 17.504174545097534 2.7615506008039383  101.298346998966 20.0785792106476 3.4957480108229775  101.29834699896607 22.565662338932938 4.4732172107952461  101.29834699896605 25.025971277692534 5.5328715174627163  101.29834699896601 27.407008061383674 6.7356145690904974  101.29834699896608 29.756469002004355 8.0594631610826859  101.29834699896614 31.929382964235295 9.6213774330578445  101.29834699896604 33.976347552008562 11.343260759352091  101.29834699896618 35.853296497785898 13.296547438347424  101.29834699896622 37.561722514475747 15.356349873831947  101.29834699896607 38.924385244164625 17.680400722601327  101.29834699896611 40.08026426118424 20.107536265261121  101.29834699896607 40.933880089348165 22.669803548527227  101.29834699896614 41.375414573350135 25.313957670897363  101.2983469989661 41.701620781250213 28.032852981499982  101.29834699896614 40.199016753918606 30.647324258615594  101.29834699896638 40.687788245256812 33.369166497096529  101.29834699896594 41.990065729316164 35.856388690989419  101.29834699896625 43.061244086033042 38.338172586755675  101.298346998966 44.018060226800714 40.84071015854159  101.29834699896611 44.952380332515943 43.356841715267173  101.29834699896612 45.763319109080122 45.916280899489152  101.29834699896614 46.478531990047941 48.496407802569003  101.29834699896607 47.014244679314118 51.134894152603863  101.2983469989661 47.431243695675789 53.795643259730149  101.29834699896641 47.641745490431632 56.467160494023936  101.29834699896581 47.809382211048856 59.142959219315735  101.29834699896603 47.998302945471309 61.822665548460648  101.29834699896621 48.144204828841985 64.499105840115305  101.29834699896611 48.2696266918947 67.176691396133009  101.29834699896598 48.419241435570846 69.85689414947602  101.29834699896608 48.524584321314386 72.528447919076669  101.29834699896612 48.649430623689526 75.199208498461843  101.29834699896601 48.70236681212576 77.863389452795928  101.29834699896601 48.769183702025188 80.55021601969824  101.29834699896598 48.809361049149828 83.190868700541046  101.29834699896603 48.83035057788765 85.87155424876218  101.29834699896627 48.830727744443628 88.541684074959164  101.29834699896614 48.852451492456126 91.205021591750494  101.29834699896598 48.823329918066968 93.874679781176553  101.29834699896615 48.793260838742142 96.549054483420079  101.29834699896618 48.734314039092673 99.208059910209883  101.298346998966 48.667347036299134 101.8646330079642  101.29834699896617 48.568159736486514 104.54538838097514  101.2983469989661 48.480761041615253 107.20386574325421  101.29834699896625 48.367739992262194 109.86070662462843  101.29834699896604 48.239358690453344 112.54484590841258  101.29834699896614 48.093609368939404 115.17451576801066  101.29834699896611 47.939703000191635 117.89152476036647  101.29834699896597 47.807085003954157 120.5281756551948  101.29834699896617 47.574974693837063 123.22204424879259  101.298346998966 47.389526920697811 125.88572033249892  101.29834699896618 47.172376048421796 128.56489754966174  101.29834699896597 46.943914892524951 131.23368032106686  101.2983469989662 46.718241478274336 133.8924146929962  101.29834699896604 46.442158676312445 136.53179445904721  101.29834699896605 46.422702726340617 139.36258104515136  101.29834699896617 48.099001456870447 141.41926223686914  101.29834699896615 52.251756807941177 142.61746944783241  101.29834699896622 48.535812140984262 146.26504216808871  101.29834699896607 45.688629060563727 142.74607896258181  101.29834699896597 43.873496461793721 140.30085982094306  101.29834699896603 42.908762630292927 137.72266439878706  101.29834699896614 44.616644008362428 134.24643027745429  101.29834699896603 41.167602839059796 133.04946018396225  101.29834699896605 42.673601282968903 130.48489495180678  101.29834699896614 41.455206112909977 127.94474724604302  101.29834699896603 40.748580340960601 132.15435295749452  101.29834699896601 40.480733586134434 134.47208220273478  101.29834699896605 38.377841424211979 136.60849761230537  101.29834699896595 35.491793876970448 137.20968757191042  101.29834699896621 32.913852757474345 135.85741754000861  101.29834699896628 30.579082124760308 135.42977646727778  101.29834699896608 27.492065062041867 133.01802331925143  101.29834699896607 27.535692085680314 136.90502003579275  101.29834699896627 26.911719215492219 139.20233735317819  101.29834699896605 26.512101613240461 141.9650023780269  101.29834699896661 26.247415057197983 144.58674332425963  101.29834699896422 25.806861487203964 147.2327883440953  101.29834699897272 25.473798850680417 149.90497567218318  101.29834699894143 25.072934200977034 152.56548494751956  101.29834699905889 24.307052860542367 155.13281018607992  101.29834699861775 23.265245612041351 157.62891866076677  101.29834700027376 21.563077646932637 159.71782860482693  101.29834699408914 19.455687332058396 161.44502349373352  101.29834700941826 18.263795677083166 162.61003283187569  101.2983469989662 17.245926621759608 162.88757168814908  
104.0358302336638 17.054025803621304 161.40423126975696  102.75332953606994 16.864415165689472 159.32947125667829  104.63685845528431 14.350213581409566 163.90066094470222  103.87163837180057 11.687651216296409 161.16520150273391  104.08055956745645 13.571923735622857 158.77810775186509  104.02378982024536 16.25601760642791 158.3327007604932  104.03905467314169 18.647165300402182 157.07289379570199  104.03496798916845 20.675426364114735 155.3086026648125  104.03606121805215 22.128586434775137 153.02213407166767  104.03576818467951 22.908940277263554 150.44677793940309  104.03584688370351 23.276152325468807 147.80173557369994  104.03582577522957 23.669490444065353 145.15994987272464  104.03583141782615 24.009839962442925 142.52259761180036  104.03582991632089 24.404385236340254 139.86234427299399  104.03583031927772 24.727609287101846 137.20763359610777  104.03583021076201 25.12904249074742 134.58122422123844  104.03583023981528 25.46924762300717 131.91763785296732  104.03583023201543 25.815386893859376 129.27865765846093  104.03583023410565 26.143420904739706 126.62169115607303  104.03583023354561 26.450239079422712 123.97133440625758  104.03583023369569 26.766732243806871 121.31666185838792  104.03583023365533 27.052121494213271 118.66173508752247  104.03583023366608 27.335629524235664 116.00515420660288  104.0358302336634 27.580011271968424 113.34489575563637  104.03583023366389 27.837925560364681 110.68581310447914  104.03583023366383 28.064697907648707 108.02410284163361  104.03583023366376 28.305406691406809 105.36326193599955  104.03583023366389 28.522236675596481 102.7014748424925  104.03583023366397 28.707441318191012 100.0331976023691  104.03583023366392 28.918739131745475 97.392497804957657  104.03583023366406 29.093182609557747 94.688093450163976  104.03583023366376 29.237542694676673 92.039974319323875  104.035830233664 29.389333674933024 89.37127989906223  104.03583023366375 29.499534687275588 86.702164502338263  104.03583023366394 29.627962125608043 84.033767045262834  104.03583023366382 29.698144551406784 81.363014902392848  104.03583023366392 29.789030465288601 78.692979084974084  104.03583023366377 29.842660484873488 76.021990245541502  104.03583023366383 29.865454641128295 73.350568700988646  104.03583023366397 29.893413271945228 70.678556583776924  104.03583023366389 29.881717054806789 68.007268009409003  104.03583023366389 29.844970519862173 65.336066263323346  104.0358302336639 29.794087083650869 62.665172957758244  104.03583023366392 29.716078496174116 59.994134989113434  104.03583023366366 29.60028862594632 57.325148603340779  104.03583023366414 29.49267926024682 54.655764654236641  104.03583023366372 29.294654435984533 51.990995309734465  104.03583023366403 29.110191224193244 49.328233473396239  104.03583023366375 28.948451496144884 46.662344863200602  104.035830233664 28.76623647984319 43.989207566818507  104.03583023366382 28.605266764972118 41.326673172886146  104.03583023366403 28.404535342318237 38.668702693785825  104.03583023366386 28.188741131481351 35.992425489494437  104.0358302336639 27.908355512640362 33.356195606823064  104.03583023366372 27.636587743717854 30.680856466096689  104.03583023366397 27.253197109942029 28.030502600602464  104.03583023366382 26.836900419165136 25.39602765167162  104.03583023366389 25.993105397719297 22.837623120804746  104.0358302336639 24.931806032925401 20.401284701734568  104.03583023366387 23.553276176211433 18.104947701813845  104.03583023366377 21.988267928439772 15.910152752415428  104.035830233664 20.240007722217953 13.907225397948814  104.03583023366377 18.349085258164074 11.98882508194581  104.03583023366399 16.136954617315709 10.485997264124492  104.03583023366389 13.804216423418566 9.1487695590295459  104.03583023366386 11.228062916058642 8.3989021651199103  104.03583023366397 8.5676098026289154 7.8948215237264545  104.03583023366392 6.0670937599575883 7.2407647265168782  104.03583023366392 2.9395591644392063 7.3446438557305012  104.03583023366396 2.1994171474454336 4.5647508859021251  104.03583023366383 2.5378057749360776 1.9454777980207771  104.03583023366397 4.4627694019212729 -0.24760431639436634  104.03583023366377 7.2343777010179835 0.7727585976532827  104.03583023366389 9.8083412811598869 1.042747492803429  104.0358302336638 12.454106955888252 1.5446832151476864  104.03583023366386 15.079655372369633 2.0507839067632556  104.03583023366394 17.675484451482802 2.6729476266071992  104.03583023366396 20.230856876248048 3.4667581351631367  104.03583023366386 22.7519405132138 4.3549831065586089  104.03583023366397 25.200918560017151 5.4354584793482479  104.03583023366386 27.598826293701503 6.5937689760075617  104.03583023366396 29.920446124846368 7.9549289458091517  104.03583023366389 32.125369897421507 9.4533399979176203  104.0358302336639 34.136122070055734 11.203337423956603  104.0358302336639 36.04183426724822 13.116183034695739  104.0358302336638 37.694638469267304 15.204276198794163  104.03583023366403 39.058099448843677 17.505462217454301  104.03583023366376 40.157990761690044 19.948741256655488  104.03583023366403 40.878082774522404 22.515324327276357  104.03583023366376 41.435677891459655 25.154325321850955  104.03583023366402 41.117070628413323 27.822716674055631  104.0358302336638 41.596139429255025 30.506588794779756  104.0358302336639 42.574100158847266 33.011868320146206  104.03583023366383 43.261143390033048 35.571542409280084  104.0358302336638 44.129147437965749 38.098761210311935  104.03583023366389 44.958642877940477 40.639460243896764  104.03583023366383 45.734404352668861 43.196384228329649  104.03583023366386 46.471535707074182 45.765318177654549  104.03583023366392 47.072070345738965 48.362761337843992  104.03583023366386 47.565869775528604 50.994116771081345  104.03583023366394 47.886059855947266 53.654939424807111  104.03583023366357 48.092568331427643 56.310360014451845  104.03583023366406 48.285236053051939 58.973000072704451  104.03583023366392 48.473285932047126 61.641678701138126  104.0358302336639 48.639153308702355 64.306429220050788  104.0358302336638 48.79332939358676 66.970706456246063  104.03583023366402 48.914539429283614 69.645160410616768  104.03583023366383 49.015292512082766 72.31191296939754  104.0358302336639 49.084803997751578 74.98127154944568  104.03583023366394 49.178831742778996 77.651572547764431  104.03583023366386 49.223601566021735 80.345672577849513  104.03583023366403 49.277602718357031 82.992332390830455  104.03583023366383 49.267773197030991 85.680144063947552  104.03583023366379 49.276947855004579 88.357116819465801  104.03583023366383 49.284532692436542 91.027358729009862  104.03583023366377 49.223891711157762 93.704191558515788  104.03583023366394 49.186543520407533 96.385292554993072  104.03583023366377 49.127184600099781 99.05126199158569  104.03583023366392 49.061687998738947 101.7149804406389  104.03583023366383 48.935192622870673 104.40176298968252  104.03583023366377 48.843497849655762 107.06740656417992  104.03583023366387 48.726705863861937 109.7314074901285  104.03583023366386 48.577734829770378 112.42030874690562  104.03583023366397 48.448156394723242 115.06073318392228  104.03583023366383 48.266862739117684 117.78293884628448  104.035830233664 48.064369598306868 120.40182049011226  104.03583023366392 47.900378714476858 123.08707039462119  104.03583023366397 47.670928309531199 125.74660419244243  104.03583023366394 47.447244270659283 128.42281171827875  104.03583023366392 47.211678025735459 131.0908763214785  104.03583023366387 47.047229964914557 133.75973697635641  104.0358302336639 46.484653454855589 136.36118405467573  104.03583023366389 47.177808308955939 139.28145216837891  104.03583023366389 50.059522443680521 140.27560826853011  104.03583023366386 49.569138136071999 144.08084213109012  104.03583023366383 46.770323992852539 142.23247135187177  104.03583023366386 45.186133568699404 140.57300516510122  104.035830233664 44.130471913810013 138.16889941683411  104.03583023366383 44.298552017728568 135.36071166566256  104.03583023366384 42.812846477493423 133.07802363645413  104.03583023366397 40.235337761017966 131.317210907099  104.0358302336638 41.826646595191541 128.5588575155902  104.035830233664 41.247415590756937 125.01027885611074  104.0358302336638 39.999421318231505 129.12631277118368  104.03583023366394 39.610689807473491 131.30713452396577  104.03583023366389 38.724820615197302 134.01368259692106  104.03583023366403 36.356364384787312 135.59363216455097  104.03583023366386 33.539457424122844 135.46370508799384  104.03583023366372 31.203848716624908 134.86085809385673  104.035830233664 28.258170858586119 132.39854355183667  104.03583023366377 27.782721317341334 136.01619641922849  104.03583023366386 27.322254955791571 138.39864384694516  104.03583023366383 26.96181682219839 141.1337897855561  104.03583023366357 26.649308852753947 143.74779847046861  104.03583023366497 26.289005619243419 146.39141312224092  104.03583023366031 25.852931382941996 149.03629055319118  104.03583023367736 25.486060109386003 151.68411971232914  104.03583023361344 24.689561360249812 154.25507214051672  104.03583023385298 23.28872131698925 156.54462329026529  104.03583023295458 21.611786042341958 158.63441093447187  104.03583023630914 19.576054100079801 160.32468546039814  104.03583022799445 17.686445750567408 160.94184517571168  104.0358302336638 17.054025803621304 161.40423126975696  
105.94235608613411 16.525124994581773 160.67129430404211  104.63635270941211 16.368276726836292 158.58705496240179  106.55439855005942 13.372300324041992 163.33694597720879  105.77515529908871 12.206764875706288 158.3253544107364  105.98790511474748 15.07399557373118 157.6017245111758  105.93009502412389 17.461011673547262 156.69033661324869  105.94563961561195 19.83913209347066 155.41825182069414  105.94147804043395 21.631298856230206 153.42567195366144  105.94259130346485 22.89814847787973 151.06524965542582  105.94229290006069 23.45558052033649 148.45330372555588  105.94237304129663 23.812983548789227 145.8319051224517  105.94235154599625 24.207898835370678 143.20914740291784  105.94235729199664 24.557599300457483 140.59326641772702  105.94235576297552 24.907350297744799 137.94687256896526  105.94235617331701 25.309548356463857 135.3229913819379  105.94235606281239 25.616062773655035 132.7035586226591  105.94235609239817 26.005896308437357 130.06661761511117  105.94235608445547 26.286286136648251 127.43929532239241  105.94235608658434 26.61277388681842 124.80221926357973  105.94235608601332 26.926052622340347 122.1724272337197  105.94235608616634 27.202721707779226 119.53324867413949  105.9423560861253 27.488428615045514 116.8982319198289  105.94235608613639 27.747108114949032 114.25902075765221  105.94235608613349 27.997051306722547 111.61916356197929  105.94235608613431 28.209769369478344 108.97599797499984  105.94235608613394 28.474653786462994 106.33740149636105  105.94235608613417 28.666404163729531 103.69228746282994  105.94235608613411 28.879554277067172 101.05005990887052  105.94235608613394 29.082369688356714 98.403087703644687  105.94235608613403 29.254905265023517 95.779033622475822  105.9423560861339 29.432813069896749 93.095699467608313  105.94235608613417 29.570032245449706 90.467323606509837  105.94235608613388 29.706456664318271 87.818047153927722  105.9423560861342 29.825349454958975 85.169587983498786  105.94235608613396 29.916065117237761 82.519948339129655  105.94235608613407 29.993768898988563 79.869759216131811  105.94235608613413 30.079964307236345 77.22003935606503  105.9423560861342 30.107473479203513 74.568751437213876  105.94235608613411 30.152654258515284 71.918301655286385  105.94235608613405 30.165956051203594 69.266142882097711  105.94235608613408 30.13424198461238 66.615464969760524  105.94235608613411 30.134429241362092 63.964153157942178  105.94235608613391 30.068293084333401 61.313687916559225  105.94235608613408 29.957522263064533 58.664187614749117  105.94235608613411 29.855639678035221 56.014650597033452  105.942356086134 29.684393584715359 53.369013252194279  105.94235608613414 29.541901933234819 50.721489168794555  105.94235608613403 29.374713349512717 48.077720996762991  105.9423560861342 29.157991743084885 45.43588556745928  105.94235608613394 29.007024825086468 42.781218499602829  105.94235608613423 28.857099311611606 40.138856753722621  105.94235608613394 28.653215058364957 37.50125649070317  105.942356086134 28.388637116345134 34.850699675939047  105.94235608613407 28.145329893366906 32.231728755649996  105.94235608613394 27.766078373374818 29.592409555076848  105.942356086134 27.387845037489107 26.965082622569575  105.94235608613407 26.918120787313626 24.363508649239908  105.94235608613411 25.988689115130203 21.859604112393505  105.94235608613417 24.868295450741797 19.475715469336521  105.94235608613397 23.489305275800767 17.209337247298329  105.9423560861343 21.861306122994581 15.090599584583167  105.94235608613398 20.047890934391937 13.178787309243459  105.94235608613414 18.014066069990438 11.468517316338602  105.94235608613391 15.90876623271285 9.8442500658032071  105.94235608613411 13.404223110765475 8.8561103427601182  105.94235608613403 10.949911023961734 8.0592599875483906  105.942356086134 8.3271367808066987 7.561323198529954  105.94235608613404 5.8088506355614191 7.2445510581882866  105.94235608613405 2.9429480155723926 7.0432671495569803  105.94235608613397 1.6878159351131985 4.6135498967539394  105.942356086134 2.2821441508805567 1.8721197187816776  105.94235608613403 4.0049029396516111 -0.29367283339285555  105.94235608613414 6.8847957395740522 0.63228667738116207  105.94235608613388 9.4249678711106757 1.0180920364385757  105.94235608613437 12.049339606427239 1.499905085826535  105.9423560861339 14.659039906145226 1.9729176876995929  105.94235608613411 17.233255932740267 2.5808250128576931  105.94235608613397 19.799741681431719 3.2562275973628099  105.942356086134 22.278536565961861 4.1957770963367187  105.942356086134 24.743276220268541 5.1743043329075649  105.94235608613393 27.133266594615229 6.2986499488109571  105.94235608613407 29.455887476616809 7.6109865929605309  105.94235608613394 31.663345326311198 9.065405238592863  105.94235608613407 33.735152542889324 10.703886491101494  105.94235608613391 35.660949157056798 12.561725036333268  105.94235608613404 37.369888701514867 14.576820742760308  105.94235608613388 38.80633592217967 16.811099558077029  105.94235608613407 39.977178033173224 19.200121191550821  105.94235608613394 40.785017082141209 21.73055334924544  105.94235608613401 41.36372600252291 24.324423087760259  105.94235608613397 41.450544120401439 26.998986941290624  105.94235608613396 42.070261458803373 29.571582887833635  105.94235608613417 42.758060734994864 32.129905751888415  105.94235608613405 43.552151625897487 34.664436793255476  105.94235608613403 44.320892440003774 37.202622229118553  105.94235608613414 45.133068431851278 39.726347973449791  105.94235608613388 45.90091425036654 42.263907183594533  105.94235608613413 46.562362842135215 44.832365151511254  105.94235608613403 47.140792974859238 47.413126276307892  105.94235608613415 47.622933534293836 50.02619950051681  105.94235608613403 48.003766882502099 52.658764353913313  105.9423560861342 48.223037170204826 55.294722667694366  105.94235608613386 48.443122245409612 57.935234017307025  105.94235608613405 48.602670518853451 60.585931699604515  105.94235608613397 48.802978753031667 63.228376877229906  105.9423560861341 48.922591617289854 65.875027050427718  105.94235608613387 49.075259471759701 68.527016881838449  105.94235608613405 49.163341246185844 71.172857214560253  105.94235608613397 49.280093263455115 73.81911564689392  105.94235608613408 49.351832691239579 76.466739563710149  105.94235608613405 49.414934320116394 79.136489822905375  105.94235608613388 49.445760342390294 81.760808099108459  105.94235608613411 49.463500347249756 84.4245756424002  105.94235608613417 49.456954063490379 87.078396730997611  105.94235608613408 49.375954171886605 89.724262632715281  105.94235608613408 49.445068012989019 92.377691439903302  105.94235608613411 49.391983922776362 95.035399007180757  105.94235608613403 49.337959578959676 97.678074882378098  105.94235608613403 49.250706442466985 100.31749853672204  105.94235608613403 49.154937648644086 102.98196417891479  105.94235608613403 49.050405617890078 105.62357479723907  105.94235608613417 48.933581676043289 108.26397316310496  105.94235608613386 48.811866341204507 110.93092493031628  105.94235608613425 48.631527852290176 113.54428732065774  105.94235608613374 48.481028710670074 116.24517339735171  105.942356086134 48.337276176130217 118.83751273536728  105.9423560861341 48.123101111986031 121.50646200233739  105.94235608613405 47.918865164506492 124.11051142095675  105.94235608613394 47.679988438994229 126.72866537133541  105.94235608613408 47.458930771541887 129.33640901513843  105.94235608613391 47.160765238210871 131.93727191306334  105.94235608613417 46.926872027788761 134.50825865111818  105.94235608613388 46.601081807155509 137.29060964179081  105.9423560861341 48.045998302013281 139.41446312750287  105.94235608613405 51.200359655313314 141.24892986165287  105.94235608613411 47.654845142957186 143.85220310925013  105.942356086134 45.838815748900736 140.82725859538061  105.942356086134 44.44359717829056 138.86502843469663  105.94235608613403 44.044154978281938 136.12485855190553  105.94235608613407 43.142984047224246 133.73274026664816  105.94235608613394 41.175961924357843 131.7255200771977  105.9423560861341 40.310849596196036 129.70705510395254  105.942356086134 41.302633311312057 125.43963897127195  105.94235608613408 39.166540660551192 127.94060247395926  105.942356086134 39.322760163585507 130.59874889201839  105.9423560861341 38.225350466962013 132.97956884211905  105.94235608613396 36.186222188474332 134.92061306933613  105.94235608613414 33.336986941593523 134.91865548921601  105.94235608613414 31.098655762011241 133.99931534805293  105.942356086134 28.073315479175847 132.43774770881186  105.94235608613404 27.995518993045149 136.08060969980841  105.94235608613414 27.527600380374416 138.44347596400786  105.94235608613403 27.296803782886251 141.17960444000153  105.9423560861345 26.843873049443197 143.75106178052897  105.94235608613241 26.543318632603366 146.38319403204815  105.9423560861395 26.18241253399917 149.02750091485535  105.94235608611412 25.536202739769898 151.59412290732473  105.94235608620902 24.635971717857764 154.11050680134676  105.94235608585205 23.112031766189915 156.31125088456548  105.94235608719214 21.173898869425813 158.1466399490912  105.94235608218712 18.972026247000628 159.5670650661454  105.94235609459324 17.257531583813943 160.24454340343905  105.94235608613411 16.525124994581773 160.67129430404211  
111.5944587877427 16.470451020270406 157.35468538124638  110.2187791692748 16.346189247877422 155.29947773102097  112.23915416776015 12.945256882373062 158.71628599114092  111.41833771560067 14.123913363354003 153.45035866237595  111.64243789057048 17.204383245660633 154.12872626615501  111.5815435890463 19.483076485124631 152.86246572756713  111.5979174959362 21.72142714998536 151.5204489430574  111.59353389765897 23.388893722438844 149.47721052199094  111.59470655409183 24.415048058405453 147.05278010431135  111.59439223064643 24.784343481993936 144.47612555303976  111.59447664747611 25.195978383616762 141.917000371813  111.59445400538547 25.529379654110052 139.34160191139134  111.59446005793959 25.902511523479383 136.78473197084801  111.59445844734395 26.335124847525798 134.20593267601518  111.59445887957696 26.555535562422669 131.61336662786212  111.59445876317744 26.99836495067521 129.06759971586561  111.59445879434131 27.226492068728327 126.46559485241531  111.59445878597501 27.578358461648293 123.90286999520066  111.59445878821657 27.827492774378563 121.31265181259212  111.59445878761633 28.120417599976427 118.73632637755719  111.5944587877774 28.410032783202176 116.15406335342675  111.59445878773394 28.65177334511457 113.57031343349109  111.59445878774537 28.855086300345782 110.98142339381673  111.59445878774247 29.074464271276049 108.39441272536106  111.59445878774275 29.369894829688164 105.81400490479749  111.59445878774329 29.509655793607266 103.22021410026309  111.59445878774255 29.770530659787639 100.63645371969369  111.59445878774292 29.937965786535379 98.046411460757383  111.59445878774341 30.132710275451075 95.453720895910692  111.59445878774341 30.234944417386345 92.88167499926297  111.59445878774315 30.436542765573499 90.251181895993597  111.59445878774298 30.585589894011257 87.674139028867515  111.59445878774312 30.684795662822069 85.074411100298818  111.59445878774247 30.814482685583449 82.477414143946774  111.59445878774332 30.882628576804223 79.878005201616418  111.59445878774267 31.019081978274087 77.280942052758817  111.59445878774324 31.078492261087646 74.68075483927818  111.59445878774224 31.140843922291644 72.081514635604989  111.59445878774292 31.155541006253024 69.480612180687999  111.59445878774301 31.12664626328187 66.880022869293796  111.59445878774284 31.206437463677247 64.279484016146995  111.59445878774312 31.073655680269624 61.68052191676928  111.59445878774321 31.035613606517451 59.080653548832856  111.59445878774304 30.967804075256055 56.480608179660095  111.59445878774272 30.815223128599676 53.884727427596715  111.59445878774326 30.736232086843913 51.285175315336893  111.5944587877427 30.553605365725886 48.690595321485738  111.59445878774312 30.302752885068394 46.103823089826399  111.59445878774244 30.265823420652239 43.500945127799888  111.59445878774341 30.091110988864152 40.899232390196332  111.59445878774255 29.86169063769325 38.312036859006518  111.59445878774301 29.666163899668497 35.724866456782877  111.59445878774306 29.4394340879658 33.121328354742047  111.59445878774287 29.078526954663438 30.559182689939487  111.59445878774363 28.850429005789266 27.94055547538057  111.59445878774309 28.425680323787333 25.351987019504783  111.59445878774287 27.948834625987114 22.781545551140823  111.59445878774292 27.138598723106739 20.263696637259727  111.59445878774241 25.899468716925917 17.964882332554993  111.59445878774318 24.504417795855069 15.74412000344644  111.5944587877425 22.869512717606341 13.645847400605396  111.59445878774315 20.896795299495018 11.903703007710879  111.59445878774281 18.817184471096876 10.297498443492495  111.59445878774321 16.486346828045992 9.0646800153009544  111.59445878774298 14.116266700965248 8.1372545506151077  111.59445878774301 11.214948840328633 7.9142209742467635  111.59445878774309 8.4221210681903287 7.6463365111963837  111.59445878774295 5.4386821316958684 6.9869726002807937  111.59445878774306 2.6643782421061211 6.6914725248892371  111.59445878774321 -0.77511017421553774 5.3924116716683619  111.59445878774289 0.16080446542540017 2.3473544893403897  111.59445878774306 0.91600604755744541 -0.65916635355173092  111.59445878774261 3.9451047396394472 0.09494375617038564  111.59445878774329 6.3799273889516215 0.39985843684071298  111.59445878774244 8.9827748447746245 0.82080034167590377  111.59445878774324 11.564851843390535 1.1579804825133273  111.59445878774284 14.142915860089239 1.5571217025391562  111.59445878774298 16.68320828712244 2.1611195062048658  111.59445878774289 19.254708889290967 2.7012008339689899  111.59445878774346 21.730196290320308 3.5626546425665104  111.59445878774287 24.211136768318113 4.4009152466289976  111.59445878774315 26.698440511169082 5.3512569167311881  111.59445878774306 29.033847493124327 6.5605646597883123  111.59445878774324 31.343829780012101 7.8669411881101539  111.59445878774301 33.522455812439304 9.4394399423433839  111.59445878774343 35.509563672782463 11.161619037844773  111.59445878774335 37.304880979953325 13.100013321475771  111.59445878774315 38.814496031758225 15.242478848228885  111.59445878774301 40.123389636542839 17.545522310774629  111.59445878774332 40.723729657575916 20.081804065227288  111.59445878774292 41.514155898334081 22.581943633450507  111.59445878774332 42.03782951784379 25.151535566450235  111.59445878774304 42.796840011378293 27.641762955247813  111.59445878774275 43.410195019715502 30.161881791094459  111.59445878774309 44.138089863620536 32.660184527326933  111.59445878774281 44.859425911679395 35.163753618057655  111.59445878774329 45.492284909686788 37.6899094229463  111.59445878774267 46.256180485897843 40.179586610864831  111.59445878774321 46.91807259962097 42.690710066860262  111.59445878774258 47.474981952657302 45.2390732643712  111.59445878774306 47.933304068849907 47.808160865666892  111.59445878774261 48.276602978718557 50.377940845753102  111.59445878774335 48.44823218326718 52.96898625205057  111.59445878774306 48.76005355948945 55.555067717713825  111.59445878774321 48.846727610461429 58.15130123587582  111.59445878774287 49.118040998192981 60.734983491528112  111.59445878774324 49.237011110606602 63.335360030793737  111.59445878774309 49.426022865303949 65.924313335930975  111.59445878774289 49.439585211645664 68.521398474588892  111.59445878774289 49.515737522949237 71.114836282260512  111.59445878774289 49.650185624457635 73.730598987487696  111.59445878774341 49.614895069446092 76.302308798396552  111.59445878774275 49.718760620848784 78.912673585830873  111.59445878774272 49.775816134408458 81.512675634399102  111.59445878774281 49.965441340500917 84.108015491009496  111.59445878774281 49.773061065262624 86.708396703432896  111.59445878774275 49.789302849045839 89.312861174603881  111.59445878774309 49.760262257120885 91.903393846637385  111.59445878774312 49.728445721924146 94.491678273615861  111.59445878774298 49.683517116179573 97.104594026846513  111.59445878774281 49.563719031378028 99.691867447622911  111.59445878774284 49.518051560692712 102.28281216948696  111.59445878774335 49.347533941793131 104.89264401283512  111.5944587877427 49.288458174574487 107.46422291255092  111.59445878774378 49.106892478990915 110.09752041121789  111.59445878774298 48.662690492816097 112.73445253679861  111.59445878774295 48.588813968514913 115.28684479501285  111.59445878774304 48.525672274768098 118.20890078461477  111.59445878774326 48.451244232537839 121.14183077466538  111.59445878774321 48.182694734088102 124.09993007382647  111.59445878774329 48.108876588639362 126.97801310771752  111.59445878774281 47.871484400446143 129.99111622326441  111.59445878774335 47.38254539781974 132.60086366323333  111.59445878774295 46.408491318824659 136.78697289872608  111.59445878774298 48.957581173280644 136.75961742422066  111.59445878774284 52.859849843642678 141.96448387886693  111.59445878774318 48.428248010321319 142.12572155829682  111.59445878774321 46.406000909326217 140.00022867216893  111.59445878774281 45.499507934025466 137.16097591800784  111.59445878774287 44.21400178599044 134.35319163292559  111.59445878774304 42.783183950040765 132.18562066920239  111.59445878774278 39.701541384852291 129.5478873389238  111.59445878774321 39.32528884810133 128.34307248175438  111.59445878774289 40.903850750847774 120.03252968440194  111.59445878774312 38.200869745407687 125.47217850870592  111.59445878774295 38.98384026432479 127.896505495567  111.59445878774315 37.558329715521957 130.94091641010417  111.59445878774281 34.980453907802492 133.13604681192334  111.59445878774272 32.240540737099145 133.22127299900981  111.59445878774312 29.128918725183254 130.86236887720918  111.59445878774315 29.159099064260104 134.71525161763631  111.59445878774272 28.778124280873314 136.97417093456997  111.59445878774292 28.128613607989905 139.60956103191018  111.5944587877425 28.047867737331224 142.17649540952198  111.59445878774477 27.563151586624187 144.72322717663846  111.59445878773772 27.019771019219327 147.24811800336607  111.59445878776225 26.578568447559576 149.82739685273913  111.59445878767104 25.126319074541946 152.00963329033249  111.59445878801412 23.386441325146215 153.95778489706709  111.59445878672653 21.403212472415831 155.64446058478237  111.59445879153503 19.044123985895787 156.80498641255039  111.59445877961517 17.298794469391751 157.11171141620014  111.5944587877427 16.470451020270406 157.35468538124638  
108.76673582479097 16.505175865528578 158.965108565994  107.42591493397808 16.383127346130703 156.86949137097173  109.39509508964613 12.528517825763487 160.50744276899968  108.59507753337533 14.334916356721687 155.57708478390748  108.81349917181558 17.306265741288016 155.53717275475009  108.75414788789877 20.001940890071474 154.0487052190847  108.77010689181721 22.22309718466839 152.04155742995118  108.7658343707524 23.627240667427365 149.29990795868696  108.76697731291912 24.207069141367494 146.33638718516994  108.76667095420262 24.565986063332431 143.34028727906724  108.76675323197098 24.96831362190402 140.37340479905345  108.76673116361462 25.400334685093533 137.40541092436698  108.76673706280107 25.812723831182971 134.44929090899751  108.76673549301705 26.175978854043851 131.45202390187271  108.76673591429795 26.634274872228985 128.48488683746032  108.76673580084736 26.893486783663938 125.51148872709723  108.76673583122189 27.315569596599374 122.52694420421398  108.76673582306736 27.585725381256346 119.55041929088738  108.76673582525311 27.959655991945972 116.56826593330892  108.76673582466685 28.234818405472005 113.58563134665626  108.76673582482377 28.491608864138186 110.59539030577773  108.76673582478176 28.771972787720259 107.61105025913443  108.76673582479322 29.030492850011537 104.62335102815452  108.76673582479003 29.292517259078959 101.63606047305429  108.7667358247912 29.482522647907647 98.642525940726898  108.76673582479066 29.714657718104849 95.652956801026647  108.76673582479084 29.872169997342901 92.657817566937297  108.76673582479087 30.074940450301352 89.66466125490939  108.76673582479039 30.221294803128007 86.674008711721726  108.76673582479073 30.380160890727105 83.673993377938928  108.7667358247904 30.488302787754069 80.747656144348539  108.76673582479086 30.625137149827278 77.874783453321513  108.76673582479066 30.709778192312807 74.981846044132197  108.76673582479113 30.773112177730436 72.089399590225767  108.76673582479056 30.795914122164458 69.196293612384693  108.7667358247908 30.782394087933678 66.302236174987826  108.76673582479069 30.796594638113071 63.40955519100212  108.76673582479106 30.717627051415981 60.51609695785195  108.7667358247909 30.617234028479963 57.624470524189839  108.76673582479077 30.489515873289385 54.732749513740572  108.76673582479089 30.274950733932069 51.844367455287824  108.7667358247908 30.1247738917336 48.95531939371115  108.76673582479063 29.894471378204351 46.069954166524035  108.76673582479076 29.601740419471952 43.187476724813457  108.76673582479084 29.398868654948942 40.301143097341402  108.76673582479071 29.135799647323793 37.417994584415169  108.76673582479097 28.983304952695335 34.528324847554785  108.76673582479069 28.76441111967851 31.644963239539795  108.76673582479123 28.333108274864863 28.778095012495601  108.76673582479054 27.92315858090673 25.893652950674252  108.76673582479111 27.425193803914308 23.041732208341426  108.76673582479069 26.871298848525189 20.200791902674922  108.76673582479077 26.101455833178939 17.363966698098256  108.76673582479086 24.557749175038872 14.802108957776053  108.76673582479035 22.532145061882229 12.429022487493846  108.76673582479071 20.110232733054438 10.283083501893891  108.76673582479086 17.245964332482657 8.5280097311794272  108.76673582479086 14.219358098307506 7.07794679127921  108.76673582479101 11.184274006339365 5.932244172880802  108.76673582479073 7.8621334462491888 5.3017232673498214  108.76673582479116 4.3503621861284358 5.5237572711392051  108.76673582479063 1.0599370891828421 5.9152797515571276  108.76673582479098 -2.2219320134193552 6.1063883598194995  108.7667358247906 -5.1179015689214999 6.1616931795597978  108.7667358247909 -8.7187688985808585 5.3314915059059746  108.76673582479077 -5.5340235149839998 -0.065335105177683594  108.76673582479071 -1.6251398432684416 -4.6634229490214665  108.76673582479069 6.0065294823006825 -2.9507493755275895  108.76673582479077 12.50548028259441 -2.006178919259642  108.76673582479063 19.820553877779449 -0.44143802114815833  108.76673582479069 24.008439442818847 2.490246984978095  108.76673582479077 28.286429279267555 5.5838576961312949  108.76673582479104 30.819062041980526 6.3541811695955035  108.76673582479057 33.661129792103331 7.5317773164885242  108.766735824791 36.306138141098131 8.9947186922058169  108.76673582479073 38.841905713039559 10.681919808503071  108.76673582479089 41.208344330791057 12.644380893028199  108.76673582479074 43.409849068919144 14.829001137178725  108.76673582479091 45.329349106294316 17.381998922406705  108.76673582479043 46.926320348163387 20.178546784279469  108.76673582479086 48.175818106445284 23.244386155965856  108.76673582479071 48.89088309031952 26.664322592969675  108.76673582479077 49.180450358459559 30.158908581001256  108.76673582479069 48.603625880226566 33.866328418943141  108.76673582479069 47.869155065565067 37.489267200206271  108.76673582479053 47.506588062890998 40.884081228975631  108.76673582479069 47.455355354523668 44.105062871043707  108.76673582479064 47.597093873227521 47.182002373739167  108.7667358247908 47.985852163514281 50.114427834143946  108.76673582479053 48.769144951660863 52.904325923901261  108.76673582479094 49.469159787516361 55.703709035678372  108.76673582479056 50.245019858451798 58.490673657956023  108.76673582479097 50.667148271938643 61.369848289896836  108.76673582479071 50.981426417229727 64.272751579027499  108.76673582479087 50.957788387861527 67.238670198472462  108.76673582479074 50.775096517784931 70.226651753511092  108.7667358247907 50.588026823266489 73.213047233281316  108.7667358247908 50.360578775687479 76.207167154234995  108.76673582479063 50.086590927425675 79.200824742900792  108.76673582479108 49.924966717903615 82.129850221300643  108.7667358247907 49.809060495410478 85.068341476783772  108.76673582479111 49.809439149510183 88.041979680323351  108.76673582479043 49.721432498130312 90.998270647987823  108.76673582479077 49.739192467348758 93.963790006695518  108.76673582479063 49.713409133300814 96.921086192896368  108.76673582479086 49.67861259654201 99.884852507339176  108.76673582479069 49.604811728672331 102.85767909207019  108.76673582479067 49.543563774941575 105.82389360977969  108.76673582479077 49.471688619928329 108.79271384482152  108.76673582479093 49.361954895380606 111.76783143184895  108.76673582479069 49.209206913807833 114.77332725383002  108.76673582479066 49.05845966782892 117.72766265554252  108.76673582479071 48.844621436611263 120.73243766934468  108.76673582479103 48.599698510159591 123.72750451018659  108.76673582479094 48.27765215877897 126.71330785998043  108.76673582479094 48.084805395493518 129.70411962028174  108.7667358247909 47.820353079386095 132.7010300717003  108.76673582479086 47.511567113200456 135.67630225145257  108.76673582479066 47.171118446133633 138.64652351957147  108.76673582479087 46.850031092099101 141.64615569969183  108.76673582479074 46.517832255419428 144.62056563873722  108.76673582479091 46.090734101166163 147.58048984676543  108.76673582479054 45.756550423795446 150.60197141769635  108.76673582479108 45.111829558408168 153.44427576195832  108.76673582479015 45.805160946792739 156.83614511595934  108.76673582479086 51.484661945480717 157.24888277171237  108.76673582479084 49.25670003282027 161.8205903357059  108.76673582479074 44.542828605881979 155.66450785321339  108.76673582479063 42.298198797420071 149.77006044687084  108.76673582479074 41.091058571268945 142.92694544288571  108.76673582479054 38.047071537217192 137.25823038856052  108.76673582479098 35.613779213622159 130.9787416633809  108.76673582479043 34.058625094067075 125.02095512315857  108.7667358247908 34.624893691403543 115.86316736342171  108.76673582479086 31.400732416962043 122.63670101324233  108.76673582479091 28.334700901818529 123.96067239788073  108.76673582479046 28.853311397600649 128.06644432263806  108.76673582479079 30.321443133231888 133.73161682090364  108.76673582479071 29.733809916517664 140.40478694276305  108.76673582479086 30.259845978335107 147.29279861892468  108.76673582479071 30.748007616418914 153.63165579937157  108.76673582479091 32.01369808333601 159.95329976537349  108.76673582479071 30.569903082345832 167.41420422249047  108.76673582479084 27.082102991952503 169.25063277196645  108.76673582479069 29.00883164424264 161.37899823972697  108.76673582479089 28.117619542099494 155.18223013697212  108.76673582479063 30.58235147054706 148.27305135246064  108.76673582479097 30.533654200811135 141.62273282897968  108.76673582479103 34.091353441195466 135.24682077357784  108.76673582479066 31.624102592574118 133.20083908109319  108.76673582479071 26.248105769915828 126.65733187122628  108.76673582479091 26.60609569690244 131.87535342971302  108.76673582479083 26.127119311702128 134.30541210415959  108.76673582479111 25.817840578994776 137.4657403489843  108.76673582478944 25.899895831170443 140.62084135839109  108.76673582479482 26.320157002924748 144.21596244484317  108.76673582477645 26.346283818241226 147.83799440380682  108.76673582484436 25.601086886385172 151.85080753668041  108.76673582458881 24.143007203732772 154.39576366882864  108.76673582554861 21.830847841039031 156.28720416318697  108.76673582196342 19.238625242464479 158.15892615163034  108.76673583085062 17.804366621607663 158.65574627168178  108.76673582479097 16.505175865528578 158.965108565994  
115.56502342028139 15.461916353948826 155.43551199185285  114.14039670445619 15.385254842086656 153.41131993341102  116.23265725712241 13.532012088657616 153.56513632526909  115.3826359070659 16.668332545472261 151.22325400340051  115.61470963411494 18.449464463117959 151.48914992700685  115.55164869490501 20.480578526004511 150.78890087999238  115.56860519035962 22.368170643150247 149.83779070273206  115.56406562232829 24.061839567170107 148.56671793628243  115.565280002232 25.192809788065727 146.84040181551683  115.56495449506318 25.622927134417996 144.99588587863619  115.56504191546959 26.061417364511584 143.047685043576  115.56501846776635 26.116676278141661 141.05143538440657  115.56502473567238 26.489644285541786 139.10542211949564  115.56502306777078 26.816876597820738 137.1301839871289  115.56502351538334 27.054187187695799 135.15499823218249  115.5650233948419 27.46515052574793 133.21491843526871  115.56502342711474 27.639203865398223 131.22276970242598  115.56502341845069 27.961481095621441 129.26709352445636  115.56502342077228 28.203120853165881 127.28996099778304  115.56502342015004 28.458985700872439 125.3207121452802  115.56502342031733 28.745015404057305 123.35028032358225  115.56502342027213 28.941557535568776 121.37321774594083  115.56502342028398 29.203023157968147 119.40041217049261  115.56502342028121 29.371591513190502 117.41946289544254  115.56502342028151 29.640171258630303 115.44734158788465  115.56502342028166 29.850847371756714 113.4705798086197  115.56502342028163 30.105100524244364 111.49028927891719  115.56502342028148 30.249716622790928 109.5279047717698  115.565023420282 30.504069811724506 107.47592554894612  115.56502342028189 30.661541817822773 105.77709496621806  115.56502342028212 30.817591142155734 102.77287573638738  115.56502342028146 30.903826109454869 99.922008003907408  115.56502342028151 31.087386840208531 97.010216866764353  115.56502342028118 31.246059929600321 94.106001736414186  115.56502342028195 31.457616037034249 91.200427885081439  115.56502342028152 31.691148352365801 88.294196199170088  115.56502342028193 31.775798774353042 85.383307074432167  115.56502342028115 32.009125505476206 82.474190169671004  115.56502342028143 32.168248295081092 79.562233549163352  115.5650234202817 32.381609969351786 76.648153874460931  115.56502342028146 32.593494814751516 73.732121033171182  115.5650234202817 32.696288583030736 70.820871858312643  115.56502342028175 32.728637062242676 67.905217908254002  115.56502342028185 32.927784276495444 64.986269787074434  115.56502342028143 32.892367416222172 62.075426458138111  115.56502342028175 32.892145827595684 59.170658074496885  115.56502342028142 32.670761902950645 56.272051789907181  115.56502342028183 32.637944742899322 53.368980656765331  115.56502342028078 32.841340630345442 50.434480969481655  115.56502342028207 32.684941390672641 47.603505544339413  115.56502342028101 32.989867247120841 44.664611243661938  115.56502342028192 33.096901470791657 41.755492158463397  115.56502342028158 33.441936833558877 38.787709724133805  115.56502342028158 34.618675637389202 35.618614721544532  115.56502342028207 36.346646879232352 31.999231003533055  115.56502342028176 37.829944496526075 28.937317936469469  115.56502342028142 39.768594036737596 25.680289311939134  115.56502342028172 41.073135116656182 22.221889122226401  115.56502342028122 41.778555057903873 18.808241849742075  115.56502342028173 42.39705965072816 14.985353033790147  115.56502342028107 42.501978056070776 10.672089327457485  115.56502342028203 41.934638718645431 6.6317858052435668  115.56502342028112 40.910189005522902 3.3810392524116253  115.56502342028216 39.16923354505392 0.74168906457813932  115.56502342028132 37.719458888289424 0.27696042363174911  115.5650234202818 28.013379856833552 6.1561434204896841  115.56502342028162 17.433404100695896 10.980943213462012  115.56502342028193 2.3852415654225183 8.0205302428205698  115.56502342028165 -11.019125544979318 6.3809772366437301  115.56502342028178 -26.655864395294451 3.3472976494232114  115.56502342028175 -30.667944692843427 -6.3728564087579684  115.56502342028162 -34.266083847449842 -16.050449372329894  115.56502342028128 -30.887409375981477 -15.867160293556367  115.56502342028176 -28.748683041858996 -15.737124945863826  115.56502342028152 -26.291893630505925 -16.503050382140145  115.56502342028173 -23.351482229287981 -17.17589884328234  115.56502342028152 -20.321439646935161 -18.119776727741822  115.56502342028149 -17.088509843160239 -19.073351357422652  115.56502342028151 -13.598720861941828 -20.214463602311525  115.56502342028188 -9.7987123062325878 -21.323800203136742  115.56502342028134 -5.725412368297512 -22.447595961028497  115.56502342028199 -1.0262918580952487 -23.760996563091126  115.56502342028145 3.997765138483345 -24.812030672964454  115.5650234202819 9.9155106478085244 -25.816555410568768  115.56502342028162 15.788974952180155 -26.183977449676632  115.56502342028205 20.797533637780525 -25.918296788288444  115.5650234202818 25.063626547579723 -25.014797146069526  115.56502342028179 28.570382695954123 -23.508120615645446  115.56502342028149 31.171684238909631 -21.449714647620823  115.5650234202822 32.685224604727892 -18.903835288828926  115.56502342028109 33.348484303552823 -16.074154938372757  115.56502342028205 33.844852343897159 -13.228465282394559  115.56502342028146 34.991209287487393 -10.579096841262974  115.56502342028168 36.43128599172428 -8.0215696768347122  115.56502342028143 38.421668579221645 -5.6410294388807145  115.56502342028165 40.648070423488022 -3.3627479722034881  115.56502342028163 42.916740247041005 -1.134615128455807  115.56502342028152 45.092647539667503 1.1611801075199917  115.56502342028188 47.369090524522051 3.3254408344747883  115.56502342028115 48.97473286197139 6.1123716630370426  115.56502342028173 49.91680380957466 8.7992594353889206  115.56502342028111 50.427023375587716 10.962508708694083  115.56502342028206 50.756549811244646 13.322457967611305  115.56502342028166 50.83060336079815 15.666675928707903  115.56502342028176 50.949639941862912 18.00223126238361  115.56502342028156 51.0110934286202 20.30223360781671  115.5650234202817 51.113483376297374 22.577291318608314  115.56502342028179 51.143944184641285 24.825023998271213  115.56502342028158 51.129797542296032 27.036929356645196  115.56502342028148 51.157557533409893 29.203378372809244  115.56502342028178 51.27299522621616 31.337256603502581  115.56502342028176 51.20453409053863 33.397686133123329  115.5650234202817 51.497844745804016 35.446731780939963  115.56502342028129 51.748331851353448 37.454483420713601  115.56502342028141 52.126598174444183 39.456606494104101  115.56502342028136 52.231030770614048 41.47020141723398  115.56502342028163 52.443084216813865 43.488295324698697  115.56502342028135 52.612715928651731 45.501653114114376  115.56502342028175 52.807774210058227 47.514041093154873  115.56502342028143 52.934030641386514 49.540666624377074  115.56502342028166 53.048064080715918 51.544771161019526  115.56502342028135 53.322140499672329 53.562336488814211  115.5650234202818 53.395668698623794 55.555627467427804  115.56502342028141 53.82198058102319 57.657407671577552  115.56502342028234 52.685484537388362 59.280615877826591  115.56502342028151 45.520875101309109 64.257495215361814  115.56502342028173 47.75081433460101 64.38933186212779  115.56502342028175 52.99672558937074 77.302731825449911  115.56502342028193 55.222055597292858 89.930924228465869  115.56502342028166 56.152944530635715 103.68003460947345  115.56502342028196 59.284762185597152 115.98759131867982  115.56502342028159 61.632101412809583 129.0484448135266  115.56502342028183 62.766398664898823 141.80544085888368  115.56502342028196 61.360126036526246 158.13495128948369  115.56502342028131 65.402571669677798 156.06640392480887  115.56502342028149 74.086601982890315 157.74592343488496  115.56502342028199 75.581796849827668 159.00023519110687  115.56502342028163 66.864139166202321 152.19924074835714  115.56502342028168 63.615239509480233 138.76082719713423  115.56502342028146 61.978948562918198 124.17113160231065  115.56502342028183 57.669885933710852 112.97157216289857  115.56502342028131 52.900627479327532 99.398162782958281  115.56502342028178 51.339382035157747 84.78374460006043  115.56502342028143 53.589481193298091 73.679464969369775  115.56502342028172 48.067160545801869 84.332659495102632  115.56502342028136 48.196438193513032 97.195953221162853  115.56502342028199 44.939662909387025 111.18372285999834  115.56502342028141 44.608257661851482 126.5130316220374  115.56502342028126 40.086725780224313 141.02703868863298  115.56502342028176 42.221771396570254 150.58023793578536  115.56502342028176 48.040380939301386 165.36983800549132  115.56502342028151 47.234712667406754 164.67092212302401  115.56502342028146 46.860004041315776 167.14686949577708  115.56502342028149 44.933079454801792 168.25564384336016  115.56502342028156 40.366994244726861 168.23028254586492  115.56502342028303 34.08280308759511 165.10266321898922  115.56502342027511 28.015717725540711 161.0485836283197  115.56502342030632 24.199203846739998 152.37581972171307  115.56502342018979 21.188368329986695 153.89979822726252  115.56502342062579 19.613922520294398 155.44381541732497  115.56502341899943 17.901311247350332 153.44847212175276  115.56502342302856 14.974551211946551 158.41418949758025  115.56502342028139 15.461916353948826 155.43551199185285  
115.97522644965895 16.959512088730836 154.70851714077509  114.5455429599302 16.923298199713521 152.47879878043486  116.64523008156652 14.532607226322675 150.65520583476956  115.79219154410741 22.233619968870535 150.99421024331798  116.02508902684939 25.906166655968889 148.05966100904914  115.96180425011802 28.820571285625626 143.33415801909763  115.97882093338451 28.721806917505774 137.73693713971039  115.97426525195937 27.476285022855613 130.71515705776909  115.97548394235811 26.948236274933986 124.82392487602147  115.97515727978819 25.725475053721858 117.82257414697533  115.97524501049608 25.183095450135472 112.82889778436807  115.97522147956522 26.346128501014974 107.90739240031928  115.9752277697181 26.667066606857119 102.93661975332435  115.97522609589711 27.138347056517215 97.9281435096362  115.97522654509793 27.578947306361378 92.933990185523584  115.97522642412883 27.945768567233891 87.973955273023989  115.97522645651662 28.323452410539574 82.955342315661269  115.97522644782161 28.713349345110775 77.986793176619571  115.97522645015238 28.99628214215258 72.975464338223432  115.97522644952741 29.242828958988202 67.9819995286595  115.97522644969465 29.483976715589566 62.974543208839997  115.97522644964891 29.712819211383863 57.980744167061069  115.97522644966202 29.722472350543899 52.970563592394114  115.97522644965824 29.945514193659061 47.976647804398738  115.97522644965957 30.07287384789754 42.973886493436595  115.97522644965886 30.059799903339961 37.946018203075383  115.97522644965868 30.033827385338078 33.025610730072245  115.97522644965888 30.391773714895628 27.738547859371394  115.97522644965886 30.087344847644513 23.853928822100087  115.97522644965937 29.611391322824208 14.721749488215032  115.97522644965855 31.948051601951565 25.222647697368373  115.9752264496594 31.775003823573194 33.922095850961043  115.975226449659 32.474955584448054 43.397833984302494  115.97522644965935 31.980513478319068 52.694328347179685  115.97522644965886 32.3335052314807 62.072748469981299  115.97522644965873 32.108249146997139 71.43193297271624  115.97522644965851 31.923031730614372 80.797869365773266  115.9752264496589 31.873358825507125 90.165359293698671  115.97522644965871 31.39987119334571 99.521073483604937  115.97522644965917 31.161377079146913 108.88936215766697  115.97522644965935 31.244017526472437 118.26269115402968  115.97522644965851 30.140330819670616 127.57197418016835  115.97522644965903 30.177351039959582 136.95028618401338  115.97522644965812 29.345324240854435 146.26714168236043  115.97522644965937 28.819483900656472 155.62365417848974  115.97522644965883 27.740293613985621 164.88798140884282  115.97522644965882 27.335372703507677 174.22532701932457  115.97522644965886 26.21522655559632 183.52511837685373  115.97522644965997 25.404100664504618 192.98145446661579  115.97522644965832 30.45654933510005 200.63085568544571  115.97522644965935 27.028870321818342 210.14099367585777  115.97522644965836 26.740611949317351 219.0973706878097  115.97522644965893 25.389118282950978 228.42414444874174  115.97522644965915 24.04307700204437 237.04634829990766  115.97522644965854 23.100556784244237 248.39610252796848  115.97522644965929 31.849522257595389 245.59824252625106  115.97522644965882 31.708858394212456 240.7309074626894  115.97522644965855 32.634992599139835 236.33821518267695  115.9752264496592 32.700569068247823 232.14646486392104  115.97522644965895 33.116511382612416 228.1096413052671  115.97522644965893 33.985580672146078 223.89844326359801  115.97522644965821 35.616265900994208 220.27106445392511  115.9752264496594 36.926473681361195 215.91001753106394  115.97522644965831 38.993735900658677 211.08161369946112  115.9752264496589 40.682456375115024 205.66383662129698  115.97522644965862 45.828347122208889 197.67046891168255  115.9752264496592 51.467079430160311 189.83662474534162  115.97522644965851 58.816835579866733 184.52223905118933  115.97522644965898 65.790157381258652 178.31822310072948  115.97522644965881 73.33255866834736 172.94932373017122  115.97522644965868 76.971658387858923 169.64542700490514  115.97522644965926 79.060621443962503 167.61550740769351  115.97522644965879 84.156209239388886 156.39741732538829  115.97522644965856 83.640446104760841 150.50512904598051  115.97522644965903 87.176607220626394 150.23769481812101  115.975226449659 83.342251420458439 144.13521896262409  115.97522644965893 81.276290388644398 137.05870573015901  115.97522644965906 78.41903184523791 130.29507613717325  115.97522644965879 75.672110483447113 123.45084650507194  115.97522644965851 72.621488672590999 116.78445641197926  115.97522644965946 69.440150684889943 110.22117827356328  115.97522644965882 65.711433664004645 103.62011600481628  115.97522644965946 61.061979243856022 97.05814123190865  115.97522644965895 55.440517780945655 90.577988150143526  115.975226449659 49.341176326185817 83.853491178410209  115.97522644965929 43.594153057484469 77.067210955794636  115.97522644965909 38.043104380117327 69.884452197853037  115.97522644965859 33.035328747586718 62.332639631100456  115.97522644965912 28.848010789402633 54.352744191700879  115.97522644965883 25.679538244467444 45.862926181215585  115.97522644965963 21.247815868089521 37.741840915802783  115.97522644965861 16.455434231038417 29.750887452328389  115.97522644965991 10.014792157917075 22.80451534078211  115.97522644965895 3.1597357202442922 16.336500387796239  115.97522644965943 -4.2814264351537901 11.199303218172668  115.97522644965851 -12.042471738426006 7.257525693786171  115.97522644965935 -20.202222150986234 4.1601522342973336  115.97522644965862 -27.821836496382314 0.25747699672272084  115.97522644965996 -37.385075335622815 -1.2814133863054149  115.97522644965871 -39.922099266557403 -11.490990345578428  115.97522644965946 -35.711598006460271 -19.16738329916187  115.9752264496592 -28.856370575000842 -18.309108682660845  115.97522644965845 -22.716044709284848 -19.649697528966275  115.97522644965906 -16.185762868188949 -20.534411992442624  115.97522644965892 -9.796697196987628 -21.284833214074116  115.9752264496592 -3.3423045906756208 -21.475033829348956  115.97522644965866 3.0528611875600191 -21.12301398897306  115.97522644965926 9.3292458374293155 -20.399577733531117  115.97522644965868 15.258004770937625 -18.983024296979529  115.97522644965892 20.754688322233356 -16.862553930036441  115.97522644965845 25.641015700911048 -13.900635117227587  115.97522644965835 29.55314461334148 -10.327959175729735  115.97522644965929 32.781158173552825 -6.0961615988667255  115.97522644965903 34.173384904282308 -1.2709560352339899  115.97522644965903 35.447269345005537 3.5716115691023376  115.97522644965949 37.144213890232521 8.3782014532295577  115.97522644965852 38.666750023784957 13.144426004091883  115.97522644965981 40.473249286986601 17.863373808270055  115.97522644965903 42.093045858426635 22.61040815087636  115.97522644965963 43.61432737817141 27.448151871809557  115.97522644965906 44.86273815063609 32.319058517945535  115.97522644965868 45.542983729996934 37.239105481029966  115.9752264496594 46.186576114175736 42.265630437199341  115.97522644965868 46.398385117431047 47.134777936621845  115.97522644965886 47.326678885366263 52.386764660850098  115.97522644965889 50.533252238263401 56.116702503028399  115.97522644965895 49.948163081099239 61.886219357435138  115.97522644965852 48.169626241679133 62.605862063175607  115.97522644965851 47.380435603753497 63.473214775589938  115.97522644965932 47.231360110134467 63.896676961817363  115.97522644965812 46.004737293487793 64.838008881403283  115.97522644965923 45.114110513755712 65.530785653692845  115.97522644965906 44.704919761394279 66.402537224218293  115.97522644965812 45.395996763017351 65.646570539071661  115.97522644965917 43.530928964760193 72.242903035256859  115.97522644965886 39.901682607839746 77.310006471130578  115.97522644965866 38.839739876188332 82.763122196624522  115.97522644965915 44.595445649522112 91.037060765586133  115.975226449659 50.343512032712653 99.085285672807771  115.97522644965899 36.005505347275196 117.32535875755327  115.97522644965845 38.638046037832211 105.93132948448157  115.97522644965882 39.177671934482575 129.37746460229704  115.97522644965906 45.989177598099374 154.85312642247308  115.97522644965871 47.954728585554051 180.03271812389312  115.97522644965937 64.152653558118999 195.19422701539611  115.97522644965917 63.875243531864193 209.91971993824922  115.97522644965851 56.548247700709254 204.68745775959161  115.97522644965899 47.466844852862877 172.8497598689969  115.97522644965937 41.057951860627561 147.89855416961899  115.97522644965892 41.31978456207149 121.64757039942779  115.97522644965851 36.277219100975174 97.280589422418203  115.975226449659 31.845819712734738 103.2487727990636  115.9752264496594 33.743878985925036 111.77374579451273  115.97522644965824 33.442260611754925 120.63460004500699  115.97522644966031 36.309930623833267 129.22910321494803  115.97522644965323 39.144368081771631 136.40307944151641  115.97522644968299 39.791013623693985 144.81403429695251  115.9752264495708 36.094574187803566 151.384032208549  115.97522644999063 31.452277782212597 151.23080610854097  115.97522644841652 26.363597541311666 151.49715582152149  115.97522645429174 21.489911235534926 154.36380979595566  115.97522643973116 19.157151090864254 152.61529203072348  115.97522644965895 16.959512088730836 154.70851714077509  
108.54984563702294 15.193595270963868 159.68441509065519  107.21169845791542 15.114349451092536 157.62017667744908  109.17695189968117 11.564381364942435 159.76324964575201  108.37852964694412 14.226989623637721 155.31033191993004  108.59651573392682 16.546934371449424 155.7035451274852  108.53728280155633 18.900722304325328 154.50343661416332  108.55320998185186 21.07957656172627 152.81057308606444  108.54894598056251 24.003305412435509 154.12638521803694  108.55008664360298 26.186897817747365 153.42681636426619  108.54978089579072 30.558179791088577 155.19113776931556  108.54986300949145 33.132661518659944 152.77790079568229  108.54984098514024 32.734899612168448 150.28805167429141  108.54984687256467 33.444580447030091 147.87125575297671  108.54984530591059 33.445935371905819 145.35499077493876  108.54984572635158 34.004956634602564 142.91996957132301  108.54984561312722 34.054003351883608 140.43868350749665  108.54984564344056 34.63801092983698 137.99358426206027  108.54984563530229 34.641445444299393 135.50510651244929  108.54984563748303 35.116649759561511 133.05406826678598  108.54984563689823 35.338743335310539 130.58320724373516  108.54984563705523 35.701504353937963 128.12292697351415  108.54984563701476 35.967531230345514 125.65479839788418  108.5498456370243 36.305958744741844 123.19165956237202  108.54984563702237 36.421553620669158 120.70945191540557  108.54984563702214 36.826840923232737 118.2506972182357  108.54984563702305 37.01801542300197 115.77453422537508  108.54984563702328 37.118215358677304 113.29098307478102  108.54984563702328 37.422492310497006 110.8274955317583  108.54984563702226 37.366499393227087 108.31469821563434  108.54984563702226 37.753136017606181 105.93854781053659  108.54984563702271 37.858868998090287 103.15931058945102  108.54984563702237 38.024355794464867 100.46742042316549  108.54984563702249 37.994511639909916 97.735070746748079  108.54984563702249 38.432515736747376 95.023314764470172  108.5498456370226 38.252792828398753 92.289264770302736  108.5498456370234 38.67460755979269 89.568830053955878  108.5498456370234 38.535049956208752 86.839929031824852  108.5498456370234 38.514520853251753 84.114803535257295  108.5498456370234 38.815154420236496 81.384653967234726  108.54984563702249 38.819953925092449 78.656415488335085  108.54984563702214 38.530001695633416 75.935707861184028  108.54984563702362 38.698420937525526 73.204388830975461  108.5498456370226 38.591973504003249 70.479437746079611  108.54984563702419 38.455759512680714 67.75759715696654  108.54984563702226 38.579340465821957 65.022078084432735  108.54984563702283 38.373371344629419 62.302497111099399  108.54984563702351 38.251543747059259 59.582272991682629  108.5498456370226 38.625563700059786 56.802997950556289  108.54984563702169 38.829469733904517 53.979711048300913  108.54984563702374 38.410110357931444 51.26242871906814  108.5498456370226 37.900948769443715 48.588736987086463  108.54984563702351 36.690741037118698 46.149054298243698  108.54984563702317 35.783851435607858 43.584241722438776  108.54984563702237 34.547623167839021 41.176790185382458  108.54984563702317 33.62045859658727 38.575291554456612  108.54984563702192 32.31968847041415 36.317507504841331  108.54984563702317 30.535531988833839 34.241520221174497  108.54984563702374 29.832467484561505 31.831689821529082  108.5498456370226 30.719903964226518 28.970083394115974  108.5498456370226 30.979321730396208 26.036849355681809  108.54984563702317 30.025868020334343 23.707930262466874  108.54984563702396 30.309400575842488 20.443367762709613  108.54984563702249 29.59005744175667 17.612925487388949  108.54984563702362 28.178186301660247 15.402045734482314  108.54984563702317 27.091138864572542 12.575476770566773  108.54984563702328 25.366005617724596 10.049124031514822  108.54984563702226 23.332404907715926 7.993187908628947  108.5498456370234 20.760213560940997 6.9783964579614448  108.54984563702271 18.066972246988385 6.8862075748622686  108.54984563702305 15.617408854009962 5.8719735465491034  108.54984563702317 11.806009985414509 6.2974297664494792  108.54984563702214 11.130523785663121 3.7144550473972124  108.54984563702328 -2.1832620037448649 12.598382926413322  108.5498456370234 -2.5680151043344948 10.241117776726476  108.54984563702305 -11.779305107372135 -3.213582759532104  108.54984563702249 -6.232991562913309 -4.4949423615929387  108.54984563702317 -4.4742829166153868 -3.4167506006291846  108.54984563702237 -1.6727658733949582 -3.0362541692274485  108.5498456370234 0.82425119706893213 -2.3045124117649678  108.54984563702351 3.4671705062526001 -1.9956560134499259  108.54984563702169 6.1180342931659766 -1.8140792867054447  108.54984563702317 8.8145996114920848 -1.5275907378023774  108.54984563702169 11.498907197473045 -1.1405697814192806  108.54984563702271 14.173933233787153 -0.59465193700724939  108.54984563702237 16.862081282984462 0.10523848579456541  108.54984563702226 19.650786559900894 0.60046867480148336  108.54984563702214 22.350710005800693 1.4385277604651137  108.54984563702351 25.045869881018575 2.3663736511705409  108.54984563702237 27.778861186072589 3.4135245797681435  108.54984563702271 30.293584799303119 4.8317595203712216  108.54984563702192 32.995200429338382 6.2661352639298542  108.54984563702294 34.964271984811802 8.2694569230602752  108.54984563702135 37.526665240012193 10.096665038693459  108.5498456370226 39.308511355429886 12.435921473368452  108.54984563702214 40.084510595660987 15.013998971899156  108.5498456370234 40.52301995345718 17.642481149827091  108.54984563702214 41.208158460821437 20.205447222604562  108.54984563702328 41.92449554910965 22.773053097147226  108.54984563702089 42.867565724379489 25.244930170391314  108.54984563702362 43.759410889123217 27.855269489698657  108.54984563702192 44.675140395443606 30.398536841275643  108.5498456370226 45.281488282163025 32.844260651781099  108.54984563702328 46.214511936968734 35.271971633456047  108.54984563702271 46.963914710663801 37.749763028842153  108.54984563702283 47.745482492314181 40.230952256335911  108.54984563702192 48.19561555049674 42.757170453226479  108.54984563702374 48.382798553204566 45.3090153509782  108.5498456370218 48.534659547289749 47.848056133085947  108.54984563702351 48.751047141656329 50.374953404976225  108.54984563702283 48.919531857617073 52.894480473586498  108.54984563702362 48.949009684203844 55.42854990855642  108.54984563702385 49.40522969433556 57.89078273306518  108.54984563702203 49.310542799191097 60.402359059704111  108.54984563702294 49.696993373197671 62.881439942331497  108.54984563702294 49.63627284247832 65.366804058918376  108.54984563702169 49.429662490294078 67.855157421643412  108.54984563702396 49.884385096702687 70.346524667492361  108.54984563702112 49.887828928974358 72.827315459501165  108.5498456370226 50.005427693607061 75.305877012762096  108.54984563702135 50.061707807753123 77.807582542578814  108.54984563702271 49.990141853557645 80.28552727906083  108.54984563702351 50.1835510068411 82.767722266701185  108.5498456370218 49.923141306991738 85.262423900952228  108.54984563702351 50.200267630823419 87.728590650275692  108.54984563702249 50.074332771747066 90.257546496546297  108.5498456370226 49.944128664984532 92.716932156425969  108.54984563702305 49.858132621742186 95.204947178813995  108.54984563702385 49.853204171721273 97.753016267206476  108.54984563702317 49.798450192116889 100.3131149431839  108.54984563702237 49.637287989114071 102.86995037302313  108.54984563702396 49.670248548913918 105.41447008254977  108.54984563702249 49.511660975035625 107.96313247600858  108.54984563702237 49.234168639185498 110.54625062950879  108.54984563702419 48.46240124542075 113.30726505773873  108.54984563702283 48.658162055175666 115.77422221489383  108.54984563702294 48.519440411389496 118.37538103440068  108.54984563702305 48.856460902881338 120.64862498533216  108.54984563702237 43.031258581236727 123.12911013140729  108.54984563702249 32.502671984194023 131.8425495849815  108.54984563702317 63.087162529673549 120.00753576861098  108.54984563702362 59.818731802628832 167.71050228206047  108.54984563702317 61.234911618642428 143.99485507707618  108.54984563702271 47.069160492370401 116.13540878969422  108.5498456370234 37.014983691663588 88.328850611413827  108.54984563702158 18.168545359176647 57.68330549782047  108.54984563702283 21.099966335102721 34.069710535183049  108.54984563702317 22.186619147959391 21.835692979845817  108.54984563702317 37.537216325486725 63.016624316208095  108.54984563702226 43.480915608473936 94.14722519061138  108.54984563702283 35.840553478809028 125.94747273558824  108.54984563702351 32.770626875501506 161.77276255221557  108.54984563702294 42.122110063879205 169.06467608752496  108.54984563702203 35.773489014512279 162.37004690529943  108.54984563702487 36.134982442688312 157.53630543701752  108.54984563701748 32.4273443869902 153.8332914461306  108.54984563704363 29.732272668600956 156.02309597375904  108.54984563694074 26.761416539400955 154.92826275449488  108.54984563732671 24.728476947082015 156.21941267158229  108.54984563587971 22.286010662347422 157.08899056576865  108.54984564130734 19.823005605666538 157.37932096658778  108.54984562104437 17.710125895224706 158.49128294883371  108.54984567126507 16.07625223280381 160.1810405004311  108.54984563702294 15.193595270963868 159.68441509065519  
117.67786261711406 16.524247435250491 153.85906405597865  116.22718989639043 16.478768606617251 151.87057006549057  118.35770259468723 14.8191918988589 151.83997805831174  117.4921405700097 18.251834433563012 150.25263893536973  117.72845722846277 20.491174068364785 149.82311964281254  117.6642433658144 23.072755801880891 149.19878724203357  117.68150987157483 25.598322249306655 148.71759575937438  117.67688730803954 28.101343683809326 148.12723677165627  117.67812389007203 30.745065448072733 147.76445706050404  117.67779243175758 32.609638668796947 145.72535777056649  117.67788145044358 33.032624089685513 143.13972825458507  117.67785757405366 33.405909659202649 140.5878387064123  117.67786395655332 33.701627554896547 138.02581839879576  117.67786225815847 34.074361384407723 135.44748681508901  117.6778627139544 34.367756952635276 132.87305466213431  117.67786259120913 34.716043985697354 130.32263189198926  117.67786262407219 34.956744159278443 127.73152704215831  117.67786261524958 35.280998012186195 125.1731306899521  117.67786261761421 35.544032457326949 122.59263253027831  117.67786261698022 35.834671059582178 120.02420704192043  117.67786261715014 36.104407436534359 117.4480741246156  117.6778626171043 36.344291672635777 114.87217977086735  117.67786261711673 36.567681314571075 112.29339226728109  117.67786261711339 36.795571841558044 109.71520623788541  117.67786261711439 36.978357382980121 107.13331764763865  117.67786261711396 37.173753334886591 104.55271574073956  117.67786261711402 37.368477266421323 101.97143683617715  117.67786261711399 37.506821802163643 99.38759419275604  117.67786261711402 37.710602271951593 96.804269505994867  117.67786261711429 37.787975298979731 94.236060958352937  117.67786261711404 37.905061075870179 91.621817474708536  117.67786261711413 38.013879880665783 89.06221596659546  117.67786261711404 38.117011388699652 86.482476709119794  117.67786261711424 38.156734651272913 83.902155485536369  117.67786261711402 38.265557702454871 81.324201951488419  117.67786261711397 38.237342216538089 78.743014673379406  117.67786261711399 38.279994160413061 76.163185545215725  117.67786261711399 38.308173469349981 73.58254316496712  117.67786261711393 38.22906155544905 71.003178047979247  117.67786261711412 38.205237711685285 68.422287918951866  117.6778626171142 38.178085351553477 65.842159176243541  117.67786261711393 38.061198176573015 63.26417540547817  117.67786261711412 37.967463566234386 60.685773677415696  117.67786261711387 37.878391186855261 58.106163825355893  117.67786261711413 37.697996134021324 55.531543816578562  117.6778626171141 37.579014135935353 52.954465997886302  117.67786261711396 37.375139802831541 50.381411137481123  117.67786261711409 37.014550721646366 47.8267599938535  117.67786261711422 36.406862815664482 45.316130332571362  117.67786261711396 35.668871573883536 42.835651333098696  117.67786261711404 34.861218941692911 40.388217710078166  117.67786261711396 34.01791413983937 37.955008692778726  117.67786261711396 33.171768021510147 35.503240343034491  117.67786261711422 32.391166950950229 33.063840334660327  117.67786261711393 31.541362810054558 30.612580716553317  117.67786261711422 30.743498397684867 28.143064724130916  117.67786261711404 30.130404406305679 25.640862603954606  117.67786261711392 29.560392820152522 23.100619516945336  117.67786261711413 28.583886248166159 20.710923264723469  117.67786261711402 27.386261282595168 18.423733250190196  117.67786261711404 26.099668143882781 16.145781384169403  117.67786261711386 24.403930225426635 14.203435831759997  117.67786261711413 22.580759900557133 12.35850016380518  117.67786261711393 20.582509160418638 10.723605812079231  117.67786261711399 18.35023970364589 9.3771324685055237  117.6778626171141 15.932456651113714 8.4723326185344021  117.677862617114 13.437225007866569 7.7301438790780477  117.67786261711406 10.880425351511452 7.3706960437488895  117.67786261711407 8.3722888982836583 6.8520151956607034  117.67786261711396 5.7821274744731941 6.4289743913791506  117.67786261711404 3.5130309778666424 5.7966546008336781  117.67786261711412 0.64143900923992692 5.909284035381563  117.677862617114 0.02679439848072887 3.2401992997328413  117.67786261711393 0.35483837641216154 0.17908006460888681  117.67786261711413 3.5892589172946838 -0.0057064216364819953  117.67786261711404 5.9613088061225268 0.78539256794708656  117.67786261711407 8.5497664074015276 1.1269218249243453  117.67786261711413 11.088467331324328 1.5708355120838602  117.67786261711393 13.64321605581787 1.9528485187890368  117.67786261711396 16.186579444576996 2.4096616495841605  117.67786261711416 18.700024997966054 2.9556447826292387  117.6778626171141 21.199990439330385 3.663554076315819  117.67786261711422 23.636481916174958 4.4924092796970179  117.67786261711419 26.011444517191045 5.4768446212891764  117.67786261711397 28.380149200284603 6.554107816388389  117.67786261711427 30.625082814067184 7.7986932498011239  117.67786261711412 32.772175038408832 9.2263306995685266  117.67786261711396 34.797839641558312 10.824283099626197  117.67786261711417 36.64593895382049 12.62384275787193  117.67786261711404 38.297039105583423 14.604178023492976  117.67786261711422 39.705763095387873 16.763404926871292  117.67786261711403 40.957341959888709 19.024330592463169  117.67786261711437 41.857503616710005 21.456123247330225  117.67786261711407 42.389439603811851 23.98603395024827  117.67786261711424 42.940873428661511 26.507636543933081  117.67786261711385 43.522203804715389 29.024546951989244  117.67786261711424 44.116807317746421 31.537646109266525  117.67786261711387 44.739706677164676 34.044323736751252  117.67786261711447 45.359829328393729 36.545058279101909  117.67786261711389 45.991360138763071 39.051808896683859  117.67786261711427 46.564469158151077 41.576525929553959  117.67786261711404 47.152865186562678 44.088133952586531  117.67786261711396 47.616354992604201 46.630836833998643  117.67786261711406 48.0001743279566 49.192095772648344  117.67786261711413 48.302876580269199 51.758591370118673  117.67786261711417 48.535815488340305 54.331688608602136  117.6778626171139 48.750779538741682 56.913458209905784  117.67786261711429 48.947869977730932 59.488475544383924  117.67786261711399 49.104965322855307 62.067725074677483  117.67786261711404 49.236203049668326 64.64872077272814  117.67786261711385 49.375600315659042 67.251675986821567  117.67786261711396 49.441684387909334 69.812429645722844  117.67786261711409 49.565561895333104 72.410550430238573  117.6778626171141 49.570779481271259 75.001950754538115  117.6778626171141 49.64674536951064 77.584611029333018  117.67786261711413 49.727070505017309 80.174923773022954  117.67786261711399 49.674980751258488 82.769884991924656  117.67786261711427 49.682646321915627 85.350510705874541  117.67786261711417 49.651522313182369 87.928714692902389  117.67786261711427 49.614419707481218 90.531444267945631  117.67786261711402 49.576015168078371 93.112391667626213  117.67786261711396 49.48037556506128 95.691308780191974  117.67786261711419 49.421598674886454 98.297167070309698  117.67786261711402 49.285954708701496 100.85176276445033  117.67786261711409 49.180241746584279 103.4901163718562  117.67786261711413 49.055526810686196 106.0296560683409  117.67786261711404 48.926046811842461 108.63461376119179  117.67786261711402 48.763833405103966 111.20624138500348  117.67786261711396 48.594178153564783 113.79251749349487  117.67786261711424 48.425021521114303 116.37398473105208  117.67786261711386 48.208996961446672 118.93462130437268  117.67786261711424 48.034349522789313 121.51609805064147  117.67786261711407 47.823155987872134 124.11968866606993  117.6778626171139 47.742977548935286 126.61886054361541  117.67786261711407 47.40731577660425 129.19732451980096  117.67786261711407 47.111356323781081 131.75006529978549  117.67786261711396 46.722610544248539 134.37636353880143  117.67786261711416 47.667804121701138 136.97163936199945  117.6778626171141 51.443060923072217 137.80656232544453  117.67786261711396 48.040576261304665 142.42932158917014  117.67786261711393 45.484735289730395 135.05618619386158  117.67786261711399 42.779816385079556 137.11530917322889  117.67786261711416 44.23656326544711 140.98287768355016  117.67786261711397 44.500090074254402 144.49123238522048  117.67786261711419 46.577395958151627 149.11411225611079  117.67786261711416 44.319438550638615 151.40339852480054  117.67786261711393 41.063958987877896 153.57141042826206  117.67786261711412 37.315230727441005 148.43536283720243  117.67786261711416 35.421387848059695 144.34557840364448  117.67786261711404 36.781352597020714 140.45821918807167  117.67786261711396 37.034353974621609 135.60642800323114  117.67786261711407 34.56144663000714 137.09663673721531  117.67786261711414 35.58401804639842 141.73950696063184  117.67786261711399 34.767041060698205 145.86743788050009  117.67786261711366 33.723217640990782 149.31209863664458  117.67786261711535 31.70820959618278 150.61909550385758  117.67786261710998 29.204191206102855 151.42547305014654  117.6778626171305 26.621847091939372 151.86084986608876  117.67786261705234 24.058331995143551 152.17110861140935  117.67786261734642 21.543718013208057 152.78829343013081  117.6778626162471 19.05126712090048 153.54098201912447  117.67786261897211 17.367484426504831 153.62644032287477  117.67786261711406 16.524247435250491 153.85906405597865  
121.22292760353085 17.475904178440246 151.77764927679419  119.72855312824902 17.414675436625281 149.81828208299089  121.92324787236072 15.641933728085251 149.94265460655021  121.03161064917916 19.063473381996189 148.20582072630788  121.27504638587605 21.300796740955093 147.9832270405455  121.20889807004396 23.829560998563316 147.26899399668957  121.22668473213227 26.336755993589723 146.86205892331645  121.22192291311026 28.835032515343709 146.4465750476752  121.22319674737962 31.40771182204735 145.76614634435248  121.2228553038284 32.924751898691511 143.47989767069686  121.2229470042175 33.273132001144191 140.94696890113809  121.22292240854701 33.596593921401798 138.41662157810669  121.22292898332078 33.967979559460112 135.90240345305801  121.22292723376172 34.281428908562859 133.35181949223448  121.22292770328829 34.657854001559087 130.82381711526307  121.22292757684573 34.913457608770088 128.29742489194433  121.22292761069825 35.297327503048962 125.75912321925223  121.22292760161015 35.553199635954783 123.22845112996103  121.22292760404561 35.858632252204963 120.688323742135  121.22292760339288 36.083340817535607 118.14829578814987  121.22292760356771 36.319355302744256 115.60437118417983  121.22292760352094 36.582202877509388 113.06624561488567  121.22292760353338 36.795450088270236 110.52209210374681  121.22292760353014 37.000540760232141 107.97757550870513  121.22292760353095 37.293750773068368 105.44006857233738  121.22292760353082 37.431372300288643 102.89036558494854  121.22292760353103 37.609872414833575 100.34355419788245  121.22292760353086 37.764134715178386 97.796196116492098  121.22292760353082 37.845898663189885 95.240496237765541  121.22292760353085 38.004524371166127 92.715267726142841  121.22292760353072 38.133236975299184 90.123118130864185  121.22292760353095 38.186730266330471 87.584371209771035  121.22292760353078 38.253390954801844 85.025590422996231  121.22292760353072 38.293963578684597 82.468314039475558  121.22292760353088 38.350600794319767 79.910665579340332  121.22292760353091 38.410489172533481 77.353207981261477  121.22292760353095 38.437227261661064 74.794951617533869  121.22292760353089 38.375164800381583 72.237247215657305  121.22292760353095 38.411085666953582 69.678856223610808  121.22292760353091 38.363330412370068 67.120494004817473  121.22292760353074 38.285326459990578 64.563855180781218  121.22292760353106 38.26377055467276 62.005578282789443  121.22292760353079 38.16337331659669 59.449268124973642  121.22292760353112 37.993386773729924 56.896035223909593  121.22292760353064 37.915954972783261 54.338714665110402  121.22292760353101 37.81827123565148 51.781268796046533  121.22292760353092 37.591920963722529 49.228284167387429  121.22292760353096 37.117799423104728 46.714347363432921  121.22292760353061 36.612813142747733 44.207312027249415  121.22292760353098 35.915917144547876 41.737230257902553  121.22292760353089 35.216506149997343 39.281601757606687  121.22292760353095 34.49350144628206 36.83305150767891  121.22292760353093 33.770407045699471 34.365772727263483  121.22292760353078 32.992286412748896 31.949982761189439  121.22292760353093 32.272910371072001 29.47586107385856  121.22292760353072 31.743293336485927 26.966346069522608  121.22292760353083 31.295944649699486 24.449840122399586  121.22292760353108 30.430141082770586 22.011608273622208  121.22292760353076 29.465137512162894 19.655532268427898  121.22292760353101 28.329277081106508 17.337872543585302  121.22292760353086 26.705788763393052 15.312919292042189  121.22292760353102 25.189450626880198 13.248484828276494  121.22292760353089 23.245215735356034 11.53011734617367  121.22292760353098 21.090804627691227 10.116767021529167  121.22292760353086 18.827596022104558 8.906947399241492  121.22292760353081 16.481947042133914 7.8339059989704758  121.22292760353085 13.887804766831611 7.6829010033323071  121.22292760353085 11.400105046001487 7.0609776023924971  121.22292760353089 8.9073466920484368 6.737366996818678  121.22292760353093 6.2455980646880995 6.2956826395038146  121.22292760353075 3.2377387525786077 6.7578456942703022  121.22292760353085 -0.48942273835917804 5.5969706770561958  121.22292760353079 -0.48394567557811108 1.8484357353948733  121.22292760353093 1.2759654309862363 -0.4861845083041606  121.22292760353095 3.9425678969919815 0.58067377999548775  121.22292760353078 6.4173613836896131 0.76507475580601403  121.22292760353093 8.9705504903060902 1.0882890065861661  121.22292760353076 11.501513977703883 1.4258713153660358  121.22292760353095 14.0154430402318 1.9026630557629391  121.22292760353109 16.53358557749506 2.3779219497026327  121.22292760353059 19.050214818470437 2.8293211017607538  121.22292760353093 21.53238174321438 3.5354010219503138  121.22292760353058 23.950616022644198 4.3625534815115374  121.22292760353092 26.339491914457945 5.2774363661465165  121.22292760353074 28.71764962146213 6.3268476754053875  121.22292760353088 30.975516899900732 7.5437039921247777  121.22292760353062 33.173958644753419 8.8983766914615376  121.22292760353112 35.211049971826483 10.490674775736354  121.22292760353062 37.081862670547707 12.273585446112401  121.22292760353092 38.824121772424178 14.206035614600452  121.22292760353061 40.304295709870658 16.327215117276108  121.22292760353091 41.517419191269624 18.60759283861324  121.22292760353074 42.229753217390012 21.069095329411013  121.22292760353064 42.858760012128556 23.54451203023412  121.22292760353071 43.439920730541857 26.036237750854138  121.22292760353093 43.982680493499828 28.53486569748911  121.22292760353072 44.574228769709002 31.022194955553612  121.22292760353099 45.189781167089933 33.504868213396037  121.22292760353048 45.793739130905017 35.983451254311731  121.22292760353119 46.313639145374381 38.496391054455884  121.22292760353049 46.897859928808813 40.996485132566391  121.22292760353105 47.335043653331091 43.509504920453224  121.22292760353088 47.765088557168831 46.02745393062834  121.22292760353091 48.075316932777781 48.568003607007228  121.22292760353083 48.358642209258271 51.105967272616624  121.22292760353056 48.574356879813863 53.649359459373095  121.22292760353115 48.794479808073113 56.199318205454794  121.22292760353056 48.976232937500086 58.743792113362311  121.22292760353088 49.111862837535092 61.292024024170487  121.22292760353088 49.253787883265829 63.839852652237425  121.22292760353099 49.360371434765256 66.410214548644603  121.22292760353095 49.4835583168135 68.935471696285816  121.22292760353074 49.503028000929355 71.50184582794023  121.22292760353092 49.662174376141394 74.054299996932201  121.22292760353081 49.670863684616712 76.604300515019531  121.22292760353061 49.579295378743936 79.159718578720515  121.22292760353118 49.650168711205275 81.719648809125346  121.22292760353054 49.615807925857403 84.26520295428648  121.22292760353085 49.612219136470216 86.808877241618319  121.22292760353048 49.576040242520193 89.376128980188611  121.22292760353103 49.508201181733256 91.921536171373077  121.22292760353092 49.449708157961538 94.466060392983977  121.22292760353071 49.308888257700872 97.033202532430238  121.22292760353101 49.245588970697213 99.555755185962227  121.22292760353079 49.078781420078052 102.15501903633042  121.22292760353071 48.982979633940332 104.66253817384512  121.22292760353098 48.810976104634818 107.22899219626323  121.22292760353099 48.720208173132583 109.77286565936531  121.22292760353076 48.531439559759335 112.32638511804588  121.22292760353088 48.388143211344556 114.87808659498985  121.22292760353102 48.199835563292133 117.41065558528544  121.22292760353076 47.999324651852 119.9541363992509  121.22292760353069 47.608803314549519 122.53371556947124  121.22292760353115 46.755478553739799 125.26943521178414  121.22292760353081 46.836384174999374 127.86767334997103  121.22292760353088 46.529988259036287 130.37300094237054  121.22292760353092 46.953853584498525 133.31121937264149  121.22292760353071 50.302176454802705 133.73005560525718  121.22292760353066 50.208436684528195 138.04932658484384  121.22292760353092 46.009884749388831 134.30927666926078  121.22292760353098 48.305713486795582 144.14089934803405  121.22292760353086 49.844240106401585 146.87760565520591  121.22292760353072 49.52758417119805 148.73051589503328  121.22292760353096 47.163446487420373 150.48171204036504  121.22292760353054 42.746290465915926 149.23401110048536  121.22292760353075 39.68147884704878 148.75635634821077  121.22292760353095 44.07257935908477 152.47685960029895  121.22292760353079 47.782018709624303 160.91484437830982  121.22292760353078 44.32384798039692 167.18161751747385  121.22292760353095 39.721056211835943 166.49132511321213  121.22292760353092 40.144889413080236 165.28480614586235  121.22292760353089 44.445137240160946 159.23506327448695  121.22292760353074 37.821935187571 155.4255291933045  121.22292760353115 36.750858892347935 148.86263237101394  121.22292760353011 33.564971189041984 145.1613249762562  121.22292760353371 32.314221793055879 149.43708649684766  121.22292760351982 29.583027503289042 149.55303908132836  121.22292760357197 26.995383192123359 148.14834889464163  121.2229276033756 25.027783470675274 150.73591917849194  121.22292760411321 22.438365715837087 150.76725053970239  121.22292760135902 19.696596208365172 149.90453024552923  121.22292760818523 19.12025782376643 155.75113174836576  121.22292760353085 17.475904178440246 151.77764927679419  
123.19856612422731 17.90233886038002 150.45758330683984  121.67983698406458 17.853891846433356 148.51258015534285  123.91029990803553 16.56852122329127 148.24777097741909  123.00413116941026 20.244294204975233 147.12006412842933  123.25153431580689 22.565440629134066 146.65020283927944  123.1843079435085 25.2837996430206 146.17601222310162  123.20238448487619 27.884348198984526 145.65064082582961  123.19754505979928 30.599403997391004 145.36647843483627  123.19883965446563 32.85812655118977 143.58267432528964  123.19849264621618 33.479905663666003 140.86016602921251  123.19858584109801 33.729865937264442 138.20786180468934  123.19856084457811 34.176235463818109 135.55358480823958  123.19856752650477 34.500406676769757 132.90196660075389  123.19856574843183 34.846717452366775 130.22077033765498  123.19856622561085 35.133333413875896 127.54817992018205  123.19856609710709 35.449888496312823 124.89698113652685  123.19856613151185 35.751214921617994 122.2148575323703  123.19856612227541 36.050792945195312 119.5565666722302  123.19856612475087 36.342721332885375 116.88162338928258  123.19856612408704 36.619929402338656 114.21445563228643  123.19856612426504 36.872054775835373 111.53911264908096  123.19856612421727 37.114741906903717 108.86631076404045  123.19856612422996 37.390482094523506 106.19509096860097  123.19856612422682 37.630854579146011 103.52064736466428  123.19856612422728 37.781496192699919 100.83901730525247  123.19856612422745 37.921168678225712 98.157565576182577  123.19856612422724 38.06201144101162 95.475903509518503  123.19856612422733 38.19047566259151 92.794700754070959  123.19856612422727 38.327359844123436 90.110055197654731  123.19856612422747 38.432296356900267 87.448974924332077  123.19856612422724 38.512906917787959 84.728106209572786  123.19856612422728 38.573373900066017 82.064898099804424  123.19856612422733 38.650246218140587 79.381195776354076  123.19856612422753 38.703448190013589 76.698171545148256  123.19856612422721 38.657935924364544 74.01438556940505  123.19856612422747 38.683960725924408 71.330963391515382  123.19856612422718 38.618404227710265 68.647559803373625  123.19856612422738 38.599143457454701 65.964482684719513  123.19856612422714 38.542658451392413 63.281541772495864  123.19856612422757 38.453282102736409 60.598871638074634  123.19856612422716 38.359732078624958 57.917408627232156  123.19856612422748 38.233178534882946 55.236544603768422  123.19856612422731 38.061156506044732 52.558616066094238  123.19856612422738 37.95581979502672 49.876610782523429  123.19856612422733 37.700169899681711 47.20208549151009  123.19856612422744 37.191891489475466 44.555686751782702  123.19856612422733 36.547157684955636 41.938332891434627  123.19856612422731 35.831071899424025 39.350408734566763  123.19856612422733 35.092870220151603 36.768710412703904  123.19856612422744 34.301949298983537 34.194150634511047  123.19856612422743 33.582261433597651 31.614594224152139  123.19856612422723 32.849896665522238 29.039963584282486  123.19856612422731 32.148944926252298 26.435707217046509  123.19856612422744 31.594172574861489 23.829334372706047  123.19856612422741 31.150568222925205 21.15672090769775  123.1985661242273 29.991932164014454 18.685698785520149  123.19856612422743 28.534489414644533 16.369537744050973  123.19856612422731 26.958052244706817 14.144309718910785  123.19856612422737 24.968902859397726 12.252815560926994  123.1985661242272 22.850762634598929 10.499758866290078  123.19856612422724 20.534671186849977 9.0232380225727038  123.19856612422726 18.038606076601038 7.8557804047710862  123.1985661242274 15.346371964058621 7.1212843089250066  123.19856612422724 12.575529351286979 6.8917941831726708  123.19856612422744 9.851547709876197 6.6194066685165751  123.19856612422743 7.155400286982422 6.4300572883213345  123.19856612422721 4.5212275934024131 5.8666559384265184  123.19856612422737 1.942070635813379 5.3883514275639248  123.19856612422734 -1.0548468857782591 5.7075924284399289  123.19856612422731 -2.3235222791524386 2.5349043932695299  123.19856612422734 0.47422140250797407 -3.090069673143081  123.19856612422737 7.2242332773326643 -2.4399266430651743  123.19856612422745 11.033431201287438 1.3150984800830325  123.19856612422717 13.464965107374841 2.1747040258943806  123.19856612422748 16.174699341468077 2.2676467947469088  123.19856612422734 18.805387395322402 2.8855154779480325  123.19856612422736 21.411688516964738 3.5080458329874542  123.19856612422737 24.031877583483023 4.1160155648085279  123.1985661242272 26.580060831402463 4.9988812897346726  123.19856612422728 29.044031476575782 6.1290986580525795  123.19856612422731 31.429718289593932 7.4080675698689271  123.19856612422741 33.770179946914865 8.80694115754169  123.1985661242275 35.992997256784847 10.35252682423163  123.19856612422723 38.025839105423039 12.167812615510066  123.19856612422745 39.901242069412561 14.215415858445459  123.19856612422741 41.475959695119208 16.476251343396665  123.19856612422745 42.844497894567404 18.897311512934102  123.1985661242273 43.881112564818245 21.493704036583832  123.19856612422745 44.637930326633338 24.185937012411973  123.19856612422743 44.772334912056934 27.064031487771523  123.19856612422734 44.893662534001677 29.854294232828359  123.19856612422747 45.250315097547684 32.544639173223501  123.19856612422736 45.748905461004384 35.18330262754462  123.1985661242274 46.336213599651508 37.801852955494695  123.19856612422747 46.877059520243265 40.431080853235024  123.19856612422726 47.415023789493596 43.060991160627559  123.1985661242274 47.881842906376136 45.704797214340388  123.19856612422717 48.303601015054653 48.358223224004988  123.19856612422761 48.618135827459 51.022025401567305  123.19856612422716 48.866391541251161 53.703645399513533  123.19856612422758 48.991040912344594 56.403401071840634  123.19856612422717 49.127943159089391 59.081034226793292  123.19856612422727 49.244375578136967 61.765842199412432  123.19856612422737 49.385436857491868 64.451819244892476  123.1985661242273 49.446656790055791 67.13692126527485  123.19856612422747 49.511168723027424 69.819760989809723  123.19856612422728 49.569333697760712 72.510060440858851  123.19856612422737 49.617978821835564 75.19138668612328  123.19856612422741 49.689476327015086 77.872860548256483  123.19856612422737 49.706100834119638 80.555878787343161  123.19856612422716 49.740267552176014 83.261115814505757  123.19856612422743 49.662367543024487 85.920293727216887  123.19856612422727 49.640978235669337 88.618630613989325  123.19856612422733 49.522820022186366 91.30744857310863  123.19856612422744 49.471498562882928 93.987402194711109  123.19856612422734 49.407049498334047 96.674265858970102  123.19856612422734 49.253016276471207 99.363912149579463  123.19856612422726 49.169439041314703 102.04036525431459  123.19856612422751 48.971189270103551 104.71015660654146  123.19856612422751 48.838676428895056 107.40766096456606  123.1985661242273 48.651839123972508 110.07992641313336  123.19856612422723 48.489928476895628 112.7527527341831  123.19856612422745 48.434569823901377 115.45678235658568  123.19856612422748 48.233275069424437 118.10360704038314  123.19856612422711 48.03410970783289 120.83562323411289  123.19856612422745 47.810570639137133 123.46516766886052  123.19856612422724 47.552270901627892 126.15913571199903  123.19856612422751 47.279228173548233 128.82159319142633  123.19856612422726 47.070016161677742 131.50314159913427  123.19856612422747 46.773022815321639 134.1761147965224  123.19856612422716 46.48338843210469 136.81861443629555  123.19856612422757 46.015831173169786 139.50861075233669  123.19856612422734 47.497488101994591 142.17809138874401  123.1985661242272 53.504473404320564 142.58440204986601  123.19856612422733 50.116438631193574 144.98145962193837  123.19856612422741 49.114755277182965 147.06563104589412  123.19856612422718 48.48513556422688 149.86391989806896  123.19856612422747 45.7011406339345 154.00842399339126  123.1985661242273 45.336503151292945 155.89334295990079  123.19856612422733 45.183958936360888 159.43922564830183  123.19856612422724 42.518386571488236 159.28542237813826  123.19856612422738 41.782219687113809 161.43694566893868  123.19856612422753 42.026482093724766 163.85994436879088  123.19856612422717 38.34668274255732 164.78721269029751  123.19856612422751 41.975847892408886 169.55937201811986  123.19856612422743 44.56013553351071 175.04626075492126  123.19856612422734 39.424671791621428 175.08801904394778  123.19856612422741 32.784067816625338 170.027212765456  123.1985661242275 35.794524301273121 161.85500690768257  123.1985661242272 38.903746452841034 158.24645816051873  123.1985661242273 35.476056623115497 156.39887722174711  123.19856612422744 32.676363494337082 155.1089178481194  123.19856612422731 35.999293002855715 152.47712568378091  123.19856612422734 38.179856198099095 148.91048248534702  123.19856612422716 35.249024109593137 150.45986614522292  123.19856612422744 33.528021432186378 145.44698337293113  123.19856612422775 31.029338652878298 148.46461278254782  123.19856612422606 28.452309229328577 149.18995682254035  123.19856612423224 25.530368788798661 148.45455331175032  123.19856612420934 23.017487714006453 149.63178583914708  123.1985661242941 20.464938449703219 150.37742578425281  123.19856612408434 18.095026276292835 147.00892147810816  123.19856612422731 17.90233886038002 150.45758330683984  
126.31746034446363 19.027141349959773 148.9234317830622  124.76028306576805 18.940960762549128 147.003747942958  127.04721237681564 17.001776203898942 147.13697538604555  126.11810307540317 20.430688800637625 145.44714718552055  126.37176947848863 22.638100572328547 145.37542393977776  126.30284120372052 25.155412415599301 144.80159356979402  126.32137537070935 27.598354118936157 144.35486385390135  126.31641343077393 30.099522768130388 144.04894067460475  126.3177407993918 32.419219696179866 142.90753185345574  126.3173850062833 33.659966338056051 140.59633288841974  126.31748056048626 33.932603435832419 138.09788079923231  126.31745493115481 34.285317666136663 135.61778761775281  126.31746178224073 34.603795374133981 133.14206472952213  126.31745995915456 34.911577349517614 130.63698186543516  126.31746044841357 35.222967867411597 128.14672257249129  126.31746031665678 35.52051428300463 125.67111567524337  126.31746035193243 35.805634231970032 123.16717294014367  126.31746034246217 36.105833576211168 120.68729930348749  126.31746034500026 36.376432169076999 118.18931121121538  126.3174603443197 36.633695153663822 115.69852181885324  126.31746034450218 36.908920378081945 113.20437657011614  126.31746034445308 37.12265277579079 110.70724688051567  126.31746034446641 37.363404237282076 108.21143001903039  126.31746034446286 37.620197948196989 105.71732962718899  126.31746034446385 37.840954819461409 103.2197169590417  126.31746034446348 38.026889392669176 100.71933979151231  126.31746034446368 38.192169845199579 98.217179177825471  126.31746034446341 38.325200017684011 95.714227535785284  126.31746034446368 38.478859595154375 93.20857186481706  126.3174603444636 38.577806066131032 90.724170594890609  126.3174603444635 38.687184654365176 88.183027327776102  126.31746034446363 38.78246004862504 85.69560243062665  126.3174603444634 38.865372326390343 83.187978712909995  126.31746034446368 38.913617208865304 80.681031014629411  126.31746034446356 39.004113035240671 78.174681253578669  126.31746034446354 38.98001838268685 75.666624327858941  126.31746034446356 39.028982327838889 73.159496063553405  126.31746034446364 39.011550104145456 70.651753548764802  126.31746034446357 38.967413844232304 68.144699312940617  126.31746034446353 38.924920128605706 65.636848342797293  126.31746034446365 38.880437621820597 63.129973878395916  126.31746034446351 38.810054514572101 60.623495525830513  126.31746034446363 38.710467244227196 58.117855401328377  126.3174603444636 38.602790732542921 55.612236994421046  126.3174603444635 38.492697161502392 53.107243037907601  126.31746034446368 38.403785505526315 50.598222962387176  126.31746034446354 38.219168934522557 48.092458469736236  126.31746034446357 37.8875270297073 45.602774833901329  126.31746034446368 37.432749029013138 43.132501111019828  126.31746034446344 36.947064727199717 40.661920227692953  126.31746034446363 36.324758574914839 38.233792205166473  126.31746034446348 35.709937354910224 35.807295492180053  126.31746034446361 35.119384692367049 33.357293050575372  126.3174603444635 34.501072797342133 30.947502721766355  126.31746034446354 33.848611449285883 28.510415730875245  126.31746034446365 33.453526711798887 26.019334500710862  126.31746034446351 32.981324235021262 23.545820335981809  126.31746034446367 32.064920705409712 21.166269475133905  126.31746034446358 31.010987718942751 18.878289886918246  126.31746034446371 29.690503481619036 16.716678560105343  126.31746034446365 28.179375766703011 14.654878058857767  126.31746034446361 26.408001190275769 12.849737149859433  126.31746034446351 24.459765342401507 11.200695944452503  126.31746034446365 22.337748302538778 9.7613841122018883  126.31746034446344 20.011689534047164 8.6977239179067851  126.31746034446363 17.566962425817117 8.0409538777773264  126.3174603444636 15.047035621130203 7.7401292546683083  126.31746034446361 12.602438262824677 7.1792684794367734  126.31746034446363 10.171391955421822 6.7392759552531238  126.31746034446351 7.4942389544453523 6.7470918893989715  126.31746034446357 3.7286037607901257 7.7312473455734985  126.31746034446363 1.0278527862016915 4.2014086117439948  126.31746034446347 1.9217723510196532 -0.24069617422094192  126.31746034446357 5.8549545735234689 0.49611899422956851  126.31746034446371 7.9865169478644136 1.3701474529668369  126.31746034446351 10.569622592260099 1.5728180844446571  126.3174603444636 13.02311304506658 1.9568858186067333  126.31746034446361 15.486958075991911 2.4649924675784902  126.31746034446353 17.966814115511024 2.8393213689146397  126.31746034446363 20.430069604441485 3.362619834953418  126.31746034446351 22.839133334945416 4.0377613636515362  126.31746034446365 25.233038346796171 4.8493323242076798  126.31746034446356 27.554136276174003 5.7892120688249609  126.31746034446361 29.832295935649462 6.8365382677003819  126.31746034446347 32.060174607463175 8.0616370720184634  126.31746034446364 34.184554203749016 9.4066709013085692  126.31746034446348 36.177698833270853 10.956417644258771  126.31746034446374 38.061089652882174 12.657963828011461  126.31746034446337 39.690799079148235 14.594702300436126  126.31746034446363 41.243831873285188 16.621882069100984  126.31746034446348 42.450601054761528 18.860621317095649  126.31746034446346 43.120675532957875 21.289552754216366  126.31746034446374 43.684711886738469 23.729257306172979  126.31746034446348 44.205726962957513 26.182092781286642  126.31746034446356 44.731645073295923 28.634233039991713  126.31746034446348 45.27238112477383 31.083235476273025  126.31746034446373 45.787448325153875 33.537055325949439  126.31746034446343 46.270356860733344 35.997874391943554  126.31746034446364 46.75647052044733 38.451575933177644  126.31746034446356 47.197137894543133 40.925738146801564  126.31746034446365 47.602997373408442 43.408447360185676  126.31746034446357 47.930999883298178 45.887678351735389  126.3174603444637 48.179057185406535 48.381280575815119  126.31746034446357 48.39294909139057 50.883085839736296  126.31746034446354 48.617439326641858 53.37909582795217  126.31746034446354 48.830507938936655 55.875612321581933  126.31746034446351 48.975822652192164 58.383711111939263  126.31746034446363 49.122605866703964 60.883175681165575  126.31746034446354 49.236842466124173 63.385753076306131  126.31746034446363 49.313092214156171 65.88973788699461  126.3174603444636 49.406738931071231 68.414028349856849  126.31746034446353 49.492009789467275 70.895172298960048  126.31746034446354 49.559329030200807 73.414055091684645  126.31746034446368 49.643480420103955 75.923178435000438  126.3174603444636 49.621617386827069 78.426901584355107  126.31746034446348 49.625658911974867 80.936802224419651  126.31746034446367 49.610383605428353 83.450886383981612  126.31746034446358 49.5951251853811 85.95089128323815  126.31746034446353 49.570348972036605 88.449088922363501  126.31746034446347 49.474287255140112 90.969314557621374  126.31746034446346 49.417150177189001 93.469303525285028  126.31746034446361 49.333833182446121 95.967637567402136  126.31746034446347 49.201404674720592 98.489368719331054  126.31746034446357 49.066285968969133 100.96353701643386  126.31746034446373 48.937488133168856 103.51820698934849  126.31746034446357 48.851092421364761 105.98097853625006  126.31746034446356 48.751253172154492 108.50566574459687  126.31746034446377 48.590208254840476 110.99894905104688  126.31746034446348 48.40356446852897 113.50531648484521  126.31746034446365 48.197909946937827 116.0053261318881  126.3174603444636 48.053356016560073 118.4949907082452  126.31746034446361 47.858840837763935 120.98945019362979  126.31746034446348 47.284966039926879 123.51781806823124  126.31746034446367 45.90000237542209 126.39745383150252  126.31746034446354 46.163299604438095 128.93293709724549  126.31746034446354 45.999659461908678 131.57323698781852  126.31746034446356 47.881486266241311 133.98650031979514  126.31746034446356 53.484315845031951 133.77556325512694  126.31746034446354 51.022148659708122 137.061820643646  126.3174603444636 45.295242013733201 136.66140017446398  126.31746034446356 47.363491201227603 139.7596324765374  126.3174603444636 47.97774729674898 143.59866765734333  126.31746034446346 49.270971800942206 148.69963455564246  126.31746034446361 48.345871501435937 150.97252352757377  126.31746034446351 45.928256236241381 151.85929159990565  126.31746034446347 40.887114585308858 149.70434986158216  126.31746034446361 42.646115679546149 153.11494504604394  126.3174603444635 43.768413836099413 157.09094677882993  126.3174603444636 41.326283510568558 160.85592098383955  126.31746034446371 37.199545651720108 159.49609688054639  126.31746034446346 39.807994044880473 155.8928000686096  126.31746034446378 40.732600264788914 153.6802045111134  126.31746034446333 37.704143969650275 152.13056182946258  126.31746034446387 34.245140138921471 153.74538758526387  126.31746034446252 33.490436758905489 148.75440348253909  126.31746034446765 34.151739107656589 144.45053830984057  126.31746034444824 31.17920756731743 147.21404184657996  126.3174603445208 28.842444039943402 146.88135405365153  126.31746034424795 26.472857892951193 148.22848706269252  126.31746034527242 23.91634831558753 147.85420784236874  126.31746034144709 21.363045588395256 147.22097985840162  126.31746035092789 19.998418373861718 150.66598300851052  126.31746034446363 19.027141349959773 148.9234317830622  
131.0963371588378 20.128362620628817 146.25719584940484  129.48024832213014 20.03414458954537 144.37634688108002  131.85369737028191 19.014536351828497 144.20035712795604  130.8894377508816 22.207687275168233 143.18064560173218  131.15270093092084 24.320949890059978 142.97944241201469  131.08116494275146 26.714181378661802 142.50842531664367  131.10040029943073 29.038743457173101 142.15186211412171  131.09525063802243 31.435810522178606 141.86486000218918  131.09662822401378 33.465509655253221 140.41463356865637  131.09625897044299 34.357045381962109 138.14231511013881  131.09635813967881 34.549641137992417 135.76907044128527  131.09633154073128 34.912169975040555 133.418503455924  131.0963386510096 35.217841223523507 131.07061877000928  131.09633675895159 35.567868869691814 128.70170799643753  131.0963372667205 35.890124153565296 126.34264964187604  131.09633712997908 36.196407113229732 123.99717871625394  131.09633716658908 36.501300599146575 121.62583010505577  131.09633715676077 36.78994862622519 119.27372079797968  131.09633715939478 37.052258249931583 116.90453269510535  131.09633715868856 37.334341523740136 114.54561464271318  131.0963371588779 37.561899949328307 112.17608133992505  131.09633715882703 37.826263702148175 109.81321597068859  131.09633715884064 38.014013522676194 107.44160862157955  131.096337158837 38.233843525286986 105.07317143689352  131.096337158838 38.445793351813734 102.70402105669004  131.09633715883774 38.634872203660407 100.33293444892922  131.09633715883785 38.814853660998764 97.96099831190682  131.09633715883783 38.962798839387197 95.587806101061517  131.09633715883771 39.092610907039557 93.209960325109421  131.09633715883803 39.241705978368245 90.855857777719791  131.09633715883763 39.353315752467786 88.4456863120636  131.09633715883785 39.450028613603976 86.086522400111562  131.0963371588378 39.555426157164248 83.709115831971474  131.09633715883785 39.657886939447209 81.33273310954246  131.09633715883777 39.714474561690757 78.955209414178981  131.09633715883788 39.804907612699282 76.577783855813493  131.09633715883797 39.803906240753435 74.199106269093747  131.09633715883768 39.828414696395768 71.820881309458287  131.09633715883788 39.849244585377505 69.442369019285962  131.09633715883783 39.839324451907046 67.063226311465925  131.09633715883774 39.808392398128547 64.685223793595284  131.09633715883794 39.762112587625914 62.307255223314712  131.09633715883771 39.709974549703375 59.929353205598872  131.09633715883785 39.589179751739152 57.553294252586781  131.09633715883768 39.485494321038381 55.176998988627162  131.0963371588378 39.381799075828276 52.801852050456802  131.09633715883785 39.254713284766183 50.427710658232726  131.09633715883785 39.115826482199125 48.055571918499723  131.09633715883771 38.915664486869069 45.684435963751895  131.09633715883783 38.576097119107018 43.322864993124057  131.09633715883785 38.213176178607867 40.974806696461584  131.0963371588378 37.785989798172963 38.639809331080102  131.09633715883763 37.323109548081831 36.294685434628008  131.09633715883791 36.820243282862322 33.988588247351835  131.0963371588378 36.343889603694322 31.64352737537029  131.09633715883774 35.777676165560379 29.327945426124238  131.09633715883788 35.307618251833119 27.013594493956234  131.09633715883783 34.907101383620457 24.650033043353886  131.09633715883783 34.205514984971941 22.388820506849768  131.0963371588378 33.258766672255277 20.203704735052877  131.09633715883766 32.023665265497712 18.155511297881691  131.09633715883777 30.750070174753173 16.153925622860662  131.09633715883794 29.194222309961706 14.351949834335606  131.09633715883766 27.533521907501765 12.642923127807414  131.09633715883797 25.617249460796387 11.214631516236444  131.0963371588378 23.568862849599299 9.984686718846234  131.09633715883785 21.40716443012456 8.8678870185521941  131.09633715883768 19.017491969139645 8.641311506048682  131.09633715883785 16.750517892419055 7.9795625782709925  131.09633715883774 14.386100440679098 7.5134886103278795  131.0963371588378 12.570593359935977 6.6531885041066845  131.0963371588378 9.6949890685289919 7.8978108312829081  131.09633715883777 7.1118406537050802 6.2908104754454621  131.0963371588378 6.6745120951437054 2.0814100856047864  131.09633715883774 9.6531087928378021 1.6280397819087464  131.09633715883788 11.838365304257035 2.219176032268896  131.09633715883788 14.213746811781251 2.61024849276669  131.09633715883768 16.55772402004709 2.9681469297586558  131.09633715883783 18.913043612910521 3.3164207465150852  131.09633715883785 21.245620517861859 3.7910836328782143  131.0963371588376 23.54949963713986 4.3581835581582977  131.09633715883803 25.83801144334344 5.0714937979492696  131.09633715883754 28.041435947534715 5.9531085563360193  131.09633715883797 30.220268380689806 6.8975390969696342  131.09633715883763 32.325202487717746 8.0570587510448579  131.09633715883797 34.336017645655382 9.31046345615772  131.0963371588378 36.255895387474396 10.720973592742538  131.0963371588378 38.066610042500372 12.273302413210859  131.0963371588378 39.71518921021044 13.995539199914946  131.09633715883785 41.202761116548096 15.852477614045956  131.09633715883771 42.526776909188492 17.846502173242399  131.09633715883785 43.648082417831631 19.986653807422449  131.09633715883788 44.296717599202061 22.285631193875012  131.09633715883771 44.761712982730835 24.615180516369044  131.09633715883791 45.223136337117239 26.949405218920361  131.09633715883774 45.661494828260075 29.287726541750217  131.09633715883777 46.106863930068144 31.624150414700569  131.09633715883788 46.559737143889095 33.960123063086506  131.09633715883777 46.959291597335337 36.299015273296789  131.09633715883791 47.381647843806221 38.645542586846467  131.09633715883774 47.725330831091533 41.006621242520502  131.09633715883785 48.043223186580285 43.357558290618023  131.09633715883768 48.31464506325041 45.719347875419693  131.09633715883785 48.553100917195039 48.089699677131932  131.09633715883771 48.713360262398993 50.461589967428864  131.09633715883785 48.888905665651492 52.831357654222636  131.09633715883788 49.065185692986518 55.207930607566205  131.09633715883771 49.20953499211781 57.578797715823569  131.0963371588378 49.3611526287564 59.950510768274761  131.09633715883771 49.476731029325443 62.324372954140443  131.0963371588378 49.560070284823418 64.719129626482058  131.09633715883768 49.663951325890935 67.07157225818392  131.09633715883785 49.705727746687074 69.461717806065934  131.09633715883785 49.769043507448409 71.841939642837445  131.09633715883785 49.820768564665897 74.216458132683911  131.09633715883771 49.84201064659652 76.597254506208031  131.09633715883791 49.858073525269113 78.982138234332893  131.09633715883763 49.84026035638508 81.353858037335812  131.09633715883791 49.809032666436245 83.723172361836831  131.09633715883783 49.821472068785155 86.1161745819972  131.0963371588378 49.753796635871275 88.487412356432714  131.09633715883783 49.675016271733348 90.857481607529863  131.09633715883777 49.651679403110883 93.253597239851473  131.09633715883803 49.564738519447189 95.603062549541363  131.09633715883763 49.459521798285728 98.027145816727085  131.0963371588378 49.32237955267054 100.36027650328566  131.09633715883783 49.209535123013623 102.75376832209683  131.09633715883785 49.112203750368508 105.12228640597284  131.09633715883774 48.978624118673579 107.50246351388813  131.0963371588378 48.837131117651637 109.877682684371  131.0963371588378 48.662549256977336 112.23479175660809  131.09633715883791 48.48838480499208 114.6093185316717  131.09633715883774 48.404360953887881 117.00782038009177  131.09633715883791 48.515089536861794 119.23095549409808  131.09633715883785 48.156930606592638 121.59496499672647  131.09633715883785 47.879098299529204 123.92506524409472  131.09633715883768 46.670266598137275 126.31704339418317  131.09633715883791 43.962872734558616 129.92801353331043  131.0963371588376 46.516113969987167 131.61053547505674  131.09633715883774 53.17594863464241 133.47581231182966  131.09633715883783 51.345023608878591 137.92849062108098  131.09633715883771 47.676090272478348 135.56762220949281  131.096337158838 45.229154378796757 130.58820555101275  131.09633715883777 43.185137155604068 132.69835033681846  131.09633715883774 44.548280339247448 137.28102827438136  131.09633715883791 45.689972098185713 142.07859678021711  131.09633715883783 45.115876802877992 145.84409845669973  131.09633715883783 44.508738568947741 147.27717417592709  131.0963371588378 45.040697202112391 149.88989611500281  131.09633715883774 42.260883650069374 150.5231572115872  131.0963371588378 37.488262953844114 149.87422825332942  131.09633715883768 36.822465379518064 145.65206115651091  131.09633715883797 38.809991170949701 142.19704745461053  131.09633715883768 38.722370156017092 135.74274737276892  131.09633715883814 36.087066876396378 140.99098891987768  131.09633715883612 33.937439716919656 144.10992216158243  131.09633715884434 31.862616393871782 144.70183629672584  131.09633715881404 29.500947186285931 145.40571254350596  131.09633715892727 27.089589982357282 145.24599578227853  131.09633715850288 24.783854065758426 145.85516643744705  131.09633716008639 22.494166152894724 146.82868621814978  131.09633715616201 20.855977985121314 145.86368406161358  131.0963371588378 20.128362620628817 146.25719584940484  
132.84899058294437 21.098067738279958 145.55351247742274  131.21129592799139 20.98272790663265 143.67898040296444  133.61647609610668 19.299217835117709 143.66445420588116  132.63932509499188 22.606779518022318 142.28968194737564  132.90610789368657 24.733926903104113 142.19445385483269  132.83361552643515 27.177009312954645 141.76963061159591  132.85310804448477 29.524360482226772 141.36072418487521  132.84788953621268 31.946374786546453 141.00773277405233  132.84928553942956 33.950552088453108 139.45950517971622  132.84891134923299 34.663280596231118 137.08785350453618  132.84901184428247 34.925099372579616 134.70172566691193  132.84898488972834 35.272578730725684 132.3127169626182  132.848992095065 35.593582629776819 129.93458765591993  132.84899017771221 35.900792779800931 127.52600027490222  132.8489906922693 36.226087246144303 125.13424679870558  132.84899055369976 36.526015841543085 122.75474876551817  132.84899059079962 36.839331624653283 120.35107260588732  132.8489905808392 37.141255691566236 117.96744745372537  132.84899058350902 37.435401285631315 115.56844680913224  132.84899058279308 37.672347985311248 113.17148203915683  132.8489905829851 37.969681041031009 110.7759482065114  132.84899058293348 38.154029230754375 108.37139236419827  132.84899058294735 38.42263877681151 105.9744419473692  132.84899058294369 38.6350487459761 103.57211528656764  132.84899058294468 38.841302581762008 101.1692502540274  132.84899058294428 39.019880076344883 98.764335977353412  132.84899058294457 39.222532964950261 96.36079125933108  132.84899058294428 39.368808535500989 93.954215307414231  132.84899058294442 39.526020762818021 91.544805393449934  132.84899058294451 39.647445834827082 89.156169612700367  132.84899058294451 39.783023445425755 86.713756772230397  132.84899058294445 39.885609967708803 84.321898167930641  132.8489905829444 39.983995662440215 81.910922043228766  132.84899058294445 40.048295562941405 79.50020766962075  132.84899058294437 40.088461080878282 77.088911116831412  132.84899058294437 40.141702805276644 74.677901147755065  132.84899058294437 40.167150705856386 72.266332418730798  132.84899058294451 40.169096155091324 69.85455993780198  132.84899058294417 40.187126942108463 67.443224653233514  132.84899058294457 40.178018538080551 65.030929700236584  132.84899058294445 40.131425990435943 62.61990972333421  132.84899058294442 40.077216485105609 60.209033606510836  132.84899058294437 39.997476578935462 57.798606818542218  132.84899058294451 39.928366902071915 55.387531296087026  132.8489905829444 39.82963340621572 52.977717418773764  132.84899058294451 39.707217810791491 50.569393852755631  132.84899058294451 39.615779887657183 48.158545939534889  132.8489905829444 39.380728418750323 45.759231721029664  132.84899058294428 39.089718734115749 43.365675833186813  132.84899058294462 38.749573993170912 40.971118854720814  132.84899058294437 38.325179009706702 38.600054479785655  132.8489905829444 37.84751536007002 36.241300711204268  132.84899058294451 37.402480606527675 33.859017403682593  132.84899058294442 36.900000646153202 31.519177731925577  132.84899058294431 36.43947056558526 29.137610373327266  132.84899058294451 35.985871800985358 26.762969837110873  132.84899058294423 35.535402919141788 24.401124094750678  132.84899058294457 34.794928737090743 22.084973777596947  132.84899058294428 33.808256490722059 19.894880160684281  132.8489905829444 32.621211690233245 17.786778310014995  132.84899058294442 31.252634178405081 15.761367363140049  132.84899058294457 29.506202926234295 14.105989798707627  132.84899058294423 27.789777750083896 12.375634269086405  132.84899058294448 25.71554880400684 11.132380872959573  132.8489905829444 23.69252020359696 9.7983920925675534  132.84899058294451 21.422099607948962 8.9570011110291041  132.84899058294428 19.054088057850858 8.3976896029061692  132.8489905829444 16.68049228061318 8.0179703437772716  132.84899058294445 14.285838815679821 7.7321320499234805  132.8489905829444 11.957972856908055 7.1303188295014488  132.84899058294451 9.3326616852248598 7.0307793597725627  132.84899058294457 8.1068490486562492 4.2369554236963216  132.84899058294442 9.7766634677565634 1.5850929350795524  132.84899058294437 12.960596059120375 2.2251273585784417  132.84899058294462 15.138481487016032 2.8816738046126105  132.84899058294428 17.577263263956493 3.2117715985893724  132.84899058294434 19.93943794890551 3.5970233439817196  132.84899058294445 22.317487818967596 4.0469439218884418  132.8489905829444 24.644331014596588 4.6845295352962673  132.84899058294442 26.951467190365079 5.4138370729400647  132.8489905829444 29.174774405145499 6.3364006777195607  132.84899058294442 31.379579112233795 7.3640295633126351  132.84899058294457 33.477854761414754 8.5523331637819879  132.84899058294437 35.477426464592924 9.8962559179498673  132.84899058294454 37.422683303728803 11.375690699441737  132.84899058294445 39.174624277220374 13.031854570616087  132.8489905829444 40.81314922782191 14.818191082724802  132.84899058294451 42.217046685085378 16.797628775893344  132.8489905829444 43.465465845531725 18.874150904671808  132.84899058294445 44.448372208737965 21.109543035416195  132.8489905829444 45.051378225105168 23.473860748120973  132.84899058294437 45.34388960857153 25.887501730174048  132.84899058294457 45.726250491199742 28.267529236724855  132.8489905829444 46.215274829811285 30.632950876200717  132.8489905829444 46.61375131304662 33.012733039419246  132.84899058294451 47.018519710682192 35.390816818013903  132.8489905829444 47.409063316041191 37.771015789765528  132.84899058294437 47.768046193896495 40.15689739653385  132.84899058294442 48.10381569873978 42.539629350696856  132.84899058294445 48.36650361987116 44.942486165336106  132.84899058294448 48.61027286182437 47.349248351611379  132.8489905829444 48.820764711520262 49.745217133618482  132.84899058294425 49.007632404815638 52.148304574629854  132.84899058294442 49.194978623736901 54.55622124558024  132.84899058294448 49.355279849089456 56.961052045550296  132.8489905829444 49.501652748883899 59.366138401282299  132.8489905829444 49.646587425855678 61.778244043182994  132.84899058294448 49.730101617201406 64.185307232881485  132.84899058294434 49.803289448976379 66.593692272018828  132.84899058294457 49.864168147716676 69.002398136147619  132.84899058294431 49.925734536045518 71.431345387116281  132.84899058294462 49.972818589519953 73.81854834286321  132.84899058294425 50.005112971518088 76.241878392073858  132.84899058294445 49.992558388563111 78.656134739765307  132.84899058294437 49.985672595864578 81.064076739947751  132.8489905829444 49.968949897734767 83.478028401055582  132.84899058294451 49.932389273160631 85.895890819363231  132.8489905829444 49.88990051480058 88.300255547681104  132.84899058294445 49.82543574857344 90.701953382184215  132.84899058294423 49.735612319758879 93.126097153292193  132.84899058294451 49.650680127300504 95.529396413151559  132.84899058294442 49.607535716304731 97.934406740965798  132.8489905829444 49.43415413503881 100.35761847851298  132.84899058294437 49.276997069270067 102.73565571187099  132.84899058294445 49.191581453166101 105.19515877893711  132.8489905829444 49.018844176274222 107.55902142317201  132.84899058294448 48.894918705194549 109.98594124148008  132.8489905829444 48.691368095429624 112.38064731619451  132.84899058294451 48.482189270538363 114.78873454580437  132.84899058294448 48.330181005210193 117.19755171506981  132.8489905829444 48.03780818309334 119.57755132991201  132.84899058294468 47.84397597414317 121.98234002468277  132.84899058294411 47.533702609443097 124.40448882182446  132.84899058294451 47.225740440017418 126.79518357577854  132.84899058294434 46.956991187082878 129.19736084995185  132.8489905829444 46.680942954795142 131.59966577845103  132.8489905829444 47.852913585958795 134.07156317009719  132.84899058294445 51.39253546294416 134.34396278394121  132.8489905829444 50.572827820058457 137.88513422516536  132.84899058294454 46.854248036569736 136.66333824847487  132.8489905829444 45.224464056313195 134.34047367052938  132.8489905829444 44.460345049010378 132.04829678617688  132.8489905829444 43.767539068962584 130.40687979470783  132.8489905829444 43.1731799053278 127.27112492671505  132.84899058294445 41.609330960802751 124.17426930234649  132.84899058294448 41.024412981296592 120.94435800066979  132.84899058294411 39.302690190099121 116.89698015006869  132.84899058294465 38.45710943613318 120.80060837531551  132.84899058294437 37.897523184317649 122.85855120848062  132.84899058294451 38.067405090256912 125.54808620713933  132.84899058294454 38.338837625575835 128.45105089048343  132.84899058294434 38.16545347738333 131.96129731574507  132.84899058294434 37.30339571081953 135.33214400742935  132.84899058294491 37.068774394921242 139.18743581226113  132.84899058294258 36.716571537202555 141.07055920392321  132.84899058295102 35.027888464758078 142.56839318653138  132.84899058292044 33.01100408044482 144.06422753947152  132.84899058303432 30.634438234533203 144.41380432064079  132.84899058260712 28.267533334287744 144.9038274270024  132.84899058420973 25.860812194158772 145.04844139045002  132.84899057822554 23.45362963400952 145.20016146594585  132.84899059305735 21.958633043810394 146.03741121670134  132.84899058294437 21.098067738279958 145.55351247742274  
137.66670768154401 22.433254832412519 143.09415395792257  135.96962266534786 22.306041110200603 141.25487083604338  138.46202575905966 21.361124420658598 141.12571107901448  137.44943875602016 24.454070931702518 140.14274670907878  137.72589632939912 26.541405115638202 140.0407772238907  137.65077505457572 28.880345257947589 139.57914162132073  137.67097446122972 31.170000717626632 139.3568914232481  137.66556670577955 33.487496578360549 138.85872236576915  137.66701333451164 35.227528320029606 137.12741964281543  137.66662557445284 35.726617835146548 134.81307132729367  137.66672971391606 36.019610673859354 132.51790942509956  137.66670178186547 36.354009719225232 130.21429247324676  137.66670924850138 36.659113099187351 127.92055606726248  137.66670726161595 37.002776541975699 125.60475162469449  137.66670779483366 37.308553935605005 123.29736811930815  137.66670765123894 37.609656980761443 121.00453027162642  137.66670768968376 37.915801170325139 118.6873612136163  137.6667076793629 38.212866108509601 116.38959687626959  137.66670768212879 38.457937881825153 114.07222299193604  137.66670768138724 38.776949795019391 111.77097785341108  137.66670768158596 38.952703304435644 109.44941402616649  137.66670768153267 39.281295621187013 107.14746865104635  137.66670768154688 39.480238974090597 104.8299445055452  137.66670768154322 39.689687500652909 102.51404069352904  137.66670768154398 39.906659630269459 100.19876411437141  137.66670768154398 40.125354158544312 97.883570850403146  137.6667076815439 40.28753626312745 95.563674243124865  137.66670768154398 40.462108101829195 93.245779474881815  137.66670768154384 40.627281385500929 90.923452500543164  137.66670768154398 40.781116725825179 88.6227497269455  137.66670768154387 40.901249178866074 86.266839609470622  137.66670768154398 41.018648268312802 83.961457401750152  137.66670768154381 41.12201662911788 81.637065962284964  137.66670768154398 41.19638568220735 79.312993281565227  137.66670768154404 41.294570937897142 76.989614580060675  137.66670768154404 41.328999185404221 74.664285294617457  137.66670768154401 41.383630456065511 72.339565254133248  137.66670768154395 41.431770966458814 70.014740419003033  137.66670768154404 41.438681893045583 67.68937561359111  137.66670768154381 41.409163138676078 65.363451890370371  137.66670768154407 41.413003129191992 63.038330667520164  137.66670768154393 41.370372952602587 60.713244295264644  137.66670768154404 41.349499737892074 58.388114309339414  137.66670768154387 41.281800727814705 56.063276984521366  137.66670768154387 41.213592581645671 53.738756851696479  137.6667076815441 41.085567849508323 51.416954169168122  137.6667076815437 40.950164837022498 49.095380227836003  137.66670768154404 40.827349918191885 46.775167607750234  137.6667076815441 40.638585669483319 44.457368292458156  137.66670768154387 40.358777322877387 42.141303945259935  137.66670768154404 40.093956478081807 39.8345032234173  137.66670768154381 39.761971926875546 37.537051839200977  137.66670768154398 39.393768398504797 35.229503333327784  137.66670768154393 39.009349209633925 32.953809252855592  137.66670768154404 38.607224183244355 30.649655003576626  137.6667076815437 38.239236951493154 28.347864864122172  137.66670768154427 37.836762884983905 26.068379637723652  137.6667076815437 37.347477495161996 23.778261270856149  137.66670768154415 36.593101761648569 21.581449681707426  137.66670768154381 35.599671296507807 19.48189317725183  137.66670768154393 34.329202563884998 17.519148810222624  137.66670768154398 32.962891972713422 15.63225431562633  137.6667076815441 31.314645341897709 14.004637734873972  137.66670768154404 29.540225058728151 12.475951562850803  137.66670768154387 27.549957947604739 11.279957215773301  137.66670768154415 25.449095841156257 10.267627203871331  137.66670768154381 23.309161130429651 9.3467505651972509  137.66670768154404 21.011494973163991 8.9115384636715014  137.6667076815439 18.754656911925476 8.3928434464865767  137.66670768154398 16.466425010466928 8.086154038449223  137.6667076815437 14.028637477558933 7.7691306759533703  137.66670768154407 12.805292797472426 5.5235040376624998  137.66670768154376 13.987522561653039 3.2310839193579857  137.66670768154404 16.489032610334537 3.3358259916939206  137.66670768154398 18.716614894684646 3.7482073445429887  137.66670768154407 21.032720634168435 4.1104635620568093  137.6667076815441 23.311440060480681 4.5333451900869086  137.66670768154376 25.561631534460702 5.1365552117814151  137.66670768154398 27.788479626276185 5.8013881839171919  137.66670768154393 29.95279463733165 6.6608697868431594  137.66670768154398 32.0690238959845 7.6027121273931613  137.66670768154404 34.115307841742514 8.7413180770003294  137.66670768154393 36.071519373764957 9.983841516040691  137.66670768154401 37.938400441514716 11.358094675503999  137.66670768154376 39.670154674731172 12.945760517716909  137.66670768154404 41.267433055185919 14.619083245008376  137.66670768154381 42.694800993429872 16.458292975206071  137.66670768154398 43.961970461958487 18.407351528840394  137.66670768154384 45.000569229532218 20.497200721118606  137.66670768154398 45.634069291499344 22.740454133636781  137.66670768154381 46.019409480761482 25.030314678705871  137.66670768154404 46.585941453017099 27.286235237220581  137.66670768154404 47.002019728543132 29.576433233969123  137.66670768154376 47.200129542661472 31.894667412039517  137.6667076815441 47.506042580210107 34.200103404677719  137.6667076815437 47.811905740943523 36.505918071057359  137.66670768154398 48.108613577955907 38.812225928558703  137.66670768154404 48.392643367030516 41.120987754232203  137.66670768154393 48.631249954578109 43.428169668091925  137.66670768154398 48.910704130637342 45.741627069861707  137.66670768154404 49.134738167204219 48.062879704104319  137.66670768154387 49.337986662951984 50.372959095674148  137.66670768154412 49.507457538250875 52.690588930121059  137.66670768154393 49.680337257971914 55.012990686331001  137.66670768154404 49.800924156004612 57.333934449782817  137.66670768154398 49.941478714872588 59.652768677488268  137.66670768154381 50.026098984024529 61.981337910051877  137.66670768154404 50.085926998346629 64.302402439152502  137.66670768154398 50.185646626436736 66.623545600415127  137.6667076815439 50.245234417166699 68.946170515682894  137.66670768154395 50.286877034620758 71.288460022160137  137.6667076815437 50.297327568641791 73.59056144373298  137.66670768154404 50.322107210264676 75.927423256948018  137.66670768154401 50.298102122411294 78.255052595127836  137.66670768154404 50.291192722519433 80.576623326845805  137.6667076815437 50.272514595201287 82.904497403736926  137.6667076815441 50.206357444322691 85.235045278565536  137.66670768154384 50.169720903322776 87.553504762242198  137.66670768154387 50.089561996083333 89.868801415449525  137.66670768154407 50.008923861972946 92.206065128910907  137.66670768154378 49.923571075208166 94.523851985827861  137.66670768154393 49.771252030961676 96.837506468402182  137.66670768154401 49.673350284647327 99.177176477309033  137.66670768154393 49.576131443674953 101.47350193347125  137.66670768154395 49.400462735947528 103.83942477760957  137.66670768154381 49.260412433164198 106.11991086400636  137.66670768154393 49.100602455149158 108.45745694748609  137.66670768154418 48.935451761848455 110.76843203816176  137.6667076815437 48.748840424019505 113.09179242651197  137.66670768154401 48.478483034836202 115.40335039271341  137.66670768154381 48.33784834050914 117.71062885429234  137.66670768154387 48.044599308442365 120.01909490725464  137.66670768154407 47.805242888533016 122.35830664706091  137.66670768154398 47.547363402598471 124.63747992165028  137.6667076815441 47.324641577349226 126.95764204569636  137.66670768154387 46.793433630657631 129.23977466502214  137.66670768154398 47.552686033424756 131.70316555288025  137.6667076815439 49.221186277717159 133.01786483803983  137.66670768154398 52.328105464400146 134.26789245997816  137.66670768154376 48.401297191358083 137.77115417327687  137.66670768154398 46.963414636099742 134.16239009516551  137.66670768154381 45.492422562371203 133.07875033906183  137.66670768154404 44.516185832052983 130.67490097859837  137.66670768154381 43.953733512964668 128.4884127408238  137.66670768154381 43.141340262123776 126.48455538647609  137.66670768154404 42.376142229893475 124.96387650869558  137.66670768154412 42.185279298198424 121.44352081925916  137.66670768154393 40.143477509681176 124.11979789240574  137.66670768154393 40.615589327315149 126.0107302869379  137.66670768154398 39.850719564697727 128.43666204507619  137.66670768154376 39.420791588594966 130.5516437047205  137.66670768154404 38.935289785234005 132.62224143663889  137.66670768154398 38.8613156678636 134.74364308272067  137.66670768154324 38.440926108182154 136.69041506730269  137.66670768154617 37.433260270209701 138.95291331295851  137.66670768153585 36.067144556647733 140.92636097333724  137.66670768157428 33.895114051618364 141.9051601090959  137.66670768143013 31.600465131517772 142.3566261947426  137.66670768197139 29.285352562329091 142.55224967176019  137.66670767994032 26.991113311897713 142.86052638807075  137.66670768752533 24.695293112755927 143.31489851425079  137.66670766872483 23.18163885190409 143.33974641047001  137.66670768154401 22.433254832412519 143.09415395792257  
140.98941409049343 23.929909118613878 141.77474258053223  139.25136844296705 23.77223211323534 139.95335795634708  141.80392786548623 22.350383379567326 139.96449556808801  140.766901189404 25.433845510834203 138.68060025829533  141.0500313081377 27.449375600892168 138.70203865520949  140.97309691563697 29.747231561168704 138.3514315131473  140.99378385263901 31.965026727315102 138.07718890255788  140.98824557628109 34.227068575114714 137.64279941275109  140.98972712066279 35.983910857764968 136.04215787666135  140.98933000167602 36.583936079419345 133.81549350652347  140.98943665463628 36.836071453775254 131.57523760416933  140.98940804842113 37.167396951728989 129.33536524517086  140.98941569527076 37.48174121950052 127.10589067735609  140.9894136604301 37.814764938602721 124.85245971027142  140.98941420651749 38.089158732746469 122.60411429730081  140.98941405945686 38.435894153341827 120.38070534939625  140.98941409882974 38.748579675174661 118.12802594746029  140.98941408825951 39.027914655933415 115.89123844791581  140.9894140910925 39.307427004901072 113.6410349346386  140.98941409033301 39.544963934787468 111.39383756674414  140.9894140905366 39.831492816274192 109.14728444991914  140.98941409048194 40.030829113512226 106.89406574685935  140.98941409049658 40.275323769622133 104.64478377928332  140.98941409049257 40.518886835859796 102.3954122933922  140.98941409049394 40.730801498655794 100.14284105267402  140.9894140904934 40.951211716432155 97.891370029434256  140.98941409049343 41.155498552001148 95.637710634548256  140.98941409049348 41.325720063825685 93.382632147408259  140.98941409049351 41.526527254133946 91.125889289341103  140.98941409049377 41.631766558788286 88.883947492927945  140.98941409049328 41.790683618268559 86.594804264526132  140.98941409049365 41.912347242381394 84.352118919893769  140.98941409049323 42.000899749461709 82.089924569864792  140.9894140904936 42.107891520583152 79.829984872451064  140.98941409049326 42.172824448838391 77.568437217821966  140.98941409049331 42.258830219671154 75.30736274923072  140.98941409049345 42.309404703968198 73.045361682738019  140.98941409049343 42.328766005548225 70.782716585064961  140.98941409049354 42.360585406456678 68.520593836942993  140.98941409049351 42.418377407692006 66.25762208425985  140.98941409049351 42.368066856476517 63.995450605227752  140.9894140904936 42.396198979576553 61.732877651590833  140.9894140904932 42.329304971115079 59.470993764738644  140.98941409049365 42.291772377660934 57.208402972349433  140.98941409049343 42.220995655940413 54.946773460567144  140.9894140904936 42.153143540163569 52.685359528528636  140.98941409049348 42.072157657712324 50.423874819029436  140.98941409049363 41.933059997744877 48.167510450879533  140.98941409049323 41.813963975979007 45.908681920815084  140.98941409049371 41.658724487258937 43.644186050349973  140.9894140904934 41.41326672616605 41.398627932888374  140.98941409049337 41.176400505773785 39.153518636935885  140.98941409049343 40.888859479762935 36.897821220691455  140.98941409049351 40.596405531798084 34.671952674222666  140.98941409049331 40.267323593601702 32.419837624496765  140.98941409049365 39.938244998021204 30.1758349146181  140.98941409049323 39.534941993897519 27.958823137278664  140.98941409049365 39.247012628695167 25.699542063529154  140.98941409049348 38.755372512338475 23.503179672222711  140.98941409049365 37.966302164580185 21.369554690752089  140.98941409049345 37.000439266378166 19.29222247401103  140.98941409049351 35.759660066932767 17.416590952568072  140.98941409049326 34.227105576898637 15.72105890996232  140.98941409049343 32.646962910203882 14.113282331867547  140.98941409049354 30.824786479858712 12.739984878263222  140.98941409049334 28.941182030645233 11.48806101187162  140.98941409049351 26.909251608272768 10.448866172346762  140.98941409049343 24.742625117511999 9.8075322624155525  140.98941409049357 22.55843426682576 9.271681608652786  140.98941409049345 20.292638097018141 8.8390355676422612  140.98941409049354 18.116965202055979 8.6694197667103783  140.98941409049351 15.668884719836237 7.7957965269524196  140.98941409049348 15.595131950938685 4.739738043093471  140.9894140904934 18.025009625490497 3.7529912335919842  140.9894140904936 20.231626100191651 4.204637697583653  140.98941409049351 22.478050018260976 4.5924888695018407  140.98941409049343 24.687743112891681 5.0277520743206292  140.98941409049357 26.88100999380412 5.5954448563624295  140.98941409049328 29.044684765158184 6.2567136294687771  140.98941409049348 31.153078529082144 7.0858078541267249  140.98941409049337 33.204240959809312 8.0224678840427579  140.98941409049331 35.201966353204654 9.1162284012032551  140.98941409049354 37.125408268094205 10.296584263637767  140.98941409049343 38.915726322471357 11.67129966846146  140.9894140904936 40.620420347277928 13.191673640472359  140.98941409049354 42.173561643746389 14.825422584412392  140.9894140904936 43.553049664470713 16.623632514212648  140.98941409049348 44.770082981474403 18.533393753855041  140.98941409049337 45.775268460983796 20.571898695223041  140.98941409049345 46.294431074008784 22.781358834586101  140.98941409049357 46.866920951110842 24.970765650804324  140.98941409049334 47.254316790940223 27.203780302424462  140.98941409049368 47.587179567292608 29.440695063362533  140.98941409049331 47.903797636822176 31.681350325290616  140.98941409049348 48.060040066491013 33.940883088808164  140.98941409049348 48.345014185385594 36.18596660883766  140.9894140904936 48.605774175931089 38.433432527585424  140.98941409049314 48.836358200543913 40.68469924841056  140.98941409049377 49.095079352655929 42.926840762692741  140.98941409049331 49.270946085446354 45.187756875609708  140.98941409049343 49.51136171510187 47.444508516609815  140.98941409049365 49.648156480722932 49.696957677215579  140.98941409049314 49.849205582848754 51.94921639613014  140.98941409049365 49.987944183688782 54.21102295726368  140.98941409049326 50.124203084575399 56.468035372493873  140.9894140904936 50.229810131423562 58.726072263643587  140.98941409049365 50.342667724789479 60.990117119302802  140.98941409049331 50.415441173795031 63.24837541935829  140.98941409049354 50.493767359273356 65.507370075478008  140.98941409049343 50.544740653521714 67.767381482280939  140.98941409049357 50.582640812648435 70.046601644698484  140.98941409049351 50.613145899127716 72.286102413627177  140.98941409049348 50.637391237825568 74.559971326120561  140.98941409049337 50.59085511287438 76.824477315849805  140.98941409049357 50.617756934651752 79.0840889609443  140.98941409049354 50.549555666218886 81.34779344089219  140.9894140904936 50.542780399850258 83.616733612550377  140.98941409049343 50.479588703117663 85.871943829366174  140.9894140904936 50.419367774078012 88.125252126305739  140.98941409049343 50.333724116002415 90.399263791454644  140.98941409049351 50.256151179573621 92.654392180178817  140.9894140904936 50.147802544322644 94.907715719004301  140.98941409049331 50.031834837421471 97.183457711923438  140.98941409049374 49.889378340052133 99.414994558713033  140.98941409049326 49.784193734925537 101.72090485327789  140.9894140904936 49.658685619410349 103.94095605316477  140.98941409049354 49.467235073543563 106.21277466700047  140.98941409049343 49.283974062538832 108.45975596423318  140.98941409049354 49.08540466473309 110.71868757546035  140.98941409049363 48.960519322226098 112.9798545003751  140.98941409049345 48.703095556363294 115.21426030232071  140.98941409049377 48.495211711422066 117.46783067336855  140.98941409049326 48.229017237494702 119.74118460106742  140.9894140904936 47.949249519903262 121.96232847132691  140.98941409049331 47.63030407205342 124.20808390262277  140.9894140904936 47.505299286759886 126.47546133966401  140.98941409049343 46.767839031706544 128.68084226193133  140.98941409049357 47.258471933057024 131.2903293829601  140.98941409049314 48.943770739894475 132.51871054716207  140.98941409049371 53.535741230062449 132.90201124227349  140.98941409049343 49.531010940316243 138.05420670144787  140.98941409049345 47.215315383606537 134.69015987367771  140.98941409049348 46.113878978231782 133.19942580214888  140.9894140904936 45.005622774988552 131.21576267489911  140.98941409049348 44.297390859750074 128.98856552155652  140.98941409049343 43.610547367502164 126.51930181106368  140.98941409049343 42.679070389279488 125.23347058061569  140.98941409049365 42.668597886147083 119.64788377511165  140.98941409049337 40.274087751869118 125.00244393605954  140.98941409049365 40.651882846168689 125.95908057841208  140.98941409049343 40.18195100081136 128.71715538344483  140.98941409049348 39.939909110960706 130.90254795962625  140.98941409049348 39.598598213785465 133.23297143330333  140.98941409049365 39.241751191942143 135.56420984386466  140.98941409049257 38.453450379522209 137.5477330809565  140.98941409049644 37.109379166023579 139.49351214355488  140.98941409048314 35.078187877000275 140.53624123408304  140.98941409053282 32.932725717472366 141.21720478293014  140.98941409034518 30.660650824528577 141.39973947610164  140.98941409105009 28.407753227035023 141.57161051735153  140.9894140884175 26.183588599477737 141.91615330163455  140.98941409494284 24.638051822729242 141.88825931329168  140.98941409049343 23.929909118613878 141.77474258053223  
144.53995438878394 25.089647954912241 140.20773895353165  142.75813948984461 24.921062593190705 138.40848272396448  145.37498008660631 24.149380866033578 138.37116325430407  144.31183793917785 26.979403773253903 137.35245960178116  144.60209813148947 28.978989136998276 137.33432661122768  144.52322629806378 31.181375447128794 136.91620947379135  144.54443419477025 33.359514921597551 136.82226344266991  144.538756447846 35.510699572848452 136.19520774779346  144.54027530200088 37.082448113886315 134.53102286178711  144.53986818235529 37.569158837495564 132.36030569970006  144.53997752115998 37.861947157822343 130.1960282362391  144.53994819455397 38.176250495945553 128.02438984269941  144.53995603397428 38.479997772458091 125.86348896168768  144.53995394789035 38.80036850761384 123.67929487407901  144.53995450772965 39.133563521898395 121.50976813168378  144.53995435696555 39.434166216137356 119.34994403422715  144.5399543973304 39.719829362733961 117.16446765679943  144.53995438649378 40.018441780306844 115.00020740462239  144.53995438939819 40.276001899491128 112.81799042860871  144.53995438861909 40.524240138537415 110.64200156140801  144.53995438882802 40.793464274391084 108.46425267352393  144.53995438877186 41.055601034265422 106.28797248999692  144.53995438878695 41.259317962219058 104.10435918030996  144.53995438878337 41.520270447414887 101.92689782858014  144.53995438878388 41.709506175895413 99.741991314103544  144.53995438878383 41.97176544851493 97.564496033416162  144.53995438878397 42.102277202977156 95.374292135699108  144.53995438878377 42.370810356194035 93.197417626278224  144.53995438878405 42.434031575405037 91.000532054145282  144.53995438878354 42.686234626420301 88.838960124796671  144.53995438878405 42.760130338750457 86.614513478846561  144.53995438878422 42.899188480942151 84.442196289411612  144.53995438878377 43.014852946920747 82.251247071707638  144.53995438878425 43.116908868898484 80.060898197804576  144.53995438878411 43.193872264377596 77.869584002412878  144.53995438878414 43.30263030641882 75.679250700619065  144.53995438878414 43.357307372948611 73.487037792766685  144.53995438878403 43.448766719329015 71.295942554747995  144.53995438878383 43.476977564579229 69.103332741979216  144.53995438878394 43.495834933573221 66.910139566131761  144.53995438878377 43.516075189554783 64.717684471357586  144.53995438878377 43.502514830708755 62.525080144499256  144.53995438878428 43.503593467552527 60.33224895108679  144.53995438878397 43.472912412417202 58.139302654405981  144.53995438878354 43.457323043559946 55.946314833798112  144.53995438878408 43.387504506089428 53.754842037439701  144.53995438878388 43.298144184498064 51.563546365402914  144.539954388784 43.220011160485953 49.37400673980742  144.53995438878394 43.118393948057971 47.184245506408359  144.53995438878408 42.990730619495579 44.989056663422474  144.53995438878394 42.832728605800177 42.804926338756587  144.53995438878428 42.655464968355247 40.624419853379351  144.539954388784 42.435952242862186 38.431670325613226  144.53995438878405 42.193814448324432 36.269084811389405  144.53995438878388 41.953628540477908 34.076445642223561  144.53995438878414 41.647359966029725 31.899901872109734  144.53995438878425 41.395110619351406 29.729787740654825  144.53995438878397 41.047096370132792 27.554035806192694  144.5399543887836 40.827593067361995 25.380877278557747  144.53995438878368 40.307018533050105 23.241304508843797  144.53995438878388 39.486088425532984 21.179989639794979  144.53995438878377 38.415687343057108 19.278992051342012  144.53995438878445 37.300229397182648 17.366692248588343  144.53995438878391 35.734854822696789 15.810478175413724  144.53995438878405 34.130041364360771 14.313988418590963  144.53995438878405 32.369098344934059 13.005918504681157  144.53995438878377 30.46104045214744 11.908937947188758  144.53995438878383 28.467999158209068 10.971774861259277  144.53995438878388 26.437388224134875 10.168733603857845  144.53995438878388 24.227218954167405 9.8194389659418917  144.53995438878383 22.167120422443908 9.2588737833609187  144.53995438878383 19.830584524877224 9.1217082078919738  144.53995438878394 18.529549972682947 6.8655645245667811  144.53995438878405 19.897125707297345 4.6373113951004195  144.53995438878371 22.320895144453985 4.8336495884882593  144.53995438878405 24.391689996427321 5.1848702527891968  144.53995438878385 26.570031762720131 5.6260194698173605  144.53995438878377 28.678970461613943 6.2095099077252796  144.53995438878394 30.757640769520311 6.9075183055770317  144.53995438878417 32.805682346417903 7.7003119519338048  144.53995438878388 34.761044006894693 8.674953233617444  144.53995438878425 36.706733590626563 9.7176900310912124  144.539954388784 38.524403273280569 10.938834678698855  144.53995438878417 40.245052162009188 12.282766560591684  144.53995438878411 41.900567488756742 13.755995181515154  144.53995438878403 43.367329613254228 15.371658701754155  144.5399543887836 44.711085964149731 17.111636503987654  144.53995438878417 45.805644111072567 19.010508236051159  144.5399543887838 46.805834079127081 20.97626939216029  144.53995438878411 47.221569638609097 23.144008271198317  144.53995438878394 47.670443324495025 25.284915442544474  144.53995438878414 48.121291005072365 27.436191304602932  144.53995438878377 48.43904196645093 29.606217619054224  144.53995438878394 48.649869774488259 31.788369626038989  144.53995438878417 48.744099022872575 33.980890618619867  144.53995438878354 49.045035368985111 36.155165845546101  144.53995438878411 49.237592915939615 38.339451596970733  144.53995438878411 49.467540661016329 40.52064807752285  144.539954388784 49.673633660398124 42.69831624056647  144.53995438878422 49.839772832190604 44.889149203181418  144.53995438878388 50.070173463100119 47.076637377917237  144.539954388784 50.216698917860342 49.258654589702751  144.53995438878397 50.393659756627059 51.443096805536726  144.53995438878411 50.515624020951009 53.635489521542617  144.53995438878405 50.649400506674077 55.822922959102272  144.53995438878366 50.746127605410905 58.011621474788974  144.53995438878349 50.847304312061567 60.206270833146931  144.53995438878422 50.906517961476005 62.395127513300963  144.53995438878371 50.97871069924679 64.584720213248715  144.5399543887838 51.018764656438179 66.775231763122861  144.539954388784 51.086364697151296 68.983429406253222  144.53995438878377 51.082217785056727 71.154502136641824  144.5399543887836 51.09715960344397 73.358095212288546  144.53995438878422 51.097446317091809 75.553440180415407  144.53995438878388 51.006567479761237 77.741502347234217  144.53995438878377 50.983121266076267 79.936421556894416  144.5399543887836 50.894854747703626 82.133328649596137  144.53995438878397 50.853287761725902 84.31947170801206  144.53995438878383 50.800722755486731 86.503166961122986  144.53995438878371 50.730986036414052 88.707532753989767  144.53995438878388 50.624235738806199 90.891919359769702  144.53995438878388 50.536495146553143 93.076385150597872  144.53995438878394 50.421022930491247 95.281006516795173  144.53995438878383 50.309077322435641 97.445297429622968  144.53995438878451 50.173477079788 99.678290998806375  144.53995438878366 50.024339803092602 101.82759585731564  144.53995438878411 49.905070352432972 104.03400088917225  144.53995438878439 49.787608006875104 106.21563533689798  144.53995438878383 49.608368028477344 108.40637691077802  144.53995438878394 49.403521728002403 110.59074002450214  144.53995438878405 49.200385105525797 112.76026444061227  144.53995438878394 48.988721745290434 114.94347114240719  144.53995438878371 48.76925585358692 117.15056561071005  144.53995438878422 48.511116182149181 119.30290020701926  144.53995438878377 48.27424900813601 121.48825728176897  144.53995438878388 47.914836545973685 123.6554254904151  144.53995438878371 47.782297678056999 125.87041267106781  144.53995438878394 47.150811684045138 127.88669100523364  144.53995438878428 47.258170814257483 130.43882445898589  144.53995438878349 48.355841646747578 132.4011072244605  144.53995438878411 53.266849488721107 131.27509560593046  144.53995438878394 51.690786462223301 136.37840868766054  144.539954388784 47.654119593959578 135.81726367791339  144.53995438878337 46.431446304886421 133.02202492640419  144.53995438878417 45.596450667818885 131.45108865591476  144.53995438878388 45.00639477687222 129.62547508372649  144.53995438878383 44.306646954947603 127.2291882109392  144.53995438878397 43.339983909937132 126.24953187929196  144.53995438878411 42.938571735836916 121.59695363775444  144.539954388784 41.885530191057008 127.23269652490752  144.53995438878374 41.301033139904632 127.8993667071968  144.53995438878417 40.737788162474381 130.44237698408182  144.53995438878354 40.548355576864587 132.54775511781759  144.53995438878422 40.099742933689711 134.65830862526497  144.53995438878277 39.453440008506647 136.83491551801896  144.53995438878846 37.820600330737392 138.33006966370272  144.53995438876657 35.959654015802656 139.60351133818014  144.53995438884851 33.701614888593511 139.65722412809356  144.53995438854227 31.577630598906442 140.21570285416487  144.53995438969116 29.393164064176862 140.33186735750112  144.53995438539926 27.147979400433691 140.24820577903176  144.53995439603688 25.874909045105454 141.08299396615593  144.53995438878394 25.089647954912241 140.20773895353165  
148.15974962512735 26.81040149185521 138.85756323419983  146.33331173519394 26.612823261524269 137.07675246256258  149.0156873403634 25.675973694170462 137.07754650462152  147.92592032718665 28.450375248918235 135.94693067583557  148.22344966847515 30.387927708978658 136.04444831848241  148.14260260343747 32.534900461547814 135.70738516880704  148.16434162140951 34.641577425441966 135.56159372442596  148.15852168348104 36.717548185178231 134.9599877023868  148.16007857515308 38.2305249510189 133.32131100530438  148.15966125978269 38.707871067211627 131.22436621156055  148.15977333682065 38.980968670025987 129.12284549541135  148.15974327577146 39.296181736369512 127.01951238152488  148.15975131151862 39.582907441766196 124.92337261400553  148.15974917319261 39.91374920137666 122.80900182561967  148.1597497470521 40.226598878624877 120.70440448823065  148.15974959251361 40.520878306739156 118.61104895345744  148.15974963388709 40.833697693901712 116.49734360440269  148.1597496227796 41.093803266400741 114.395402299794  148.1597496257568 41.351541896442868 112.28085493809328  148.15974962495886 41.654816367147916 110.17920840132251  148.15974962517376 41.877270384839662 108.0632161830012  148.15974962511544 42.132967467757709 105.95403443186527  148.15974962513096 42.384639927039757 103.8428628467673  148.15974962512564 42.594826178214817 101.72753902114508  148.15974962512863 42.848472349736383 99.61674614794893  148.15974962512743 43.037199032434465 97.499271364869401  148.15974962512735 43.293296660445954 95.388316050242736  148.1597496251278 43.462674576943499 93.269897263190188  148.15974962512666 43.660822369248791 91.150696372754027  148.15974962512865 43.778899644288799 89.045577435704857  148.15974962512706 43.97596635792366 86.898013731721008  148.15974962512604 44.116605379561683 84.792615715025477  148.15974962512809 44.235447842298541 82.668983852901505  148.15974962512666 44.364137711846155 80.547886395177571  148.1597496251261 44.483929440070035 78.425176163345256  148.15974962512712 44.535510545187755 76.300230170810238  148.15974962512686 44.658673713718485 74.177891889364417  148.15974962512681 44.649794291574118 72.051141897742312  148.15974962512769 44.731249659484789 69.926922045175132  148.15974962512746 44.762786439532825 67.80076395200075  148.15974962512846 44.788551335386771 65.675524007640149  148.15974962512837 44.80107598422039 63.549839716626089  148.15974962512632 44.805348361340329 61.424355011377301  148.15974962512723 44.791249436672253 59.29825553177357  148.15974962512848 44.760525411325268 57.172720806672388  148.15974962512729 44.732903268347307 55.047280021003914  148.15974962512686 44.71055847661188 52.921369165194207  148.15974962512738 44.641614328786119 50.798495006540122  148.15974962512709 44.536894237317696 48.675914748338414  148.15974962512735 44.452569828240748 46.545664964533842  148.15974962512712 44.380649893639784 44.424417170063691  148.1597496251257 44.214123656065084 42.309564735894497  148.15974962512678 44.068006411665927 40.178523457476587  148.15974962512723 43.949299697673766 38.071980086539639  148.15974962512732 43.710731222021934 35.946792386544871  148.15974962512666 43.499164330473434 33.826256852484114  148.15974962512624 43.247873102246956 31.724702967228723  148.15974962512718 43.001674346346206 29.600996917507544  148.15974962512888 42.736242753878784 27.50702371559305  148.15974962512803 42.456607958549213 25.397052024409792  148.15974962512757 42.002886268318449 23.297604063802016  148.15974962512755 41.28622807459972 21.278129954576205  148.15974962512567 40.143488318417425 19.484769701798172  148.15974962512766 39.097914691303728 17.59573562916448  148.15974962512658 37.521187252862219 16.140274532146499  148.15974962512769 35.91478037137945 14.746719254536206  148.15974962512746 34.195697896973087 13.471240280813641  148.1597496251278 32.381158979738338 12.362360634550964  148.15974962512769 30.415364135944717 11.558895455361474  148.15974962512735 28.413691347386852 10.755476655791025  148.15974962512769 26.317555688113973 10.330181532134688  148.15974962512811 24.276824028364498 10.089427171451199  148.15974962512701 21.861732073705014 9.498026855743035  148.15974962512678 21.608759753113539 6.4426409075466404  148.15974962512826 23.901462581624973 5.1674810942891174  148.15974962512709 26.108925382469831 5.7810563870140044  148.15974962512797 28.109277825209521 6.2104406615436449  148.15974962512769 30.188700937835485 6.7357350378041723  148.15974962512672 32.189639874248314 7.4382350196718097  148.15974962512666 34.175002484982954 8.2066856530453371  148.15974962512701 36.07434925067399 9.1457860037319563  148.15974962512666 37.944773150402099 10.181182751088354  148.15974962512738 39.721581459208792 11.340350538191373  148.15974962512621 41.377255403457468 12.66130390407649  148.15974962512684 42.989950198163996 14.08148256128848  148.1597496251274 44.396352443536927 15.665283798949831  148.15974962512848 45.698670006055863 17.348604058658537  148.15974962512647 46.805896024739582 19.16800528255796  148.1597496251274 47.741798063679376 21.082436205089337  148.15974962512774 48.377849486879441 23.115006834637533  148.15974962512644 48.790296742666584 25.205605225791171  148.15974962512706 48.928612208795101 27.333088050433894  148.15974962512843 49.183536255718309 29.443015659644182  148.15974962512672 49.382158741919298 31.558966431092138  148.15974962512661 49.652831849214905 33.669249465391452  148.1597496251278 49.824782063280821 35.788483640747714  148.15974962512715 50.038144919752476 37.903414016721342  148.15974962512632 50.211848613978383 40.022574811119597  148.15974962512709 50.420158545926768 42.132675175828702  148.15974962512632 50.587939798741772 44.256240193887535  148.15974962512797 50.699533630443561 46.385904277391418  148.15974962512706 50.965980564289708 48.491037359089958  148.15974962512735 51.051138014382722 50.614872945241288  148.15974962512641 51.200026243092502 52.738304313159553  148.15974962512695 51.321167909096999 54.859426829189545  148.15974962512831 51.39431271349293 56.981982986283164  148.15974962512863 51.503541937066466 59.10897438769031  148.15974962512689 51.581433631237616 61.230346492524319  148.15974962512774 51.618139403897608 63.353823792567184  148.15974962512797 51.678334481184805 65.476790762123443  148.15974962512689 51.702145281576414 67.618289523876371  148.1597496251278 51.754017722720491 69.722428818051327  148.1597496251278 51.680257959938125 71.85837194089612  148.15974962512672 51.671968807264449 73.986017882847747  148.15974962512706 51.713167351061102 76.109034666681254  148.15974962512803 51.631740332957179 78.235970536374367  148.15974962512888 51.615244275591927 80.367089508235267  148.15974962512706 51.544359912141488 82.485535313300829  148.15974962512763 51.422447079874303 84.600462236548367  148.1597496251278 51.342959146013158 86.736811891781684  148.15974962512757 51.270017790750316 88.855391858633169  148.15974962512772 51.145042953569948 90.971350744471806  148.15974962512732 50.996246419873899 93.106919586053976  148.15974962512746 50.891410941177696 95.205277115153891  148.15974962512578 50.736644770274403 97.368286660515878  148.15974962512803 50.613831421700532 99.453794773816639  148.15974962512652 50.434349613462118 101.58796370576883  148.15974962512615 50.286749846159097 103.70087837491434  148.15974962512766 50.174598560514909 105.82882971222895  148.15974962512757 49.991847388346656 107.94763287999515  148.15974962512624 49.860388160123847 110.05597313767436  148.15974962512794 49.63862493719472 112.17110061613215  148.1597496251278 49.41047628848699 114.30887351861965  148.15974962512678 49.19695638429409 116.39991485869683  148.15974962512769 48.956587196737217 118.51739509219192  148.1597496251274 48.693473646615089 120.62869188928659  148.15974962512843 48.399330422243096 122.75646019147761  148.15974962512746 48.156774612964554 124.85352497835049  148.15974962512584 47.805912606030006 126.86573268877152  148.15974962512854 47.205540380941713 129.09533856975168  148.15974962512709 47.491581051032213 132.05348391287117  148.15974962512706 51.222006525175317 131.21382965929001  148.15974962512752 54.845334838433914 133.25178284061883  148.15974962512917 50.628112965487681 137.00143410309141  148.15974962512598 47.137441216021259 134.76003698439331  148.15974962512723 45.874318765102799 132.25419516647773  148.1597496251282 45.193378307747935 130.36113040787745  148.1597496251274 45.005806775410576 127.93458331973581  148.15974962512672 44.049598508046103 127.00701154726657  148.15974962512672 42.845178753806287 122.08841517884439  148.15974962512803 42.086345499060066 127.79797288573751  148.15974962512712 42.311570853668847 128.87174298404125  148.15974962512854 41.607341909198965 131.1383791623698  148.15974962512752 41.222950714680238 133.13464179089107  148.15974962512558 40.620418031539785 135.27529514723432  148.15974962513278 38.849361121078019 136.58301800356554  148.15974962510916 37.344143435896328 138.15481901721884  148.15974962519894 35.214181077935976 138.6762643245583  148.15974962485424 33.069685245979123 138.48099765423683  148.15974962615093 30.99315063546906 138.94728310850104  148.15974962131202 28.882727681598482 139.48907320764403  148.15974963330655 27.437506582220145 138.43041820740632  148.15974962512735 26.81040149185521 138.85756323419983  
151.34735749004551 28.052052880511241 137.51865445123033  149.48162439477858 27.8406243693574 135.75890736507023  152.22171042129071 27.345569983136127 135.7456311100006  151.10849743232984 30.001906214331079 134.93619352416999  151.41242801869487 31.872250441643306 134.94046235792183  151.3298415558769 33.94359686147331 134.66935866375792  151.35204828160767 35.974191181998989 134.52394456585495  151.34610312964617 37.958472614935864 133.83876216653792  151.34769351732677 39.355664411814281 132.21970557043986  151.3472672235502 39.755298261724732 130.1813553483878  151.34738171188829 40.054373794070486 128.16374759533002  151.34735100408705 40.340866760780727 126.13317177763946  151.34735921272141 40.68038778510153 124.12267225110914  151.347357028386 40.979070465904051 122.08175144200614  151.34735761459302 41.267223189263589 120.05145340781569  151.34735745672421 41.561739963681376 118.03530363278824  151.34735749899704 41.832790228793762 115.99383359675824  151.34735748764817 42.12120768199339 113.97313523547029  151.34735749068943 42.417315813723405 111.94129063811542  151.34735748987305 42.653516614128449 109.90857492893994  151.34735749008749 42.940924397863355 107.87825689360078  151.34735749003269 43.185580853504966 105.84499224809687  151.34735749004741 43.445482170774966 103.81266968756142  151.34735749004858 43.723605499968379 101.78251859066384  151.34735749004167 43.941864418296582 99.745243754307324  151.34735749004591 44.154379687925861 97.707546793935506  151.34735749004517 44.367987255394908 95.669790191895117  151.34735749004429 44.569228616212229 93.631457545317545  151.34735749004869 44.75331132379533 91.588672423792673  151.34735749004074 44.920525802826646 89.564031838002776  151.34735749004693 45.073448432761609 87.491410510262369  151.34735749005048 45.181129534048154 85.459782810136602  151.34735749004241 45.312795712002114 83.414778605751039  151.34735749004835 45.472840040360538 81.371783771677116  151.34735749005037 45.56458857426108 79.325259092500318  151.34735749004619 45.705232792071136 77.280292056409039  151.34735749004759 45.764890141198229 75.232740519185  151.34735749004813 45.896153913554784 73.187062986257644  151.34735749004389 45.890803292855104 71.137657236563484  151.34735749004579 45.95972050626807 69.089453993595498  151.3473574900413 45.992424971067742 67.041164219985205  151.34735749004142 46.045900878634484 64.993106873533634  151.34735749004957 46.060273938621307 62.944438613207836  151.34735749004642 46.066378814868202 60.8951885005755  151.34735749004022 46.065412707402423 58.846349904692865  151.34735749004696 46.049097230732428 56.797880820019756  151.34735749004693 46.007133224447273 54.749253891851211  151.34735749004597 45.977803619582325 52.702486479107854  151.34735749004699 45.94295452501791 50.654379416429222  151.34735749004503 45.880100938057133 48.600693838082094  151.34735749004707 45.767538043129321 46.558257841387274  151.34735749005193 45.70469267164124 44.514796905312821  151.34735749004852 45.594468685910563 42.459030569819433  151.34735749004585 45.459067301906245 40.43092412383271  151.34735749004585 45.328020627025566 38.374053505149995  151.34735749004781 45.157082267898922 36.327568278234125  151.34735749005009 44.976600516549908 34.295083583928907  151.34735749004625 44.77151589064313 32.245723138441193  151.34735749004005 44.580261886106555 30.218607701357694  151.34735749004324 44.36885691225379 28.180467939660065  151.34735749004466 44.13898532482559 26.129688009544953  151.34735749004531 43.795905673111974 24.116379809944963  151.34735749005171 43.126115228908709 22.143451975653953  151.3473574900446 42.213774106134281 20.323089962885703  151.34735749004847 41.156088329276116 18.54517248691732  151.34735749004477 39.824595181682909 16.984341074158895  151.34735749004523 38.314224081118979 15.581379309544305  151.34735749004378 36.556628701497694 14.521102474315589  151.34735749004466 34.893035693650091 13.345174272981033  151.34735749004531 33.04312295137472 12.393966472968312  151.34735749004429 31.176692015607546 11.61170599244636  151.34735749004255 29.152501873611048 10.990840761376958  151.34735749004747 27.250821377752906 10.789214734951994  151.34735749004739 24.75955957077036 10.230214302954908  151.3473574900427 24.49471145735707 7.174936620020353  151.34735749004716 26.697600316091027 5.9058242346050855  151.34735749004329 28.833098548510858 6.4964280136968195  151.34735749004489 30.774837191480799 7.0600790743168282  151.34735749004756 32.74357940650583 7.6595903119926199  151.34735749004869 34.666238640441748 8.3759705282715373  151.34735749004682 36.535014323477952 9.2062413360575963  151.34735749004835 38.356896405526513 10.18126955558127  151.34735749004548 40.098312432668621 11.250187832207391  151.34735749005085 41.774076740444613 12.424035923666231  151.34735749004653 43.32810131431593 13.792235256327373  151.34735749004594 44.777220029102338 15.225615820975626  151.34735749004142 46.112108846517096 16.785415732381608  151.3473574900496 47.263018651224385 18.482375868673202  151.34735749004517 48.231870324858875 20.283159113346436  151.34735749004432 49.062104307368656 22.166456298364572  151.34735749004869 49.453151435939716 24.183588528476719  151.34735749004676 49.808004377871313 26.201792807148738  151.34735749004204 50.008236507094239 28.241899354690904  151.34735749004827 50.188842647352338 30.281643521583025  151.34735749004898 50.386491947373912 32.321307486496835  151.34735749004386 50.574242806865229 34.361736684633605  151.34735749004673 50.73439730694421 36.404211779385669  151.34735749004992 50.923269488718759 38.444741980543185  151.34735749004699 51.093766150494773 40.481208978394449  151.34735749004915 51.253779724686211 42.527835864389637  151.34735749004358 51.422548259697187 44.575722471627216  151.34735749004642 51.516770373625292 46.617324951417885  151.34735749004608 51.721120797121173 48.655531349446363  151.34735749004901 51.842591229715424 50.703575425148962  151.34735749004761 51.93296838230664 52.749178441786086  151.34735749004139 52.048635024778314 54.793010973282122  151.34735749004153 52.133730391759599 56.843815452175789  151.34735749004665 52.213274669571376 58.888104156602481  151.34735749004483 52.286467380057061 60.933735300907188  151.34735749004329 52.338207392659029 62.980051065110501  151.3473574900471 52.371990013614884 65.043850581898909  151.3473574900442 52.392333878410867 67.071956939066069  151.34735749004295 52.40148415966754 69.13100403320675  151.34735749004886 52.381261216278382 71.181784658837401  151.34735749004642 52.321765285357429 73.226812955493955  151.34735749004284 52.351275472279582 75.27772896365849  151.34735749003997 52.285975166796092 77.331324963464866  151.3473574900469 52.22883393923783 79.373111163609948  151.34735749004409 52.235083836553954 81.415206101892863  151.3473574900446 52.125944356530965 83.473374217863125  151.34735749004443 52.082732859825029 85.516673827347546  151.34735749004454 51.93556669372758 87.554370063209191  151.347357490045 51.890378800611686 89.617973563995335  151.34735749004682 51.71758391905513 91.635984158820094  151.34735749005068 51.580371117948161 93.721591901334023  151.34735749004375 51.427592171693547 95.72896403530379  151.34735749004915 51.260577620306101 97.786433633098994  151.34735749005091 51.128725260805268 99.823729136708536  151.34735749004375 50.904504305994166 101.8657113817487  151.34735749004545 50.75901170731705 103.9106180683234  151.34735749005029 50.539516236862241 105.93519879838539  151.34735749004369 50.375959424204233 107.97766348085156  151.34735749004307 50.228583213067992 110.04540837241794  151.34735749004849 50.066524648902572 112.06448573393374  151.34735749004406 49.890005088181852 114.11103119051418  151.34735749004594 49.630996517905785 116.14554946352911  151.34735749004091 49.401063816017206 118.20286825787277  151.34735749004585 49.123104443181205 120.19090519415823  151.34735749005111 48.853838221859661 122.25951120891177  151.34735749004187 48.634617085905745 124.28109452866087  151.34735749004614 48.301530536447423 126.06784219521319  151.3473574900467 46.844415555664987 128.89625198465217  151.34735749004449 47.62336544608231 130.80049552454781  151.34735749003912 51.469705568675522 130.72508884732957  151.34735749005043 55.584924748939201 132.3234358151816  151.34735749004631 51.837992407028707 136.48018865700539  151.34735749004216 48.700169791145996 134.97785064400654  151.34735749004594 46.967185875269422 133.05696715913595  151.34735749004773 46.096901522640707 130.91631786759254  151.34735749004852 45.521053783584051 130.11649727365005  151.34735749004255 44.551758140622347 124.65511123379524  151.34735749004702 42.402345319197799 128.94642942526986  151.34735749004054 42.801671363986642 130.81044068424987  151.34735749004693 42.536032296437426 132.95903909438428  151.34735749004594 41.552582793038752 134.62727576092504  151.34735749005057 39.705757015558362 135.72093524872957  151.3473574900203 37.878581998692489 136.63066212665771  151.34735749012941 36.014130620636379 137.4748919605575  151.3473574897468 34.032502996976177 138.1461138030549  151.3473574911728 31.964779981200511 137.98750354315933  151.34735748583125 29.905489114792687 137.87349069116559  151.34735749906875 28.602417512469607 138.55750457320261  151.34735749004551 28.052052880511241 137.51865445123033  
155.28249523634361 30.07539501568364 136.341174582343  153.36825176834327 29.830023198217891 134.59615284140085  156.17958195877941 29.119363836693992 134.68329426931888  155.03742464910991 31.668589870309013 133.69054402274702  155.34925764450605 33.496267815247748 133.75048731886926  155.26452387554758 35.505230345026405 133.4896470018216  155.28730799177308 37.493194181996984 133.36263287376551  155.28120826167543 39.366355557688614 132.62091781098098  155.28284000055152 40.80847965823196 131.12326768237551  155.28240262285453 41.179707755386559 129.12348713404165  155.2825200879696 41.46091472298825 127.16488061137083  155.28248858173907 41.788100267959699 125.19808944743144  155.28249700380147 42.068892240499864 123.23682362136846  155.28249476268593 42.380516872930087 121.25633823728317  155.28249536413063 42.665898696909906 119.28367667107685  155.28249520217815 42.995198992924927 117.33092839828703  155.28249524551438 43.296319024689467 115.35219879600834  155.28249523388143 43.58642745746549 113.3897287651431  155.28249523699935 43.869355651840323 111.41450265006166  155.28249523616722 44.155988684263022 109.44644844037805  155.28249523640727 44.414583426468297 107.47063636932195  155.28249523633178 44.697057598464198 105.50040941181766  155.2824952363523 44.93222654954608 103.52289925164881  155.28249523632795 45.149620983224565 101.5435492741621  155.2824952363593 45.396943625401036 99.567770859255901  155.28249523634148 45.605074821491037 97.587418424694206  155.28249523634508 45.810297177676198 95.606712359896704  155.28249523634787 46.019753750983583 93.627121799256628  155.28249523633161 46.17641473612661 91.639442456232103  155.2824952363618 46.382013278015862 89.67543993334003  155.28249523633798 46.529437487851965 87.66104746109869  155.28249523632525 46.76126534459722 85.696944027970176  155.28249523635532 46.88093242993618 83.70773326888812  155.28249523633332 47.047184884063121 81.724424426403573  155.28249523632508 47.162325939703621 79.73630918624319  155.28249523634153 47.245650491888135 77.748670215957105  155.28249523633588 47.374828950326055 75.760888506882793  155.2824952363334 47.4382525134791 73.770829699827061  155.28249523635048 47.535170815576805 71.781681871918181  155.2824952363419 47.59207423638599 69.790803923909507  155.28249523636038 47.653903540470537 67.80074829648791  155.28249523635856 47.682668438818084 65.809759760307372  155.28249523632888 47.715828143072969 63.818941763542149  155.28249523634031 47.750238661380173 61.827646176503606  155.28249523636379 47.751752147587062 59.83629778620454  155.28249523633815 47.749434538235157 57.845296375089525  155.28249523633855 47.761112833633064 55.853734905375745  155.28249523634179 47.736030773062168 53.864450238322789  155.28249523633838 47.699380987701829 51.874355591334165  155.2824952363456 47.648162171018953 49.878039980179338  155.28249523633752 47.610288234985916 47.890309895260586  155.28249523631933 47.525605714157393 45.905516547831411  155.2824952363319 47.439837855844175 43.906582715911277  155.28249523634241 47.352296773734651 41.932660470873927  155.28249523634207 47.237326207202777 39.933374397718069  155.28249523633573 47.120856835203305 37.940722224097371  155.28249523632593 46.98085836108055 35.962882269379072  155.28249523634128 46.811412422448797 33.96802254157403  155.28249523636379 46.631935696884938 31.997819890821134  155.2824952363527 46.431881675543011 30.016090584386145  155.28249523634679 46.269802562592048 28.017247800708809  155.28249523634432 46.100272856436149 26.045777096614689  155.28249523632064 45.769699916736911 24.070624781348787  155.28249523634753 45.099070890977536 22.169623151730178  155.28249523633238 44.138011812664601 20.38928395236217  155.28249523634727 43.002918259770006 18.729072387259585  155.28249523634446 41.688278533359785 17.199927059407209  155.28249523635014 40.196222770123732 15.837487699442807  155.28249523634699 38.530056030890641 14.75852729065813  155.2824952363444 36.782728586902479 13.751945107625186  155.28249523634821 34.959510177551145 13.013281555872616  155.28249523635469 33.103437067599742 12.312798550143608  155.28249523633588 31.146799882660744 11.748061000317804  155.2824952363365 29.273441800716714 11.548384778302376  155.28249523635452 27.242707173034248 10.591190520375532  155.28249523633718 27.534578536366247 7.8729269061775211  155.28249523635176 29.513579679028162 6.8749196667246091  155.28249523634582 31.519810041902733 7.1521349497159195  155.28249523633576 33.404700023172566 7.7509538561346529  155.28249523633173 35.267796752240059 8.4414310079655266  155.28249523633818 37.070050308774753 9.2394356382071763  155.28249523633309 38.880756343740522 10.081253094120836  155.28249523634412 40.57897856281749 11.100683823976375  155.28249523632368 42.211786955048417 12.211627489907558  155.2824952363394 43.811948368678955 13.430382182696547  155.28249523634292 45.286830075942689 14.759820669735996  155.28249523635847 46.631706256917468 16.23419022767893  155.28249523632823 47.892391339871082 17.79109032515057  155.28249523634506 49.034955687096485 19.451643551052381  155.28249523634838 49.988611166380267 21.225877620523917  155.28249523633198 50.610988962833758 23.135863554959258  155.28249523633895 50.942725397854815 25.103112139863875  155.28249523635725 51.187413664652595 27.078884024747801  155.28249523633292 51.363973793791061 29.06180727774473  155.28249523633093 51.542462016723981 31.045415083989461  155.28249523634906 51.703989583161004 33.030262947710781  155.28249523633963 51.883898541104578 35.013087684709774  155.28249523632661 52.011678098249043 37.000850705946988  155.28249523633832 52.174974260203641 38.98024326284272  155.28249523633048 52.346262954831047 40.968348109238292  155.282495236351 52.465479902706726 42.961764185800206  155.28249523634005 52.621638443285917 44.941369925271502  155.28249523634162 52.71015644152385 46.929685683757477  155.28249523633076 52.84439537045904 48.919299037325281  155.28249523633605 52.974895630133489 50.905275920734098  155.28249523635901 53.019613751665375 52.89435127535527  155.28249523635873 53.127650482099497 54.886600144549391  155.28249523633923 53.204511883284667 56.87357660562909  155.28249523634611 53.263294211455872 58.861827904867916  155.28249523635174 53.318666764743277 60.850607915405995  155.28249523633801 53.350119160820384 62.856404194473797  155.28249523634793 53.402821030535648 64.827170021755151  155.28249523635321 53.388809776642177 66.828219048364275  155.28249523633087 53.428231121407698 68.821505224572547  155.28249523634034 53.40658703932192 70.809587089443511  155.28249523635375 53.361550407860584 72.802251622111513  155.28249523636478 53.369971378249154 74.799331088732075  155.28249523633795 53.29510239957974 76.783587049562726  155.28249523634884 53.191375791020263 78.765067876896438  155.28249523634685 53.17094558496953 80.767728990776874  155.2824952363475 53.061233127589119 82.750883187333102  155.28249523634722 52.972102180901544 84.733971097173338  155.28249523634554 52.858327851341329 86.735778596347984  155.28249523633872 52.748785755098609 88.700778521242952  155.28249523632394 52.652714641058438 90.729787393406923  155.28249523634994 52.527979549628242 92.682531780296614  155.28249523633005 52.396691719014314 94.684562776492555  155.28249523632428 52.186912658916611 96.657653804248355  155.28249523634983 52.03215418371984 98.64722561094004  155.28249523634403 51.820592723650094 100.62821843066178  155.28249523632576 51.666437226237591 102.6010938163715  155.28249523635071 51.475133047834483 104.58415381640386  155.28249523635259 51.230218383564164 106.5838092172803  155.28249523633298 50.992601549243915 108.53892340377605  155.28249523634895 50.762799676466521 110.52201662538286  155.28249523634196 50.588087040035006 112.50789295573382  155.28249523636032 50.387218402709152 114.50942740074318  155.28249523634247 50.198294060440361 116.45798511821454  155.28249523632257 49.988269119333005 118.44257050470881  155.28249523635674 49.725247180165255 120.44040967428811  155.28249523634167 49.444245549419406 122.46301990153208  155.28249523633934 49.543695561235893 124.1950829161194  155.28249523634798 48.805820005998036 126.15236380886519  155.28249523636674 47.915486958577596 128.93234999644505  155.28249523632545 48.510821859654946 130.49866214968262  155.28249523634105 52.660781638305707 129.60429784255126  155.28249523635571 54.151253027820871 132.60214535687243  155.28249523634284 51.602301832097503 135.02796976004805  155.28249523633497 49.575179903768174 133.64528872887499  155.28249523633247 47.702149542611458 132.29053723772239  155.28249523635435 47.20566026631856 131.51953575640192  155.28249523633815 45.840348731295009 127.49703874634092  155.28249523636191 43.859012358747009 129.20047129477825  155.28249523634031 43.858385446233669 131.2044677000053  155.28249523633326 43.095665075626336 133.09495777280642  155.28249523635608 41.451375990635654 134.34346630921135  155.28249523632135 39.740515703184073 135.34131425709407  155.28249523646952 37.860149290378402 136.02653931415426  155.2824952358078 35.922600986405861 136.48434673171147  155.2824952383292 33.943395183169955 136.67229294526919  155.28249522897423 31.948408620872776 136.82200423214209  155.28249525216827 30.659283835922206 136.86740434637312  155.28249523634361 30.07539501568364 136.341174582343  
159.99120989881806 32.367975736233888 134.66015829273653  158.01891979592011 32.091691984636888 132.94194749256144  160.91549946470508 31.91555999142113 133.12858519627693  159.73870790436649 34.22073634250323 132.32398811515549  160.05999677940781 35.938374593121409 132.39658304000176  159.97269358288909 37.80210965237503 132.18362323689081  159.99616859409127 39.644495187657796 132.04197842135284  159.98988389861955 41.37649423012509 131.27920190598383  159.99156511760529 42.54904332762267 129.76376606779866  159.99111447696816 42.998064460302068 127.95869373811237  159.99123550404272 43.299603647822082 126.13974146495046  159.99120304245869 43.563746796793424 124.30796715075508  159.99121171992181 43.855969076888357 122.4912670109877  159.99120941076558 44.180036219315554 120.65837942185846  159.99121003047409 44.523798625627578 118.83917439337537  159.99120986348794 44.801328528713235 117.02129574995837  159.99120990834533 45.092908046153411 115.18574154651364  159.991209896295 45.373676805773044 113.36498812787548  159.99120989952218 45.657709175036224 111.53379871150184  159.99120989863405 45.914708114539579 109.70509724268803  159.99120989876377 46.196673355718836 107.87595012914299  159.99120989879964 46.427020750054076 106.04209840457173  159.99120989878702 46.705122639356055 104.21355593173475  159.99120989891037 46.944408854625934 102.37978325012678  159.99120989871994 47.15512763421841 100.54265230054057  159.99120989883187 47.367867005814745 98.705809667590245  159.99120989880782 47.594813117654674 96.870319451796888  159.9912098987906 47.790505431419575 95.032160310698231  159.99120989889366 48.019099359799185 93.194484969193496  159.99120989870289 48.205069310493187 91.370274018600838  159.99120989885245 48.375308770836725 89.502058184574537  159.99120989893385 48.512295756322359 87.671631129867151  159.99120989874211 48.710165342898691 85.831580265500818  159.99120989888377 48.853128621333781 83.98753571943621  159.99120989893513 48.99517067434649 82.144154641335263  159.9912098988288 49.16443863280908 80.300676905271047  159.99120989886646 49.246320625570924 78.453722418165768  159.99120989888183 49.402729489267344 76.610134057018328  159.99120989877352 49.483990515737545 74.763072426966573  159.99120989882829 49.595643240134955 72.916436368556248  159.99120989871159 49.666566796525657 71.068907658697867  159.99120989872324 49.762320264998962 69.221977999149416  159.99120989891122 49.83135365706373 67.374026112272674  159.99120989883724 49.860990339293366 65.524908298299493  159.99120989869039 49.924179909007492 63.676515726850532  159.99120989885276 49.947288784954324 61.827665754513973  159.99120989884909 49.985342032598879 59.978864335584021  159.99120989883016 49.985806254171052 58.131112900034495  159.99120989884915 49.980115679572592 56.282338448849472  159.99120989880612 49.994032649328176 54.427616905053675  159.99120989885591 49.966301625413294 52.581923761862079  159.99120989897011 49.936777121538199 50.736981198211659  159.99120989889207 49.893883793081592 48.879305051946012  159.99120989882516 49.861726332426784 47.044810862791159  159.99120989882681 49.793414633915305 45.185917916460895  159.9912098988666 49.73140528372565 43.333453012261536  159.99120989893009 49.662701471614852 41.492888444854927  159.9912098988321 49.568918081475346 39.635758962762793  159.99120989869056 49.47639017902128 37.800148038918493  159.99120989876099 49.360691318447181 35.953495840814654  159.99120989879617 49.206916617397923 34.097459001500305  159.9912098988143 49.056242017401459 32.266239294093303  159.99120989896159 48.959856968288307 30.413239211465516  159.99120989879384 49.085844323626453 28.528540003801506  159.99120989888718 49.212550680153385 26.575163710297659  159.9912098987943 48.979802670926979 24.653243676487911  159.99120989881121 48.430027786331678 22.807578885107755  159.99120989877665 47.712094711373211 21.005435529957534  159.99120989879731 46.674710718697064 19.343331006323226  159.99120989881135 45.40047623027985 17.824538950742685  159.99120989878861 43.948913692773964 16.492186854300055  159.99120989874899 42.319430218562751 15.337620118645109  159.99120989886484 40.726082203056492 14.229341589116478  159.99120989886296 39.158917007018516 12.830018102137654  159.99120989874893 37.474395641274796 12.149537998294594  159.9912098988581 36.01896252141956 10.341775036643016  159.99120989876621 38.802812356098634 10.774721087865624  159.99120989880424 40.436394380768142 10.947526136051716  159.99120989886623 42.357963898205384 11.375401490515678  159.9912098988938 44.087909416558652 12.139149267407959  159.99120989885085 45.813144869170259 12.988646997787225  159.99120989888394 47.349762890200246 14.204390059861407  159.9912098988143 48.753301815624376 15.525893935849751  159.99120989894442 50.086637498522549 16.913185467849981  159.99120989884213 51.198036129883711 18.519902240007589  159.99120989882334 52.126041573276837 20.192078084325697  159.9912098987233 52.916332053918275 21.934551890314768  159.99120989891622 53.424195614175808 23.791115995598631  159.99120989880626 53.562056364738453 25.737973003769582  159.99120989878855 53.518559674063447 27.673932000272892  159.99120989889067 53.469535649939232 29.555360917209011  159.99120989884582 53.542232647563338 31.408196787388238  159.99120989873211 53.624160034614896 33.257731646166221  159.99120989888527 53.796886195460047 35.097864416019057  159.99120989889767 53.911886368007565 36.944262777569755  159.99120989878321 54.048480785634645 38.788459434665882  159.99120989884247 54.186795471599311 40.632946710862235  159.99120989892486 54.295065034228266 42.479367041150404  159.99120989885103 54.415383236398007 44.320012648079441  159.99120989889937 54.483925617934773 46.172454492513957  159.99120989877161 54.611396943382879 48.022950340276601  159.99120989883895 54.621703820462564 49.868954959637882  159.99120989883019 54.791455341955903 51.710471792189061  159.99120989889769 54.802094721040618 53.564263412309401  159.99120989886467 54.848310132707965 55.411896592459797  159.99120989872134 54.914362646368694 57.25825232934168  159.99120989872154 54.918364806788816 59.111635693214453  159.99120989884565 54.944738524221194 60.958191251048937  159.99120989880095 54.970304449564381 62.805709523434551  159.99120989876641 54.95615280069395 64.653272936002196  159.99120989885262 54.925399105655359 66.516526901492171  159.99120989879046 54.929903757143222 68.347489615076881  159.99120989875752 54.87876985421326 70.205296657899353  159.99120989889775 54.826918170045509 72.05630683264755  159.99120989883866 54.773103913183917 73.901681695500969  159.99120989875263 54.778596122415266 75.753094205329774  159.99120989868391 54.628198015266243 77.60341523024664  159.99120989885409 54.59267504704215 79.446892335585019  159.99120989878395 54.561571875369374 81.289097668656837  159.99120989879714 54.399649694520704 83.14408524246852  159.99120989879236 54.357453794941392 84.988029650669091  159.99120989879555 54.241947803487008 86.828519341792443  159.99120989880436 54.092884294348515 88.685065894595169  159.99120989884932 53.942237220513356 90.506196600537692  159.99120989894212 53.819150886149664 92.389221862633462  159.99120989877679 53.66194914782541 94.200249673156506  159.99120989890412 53.46787495885652 96.054117102502687  159.99120989893925 53.338560837140186 97.892874276692254  159.99120989877824 53.171512015641021 99.739788472370662  159.99120989881496 52.960603294171385 101.5780381715126  159.99120989893021 52.76239830941357 103.40465366667959  159.99120989877338 52.521214304012567 105.23793639439495  159.99120989875962 52.339002335929543 107.09777506238569  159.99120989888527 52.137931766440701 108.91256202964364  159.99120989878355 51.920445615948339 110.75083675388522  159.9912098988284 51.649844532051333 112.58156938233427  159.99120989871278 51.392922817175815 114.43422774720804  159.99120989882499 51.149487949029478 116.23573261896648  159.99120989894914 50.877293949601608 118.08838764792958  159.99120989873524 50.606795028152689 119.93802511022804  159.99120989882863 50.432078040121596 121.7325200675119  159.99120989884398 50.006951190299176 123.69270416109769  159.99120989878895 50.048264560712212 125.41994913152772  159.99120989867299 49.877243096261608 126.92340450841664  159.99120989893197 50.66469136273021 129.12957923202057  159.99120989883363 50.316456024796018 131.25380189603484  159.99120989874211 54.182973353140618 129.86536252426862  159.99120989882175 53.685900979070553 131.68275495557512  159.99120989887308 52.008822527745878 133.91555630479706  159.99120989888729 50.464030800464229 132.73029199289437  159.99120989875075 48.453025126010061 131.19338967514039  159.99120989885259 48.085103807015628 130.70923167905136  159.99120989870113 45.744730908327853 128.69387952192375  159.99120989884301 45.46868813593295 131.4081449589894  159.99120989886856 44.281529907356422 132.65954261772612  159.99120989879418 43.154397015069748 134.24223317987844  159.99120989875456 41.214407868453804 134.56032098401084  159.99120989878995 39.476748001372911 135.1263381446588  159.99120989931475 37.640517403813767 135.48245024466166  159.99120989711207 35.793701275133238 135.48885686048851  159.99120990494521 33.93802741724609 135.4170591982521  159.99120988548967 32.728364511510847 135.33582425694237  159.99120989881806 32.367975736233888 134.66015829273653  
161.88202154068017 33.585349225331477 134.2643073544877  159.88642247655554 33.28320443987117 132.5543502270894  162.81723456561289 33.456317675113716 133.04469721202102  161.62653542099881 35.203005641122218 131.78477903834661  161.95162135990662 36.815598979502425 131.95359865923845  161.86328639392326 38.460003617876254 131.73659993624688  161.88703883834833 40.097260920912561 131.59716736695245  161.88067986874762 41.716173471518438 131.1334078496937  161.88238095664948 43.014718896482151 130.01717447466658  161.88192499105202 43.808197174799773 128.49249736976611  161.88204744843881 43.83119197808022 126.80057715032569  161.88201460300283 44.200785409261485 125.2014952702619  161.88202338290222 44.450390396674734 123.5730313732586  161.88202104711786 44.735103111967838 121.93533224272166  161.88202167394036 45.068687494775148 120.31668550813502  161.8820215059649 45.31040640251004 118.69382736943433  161.8820215496911 45.581758864481969 117.0578740140749  161.88202153801467 45.846722487858706 115.43549366170234  161.88202154116669 46.098396763151428 113.80099101178476  161.88202154051027 46.361201448320124 112.17376357041708  161.88202154159228 46.597294007388115 110.53925948385324  161.88202154071016 46.882963339146791 108.91399750847043  161.88202154097127 47.074795790710176 107.27467735076326  161.88202153990295 47.300829642689251 105.64029321282166  161.88202154150002 47.525078881171808 104.00547589333543  161.88202154056512 47.748924475145984 102.37065859147069  161.88202154076643 47.953887596015633 100.73328665939084  161.88202154091005 48.180676149127294 99.099180158574171  161.88202154004782 48.358787151699644 97.456721990746615  161.88202154164344 48.561508465989817 95.832891610982358  161.8820215403926 48.774378194358128 94.172445317534425  161.88202153971679 48.952254574739214 92.543591906083975  161.88202154131264 49.128670510656505 90.902167917373802  161.88202154013396 49.301829115744134 89.261160602333305  161.88202153970258 49.481019929984043 87.620486756274943  161.8820215405936 49.606269848016765 85.975533021922359  161.88202154027783 49.767534045198431 84.332325886148354  161.88202154014806 49.890608012047295 82.687037213176282  161.88202154105397 50.033858599940622 81.042687157060541  161.882021540594 50.161349452696207 79.397061721348834  161.88202154157153 50.273742496337974 77.750568399159903  161.88202154147098 50.36598179235579 76.103031249695135  161.88202153990397 50.452319891471149 74.454959758703239  161.88202154052175 50.542048916015261 72.806222526758731  161.88202154174419 50.630256279714004 71.158116964790224  161.88202154039257 50.69050478700597 69.508820642641524  161.88202154042133 50.754940135168276 67.859532725568016  161.88202154057961 50.822157045927199 66.211656965590052  161.88202154042142 50.894000395966486 64.562953410493662  161.88202154078084 50.914092746222423 62.908074253007612  161.88202154036384 50.954449478120054 61.260511800074987  161.88202153941484 50.963914295448021 59.613581892802692  161.88202154006188 50.983019776294043 57.955256100137781  161.88202154062267 50.989074846975853 56.317578524071706  161.88202154060832 50.988103666267257 54.657421311471381  161.88202154027732 50.973546016179839 53.00305986924414  161.88202153974566 50.95820764690167 51.360096542318878  161.88202154056512 50.94469174212793 49.701108904359479  161.88202154174411 50.88134335448008 48.062929856974684  161.88202154115478 50.852079440795094 46.413149810629847  161.88202154086684 50.809825211006405 44.751159449066733  161.88202154070916 50.75886727152286 43.112075347520474  161.88202153948669 50.676659918882415 41.460395218626275  161.88202154088157 50.497077172184007 39.832219980462767  161.88202154010486 50.293434766848677 38.222699279985193  161.88202154088157 50.217105039579693 36.61030220746251  161.88202154073744 50.242090211787513 34.959645337807537  161.8820215410253 50.320642809706804 33.299005903005671  161.8820215408528 50.524054911627822 31.598874220890707  161.88202154073764 50.77513165441394 29.803667698407157  161.8820215409246 51.118836440106463 28.000134030521341  161.88202154125563 51.376341418276645 26.097092540120549  161.88202154029159 51.36438075774403 24.264823267358931  161.88202154030637 51.171058363214627 22.417607324473824  161.88202154125563 50.855839607859181 20.803511460707252  161.88202154034909 50.958557904255656 18.174528140332878  161.88202154111184 53.021862635878307 19.473076145020617  161.88202154079528 53.909332207485427 20.947913523719567  161.88202154027755 54.809176557247703 22.619581974472716  161.88202154004779 55.342652921795256 24.371570567170693  161.88202154040681 55.552472107059302 26.238635046694743  161.88202154013374 55.516828947672892 28.085368902411545  161.88202154070905 55.356573190390499 29.898907422486939  161.88202153963039 55.184738566800291 31.690858791386603  161.8820215404788 55.030501724474767 33.440267545685032  161.88202154063714 54.900742968916802 35.134898429667615  161.88202154147089 54.787289351014095 36.819230336154234  161.88202153986077 54.81961077153391 38.456906048585779  161.88202154078073 54.938313047541655 40.062846409578761  161.88202154092482 55.140142255935366 41.673706782815252  161.88202154007612 55.290093497580138 43.306700594306889  161.88202154045013 55.379822346383961 44.953078233529418  161.8820215413991 55.469340490169088 46.599907973745481  161.88202154011941 55.620090620025479 48.244522363201874  161.88202154001866 55.652868692216515 49.895501381186115  161.88202154096803 55.739189466779983 51.544906645348455  161.8820215404788 55.723045599271373 53.196086286036433  161.88202153978875 55.744562799091561 54.847084821625799  161.88202154040698 55.768052684543953 56.494309726582443  161.8820215400045 55.81053547150573 58.147022397796412  161.88202154106813 55.799318749280459 59.803795373397406  161.88202154050776 55.845681729257308 61.448288372253899  161.88202154057922 55.797844721175473 63.09984009699096  161.88202154001891 55.781673174456152 64.751399542068938  161.88202154029184 55.770595273728382 66.40114354497814  161.88202154148553 55.724537262562869 68.05120793869753  161.88202154148524 55.714214086159707 69.704554398044451  161.88202154045041 55.665235744885237 71.352225988844651  161.88202154082381 55.614177093769648 72.999962353000001  161.88202154111153 55.592039268047806 74.6496197763948  161.88202154039243 55.49965821898563 76.309494655512381  161.88202154091027 55.442421026019062 77.942969971279624  161.88202154118346 55.353722116835378 79.599279813566909  161.88202154001863 55.270528922521684 81.249277420470804  161.88202154050776 55.132992065999218 82.892726256785409  161.88202154122632 55.047040191871481 84.543591103509073  161.88202154180169 54.992895706015389 86.198225454650725  161.88202154037833 54.807192229145279 87.836453832516298  161.88202154096757 54.666627235913957 89.476048550924958  161.88202154085286 54.533880580477479 91.129561332879248  161.88202154089555 54.415725301467262 92.77174762242413  161.8820215408673 54.244152950613099 94.408589456885281  161.88202154079505 54.073288186367833 96.061152466217976  161.88202154042148 53.970726110195912 97.689529468674735  161.88202153964482 53.787972599142051 99.360846583033961  161.88202154102532 53.595463648253919 100.96721620126202  161.88202153996144 53.47215258563844 102.62090100610368  161.88202153967364 53.265195147231616 104.24634477327808  161.88202154101094 53.066629399630003 105.88221556463002  161.88202154070902 52.82659957901285 107.51366919149935  161.88202153974566 52.652988892567336 109.14967703140447  161.88202154105409 52.405809382745971 110.78925192018818  161.88202154116885 52.173318409692769 112.45607536317407  161.88202154011941 51.916579129011794 114.08625855740408  161.88202154096797 51.659018675661784 115.74277912941355  161.88202154059397 51.389531870229483 117.383407914891  161.88202154155718 51.201516226928533 119.02633719365049  161.88202154062301 51.067783347852362 120.62537007897276  161.88202153958716 50.967105439233336 122.22434587949846  161.88202154137048 50.798365707188928 123.79613949559246  161.88202154059385 50.558233355321363 125.36335998476707  161.88202154046445 49.826059922376096 127.08889082056891  161.88202154092465 49.488662791677982 129.16358328192791  161.88202154188812 50.749867803949741 130.87280776961683  161.88202153973111 53.125941976084697 130.54704763159  161.88202154055074 57.256048754618234 130.31531590416162  161.88202154131295 53.413887519809137 133.47840210311864  161.88202154065155 51.575535349584499 134.29069839703612  161.88202154022002 50.015574905209817 132.00059266653363  161.88202154010497 48.452936815185559 131.23526581279128  161.8820215412409 48.60913987277408 129.93578643034462  161.88202154039266 46.592329989908336 126.6307390207143  161.88202154165785 46.340603991160933 130.69714417353984  161.88202154046499 45.576666206541582 131.51480155816273  161.88202154027573 44.556090229785553 133.01586261282358  161.88202154081648 43.08641486853243 133.82038833615758  161.88202154144591 41.639584987758532 134.67506048549149  161.88202154002732 39.953424541210751 134.7209920193944  161.88202153987791 38.306700949648587 134.80719847044884  161.88202154237766 36.669410739834603 134.86253796306286  161.88202153632187 34.992813631478057 134.9320356521385  161.88202155166391 33.973832585566981 134.92991272075909  161.88202154068017 33.585349225331477 134.2643073544877  
165.7721968327337 35.423966698591713 132.9612181983945  163.72864166474045 35.07988715219706 131.28045018722821  166.72988389631223 35.035941779394804 131.96828592083367  165.51057114720965 36.585381674733249 130.83772934618406  165.84346920019919 37.940562201621475 130.99628198657123  165.75301146727824 39.346269825746525 130.84967158579613  165.7773347034281 40.745668546802321 130.80569937329125  165.77082292285391 42.140175036452568 130.60892941906181  165.77256488996719 43.487720426738548 130.11310103598004  165.77209796322211 44.610544385568403 129.16907260041938  165.77222336343306 45.383671330906552 127.89800104899562  165.77218972971099 45.466190797998181 126.45896461519528  165.7721987211537 45.715155255932423 125.09970734466052  165.77219632607793 46.002601239482431 123.72143441480395  165.77219696896543 46.247104232406933 122.34036886284029  165.77219679225726 46.519420753756421 120.96836228812938  165.7721968449631 46.753221125878881 119.57568168790499  165.77219683054267 46.98552365570302 118.19590287026435  165.7721968343096 47.251155968761097 116.81439442677569  165.77219683248251 47.46203626661638 115.4290316847173  165.77219682904919 47.708495873148344 114.04632313410613  165.77219683253327 47.922440768745474 112.6600385927706  165.77219683149201 48.14624033884273 111.27357650467468  165.77219683609411 48.374877019894129 109.88834751531564  165.7721968291857 48.587899575466722 108.50028949390341  165.77219683323148 48.778881517249403 107.10904337743219  165.77219683236001 48.996047375487919 105.72144375146411  165.77219683173774 49.185672921162627 104.33085628460142  165.77219683547253 49.390728304273097 102.94013506053685  165.77219682856298 49.600867785658579 101.5634534988576  165.77219683397851 49.765807513327935 100.14908175721654  165.77219683690444 49.956715342389366 98.768590059268519  165.77219682999453 50.14355071470527 97.376406105452745  165.77219683509907 50.32308066857199 95.984250385906023  165.77219683696666 50.494661938877194 94.591200664554961  165.77219683310719 50.672346281325773 93.198347185079001  165.77219683447655 50.834701285695715 91.804441595275364  165.77219683503688 51.007158505552894 90.411008437188798  165.77219683111508 51.148797162919536 89.0147243847575  165.77219683310707 51.291302928653323 87.618014319916881  165.77219682887409 51.420817442615245 86.220438803794551  165.77219682930996 51.563880878299756 84.824042138078127  165.77219683609513 51.702102174973611 83.426984656903372  165.77219683341835 51.836085298766449 82.029663123171446  165.77219682812705 51.960737566157221 80.631649735412765  165.77219683397885 52.074001800897612 79.232598376059357  165.77219683385397 52.171333432843369 77.832118305316499  165.7721968331694 52.273810242751345 76.433785948465427  165.77219683385403 52.354118722363459 75.033001971978109  165.77219683229811 52.441553087965218 73.627988177250813  165.772196834103 52.515772268363897 72.229070722427423  165.7721968382117 52.613255298998325 70.831791854160926  165.7721968354104 52.665804562485938 69.4224268007642  165.77219683298281 52.734381929052304 68.031714487325573  165.77219683304463 52.790985837110057 66.620769451830654  165.77219683447692 52.844651446813501 65.214671746395396  165.7721968367797 52.889588536741897 63.815869822268496  165.77219683323167 52.928456278747937 62.402943427670913  165.77219682812702 52.974181093706783 61.00561038603346  165.77219683067921 52.979026774426359 59.598423879692824  165.77219683192436 52.999786220226632 58.182345963072407  165.77219683260898 53.01269561111674 56.784367864879876  165.77219683790048 53.019304086587411 55.373874002176734  165.77219683186198 53.053992017001669 53.964209408005978  165.77219683522384 53.099562364334631 52.542023393803127  165.772196831862 53.069263206029071 51.126955041855695  165.7721968324847 53.035345884719149 49.721918587048592  165.77219683123957 52.943076363924689 48.331101896768352  165.77219683198672 52.836204416862891 46.967065613608064  165.77219683248467 52.669782100863721 45.598934298438905  165.7721968316753 52.480021395240129 44.238434528099837  165.77219683024333 52.348269863948161 42.847298029799262  165.77219683441456 52.364593017255586 41.432412616607401  165.77219683435214 52.704258417751007 40.367175169849212  165.77219683024362 52.37092115604365 38.595329024000854  165.77219683416561 54.402933239882827 37.900691184371574  165.77219683086597 54.658288584132329 39.865065023040387  165.77219683223552 55.143718289679668 40.984963660879743  165.77219683447674 55.33108699952367 42.375272260404124  165.77219683547236 55.686114465779156 43.660274823244286  165.77219683391655 56.052477065640851 44.944250414726291  165.77219683509924 56.397147240609407 46.26925192595899  165.77219683260904 56.738032515209099 47.59520477289847  165.77219683727816 57.061708018655665 48.928774513508252  165.77219683360485 57.348356496034704 50.304037323795313  165.7721968329206 57.579207859289582 51.676158971302264  165.77219682930985 57.621331974450939 53.07068202782235  165.77219683628184 57.665912613967492 54.478129762879092  165.77219683229771 57.692813004130784 55.895470150531281  165.77219683167527 57.63259430745746 57.313189251522296  165.77219683534821 57.631977984716272 58.722015100382862  165.77219683372954 57.669303339808977 60.129799250363497  165.77219682962129 57.628192336487054 61.536335902890883  165.77219683516142 57.559256457779014 62.942383489548668  165.77219683559713 57.536692810295406 64.347771326202519  165.7721968314882 57.456794133612895 65.752313445769317  165.77219683360534 57.459607083927764 67.156572390601895  165.77219683659294 57.414189823200331 68.560629511327164  165.7721968339165 57.328454243888004 69.958853636269964  165.77219683565949 57.314797021379945 71.366450803902524  165.77219683105292 57.220543185418606 72.772390506047273  165.77219683348068 57.169889769575505 74.172164165026885  165.77219683316923 57.121596318017993 75.573873098789988  165.77219683559719 57.040966763889855 76.979689111117153  165.77219683441444 56.961466049385479 78.380187004191441  165.77219682924732 56.825815831037758 79.775604680866962  165.77219682924766 56.741939445377355 81.179626334656518  165.77219683372954 56.645007765863561 82.578418110795411  165.77219683211092 56.58871273466189 83.981824795909716  165.77219683086633 56.40038016145607 85.374891495790223  165.7721968339784 56.363221803002929 86.789920487947285  165.77219683173792 56.208034349073671 88.172019979302064  165.77219683055472 56.110279187015884 89.577874783044592  165.77219683559724 55.99491659828972 90.977292774709753  165.77219683348062 55.845810240001661 92.368064961709536  165.7721968303681 55.748115820270478 93.767646010963205  165.77219682787825 55.598677419394861 95.164206202788932  165.7721968340407 55.456993869158239 96.551926178090724  165.77219683148874 55.334507807385755 97.941559009752694  165.77219683198661 55.141565348228156 99.342342367535679  165.7721968318001 55.010887602192881 100.73757175298476  165.77219683192422 54.785528220061948 102.12012095690952  165.77219683223575 54.630576262473177 103.52684131106329  165.77219683385408 54.327932745102324 104.89174463611361  165.77219683721586 54.169191136814668 106.32579642441382  165.77219683123943 54.018241656425417 107.71291053882091  165.7721968358461 53.747689066451386 109.12696655262079  165.77219683709151 53.542822859519667 110.53923777814295  165.77219683130159 53.294722116310467 111.95311103652  165.77219683260921 53.102278569297937 113.35434744527772  165.77219683677987 52.932799738872347 114.71586381874241  165.7721968311152 52.759012897861254 116.07764975031904  165.77219683061702 52.655882015080479 117.43690599087905  165.77219683516159 52.56778517895458 118.74646047317158  165.77219683148846 52.491120229352553 120.06030063572793  165.77219683310705 52.442485094081206 121.42428259257871  165.77219682893633 52.071594955559391 122.86544628863642  165.77219683298225 51.493825204532655 124.26019068426321  165.77219683746489 50.800067445005851 125.85895654942934  165.77219682974533 50.160528069022334 127.56796403013011  165.77219683310713 50.330253504293992 129.30052749218777  165.77219683366746 52.173162398300491 129.95462699444047  165.77219683167527 54.547656636852494 129.78823448125138  165.77219682750433 57.564880511852373 129.41658555704919  165.77219683684223 55.395484423816384 131.64904771383203  165.772196833294 52.760700852549462 133.31365527064185  165.77219682999436 51.771120757456053 132.52909998715683  165.77219683285813 50.755554872665144 131.23619458854472  165.77219683472572 49.540681972818156 131.0689883114768  165.77219683522375 49.754522399004664 129.0632676879666  165.77219683030569 47.860437291807045 127.00853190872768  165.77219683397868 47.848925164849916 130.81510381178663  165.77219682850057 47.016019207241733 131.01667471884241  165.77219683366701 46.005195718318205 132.30508793929539  165.77219683447731 44.769982381627543 132.95880438994561  165.77219683217137 43.480167007826353 133.55066935638641  165.77219682931667 42.062210784140959 133.77742656907827  165.77219683594478 40.668283712842708 133.82776502871761  165.77219683476076 39.263796904330313 133.88084701200569  165.77219683081205 37.868909805549201 133.93556507096255  165.77219683135735 36.442039547976805 133.94092135863895  165.77219682856787 35.577058663002731 133.6249431559504  165.7721968327337 35.423966698591713 132.9612181983945  
169.08368170707644 37.703551792202873 132.06109444732564  166.99930426392467 37.310474461308395 130.39666959825647  170.06049963448766 37.433724635299434 131.51092801210976  168.81682974397893 38.474766032986224 130.08361531028137  169.15637781991126 39.589306615200059 130.22240674218116  169.06411307423832 40.696338351487455 130.11504767371346  169.08892220092019 41.809295140977497 130.06027067671715  169.08228033610439 42.923603467380858 129.9767151372069  169.08405709886529 44.015806765703218 129.74173937325125  169.08358086127868 45.088721045947906 129.35425579019869  169.08370876624798 45.991573715938181 128.64894079872022  169.0836744562929 46.800868083722904 127.72326511043559  169.0836836249818 47.131971068090174 126.60456121955846  169.08368119556724 47.19321210982595 125.44684131730767  169.08368184701584 47.331416593491866 124.32818551433401  169.08368168684626 47.485873404778069 123.24032586604  169.08368170672037 47.705975729199622 122.14690670897846  169.08368170253925 47.939592366404071 121.06343464355359  169.08368170407809 48.131699541251137 119.96224881040857  169.08368170714965 48.335338488459911 118.86476614977573  169.0836817230572 48.482835047336451 117.75654689759455  169.08368170785872 48.689254371656027 116.66046218866663  169.0836817123901 48.890712178027258 115.56514111139248  169.08368169273953 49.08274647280787 114.46767620438732  169.08368172220918 49.274428239913064 113.37197385954543  169.08368170495268 49.494791885436413 112.28018123943548  169.08368170866959 49.699471278052982 111.18595922014981  169.08368171132398 49.868883455453897 110.08549913835412  169.08368169539528 50.023044490578464 108.98099502350975  169.08368172486365 50.225852331776622 107.89542686930864  169.08368170176681 50.384451444035648 106.77607078355463  169.08368168928939 50.571520635543592 105.68567221549137  169.08368171875765 50.73655189807031 104.5826400934771  169.08368169698832 50.907552526438892 103.48099379140469  169.08368168902368 51.083575679066549 102.37989456713414  169.08368170548368 51.225983403736564 101.27364381457988  169.08368169964319 51.393437309759506 100.17050388546264  169.08368169725361 51.540873231915526 99.064941822008279  169.0836817139791 51.708973971750197 97.961726990337439  169.08368170548368 51.864360983803564 96.856229095060542  169.08368172353642 52.017456320097864 95.751209583259651  169.08368172167792 52.154681792463592 94.643454392500132  169.08368169274056 52.315006387090946 93.538785094486499  169.08368170415631 52.432620547580939 92.428558533859331  169.08368172672206 52.5574532800713 91.318967740898984  169.08368170176692 52.693987328020341 90.210911871910639  169.08368170229795 52.829599304573172 89.102374837816654  169.0836817052182 52.944103492504944 87.99241376205724  169.08368170229767 53.080707299009589 86.884022977113219  169.08368170893479 53.190673387995879 85.768745696137927  169.08368170123606 53.30645552488928 84.658740683933644  169.08368168371396 53.403991054866026 83.548513679649744  169.08368169566086 53.516054954977307 82.431193056967132  169.08368170601437 53.61352589736633 81.32606124570998  169.08368170574931 53.726098308673173 80.208672074970863  169.08368169964291 53.810834630151199 79.093082724762425  169.08368168982042 53.907787008685972 77.991836003361641  169.0836817049528 53.976822738569695 76.88207788200765  169.08368172672201 54.046003532727987 75.786826103680312  169.08368171583729 54.143405608523224 74.685826030613924  169.08368171052791 54.207738663284083 73.57491593258969  169.08368170760744 54.291775471188252 72.481728253474586  169.08368168504171 54.350052510775711 71.374450231073027  169.08368171079323 54.395257522976948 70.275999877050737  169.0836816964574 54.442202882500219 69.173714574268018  169.08368171079312 54.508764872937832 68.076939458948317  169.08368170813856 54.529979505070557 66.948798643966967  169.08368171344802 54.650788487235694 65.797503551100775  169.0836817102622 54.679164287740875 64.638113041886442  169.08368170813839 54.853410575037522 63.447469663732434  169.08368171158961 55.07717226640878 62.44951070554265  169.08368171769604 55.40542957631579 61.560039896220175  169.08368169990814 55.486507663471741 60.672669801554861  169.08368170017405 55.236413869290828 58.618136957271645  169.0836817176959 57.181065812075815 58.10213799934327  169.08368170097017 56.982285078941736 60.328056894659397  169.08368171504111 57.502417126797397 61.011544061219745  169.08368170920028 57.827900237766073 62.180024791786366  169.08368169964291 58.060327979052246 63.259270008319127  169.08368169539557 58.353368620886059 64.366032571831454  169.08368170203215 58.473960806304838 65.49372059850073  169.08368169698832 58.567181380813089 66.626972469987805  169.08368170760724 58.58644538717958 67.753189554668154  169.08368168769655 58.59706962299849 68.874191188240346  169.08368170335962 58.678931458484975 70.002407316110862  169.08368170628023 58.706704047309572 71.112293147019955  169.08368172167781 58.804628243881304 72.222719017942126  169.08368169194432 58.819138994041012 73.332468426431859  169.08368170893488 58.800651193087639 74.438061590632159  169.0836817115898 58.840766451042285 75.542807687511029  169.08368169592637 58.820707681335662 76.65213988997985  169.08368170282856 58.726979425579543 77.757925149469955  169.0836817203508 58.63213891109244 78.861741920813159  169.08368169672246 58.590205450730295 79.968002764658607  169.08368169486454 58.506725045398959 81.074964975683329  169.08368171238618 58.456978667904707 82.183623786698192  169.08368170335959 58.356127443484283 83.293207410959042  169.08368169061691 58.242548525176389 84.403223732670256  169.08368170203232 58.144837932913788 85.511508198685803  169.08368169459882 58.05691259557851 86.626341422905455  169.08368171424451 57.913348349380541 87.734377193067672  169.08368170389076 57.859543674659506 88.845588774317264  169.08368170521805 57.708807288761641 89.950981967830728  169.08368169486448 57.521902483211363 91.051036136130321  169.0836816999086 57.436310797259992 92.163789241922558  169.08368172194346 57.350210589118305 93.278356975918243  169.08368172194355 57.245993859222587 94.392581412145319  169.08368170282864 57.119225907624312 95.497159338391668  169.08368170973151 56.9142610500069 96.594553474572734  169.0836817150406 56.781565459074969 97.699161459149934  169.08368170176703 56.604464730356945 98.812264340688756  169.08368171132392 56.452150502133506 99.906360133973863  169.08368171636832 56.268914871526533 101.02214341967078  169.08368169486448 56.097072133113556 102.13217427030645  169.08368170389076 55.858999208446683 103.23741121865817  169.08368171716469 55.614231979163904 104.34672452981005  169.08368172778395 55.393078137445364 105.46473603755788  169.0836817015016 55.269217245181679 106.58633744029544  169.08368171238601 55.061168218160859 107.69599752401118  169.08368171026225 54.894217576798106 108.79884653796069  169.08368171105855 54.744317909933343 109.89656455793208  169.08368171052777 54.623529395136202 110.9996300384085  169.08368170920016 54.556715508093269 112.11653102241047  169.08368170229812 54.564912807756954 113.20792614926839  169.08368168796153 54.485737757862779 114.29477612903972  169.08368171344807 54.459507113224383 115.32663835683221  169.08368169380259 54.465349749420099 116.36393651908077  169.08368168849279 54.402763126623967 117.35263861755914  169.08368171318278 54.390597856933269 118.35942463205757  169.08368170760738 54.31140100682601 119.43074140962614  169.08368168982037 53.844582574821004 120.58368253468424  169.08368171397919 53.263790087355417 121.75658566485512  169.08368171610272 52.553433708523954 123.04944997077868  169.08368169672281 51.772133373853848 124.38957057692538  169.0836817123861 51.006766494487572 125.8202612939283  169.08368170548374 50.125865163072831 127.02793722357002  169.08368172327062 50.547440935301765 127.96099665463538  169.08368170601491 51.788985708348825 128.88761602865605  169.08368168689952 53.788649785786419 129.12869732751028  169.08368171981985 55.926837835228937 129.06584803670199  169.08368170548363 58.441478663992939 128.50060934175781  169.08368170309421 58.370179827305051 130.24404127859975  169.08368171158966 56.091206599705203 131.50433068398894  169.08368172937702 53.942409452032955 133.32495310368057  169.0836816895546 52.793483255226512 133.14949985687068  169.08368170468711 52.301556957436141 132.09982395892735  169.08368171875787 51.470920072588896 130.89477515594493  169.08368170654552 50.783743939013675 129.65261048874373  169.08368169858119 50.501269439448336 127.36477637377361  169.08368169645723 48.880496405250931 128.52473429376849  169.08368171743032 48.973048962705292 130.7848108259804  169.08368170176692 47.953243658968304 130.80327117823788  169.08368172512934 47.088095375509766 131.8506591471133  169.08368170309444 46.093440467041518 132.28404890550954  169.08368169964268 45.051751557044099 132.69938176365687  169.08368170946625 43.949924238790913 132.95034091692773  169.08368172167701 42.848353704955315 133.07455307718044  169.08368169327537 41.734518661288448 133.14721511155375  169.08368169883136 40.618361374792791 133.14049448961481  169.08368171377069 39.510297071857195 133.13322566419146  169.08368171854417 38.393927351857052 133.00219700610225  169.08368171284332 37.770160970722287 132.49826268397118  169.08368170707644 37.703551792202873 132.06109444732564  
172.06806677891024 39.455174070968098 131.46243356426709  169.94689927775778 39.016847090308104 129.80745182636497  173.06212589731808 39.324007504658795 131.26274951198636  171.79650482945232 39.590734763555901 129.63687516582519  172.14204600246296 40.522252541489436 129.64828605158573  172.04815281682926 41.338906677900667 129.46512292479582  172.07339980966955 42.195715746322307 129.45916540291142  172.06664072815531 43.046930774730768 129.46244993286112  172.06844885870038 43.90276686685575 129.4376758705267  172.06796415754476 44.753468873134224 129.31753410742834  172.06809432095625 45.590071579511353 129.09131020151949  172.06805942066364 46.400517630534274 128.79337138881021  172.0680687594589 47.149337583203781 128.29335045204832  172.0680662399638 47.767151761776759 127.61743033368101  172.06806691787347 48.261140084722413 126.87496796549834  172.06806668473831 48.501705371580158 126.01971987211732  172.06806682338819 48.61080156625431 125.15021569056618  172.06806678234102 48.650235944290728 124.28382366194555  172.06806679195546 48.762324598390052 123.43793122944666  172.0680667778347 48.927408661311894 122.61095508329767  172.06806672618757 49.136022567131249 121.78592701304656  172.06806677625767 49.324806894143755 120.95639538025293  172.06806676132209 49.488094450876922 120.1151246335025  172.06806682640701 49.636165565633313 119.27287604704634  172.06806672877411 49.786090969455877 118.42462737523333  172.06806678594688 49.916760281275408 117.5764566245744  172.06806677363252 50.05524637326878 116.72838141758626  172.06806676483723 50.212672565468054 115.88617351721112  172.06806681761179 50.358906839514034 115.04157257436918  172.06806671997862 50.479018377787732 114.1991941746886  172.06806679650177 50.625916868953091 113.34442000240554  172.06806683784271 50.773262537698372 112.50871529273469  172.06806674020848 50.92382040412334 111.66782810254956  172.06806681233451 51.067853434644014 110.82716066225984  172.06806683872196 51.21627423529246 109.98727711383454  172.06806678418764 51.37339199144332 109.15003885637192  172.06806680353867 51.50470731196944 108.30967671239846  172.06806681145497 51.652899861249125 107.47129694814683  172.06806675604105 51.796857792028632 106.63305457854611  172.06806678418792 51.92554178035482 105.79312979629991  172.06806672437602 52.066131766371925 104.95354651135662  172.06806673053339 52.210216807703276 104.11696426329537  172.068066826408 52.352764706614579 103.27971765026031  172.06806678858572 52.488130146024325 102.44075436566004  172.068066713821 52.629476163733187 101.60410779471769  172.06806679650225 52.765164736840063 100.76665155014834  172.06806679474249 52.885964227928845 99.926954700539753  172.06806678506757 53.007548371143116 99.089114001553369  172.06806679474283 53.128785433539058 98.250251198174212  172.06806677275335 53.254813463771796 97.411760454281733  172.06806679826093 53.383982081676301 96.577919101665586  172.06806685631381 53.512894469887172 95.742980742291579  172.06806681673243 53.613448445028048 94.899132856510548  172.06806678242879 53.739995926015297 94.071295032071973  172.06806678330813 53.831513790887271 93.222734531290968  172.06806680353867 53.946828636402991 92.378308674824709  172.06806683608323 54.058783037186103 91.518615890702364  172.06806678594666 54.144612207111372 90.634646699987385  172.06806671382137 54.272906752465794 89.760239489832784  172.068066749884 54.362948372639089 88.875860774008231  172.06806676747561 54.489144961400996 87.988329025801079  172.06806677715119 54.562492339789607 87.104577466506115  172.0680668519158 54.711934780392475 86.225714235633717  172.06806676659599 54.784776789498501 85.338021937302742  172.0680668140935 54.935490108506599 84.458597552884356  172.06806676659625 55.008193242512874 83.569259920021622  172.06806677539191 55.273745333041703 82.758683071131884  172.06806675780035 55.27423900397276 82.035861036222528  172.06806676835544 55.56473659560406 81.35245897210703  172.06806677539197 55.512191346614749 80.674024816602895  172.06806676395729 55.448803458359528 79.469421295834636  172.068066743727 55.460482485129845 77.789626429643363  172.06806680265925 56.642475526857574 76.492703740391164  172.06806680177954 57.471487991621068 77.982567360559159  172.06806674372683 57.58076023016369 78.899180208849543  172.06806679914092 57.910104701382814 79.563404711601905  172.06806675252278 58.041773544179073 80.444350941766572  172.0680667718737 58.273816759968412 81.253839915690833  172.06806680353873 58.446544526084296 82.092294524639684  172.06806681761211 58.474373195010905 82.944701150913033  172.06806679562226 58.548964431951191 83.786841119044666  172.06806681233479 58.61410701963252 84.644566976861512  172.06806677715105 58.765899542117118 85.494016438070048  172.06806684311999 58.807857003707497 86.352203334754975  172.06806679122445 58.7780304005734 87.223072469564869  172.06806678154925 58.752169468143649 88.083286194744829  172.0680667305333 58.741451799182506 88.950227369073858  172.06806682904653 58.717672394846389 89.819480081370955  172.06806677275327 58.67306358140452 90.68777357517078  172.06806676395729 58.594097058212775 91.558630139065315  172.06806681585277 58.447427108254871 92.422147379681675  172.06806679298393 58.359365826724847 93.29448915006391  172.06806673493099 58.322414737721004 94.167627032995568  172.06806681321416 58.232605967322371 95.036893056757677  172.06806681937104 58.111149956662523 95.902493600085847  172.06806676131856 58.020901149807187 96.767721529861049  172.06806679122462 57.811782144341656 97.613484067715476  172.06806683344428 57.762757134804929 98.464486797733542  172.06806679562254 57.61228652003512 99.302653588170301  172.06806682025072 57.475170224600497 100.14802402105946  172.06806675516162 57.397144485103446 101.00317936376038  172.06806678946549 57.20134111738431 101.84019776108626  172.06806678506732 57.055570299301714 102.68317035496131  172.0680668193711 57.046851953198392 103.54932982879855  172.06806680265913 56.839125030423716 104.38139730856678  172.06806672965348 56.57110110036534 105.19718121430985  172.06806672965388 56.341531633678798 106.02573883651914  172.06806679298359 56.277677617025581 106.88159063230137  172.06806677011451 56.212293787301725 107.73347635537819  172.06806675252298 56.137799995869088 108.58404425196139  172.06806679650188 56.081384194301805 109.43637345085369  172.06806676483723 56.027044161243175 110.27621140785249  172.06806674812492 55.993162884174517 111.10520262555282  172.06806681937104 55.949567290007934 111.93808233257295  172.06806678946538 55.941315682481232 112.74770505792014  172.06806674548611 56.014092426805071 113.56589388180591  172.06806671030296 56.052651425671861 114.36622431342441  172.06806679738122 56.017095720019086 115.16390236699775  172.06806676131868 55.993174156008138 115.96310678233196  172.06806676835515 55.911869436941615 116.83654309227026  172.06806676571665 55.705241209322963 117.68061859247489  172.06806676747556 55.449102729612811 118.51108082479413  172.0680667718737 55.042973980117772 119.34563063317056  172.06806679474278 54.520688377672883 120.19618538247316  172.06806684224034 53.857587462295989 121.14721167379949  172.06806675780047 53.160267418514948 122.13003454082497  172.06806682288945 52.349605575266494 123.20471698947011  172.06806684048144 51.519123564457296 124.34611945811352  172.06806675867969 50.766260058987235 125.49825166231621  172.06806677715127 50.245831374131129 126.43081713150573  172.06806683608318 51.008797350474396 127.05974407124431  172.06806675604105 52.266560366980819 127.67338830978052  172.06806674900457 53.921507370607543 127.93483087684665  172.06806681321387 55.73727884163096 127.92544029333592  172.06806676131885 57.602321447202179 127.6863632914169  172.06806678418775 59.775652231313103 128.19896860907789  172.06806672525576 59.305713260713247 129.7526442559452  172.0680667824285 58.298677793054559 130.66990400186938  172.06806684575892 57.188900448388793 131.87715829047391  172.06806673668996 55.808068638099876 132.91365650485812  172.06806678418798 54.209298169016222 133.16204646056909  172.06806679210396 53.198904110565159 132.64120273514663  172.0680667639574 52.863238699237243 131.82065177914046  172.06806670502533 52.496368783131729 130.02407758472782  172.06806683696277 52.202244406291832 128.55798506666929  172.06806678682671 51.427107754605395 127.09619497048935  172.06806674020828 50.50955343524825 128.01309648539194  172.06806678066977 50.220386898037106 129.15177662904742  172.06806680705677 49.610070694473109 130.32208082144118  172.06806681409398 49.142792649826042 130.88761294946659  172.06806674460603 48.293322117305365 131.16922115319494  172.06806679650219 47.548575928104725 131.6729353854364  172.06806671909843 46.725572575979932 131.92250870188616  172.06806679210436 45.908843099103557 132.1878537101947  172.06806680353782 45.064099054352411 132.32754092743022  172.06806677099689 44.207056635212595 132.40146840816197  172.06806673052364 43.352683162636168 132.45045763059829  172.06806682468493 42.496366951253833 132.43317824344848  172.06806680604188 41.64509675660203 132.46718656746236  172.06806675742996 40.778177211681779 132.48993960913847  172.0680667383092 39.947974162526833 132.20540436414524  172.0680667653896 39.555973565138629 131.66143685949586  172.06806677891024 39.455174070968098 131.46243356426709  
174.46307162439814 41.188659301331825 130.60864400332292  172.31237991260491 40.715937269429716 128.97040192987834  175.4709669456351 41.182912716124932 130.66038576010774  174.18772972033548 41.243278992259022 129.18149424246829  174.5380805617522 41.934275663741516 129.17284913791636  174.44288032996738 42.529655689795661 128.99157816782747  174.4684787896586 43.185201393638366 128.97218349402897  174.46162559458762 43.820327980939773 128.92615338368398  174.46345887508596 44.461815914160056 128.88710069674937  174.462967564248 45.099938907069088 128.86574570449454  174.4630995373241 45.734745272546746 128.80740831719146  174.46306411517057 46.359827043051652 128.66687131345373  174.46307356436262 46.968070814079866 128.48114731240685  174.46307112152465 47.570308695408855 128.23426378887791  174.46307177345233 48.112695227266897 127.86891244939103  174.46307170309456 48.635562460603936 127.45355195868036  174.46307156335524 49.061343171381715 126.92049329707487  174.46307160882586 49.419484085757247 126.35696390787687  174.46307159952372 49.670156494492225 125.74584585182262  174.46307162602918 49.770350080217675 125.09589056099637  174.46307173423324 49.799641137943325 124.4404626741044  174.46307162987284 49.854258030845045 123.79461761799598  174.46307166099575 49.940258645626159 123.16787673358064  174.46307152559359 50.032076855305164 122.53873428245673  174.46307172869103 50.151007578986125 121.92755674534409  174.46307160976059 50.281915081379339 121.31132455995382  174.46307163537648 50.420321545656407 120.69886343637359  174.46307165367296 50.545241825997849 120.07975116317962  174.46307154389143 50.671947073678396 119.45787917084161  174.46307174698779 50.818311987530649 118.84891882778956  174.46307158780391 50.950127099437907 118.21719273452123  174.4630715018086 51.071811369779923 117.5974477388406  174.46307170490442 51.197589733764275 116.97096356022394  174.46307155486988 51.331403238163034 116.3445930159801  174.4630714999787 51.444700964801825 115.71464979943198  174.46307161342008 51.549783050598137 115.08037557893597  174.46307157316653 51.657875358887608 114.44435927318762  174.46307155669933 51.769673048393734 113.81054833968443  174.46307167197017 51.875801229683958 113.17441547164168  174.46307161341977 51.984245327910372 112.5360367844479  174.46307173783924 52.089568962497594 111.90141838858158  174.4630717250314 52.190675195900752 111.26063661527337  174.46307152559427 52.275929299820348 110.61846720800271  174.46307160427142 52.374701979732748 109.97864760304381  174.46307175979558 52.466580157017489 109.33536355602976  174.46307158780419 52.564951204394873 108.69337614559802  174.46307159146369 52.673531436241227 108.05245269369441  174.46307161159044 52.774958302582718 107.40901041837074  174.46307159146329 52.875927470927181 106.76645100039477  174.46307163720621 52.977382678957454 106.11651222817102  174.46307158414476 53.076429665855287 105.46879764775892  174.46307146338489 53.17371254901559 104.82409573413739  174.46307154572099 53.28863242607833 104.17512478700201  174.46307161707941 53.380188380703672 103.52769328542543  174.4630716152495 53.499074102510939 102.88417149659753  174.4630715731667 53.601578798702995 102.244632201895  174.46307150546787 53.718884669640381 101.65403088981651  174.46307160976076 53.8551595781516 101.08535500124177  174.46307175979538 53.943984808746926 100.53094860821275  174.4630716847779 54.04291550021793 99.972714480738105  174.46307164818427 54.118339436886615 99.410253166684669  174.46307162805755 54.267839118833002 98.86853074899426  174.46307147253316 54.290494962227662 98.298565181323738  174.46307165001411 54.427786041489966 97.75188732243609  174.46307155121019 54.490943167903545 97.18940383254639  174.46307165001394 54.641405960709669 96.646411852499838  174.46307163171667 54.608547312092796 95.963709887054023  174.46307166831068 54.900787664682269 95.072949983451991  174.46307164635442 55.024713166008993 94.198864348131536  174.46307163171667 55.486566330249602 93.191793919497968  174.46307165550292 56.464342928437659 93.457220894219844  174.46307169758575 56.937433587438676 94.590920159029309  174.46307157499621 56.952243257457056 95.626959670503538  174.46307157682583 57.035592402600514 96.107929566702452  174.46307169758614 57.110335754617708 96.738884029271844  174.46307158231502 57.231075290363869 97.405980279991894  174.46307167928904 57.332285711912334 98.037045587587528  174.46307163903563 57.352035857411408 98.690712696360791  174.46307157316642 57.358212737434286 99.334696948784838  174.46307154389149 57.423513693645333 99.973823771064161  174.46307158963378 57.522739001133317 100.60626751049696  174.46307155486963 57.533603747037304 101.24166815279449  174.46307162805752 57.464771928282914 101.8632059669016  174.46307149083049 57.532715750345204 102.47564823071696  174.46307159878211 57.601498343546623 103.09886899755372  174.46307161890905 57.625611119163239 103.70986875706515  174.46307172503134 57.648327450776371 104.32010424645225  174.46307152010553 57.650573347371278 104.92664728259584  174.46307163720576 57.686842722000662 105.53455350662499  174.4630716555032 57.714063155724851 106.13737300445621  174.46307154755064 57.743817157969872 106.73915145662998  174.46307159512298 57.779831041385584 107.33595322258608  174.46307171588313 57.75715575726862 107.93139722927356  174.46307155303981 57.718279058586376 108.52463661754615  174.46307154023225 57.683194067180168 109.12216631060457  174.46307166099183 57.628488775072391 109.72579253582882  174.46307159878234 57.72637718721171 110.35602760135995  174.46307151095715 57.569587377875749 110.98771623811686  174.46307158963361 57.444577875263136 111.61459497974379  174.46307153840246 57.362479917766521 112.24668897935969  174.46307167379985 57.228696241458664 112.87150427110869  174.46307160244157 57.24982419000478 113.50744121148952  174.46307161159024 57.187796885609494 114.13853557266138  174.46307154023219 56.99045016942955 114.74800086548927  174.46307157499629 56.890254006298264 115.37615071448016  174.46307172686113 56.797349671451812 116.00547270725323  174.46307172686105 56.700508821106339 116.6360169763275  174.46307159512281 56.507213734869971 117.24647743647223  174.46307164269513 56.280602228533013 117.85814210391251  174.46307167928882 56.050882904425279 118.47094404542557  174.46307158780422 55.795025573745903 119.10112937980978  174.46307165367296 55.525270693922181 119.71384561146682  174.46307168843734 55.178539376689031 120.37971832818357  174.46307154023236 54.863809752470814 121.02973517860673  174.4630716024416 54.481707186476953 121.7232311914032  174.46307169392645 54.071639872503667 122.42488825866521  174.4630717671144 53.676731469581888 123.16023539213023  174.4630715859746 53.33184312070383 123.87269864123324  174.46307166099203 52.955812005264015 124.57734290430851  174.46307164635422 52.673961127781197 125.14701424591688  174.46307165184365 52.675276028188364 125.76056359789705  174.46307164818415 52.813174809245943 126.40774524957331  174.46307163903555 53.23105126269148 127.06574489899747  174.46307159146383 53.87175804584281 127.6414042154373  174.46307149265982 54.795091485284473 128.08315961251185  174.46307166831079 55.844387265918861 128.37678575739767  174.4630715329132 57.06237486871499 128.52903757863186  174.46307149631951 58.363370786638029 128.52034672763719  174.46307166648094 59.592485853034574 128.52685197290936  174.46307162805766 60.873262960447008 129.02252119056473  174.46307150546778 60.246376202836458 130.00955530841219  174.4630716719704 59.39193392844011 130.63167095448591  174.46307168660758 58.365330196162745 131.33205675037257  174.46307155304021 57.286062011474627 132.03813352069693  174.46307166099186 56.100926013944616 132.64802029629291  174.46307161341997 54.767705663024458 132.70107789706299  174.46307173600945 54.097662160852536 132.08253175834417  174.46307161707932 53.621669498975905 131.27861665229392  174.46307148534095 53.169141835502195 130.32977028787704  174.46307171222369 52.85183628054871 129.28639628077377  174.4630716134198 52.722958193326782 128.33219766545989  174.4630715969526 52.471395952197661 127.54967278102338  174.46307165550303 51.721681093866799 127.20863266389769  174.4630717780924 51.182063175895777 128.35361054972367  174.46307150363822 50.786084189854144 129.30229027019664  174.46307160793063 50.441791501167302 130.26395071149932  174.4630717049051 50.017968968950285 130.63880062739329  174.4630716207385 49.416722253398589 130.88893752564485  174.46307156584817 48.849868604520921 131.06608512392552  174.46307155121013 48.212429781087302 131.29962885541261  174.46307169575633 47.627867147369869 131.55738432718192  174.46307158780434 46.997953211472165 131.69158295935807  174.46307174881724 46.36406164095974 131.81427567994993  174.46307159695309 45.729787463036956 131.84700038966764  174.46307157316471 45.096372006405957 131.90397719902646  174.46307164087239 44.458284130449542 131.90845621690681  174.46307172500454 43.82080548086914 131.91106353134415  174.46307152935466 43.186670882582177 131.91149909224208  174.46307156729824 42.550048475737839 131.86554100865328  174.46307167156311 41.919112502740902 131.66669801637843  174.46307169959846 41.440321632440082 131.20758708364218  174.46307167236358 41.316796949951765 130.76647037779821  174.46307162439814 41.188659301331825 130.60864400332292  
176.70402692887941 42.820135251984155 130.17329932027263  174.52570924101019 42.311430848350589 128.54271277345242  177.72486868124281 42.917186248477051 130.43173580149468  176.42514862457028 42.652224131199191 129.0694789011232  176.77999934116079 43.051254882074545 128.93630138065851  176.68357677674894 43.479307096321932 128.7107028176633  176.70950386282624 43.882612401305238 128.61123750564568  176.70256275216977 44.326196828986859 128.55630263664546  176.70441963780274 44.761365354417897 128.54380964575131  176.70392156629191 45.208251157991143 128.51303528381209  176.70405524135617 45.66047198423442 128.51573427149066  176.70401948283575 46.107377219074316 128.49244486179697  176.70402911779831 46.560095097031422 128.48440847539626  176.70402627630193 47.011542839440011 128.41097544243078  176.70402705303496 47.468767505949742 128.34376252310145  176.70402643599971 47.913565430566187 128.23501557495911  176.70402721597043 48.36908866866419 128.11376139701449  176.70402697573294 48.809982481972419 127.92492321225167  176.70402702893739 49.237128886206861 127.68425643160589  176.70402692158495 49.653079584092993 127.38600835646902  176.70402650333116 50.036096358342363 127.04451239892398  176.70402690758496 50.379132224325588 126.68000797499568  176.70402678701581 50.629714582933246 126.2455243276541  176.70402731192053 50.83040713624635 125.81514600534851  176.70402652455772 50.913762522870215 125.31295430851881  176.70402698562634 50.961327767503185 124.83227147008466  176.70402688631907 50.944704682293775 124.33026147377393  176.70402681538565 50.970358154667252 123.8535288895234  176.70402724098784 50.98074585575187 123.38145516309271  176.7040264536237 50.987415384460348 122.90091670561748  176.704027070747 51.010283070924466 122.43380719635306  176.70402740413522 51.043568133241223 121.9794142273439  176.70402661677127 51.074315822257873 121.5302226656014  176.70402719842738 51.117526152924768 121.09038877168939  176.70402741122854 51.16658080897794 120.65088225025498  176.70402697143976 51.239791066074638 120.22698041361855  176.7040271274937 51.333224668937255 119.81519554285057  176.70402719133421 51.41998845623138 119.39642206965705  176.70402674445185 51.531161644652343 118.98706672890441  176.70402697143967 51.64608982736172 118.58764783689993  176.70402648909055 51.758609719465028 118.17233675038577  176.70402653874424 51.883147271873376 117.77992325582454  176.70402731192144 52.032765757130875 117.38661242222081  176.70402700690656 52.164481888741641 116.98938348531942  176.70402640397009 52.307735501364839 116.60354388861344  176.704027070747 52.433241121281633 116.21422104801978  176.70402705656002 52.520825937342281 115.82030055797836  176.70402697853305 52.634976705722337 115.43890903608803  176.70402705656002 52.759094705916816 115.05361918897256  176.70402687922581 52.877060432194398 114.68709476780816  176.70402708493361 52.980788440510935 114.32137518706648  176.7040275530959 53.097972127162819 113.94706134030065  176.70402723389455 53.177634191815173 113.57286009616266  176.70402695725301 53.342006994019826 113.22953541990439  176.70402696434638 53.375078538328275 112.82624695910872  176.70402712749384 53.462885045288132 112.41698960370223  176.70402738994824 53.481196262317638 111.83494969896869  176.70402698562657 53.522948345992177 111.15576999920796  176.70402640397006 53.711292468178954 110.44998852468527  176.70402669479847 53.854703826716779 109.7383939483551  176.70402683666549 54.03626478339919 109.01180618433642  176.70402691469286 54.254055320481569 108.30773579080278  176.70402751762919 54.510118477867934 107.60088871245318  176.70402682957229 54.779370692732755 106.90242585313153  176.70402721261405 55.102269724547092 106.20991650625456  176.7040268295724 55.479888431915313 105.54055928674089  176.70402690050605 56.27691954428839 105.3397767962424  176.70402675863858 56.650650945424616 106.16455696449813  176.7040268437591 56.938434904344575 106.9030014459259  176.70402690050611 56.981178515602394 107.77135751477039  176.70402680829199 56.987612549979644 108.22700741193137  176.70402664514478 56.96670090323795 108.49236747836957  176.70402712040033 57.20868859775414 108.74604216742804  176.70402711330689 57.252543118109301 109.2042131943702  176.70402664514461 57.400740625654116 109.58189748598069  176.70402709202702 57.4507425787424 109.98514452319975  176.70402671607826 57.470393780372476 110.39502324516927  176.70402687213257 57.479591533115723 110.80630740383005  176.70402712749384 57.469909023340698 111.23715479772571  176.70402724098767 57.441076359838959 111.67539672102902  176.70402706365365 57.387463303733583 112.12123572433876  176.70402719842741 57.329643163130186 112.60484000463629  176.70402691469278 57.294947611934283 113.11159219598261  176.70402744669525 57.091001421634118 113.64648363609203  176.70402702818674 56.846298102915839 114.18253009998816  176.70402695015966 56.657317663548092 114.7215808358041  176.70402653874407 56.393180828497762 115.2735046499577  176.70402733320151 56.199378078193675 115.84032663581689  176.70402687922575 55.914373538229107 116.40097327788376  176.70402680829204 55.625651608876666 116.98023516193683  176.70402722680097 55.352199179317338 117.56406958793573  176.70402704237341 55.064674399869261 118.17072275160956  176.70402657421099 54.794000192113131 118.76659410269494  176.70402720552084 54.534143645633343 119.36096010901275  176.70402725517448 54.264396972536574 119.93756141719234  176.70402678701208 53.969502553562066 120.48251761766117  176.7040270281866 53.63682844064288 120.98056628405797  176.70402736866822 53.544487911339786 121.38317927541004  176.70402706365377 53.560623365273557 121.8268227127908  176.70402726226763 53.541079996059118 122.28682746934751  176.70402673735879 53.608993903347965 122.76433501540404  176.70402701399979 53.528841183243898 123.22295062471426  176.70402697853319 53.541244368909332 123.69601642284934  176.70402725517428 53.591473660530639 124.18347029144462  176.70402712040061 53.587538421221026 124.64225866342485  176.70402653165053 53.555091585221071 125.10161147439585  176.70402653165081 53.589155473935961 125.57024815963229  176.70402704237341 53.694004320168574 126.05277535793817  176.70402685794551 53.946235029640263 126.53551402877387  176.70402671607866 54.289856039574957 127.02804033007038  176.70402707074675 54.781614215066057 127.48722312126552  176.7040268153857 55.337932906959956 127.96296066641595  176.70402668061129 56.122149303109232 128.26508392152232  176.70402725517445 56.875718711695711 128.63394835924396  176.70402701399976 57.772431958674986 128.80447403216675  176.70402665933153 58.690431505198639 128.93735033228356  176.70402637559664 59.643608067965729 128.96154806365436  176.70402707784021 60.532231961999855 129.07888024033122  176.70402678701203 61.473847774336797 129.21311560123303  176.70402684375912 61.954841596451132 129.88005709078857  176.70402682247874 61.494498618416358 130.3825015111446  176.70402683666572 61.075996648070571 130.82164811335298  176.7040268721324 60.446603784858411 131.1632820311244  176.70402705656011 59.775821714854978 131.51035909204003  176.70402743960204 58.983058005828099 131.86016222795644  176.70402675863869 58.139406425366943 132.10689128082794  176.70402728354793 57.176861009072525 132.2288002330346  176.70402742541546 56.164543373529227 132.0966115185459  176.70402676573218 55.19227926356568 131.80469713630981  176.70402691469263 54.27325129870281 131.21690198272967  176.70402738994832 53.951031448784349 130.41795254744153  176.70402674445211 53.706560262600554 129.69026185409987  176.70402668770475 53.555674299685251 128.90607280955061  176.7040272055209 53.488008971392418 128.07919249268264  176.70402678701214 53.400233824972844 127.32146471884104  176.70402697143959 53.306576995021615 126.74214362414902  176.70402649618404 52.832027628651545 126.75247008937762  176.70402695725284 52.454225795740271 127.39227668011213  176.70402746797578 52.152236166451345 128.12703994561787  176.7040265883976 51.861561728001703 128.95396769037328  176.70402697143976 51.472723689666196 129.69821435487614  176.70402703528009 51.076635693271847 130.35916574862574  176.7040268082921 50.781454647094691 130.81845740754198  176.70402633303661 50.389147965998475 130.87962420523348  176.70402739704167 49.938089530629526 130.8928852152286  176.70402699272006 49.465621883771469 130.87739920341184  176.7040266167707 48.988534065617884 131.0200922958733  176.70402694306654 48.559259668067604 131.15831265096321  176.7040271558669 48.115539169486233 131.28743719237929  176.70402721261456 47.680449581361515 131.34587570159974  176.70402665223764 47.219981688964097 131.39059751535024  176.70402707074703 46.768182575070412 131.40791429383322  176.70402644653029 46.312986006838528 131.43045359422348  176.70402703527984 45.866151144604174 131.45460841557539  176.7040271274945 45.418092971693667 131.45045285535883  176.7040268650365 44.95495651729955 131.50065843370763  176.70402653875453 44.501449391716093 131.50227323022608  176.7040272976964 44.041835822825462 131.42561556574805  176.70402714891731 43.592747407148011 131.28780916502379  176.70402675100826 43.269308836569408 130.95896514290814  176.70402661877358 43.032071207123806 130.547589690672  176.70402678272063 42.824914065247562 130.39747278491592  176.70402692887941 42.820135251984155 130.17329932027263  
177.58381756375144 43.286247946445506 129.82803089890831  175.3946561939398 42.76261282293909 128.20491731288826  178.60974152094434 43.404247784749472 130.24716678894217  177.30354972916453 43.130555816793034 129.01883208677486  177.66016825028322 43.273830584101127 128.95426487135171  177.56326405177464 43.413130800439163 128.5857962759095  177.58932079193329 43.81604568837335 128.44929834260859  177.58234477240217 44.127600557073578 128.32649089529252  177.58421072686184 44.483662241622049 128.27237574284948  177.58371157051403 44.805659456171284 128.26035980056827  177.5838458900096 45.10850040717154 128.16799463135578  177.58380958558641 45.436775597161891 128.20274106498607  177.58381906882079 45.746020211467233 128.16676450025417  177.58381735213533 46.066413488733922 128.19827223685675  177.58381777167349 46.380699253356205 128.20519252859472  177.58381884404346 46.692305836049371 128.21523418614964  177.58381677025741 47.000965066258935 128.17081909850748  177.58381741663297 47.31241357788516 128.17593024508764  177.58381727589403 47.622636627498188 128.14573700845258  177.58381758416442 47.9339728893097 128.12976683525343  177.58381880071272 48.246348852643571 128.09399104226281  177.58381762558233 48.552850581603877 128.02217161261714  177.58381797605776 48.877836312026126 127.97964697104882  177.58381645053373 49.174274116710492 127.83278548069866  177.58381873881316 49.509708558244334 127.76460827446762  177.5838173988306 49.803962699817703 127.59785595883467  177.58381768744206 50.119695684019327 127.45559482652148  177.58381789359339 50.39117864361927 127.25736783845451  177.58381665668594 50.651702978542879 127.03181446661223  177.58381894496478 50.92138718911373 126.84662583810061  177.58381715144881 51.156079293685337 126.58709182237519  177.58381618253824 51.375888656091007 126.32927755368128  177.5838184708166 51.548965321775938 126.03342336055611  177.58381678037708 51.708691732578401 125.71549804844221  177.58381616192332 51.85365876749281 125.39705214349839  177.58381744006056 51.931600533783971 125.03364126536171  177.58381698652829 51.946760408756496 124.63439150219411  177.58381680099183 51.997019225685662 124.2583996785543  177.58381809974458 52.009893783404038 123.86153074123249  177.58381744006067 51.948023539575019 123.423166397535  177.58381884188898 51.951460804941853 123.04261017746656  177.58381869758293 51.852699332374172 122.58280637518219  177.58381645053478 51.765448269979025 122.14152034261697  177.58381733698533 51.724840490581776 121.7103544888033  177.58381908927015 51.677481687509946 121.25155827102331  177.58381715144898 51.618842337256176 120.79122398301753  177.58381719267945 51.632925368888131 120.33673282907121  177.58381741944547 51.621913029817222 119.8566321792724  177.58381719267956 51.602624061263782 119.39232120027168  177.5838177080571 51.635568985397697 118.87436240419461  177.58381711021917 51.631538300545053 118.34559550426805  177.58381574962047 51.675133475769378 117.86121588820312  177.58381667730143 51.770023268267948 117.35199344990005  177.58381748129062 51.763042090580065 116.80678359610798  177.58381746067573 51.976838886317559 116.37613727205458  177.58381698652829 52.238979665154353 116.01720811965373  177.58381622376862 52.589989130364749 116.14478659362125  177.58381739883055 52.826650990471776 116.52737465109649  177.58381908927012 52.856643041685018 117.06337689597305  177.58381824405046 52.86402958808663 117.56748375383127  177.58381783174781 52.865502315497764 118.12602983065288  177.58381760498173 52.791516399352396 118.66393475527518  177.5838158526962 52.733316150537462 119.21969062237264  177.58381785236324 52.654671138046638 119.78910387041761  177.58381673914684 52.503640258026572 120.36615265514529  177.58381785236315 52.366240951919586 120.93017539843397  177.58381764621166 52.171997912993852 121.46676514696519  177.58381805851442 52.025252875820122 121.88587140335889  177.58381781113306 51.883979162516738 122.31354738819188  177.5838176462116 51.74962556325724 122.73399851034036  177.58381791420879 51.571334721230144 123.20848197349376  177.58381838835641 51.574700050565504 123.68080148583699  177.5838170071431 51.446120165002014 124.17925875368299  177.5838170277585 51.528412418431316 124.58967864018248  177.58381838835632 51.438028919689998 125.08709069322769  177.58381708960374 51.546057885152941 125.49989464603077  177.58381818220522 51.599423184564756 125.92941771704049  177.58381772867233 51.697591004881311 126.34886615110487  177.58381698652795 51.80424556633551 126.71366051163804  177.58381665668628 51.973841370977745 127.06136669810289  177.58381717206379 52.117578567308279 127.38266799274486  177.58381678037702 52.348911700463788 127.606151770555  177.5838176049815 52.66209123659489 127.74692229416205  177.58381605884799 53.139035136975195 127.80751210348005  177.58381727513944 53.7236525388602 127.88136197586171  177.58381750190611 54.293586174722236 127.92856752977156  177.58381869758321 54.95485120160405 127.9433798961734  177.58381638868954 55.597766498866243 127.92051624295128  177.58381770805735 56.288504755441245 127.90846791314942  177.58381791420854 56.984860877056491 127.84021832126354  177.58381669791632 57.685247716952311 127.76223735341412  177.58381723390954 58.400522470232325 127.61717086575132  177.58381859450742 59.11085097292051 127.50547254912081  177.5838167597619 59.814964515731646 127.39998679947428  177.58381661545576 60.511907289663334 127.34592201634781  177.58381797605372 61.181170418708419 127.3730638584486  177.58381727513981 61.876277235712365 127.52744048397514  177.58381628561381 62.021586980533023 127.97792870349647  177.58381717206427 61.899478876058922 128.30900458509822  177.5838165948409 61.686943202084883 128.57590833582498  177.58381812035941 61.45446316666348 128.82218943577936  177.5838173163703 61.211549437709039 129.05813532413276  177.5838174194451 60.946033402258529 129.28584201110243  177.58381661545596 60.667420611197734 129.49163845059309  177.5838170071431 60.40399346664249 129.75556698843684  177.58381871819827 60.137500331286112 130.00282451295988  177.5838187181981 59.860279790929091 130.25340664425647  177.58381723390954 59.554576759170871 130.48775233111255  177.58381776990291 59.223143500409442 130.69715061801239  177.58381818220496 58.854033707539557 130.85231282160169  177.58381715144904 58.448658769427205 130.96537600527552  177.58381789359331 58.026630193993412 130.94380219744045  177.58381828528076 57.572035805557341 130.96083463102968  177.58381661545596 57.142723053427069 130.8066544818106  177.58381731637027 56.706821139284763 130.67164718999589  177.58381834712571 56.280820996330561 130.50045131537337  177.58381917173105 55.851762975323382 130.33805529881926  177.58381713083386 55.466735758740619 130.09768630851681  177.58381797605398 55.053992863688578 129.87813794722121  177.58381781113272 54.692721287514104 129.59299576485273  177.58381787297839 54.462527506624731 129.30044480122189  177.58381783174787 54.20209754213775 129.0395458859432  177.58381772867273 53.964866839584438 128.77906452365289  177.58381719267888 53.728331587625405 128.52967769048922  177.58381607946325 53.476638761955137 128.30111353703697  177.58381805851411 53.212222587217738 128.21829011200566  177.58381653299551 52.947690845485653 128.22014015822469  177.58381612069303 52.761693474844137 128.46300011194876  177.58381803789874 52.578510144465405 128.73260571682101  177.58381760498204 52.39086538146249 129.02445635774532  177.58381622376879 52.137410427541781 129.33828983097482  177.58381809974441 51.875478025764146 129.65168207631388  177.58381826466558 51.575847444823005 129.92192759213066  177.58381675976159 51.268606267807108 130.17989462526475  177.58381797605364 50.9620253282203 130.44689634585632  177.58381744006056 50.646439069349356 130.67094565873134  177.58381882127395 50.36345905579558 130.82704131060936  177.58381748129102 50.079747583954202 130.90637485972348  177.58381599700169 49.77033861029475 130.94522940622778  177.58381855327733 49.460928090261824 130.98506229632312  177.58381744006084 49.159593332591591 131.0104598710509  177.58381725452418 48.852314628767537 131.0276172701316  177.58381791420911 48.544503708463026 131.0901227706421  177.58381929542091 48.214970348304924 131.1230781851412  177.58381620315384 47.91416261100985 131.20211143138053  177.58381737821497 47.612713234611668 131.23531894049299  177.58381847081736 47.299462400538211 131.25031967759892  177.58381752252097 46.986423074597816 131.26075805791749  177.5838169040679 46.677746207509372 131.24713464798458  177.58381673914636 46.367184133406155 131.25197490993048  177.58381836774143 46.054841298365965 131.26356594471272  177.58381715144895 45.742727225858765 131.28948181767083  177.58381896557961 45.429683477876011 131.28022493750899  177.58381725452548 45.12319042993672 131.25707834241294  177.58381698652565 44.80593271753726 131.27478913653539  177.58381774929646 44.525962297008121 131.11339542889476  177.58381869754967 44.214536523997424 131.05559769916121  177.58381649189042 43.975537550174856 130.83902486311803  177.58381692421264 43.7474810464388 130.62449603081944  177.58381808089314 43.519836907237284 130.40685528666862  177.58381846423819 43.36813582118419 130.13161518193311  177.58381799015277 43.352577293940818 129.91175104599142  177.58381756375144 43.286247946445506 129.82803089890831  
180.02195458294014 45.37780262170206 129.76976550345211  177.80273375924148 44.816028653668695 128.15275348490849  181.06196476089266 45.581662415505775 130.30487858979944  179.73784059563837 45.164996455802196 129.1939184066936  180.0993534989565 45.219025388789049 129.24672950626007  180.00112156455864 45.218789210571501 128.98384735192928  180.02753506531215 45.146146391112595 128.77175196270923  180.02046387770912 45.235236733733977 128.57613713378709  180.02235575799764 45.331462357517928 128.39374681179717  180.0218473191666 45.495604191973158 128.26588427019075  180.02198351958512 45.677050718853188 128.19436970785446  180.02194735733343 45.852934934276078 128.09026303538832  180.0219573185318 46.043441654153419 128.04414052277082  180.02195359485515 46.233978554605109 127.97753999041386  180.02195464891957 46.426087001903952 127.92637782034113  180.02195278867225 46.620064302404849 127.88520465585141  180.02195566281009 46.819439157625297 127.87224880636394  180.02195477199729 47.015871524592754 127.84888819875211  180.02195496752796 47.213968570225134 127.8298271636295  180.02195455531898 47.410320786063608 127.80127047295716  180.02195293804195 47.607379187934725 127.77718496772886  180.02195450067779 47.804633113154694 127.75551680853685  180.02195403462611 48.000473159864327 127.73131675519211  180.02195606339717 48.19893510658828 127.71709730105633  180.02195302023495 48.393794434377128 127.69334131491441  180.02195480226715 48.589042301766852 127.65649402033924  180.02195441844492 48.78517204015958 127.63211626370718  180.02195414428579 48.978186220948196 127.57946629238276  180.02195578923917 49.178820705657088 127.55356700564269  180.02195274607567 49.363299529861152 127.47587854485406  180.02195513125773 49.566186877133063 127.43937433615083  180.02195641980487 49.761522503738313 127.38986046203007  180.02195337664085 49.956919818069693 127.32423071785999  180.02195562474387 50.160403014672134 127.28394175388959  180.02195644722042 50.361759953351978 127.23003775936641  180.02195474743542 50.567752640943482 127.1767396256935  180.0219553505849 50.783165808484895 127.14047609902269  180.02195559732792 50.994128050598469 127.0924744882381  180.02195387012716 51.210041803372761 127.05143373549724  180.02195474743525 51.438096213675756 127.03852844097348  180.021952883155 51.64950745038449 126.97004436728032  180.02195307506656 51.884553234670179 126.97593867272565  180.02195606339802 52.114583116003566 126.96071397665264  180.0219548845148 52.340615248532643 126.94636989326118  180.0219525541643 52.571396920812205 126.96741348520088  180.02195513125815 52.80217545564053 126.98534457747391  180.02195507642574 53.026966615209432 127.02441510753582  180.02195477485162 53.252813264342194 127.08783430410217  180.0219550764258 53.482530066287403 127.12673409008607  180.02195439102934 53.696221907960641 127.2563334191854  180.02195518608929 53.911442747937372 127.38344162333455  180.02195699553843 54.128224803732607 127.48214781319912  180.02195576182314 54.32779713365516 127.63365134659192  180.02195469260403 54.539123394145797 127.77026217139485  180.02195472001947 54.725130770937348 127.92222676525012  180.02195535058502 54.914527762365793 128.04662799896332  180.02195636497257 55.09306853770763 128.13370247949354  180.02195480226746 55.28927155620525 128.18037672147454  180.02195255416453 55.508257748175467 128.17945582681267  180.02195367821585 55.719934679044343 128.23253063032286  180.02195422653364 55.946724718658039 128.21653627400195  180.02195452810821 56.168241556050212 128.24906329242128  180.02195685845913 56.395039612848329 128.25397109051596  180.02195419911754 56.625635738050583 128.24111057092702  180.02195567957557 56.86170781963186 128.23609987346205  180.02195419911777 57.094972153375558 128.23882412597573  180.02195447327659 57.336967514943339 128.21622357982534  180.02195392495872 57.574183348096881 128.20615916564904  180.02195425394933 57.809767662622711 128.19324746051865  180.02195447327671 58.04883304384834 128.18542182775474  180.02195411686975 58.287509384598309 128.15808583045165  180.0219534863046 58.514797811426675 128.13045653231069  180.0219553231691 58.751499342131581 128.09998477433462  180.02195529575306 58.970090182772189 128.08006385620422  180.02195348630471 59.204557333810492 128.02843484228089  180.02195521350552 59.422567105833636 127.99589033761632  180.02195376046342 59.643284131037312 127.96530744042074  180.02195436361299 59.863784208185649 127.92335275187109  180.0219553505849 60.077355026839328 127.95040207055777  180.02195578923926 60.294961744853573 127.93848547061422  180.02195510384198 60.515135520205234 127.98601381974285  180.02195562474398 60.702938825790987 128.09696891184808  180.02195452810835 60.788928968952405 128.29241448358641  180.0219565842998 60.729371381929546 128.5255599323759  180.02195496676251 60.550941238521638 128.71263007858755  180.0219546651881 60.395583164183492 128.9042291376602  180.02195307506616 60.168147374976279 129.0572030481045  180.02195614564587 59.963769031510139 129.23017342528436  180.0219543910286 59.716877971111309 129.36131473463195  180.02195411687018 59.478083360164518 129.50583830299712  180.02195573440741 59.234464669841593 129.64785846480362  180.02195502159412 58.982975849245008 129.78417162972201  180.02195321214612 58.73193746843107 129.91648456880012  180.02195565215936 58.48526013573133 130.05674322404144  180.02195584407121 58.243534704005647 130.2036855354346  180.02195403462224 57.995043267709747 130.32322676648141  180.02195496676268 57.74474792055657 130.432838071845  180.02195628272514 57.540236610734603 130.52162520682955  180.02195510384189 57.350692547313649 130.59790521781744  180.02195587148702 57.160487103872391 130.66155790264224  180.0219538427111 56.973292151297024 130.73470134151893  180.02195491193078 56.775561298598014 130.77149514815665  180.02195477485145 56.57690510789476 130.7910702525237  180.02195584407093 56.379691690873351 130.82672983418465  180.02195532316921 56.174780550567895 130.79135793545805  180.02195304765033 55.971230442859714 130.76828963108369  180.02195304765053 55.767955788149102 130.73534973915778  180.02195502159418 55.568683105911056 130.67832386810105  180.02195430878115 55.371175997445256 130.62862128444715  180.0219537604635 55.177726647836714 130.57221467190982  180.0219551312579 54.984831509338704 130.52522125240353  180.02195414428593 54.798650286539136 130.47788957000097  180.02195362338387 54.614890718638264 130.41523643613544  180.02195584407093 54.425300712126763 130.39728866017256  180.02195491193049 54.241845599998769 130.34534585300088  180.0219535411365 54.057205962277543 130.29263685606674  180.02195244450087 53.872214567361794 130.24590442647946  180.02195515867362 53.685823964489124 130.19692476862269  180.02195403462233 53.497741707439189 130.1806954784262  180.0219542539495 53.302802781372819 130.17009284719597  180.02195417170168 53.103525478289491 130.12750210514423  180.02195422653367 52.902555777143895 130.12040168440461  180.02195436361274 52.696385707803692 130.1171623172358  180.02195507642662 52.494569802074295 130.13462332144431  180.02195655688342 52.286428476942213 130.16470309803097  180.02195392495906 52.088975427667812 130.18647457595949  180.02195595373436 51.888158385455824 130.23254052940126  180.02195650205252 51.682119298501284 130.24778777140409  180.02195395237482 51.475425870732977 130.26583699462554  180.02195452810844 51.273590051031746 130.30789029307141  180.02195636497268 51.077478335754911 130.3405138188852  180.02195387012716 50.880132560940581 130.37154634408552  180.02195365079976 50.68684029945338 130.42066299896146  180.02195565215979 50.500353877738107 130.47563621740665  180.02195403462272 50.305344005966631 130.50576447611766  180.02195474743544 50.112524916948658 130.54488418691042  180.02195291057092 49.910347250924673 130.55750778618659  180.02195469260363 49.716276326443904 130.58934580431054  180.02195666654788 49.520078250121905 130.6336200349179  180.02195326697748 49.322036359191216 130.66998283761825  180.02195474743536 49.124914254527155 130.68653449910278  180.02195499417869 48.926898305713735 130.7042598982772  180.02195411686967 48.732534241934019 130.7183665878315  180.02195228000591 48.528268083057199 130.73183679120652  180.02195639238852 48.331270699740671 130.74161375136887  180.0219548296833 48.136414771233312 130.75197221788838  180.02195337664068 47.934429127433816 130.76218288288993  180.02195463777213 47.736519975571071 130.7766200817565  180.02195546024842 47.539924898912304 130.79034394899273  180.02195567957574 47.34283160335778 130.7982006701146  180.02195351372035 47.142527542242107 130.79862364635346  180.02195513125793 46.943973313043699 130.78141192288945  180.02195271865972 46.742457324406701 130.77440220491047  180.02195499417769 46.545435258959124 130.74557101663387  180.02195535058686 46.353895393887051 130.69383676446807  180.02195433618988 46.153708621691152 130.64949658599119  180.02195307509407 45.975857769562161 130.55217589078012  180.02195600846196 45.81392251820882 130.43289000502068  180.02195543322384 45.68588458325523 130.28156222291909  180.02195389607536 45.589119960508114 130.1070059619727  180.02195338211519 45.484429101114522 129.93726055682225  180.02195402289027 45.393052026706322 129.83752992143752  180.02195458294014 45.37780262170206 129.76976550345211  
182.47822478156488 47.098010144479389 129.00708971181052  180.22873076753984 46.519594436975645 127.40121287379561  183.53242361298362 47.329038857921056 129.54696934287799  182.19023082291656 46.984228385821105 128.43713679250661  182.5566798027281 47.089911451931059 128.50580950444512  182.45710233928702 47.076567508812545 128.25079071829458  182.48387813295653 47.185774197259747 128.10828672465144  182.47670928969441 47.277861706609961 127.9412276376252  182.47862639109891 47.424154554349315 127.82636315884521  182.47811569819541 47.570912060903517 127.70638724231645  182.47825368606004 47.74525310677943 127.64352445285095  182.4782157954327 47.911839475739043 127.55534138991452  182.4782252221294 48.093616572823983 127.51748935737531  182.47822527126479 48.277572200738021 127.48032283672585  182.47822512758307 48.457685073935785 127.42939755412979  182.47822892380614 48.641800214325322 127.4079065483691  182.47822224371558 48.827953056063606 127.38729092084365  182.47822432123223 49.012164930217949 127.36431016095959  182.47822386744818 49.197850621785115 127.34711331437103  182.47822484670701 49.383346650900648 127.33509477795569  182.47822870258153 49.568805673363272 127.320271541126  182.47822497759793 49.754201099404533 127.30763853186129  182.4782260885558 49.938903597837992 127.2938322014811  182.47822125269903 50.124291802143652 127.28254754664123  182.47822850647822 50.308263730353652 127.26978464189683  182.47822425876998 50.49349784121025 127.26077486716176  182.47822517366112 50.677791511053456 127.24962417446926  182.47822582715452 50.863913301875364 127.24479641268886  182.47822190619343 51.050540978185595 127.24238620111659  182.47822915997153 51.235395547022435 127.23905432291386  182.47822347457785 51.425455359509115 127.23706220111725  182.47822040315833 51.611960018071507 127.23592727894075  182.47822765693655 51.801424673254772 127.23380041714128  182.47822229828961 51.990942806465135 127.23007096668151  182.47822033780909 52.181485005650543 127.23553313832269  182.47822438946886 52.374090684794879 127.2420337550497  182.47822295178321 52.568630548253765 127.24508959327642  182.47822236363905 52.762031120271182 127.25884868398091  182.47822648064786 52.956530803711388 127.28309553596688  182.47822438946895 53.153408804209917 127.30054929418877  182.47822883322485 53.348028469549469 127.32869074813584  182.47822837577914 53.54519488956808 127.35910603836646  182.47822125269994 53.742185324733462 127.38963299890025  182.47822406272226 53.937762217784034 127.4198932903808  182.47822961741682 54.133238238894648 127.45363204291374  182.47822347457802 54.329511477474895 127.47716659422125  182.47822360527678 54.523854641009812 127.49253286118156  182.47822432411942 54.718787638766614 127.51044253316702  182.4782236052767 54.914034156588691 127.52730422641238  182.47822523901021 55.108676004854374 127.54580072789342  182.47822334387953 55.303575618484963 127.55380849031962  182.478219030822 55.49667809831729 127.57321906619106  182.47822197154301 55.689995509484916 127.58831151784294  182.47822452016737 55.883991347320311 127.60659352679562  182.4782244548181 56.073867923978106 127.6181978056899  182.47822295178324 56.261454342321557 127.62727295271279  182.4782205338573 56.444955925798624 127.61808677806866  182.47822425877001 56.633682215423853 127.60294197055435  182.47822961741682 56.826551289004463 127.58518581578163  182.47822693809337 57.021678228931613 127.56314408097909  182.47822563110648 57.217995809204815 127.54209544911501  182.47822491226361 57.414397265388381 127.51964171204543  182.47821935756875 57.611974014809199 127.49805055709406  182.47822569645578 57.809275344949441 127.47401362762196  182.47822216759107 58.009660131710532 127.45539901630619  182.47822569645578 58.209199426116207 127.4365285351179  182.47822504296224 58.412091332091478 127.42079303734451  182.47822634994927 58.612003864968926 127.41108844975624  182.47822556575724 58.810168881197896 127.40156357562726  182.47822504296221 59.011235325060746 127.39163116846646  182.4782258925041 59.209066075551661 127.38279623021631  182.4782273955388 59.405054589667706 127.37486317966494  182.47822301713245 59.603286441149443 127.36748216977983  182.47822308248192 59.79634266810988 127.35554851941403  182.47822739553899 59.990934741902571 127.37294695989432  182.47822327852984 60.180593291952732 127.39229039136168  182.47822674204556 60.370224891102829 127.40625703060151  182.47822530435965 60.560928884481008 127.43960717766223  182.4782229517831 60.719084969999301 127.54086064715656  182.47822190619351 60.879680254436174 127.63929843877436  182.47822353992714 60.967578371917874 127.80708166433874  182.47822229828961 61.005297756371334 127.99479259099228  182.47822491226356 60.999525877173781 128.18925325539345  182.47822001106263 60.895417640950527 128.36860355645368  182.478223866674 60.768016033634098 128.52577983411808  182.47822458551673 60.636739145326828 128.68674988778977  182.47822837577922 60.448604805641864 128.79362724709407  182.47822105665207 60.283783716082787 128.92675316040382  182.47822523901047 60.088567294650566 129.02000137960803  182.47822589250384 59.903930718613772 129.13065868866653  182.47822203689225 59.704335468779959 129.21447989730657  182.47822373597538 59.512869265217049 129.31776150846059  182.47822804903242 59.319672473112085 129.4190167972508  182.47822223294042 59.116485487052479 129.49726971784401  182.47822177549466 58.906202899510319 129.55231585590275  182.47822608855182 58.704202054189629 129.63019740015397  182.47822386667409 58.500017317731277 129.70055866165646  182.47822072990502 58.301890579263961 129.71920464659587  182.47822353992768 58.11946578710063 129.76724961255547  182.47822171014522 57.941784819949078 129.82847868907038  182.47822654599764 57.755867014553552 129.852506275465  182.47822399737251 57.572955945835353 129.88461526566527  182.47822432411957 57.392398720588474 129.92617064492032  182.4782217754948 57.209790894557678 129.95829199380444  182.47822301713245 57.026118513104457 129.98407459441648  182.47822844112846 56.84339661257976 130.01556798238843  182.47822844112841 56.658836558927483 130.03488770731471  182.47822373597558 56.476515963899892 130.06092182313765  182.47822543505833 56.295192531792814 130.08623549611985  182.47822674204545 56.115247854013681 130.11478083015888  182.47822347457776 55.935252959516752 130.14435234394188  182.47822582715457 55.75931390264909 130.17790892245401  182.47822706879219 55.579989388491093 130.19466668391115  182.47822177549494 55.401350110154127 130.22133225308224  182.47822399737288 55.223313699216362 130.24531806147507  182.47822726484026 55.044786991926202 130.27354814854067  182.47822987881412 54.865382290789661 130.29179028309363  182.47822340922866 54.68567928353491 130.31753242581996  182.47822608855208 54.506767140411959 130.32208413932054  182.4782255657569 54.3236477443184 130.34214368094905  182.47822576180536 54.135385072545155 130.36759240154143  182.47822563110634 53.948417519934516 130.38891540999211  182.47822530436 53.758489593635012 130.41226786016026  182.47822360527644 53.571844388336629 130.42225059617766  182.47822007641204 53.379220388590504 130.42893350539677  182.47822634994907 53.194299150696644 130.44239616343268  182.47822151409773 53.004017510515567 130.43913777192307  182.47822020711033 52.813866491701141 130.43194161246467  182.47822628459997 52.620471724669237 130.41420302518046  182.47822491226361 52.427823713745632 130.39594645193989  182.4782205338573 52.239521566085529 130.37679233300454  182.47822648064806 52.050303065037888 130.35911829930075  182.47822700344275 51.859676119883289 130.34068716153197  182.47822223294031 51.673741720330732 130.32308274221157  182.47822608855171 51.486304474645145 130.30908575639094  182.47822438946869 51.300071989536924 130.29855283591453  182.47822876787521 51.109685186266709 130.29134923637201  182.47822452016763 50.926029039865291 130.29182597786144  182.47821981501389 50.738984310137461 130.29489734450965  182.4782279183338 50.551728151670254 130.29863002826889  182.47822438946875 50.367224627302697 130.30438398682566  182.47822380132445 50.181392331824149 130.31081559572388  182.47822589250416 49.998689547805803 130.31580185083385  182.4782302709101 49.806443434478446 130.32148363671942  182.47822046850791 49.621676242165371 130.32722814802275  182.47822419342054 49.438927182857149 130.33558081070515  182.47822765693661 49.249662094433653 130.34233597323143  182.47822465086603 49.063364537411523 130.34748516867941  182.47822269038593 48.879413811044095 130.33278767080668  182.47822216759079 48.694115463777734 130.32925545863066  182.47822733018967 48.508133094751763 130.30660282983925  182.47822347457804 48.321851023999216 130.2843101996944  182.47822922532063 48.144558700726066 130.21720439267139  182.47822380132504 47.967751488706249 130.16549586309114  182.47822295178216 47.805329176942585 130.06720042953265  182.47822536971296 47.652693516987931 129.96286975394875  182.4782283757645 47.520287137494506 129.82813760639297  182.47822138345461 47.40344033777906 129.68351943866486  182.47822275552471 47.306738092686146 129.52340423348824  182.47822641608897 47.220464871665015 129.35918811415331  182.47822765398786 47.155431121122106 129.18634179672472  182.47822609487102 47.132472505516375 129.05761266084795  182.47822478156488 47.098010144479389 129.00708971181052  
183.97398608311215 48.214189964987966 128.57014093064609  181.70603850725959 47.62459276306825 126.9702226129529  185.03682957643332 48.456118564439727 129.10661206380337  183.68363921397585 48.132386780584895 127.99474133725909  184.05308407612338 48.267501639954084 128.06201644445059  183.95270216278999 48.267695971940022 127.80678980235604  183.97969315290234 48.47203558993855 127.69480722809156  183.9724681948112 48.589574696847201 127.55574026031863  183.97440234576121 48.767595145250986 127.47289485792442  183.97387690833682 48.921478216331622 127.37792630703811  183.97401618714881 49.091885513206982 127.30335488240088  183.97398077019798 49.268105590525586 127.24901470359852  183.97399178563148 49.446577310713202 127.20144877489962  183.97398321473156 49.63205821951086 127.17845262166152  183.97398580264297 49.813200557275643 127.13827137554945  183.97397682011388 49.998207064496299 127.12925987828164  183.9739917139112 50.18172452561376 127.09572764701447  183.97398708888707 50.365503648633151 127.07585957083518  183.97398810129246 50.551059957928857 127.06009796624109  183.97398593880237 50.737017000166567 127.05315061500032  183.97397743718403 50.923786382377216 127.0461213369375  183.9739856507978 51.10978659190998 127.03362077404799  183.97398320112123 51.298651905644505 127.02486741847463  183.97399386449729 51.484350100867033 127.00520112909859  183.97397786942705 51.675815866380752 126.99772789571574  183.97398723591016 51.863939850684361 126.98853186689692  183.97398521851377 52.053768441150773 126.97450994750105  183.97398377751617 52.241288121661938 126.97293493676332  183.97399242350082 52.424811063304851 126.9575680227013  183.97397642842955 52.614497128142141 126.97018571316053  183.97398896510683 52.798056330941286 126.95581046807111  183.97399573779504 52.978374765395273 126.94881210383811  183.97397974272329 53.157028004209671 126.94773096914271  183.97399155890253 53.330162702757491 126.93002082210815  183.97399588189458 53.503409711499827 126.92684873335887  183.97398694771064 53.668824352257694 126.92122849447907  183.97399011790498 53.824194982070182 126.90489666289984  183.97399141480261 53.984656692680858 126.9061584476364  183.97398233651882 54.139089393977734 126.91417105733237  183.97398694771076 54.281890782785844 126.89708370238949  183.97397714892804 54.437440462034964 126.92362877257005  183.97397815762645 54.573113524208132 126.90412754319901  183.97399386449817 54.712079042448813 126.89667121943727  183.97398766820933 54.856987457652288 126.88845731237618  183.97397541973126 54.998881661647602 126.86019417474482  183.97398896510697 55.140348003789732 126.82455204389986  183.9739886769076 55.291318488194172 126.77114760358161  183.97398709181041 55.439177716708414 126.7049746360269  183.97398867690745 55.584579344727111 126.65136097508588  183.97398507441409 55.742998615906146 126.55063021259218  183.97398925330646 55.89658364409636 126.44181399026456  183.97399876388945 56.053032199307218 126.36129238606436  183.97399227940107 56.224231498140881 126.2500583188  183.97398665951118 56.377459880161254 126.14391912546951  183.97398680361081 56.565646453411858 126.03845048045588  183.973990117905 56.754922923416238 125.95322579715649  183.97399544959532 56.955513508933862 125.92453880062463  183.9739872359101 57.140396900217311 125.93859251729214  183.97397541973137 57.293192145304062 125.9897103891002  183.97398132782055 57.449709138052974 126.00816995166082  183.97398420981557 57.599847998422057 126.06713880825258  183.97398579491272 57.742631845381176 126.10046312311214  183.97399804339074 57.886311096556902 126.14932342162851  183.97398406571594 58.025098643774299 126.20560393830148  183.97399184710173 58.155907247283537 126.26531755542892  183.97398406571588 58.287875592893791 126.31933252049276  183.97398550671312 58.409418132788403 126.3807782070415  183.97398262471836 58.538902019519966 126.41994989947391  183.97398435391531 58.668725635465307 126.46094930050145  183.97398550671312 58.803519030861978 126.4977430341457  183.97398363341648 58.928737592515596 126.55199079241187  183.97398031912255 59.079878598106191 126.60937255756579  183.97398997380512 59.21250016010066 126.66730130749276  183.97398982970549 59.372477393176212 126.72376329997529  183.9739803191226 59.505260088410466 126.82895032879222  183.97398939740626 59.666077240495518 126.91334545538621  183.9739817601199 59.814794714726993 127.01126186115464  183.97398493031423 59.964063765359008 127.14420617347791  183.97399011790489 60.083315543778703 127.30636261593096  183.97399242350085 60.193748053789264 127.5010313490239  183.97398882100723 60.20571033913852 127.73950811359181  183.97399155890238 60.190869046139298 127.95628984906989  183.97398579491266 60.173273069595425 128.13213776311804  183.97399660239344 60.137656331052838 128.26159186146626  183.97398810050836 60.138757198023711 128.39264857370929  183.97398651541155 60.115314108720241 128.51584872830614  183.97397815762633 60.081087842028055 128.60191656146469  183.97399429679751 60.04241348228723 128.68810498531582  183.97398507441386 60.002066398501441 128.75751773295408  183.97398363341665 59.959110526810093 128.82010302864208  183.97399213530124 59.901843725857674 128.84924227249979  183.97398838870799 59.854698009815188 128.88773792824665  183.97397887812528 59.800521179257416 128.91120580070356  183.97399170300199 59.735508492785257 128.91579991548582  183.97399271170039 59.660374655237582 128.89879345034851  183.97398320111714 59.592041418990092 128.91066097730933  183.97398810050871 59.526047464876157 128.94154499750869  183.97399501729606 59.380105606180187 128.96723889907608  183.97398882100731 59.21124089912059 129.01212428059364  183.97399285580011 59.036626287535135 129.06913288378735  183.97398219241907 58.850494838697813 129.0925802367818  183.97398781230913 58.672532273637529 129.13691227175883  183.97398709181024 58.493629912282081 129.198511225266  183.97399271170033 58.310106101362571 129.2370013602854  183.97398997380526 58.131263617930401 129.31044936137326  183.97397801352653 57.952815979946521 129.38337581407546  183.97397801352662 57.770236891485467 129.44794784281376  183.97398838870808 57.584687286881469 129.52803455432624  183.97398464211474 57.394684028369888 129.60077193314112  183.97398176011995 57.19915737312764 129.67082812608069  183.97398896510686 56.996996962402264 129.73333760779514  183.97398377751639 56.794703135765303 129.78520015248154  183.97398103962107 56.581552677328318 129.83599088510559  183.97399271170045 56.374779813683922 129.85106975308133  183.97398781230899 56.163983499715322 129.88143952444804  183.97398060732186 55.953973111074966 129.91425899114529  183.97397484333243 55.742687804611947 129.92978870195412  183.97398910920668 55.537573834050029 129.94540727367243  183.97398320111742 55.330438780448112 129.93016283858418  183.97398435391517 55.131430510502419 129.91770512911168  183.97398392161597 54.953891716796157 129.91213321652245  183.97398420981557 54.774303494935793 129.89337297968495  183.97398493031417 54.597619802918473 129.87740974383587  183.97398867690765 54.42356746846157 129.84128156601903  183.97399645829353 54.243748256367965 129.79738004406246  183.97398262471827 54.067984101732179 129.78154888400485  183.97399328809936 53.887817444374072 129.76741239373271  183.97399617009424 53.718856251443093 129.78454585748776  183.97398276881802 53.55373158415486 129.82488894711605  183.97398579491283 53.385351647851778 129.85271373050904  183.97399544959532 53.208163933786004 129.88913617665835  183.97398233651899 53.029037235302887 129.92745763677451  183.97398118372087 52.84256318874327 129.95536110101963  183.97399170300204 52.657940985982549 129.98127293439046  183.97398320111751 52.471541500542486 130.01287406627276  183.9739869477105 52.282028085840132 130.0283586731795  183.97397729302793 52.101146428408434 130.06083697333281  183.97398665951104 51.920388796236388 130.06567354001544  183.97399703469256 51.731031404532771 130.05692656098651  183.97397916632454 51.541846375670872 130.0510354240003  183.97398694771053 51.357239094854911 130.05321111212785  183.97398824460834 51.171323338351257 130.05262382265562  183.97398363341648 50.987616762551369 130.05759171643368  183.97397397873388 50.794122244125809 130.06175389338915  183.97399559369507 50.610815836178837 130.07377982827521  183.9739873800099 50.428826886934871 130.07874844597757  183.97397974272346 50.240250022056394 130.08163543009735  183.97398637131175 50.053698611446698 130.07928483832345  183.97399069430389 49.87031274671677 130.05119347802494  183.97399184710196 49.685559784891026 130.03628875055875  183.97398046322215 49.501732175989247 129.99980878631504  183.97398896510705 49.315485477287488 129.98095331819007  183.97397628432964 49.146140937751618 129.8865096896912  183.97398824460862 48.971021188597263 129.82842055956993  183.97399011790327 48.821345048771519 129.71514232816091  183.9739847862208 48.686332986605741 129.57409963588822  183.97397815760277 48.566471483243333 129.43196265375175  183.97399357638758 48.465699047127231 129.27000873418933  183.97399054987025 48.382926540499184 129.10088606772339  183.97398248187153 48.295194669130275 128.94017909273731  183.97397973805076 48.242047129466556 128.76290074839625  183.97398321113133 48.259497331410721 128.61347731734591  183.97398608311215 48.214189964987966 128.57014093064609  
184.5 48.770972184879433 128.614706081462  182.22557802273843 48.17134859495976 127.01482364460456  185.56587996308502 49.025270756497981 129.16754780991133  184.20881764055946 48.635494530431188 128.07775546944055  184.57932422960619 48.750592098361935 128.15725426954822  184.47864720000115 48.751908390939249 127.92385758557194  184.50571830957006 48.816186265912499 127.7770236241012  184.49847087191915 48.913901139012083 127.63528230921609  184.50040963406093 49.031004286074889 127.50855060989063  184.49988996062621 49.17317233632869 127.41177692153603  184.50002952763768 49.317884343605812 127.3214660584768  184.49999209329047 49.479991003991387 127.26392700950132  184.50000210002577 49.635386591491738 127.1945844395887  184.49999943721528 49.79942805247201 127.13996884020827  184.50000015183005 49.965207340340953 127.09828477788665  184.49999995938521 50.134008102374423 127.07467082518633  184.5000000109091 50.301947804980436 127.03624730830093  184.49999999707671 50.470271654269091 127.00916235679186  184.50000000078393 50.641086848155524 126.99192423419115  184.49999999978996 50.810626606784766 126.96883400127567  184.50000000005639 50.98193293387861 126.96079571880675  184.49999999998488 51.152510436222336 126.94689264213437  184.50000000000392 51.323188056917928 126.93243944828407  184.49999999999906 51.494294712263397 126.92542363473201  184.50000000000017 51.665356530705893 126.91760517889533  184.50000000000006 51.836427751538722 126.91001466887406  184.50000000000006 52.007510694765088 126.90231481944741  184.49999999999989 52.178533836809677 126.89482453681531  184.5 52.349752966079855 126.88598507087981  184.50000000000011 52.519374582838125 126.87794753583957  184.49999999999983 52.692803573773183 126.86817865965658  184.50000000000017 52.862562955530834 126.8595871827132  184.49999999999977 53.0339529909484 126.85976910026908  184.50000000000017 53.205151565362421 126.85787404402107  184.49999999999997 53.376406539271059 126.85547483423812  184.50000000000003 53.547547703776843 126.85799089909206  184.50000000000003 53.718383694302005 126.87102587443803  184.5 53.889172168824885 126.8829203468391  184.49999999999994 54.05946967531932 126.90114242325727  184.50000000000014 54.23000622967372 126.91686946156744  184.49999999999989 54.400243707427563 126.93598878384218  184.50000000000011 54.571250026344316 126.94401492818943  184.49999999999994 54.742334224283567 126.95215365490817  184.5 54.913374839503092 126.9573617742179  184.5 55.084671443059875 126.95389589659251  184.49999999999997 55.255867579377352 126.95236966787053  184.50000000000009 55.427087752079181 126.94847213492106  184.50000000000006 55.598053518326253 126.94191380703946  184.49999999999994 55.769147517923415 126.93631648573574  184.50000000000011 55.940753824818962 126.92950878229348  184.49999999999997 56.111674124024191 126.92653670247522  184.5 56.282478039634938 126.92265425786947  184.5 56.454514413870001 126.91960912411663  184.50000000000006 56.624382281301038 126.91629835389448  184.49999999999994 56.796584734767691 126.91330883421453  184.50000000000006 56.96822887213888 126.91492903063849  184.49999999999994 57.138740653905984 126.91556921360278  184.5 57.310894273979287 126.9164280050929  184.50000000000011 57.481031923018278 126.91741300025284  184.49999999999989 57.6523182747259 126.91765028583643  184.50000000000006 57.824739854602683 126.92076377682493  184.50000000000006 57.99481763369802 126.92597480841513  184.5 58.166435807455258 126.93105991090137  184.50000000000017 58.337287276469254 126.93610317050337  184.49999999999989 58.508676672927514 126.9437587384293  184.50000000000011 58.679515059349512 126.95069113018413  184.49999999999994 58.85097778467302 126.95786136070112  184.5 59.021970466692224 126.96486480312369  184.50000000000006 59.191979465894477 126.96846109871326  184.49999999999994 59.365119531839873 126.97301337967873  184.49999999999994 59.534406100199426 126.97485321456976  184.50000000000006 59.706790866157739 126.98008124829346  184.49999999999991 59.878531473318169 126.97461158752134  184.50000000000003 60.047094745422307 127.01027840213305  184.50000000000011 60.215184183047612 127.03864031063846  184.50000000000003 60.386866455681051 127.05889559733571  184.5 60.546436369683626 127.11934639440307  184.5 60.693080499414982 127.21030948043449  184.49999999999994 60.829977003045677 127.31134789060593  184.50000000000003 60.927914336226102 127.45703106919672  184.49999999999997 60.963769511600397 127.62563127506323  184.50000000000003 60.987673757235818 127.79548145376194  184.5 60.96769840575169 127.96814015231966  184.50000000000011 60.915841049884357 128.12766959602459  184.49999999999983 60.843272364744351 128.28600583042964  184.50000000000017 60.751599776790783 128.42967938817338  184.5 60.654980627399318 128.57108123406857  184.50000000000006 60.528217518962016 128.68768363767015  184.49999999999989 60.403472945471357 128.80354801789699  184.50000000000011 60.256879674719961 128.89534600583607  184.49999999999991 60.103271100546287 128.96720599586172  184.49999999999997 59.942984031058494 129.03078055456029  184.50000000000023 59.77190585248686 129.05020527645559  184.49999999999989 59.603869343656186 129.08235356750816  184.50000000000011 59.43461589500896 129.10774902785954  184.49999999999983 59.262793106036739 129.09937313486174  184.50000000000017 59.09178156553368 129.10643228011429  184.49999999999989 58.920564612087205 129.11121875011185  184.50000000000006 58.749758593303099 129.11570202236049  184.50000000000009 58.578571249981877 129.12362765962644  184.49999999999994 58.408603181007578 129.15006133567454  184.50000000000009 58.239167862281136 129.17080107268839  184.49999999999989 58.069744958354804 129.19536840989252  184.50000000000006 57.898821228877623 129.20985037509328  184.50000000000006 57.728580923645147 129.22722469946871  184.49999999999994 57.558851896452509 129.24879285131664  184.50000000000003 57.388131640360825 129.26590880021462  184.50000000000006 57.218032986495302 129.28328575594665  184.5 57.047705683158256 129.29954320259986  184.50000000000006 56.876914613232387 129.30983283871331  184.49999999999986 56.70474308801851 129.32091578834564  184.50000000000011 56.535750135363664 129.33390224003114  184.49999999999989 56.364503881906423 129.35082881278151  184.50000000000017 56.193187624384777 129.35743346312847  184.49999999999994 56.022254486649928 129.36005682916903  184.49999999999991 55.850881850037183 129.36711183839185  184.50000000000014 55.679326859845773 129.35738432281821  184.49999999999994 55.508677800982014 129.35168953399338  184.50000000000011 55.338163391218899 129.34998377401712  184.49999999999991 55.165540360436239 129.35505583418643  184.49999999999994 54.996304665915105 129.32879393653806  184.50000000000006 54.826771724052975 129.30927224063879  184.49999999999994 54.654982523873144 129.29399239781623  184.50000000000014 54.486353599356818 129.27993122219328  184.49999999999994 54.312437144995627 129.26267720093023  184.49999999999991 54.145362925302422 129.2465757097566  184.50000000000011 53.973993124895479 129.27144010286196  184.50000000000014 53.801257959720971 129.27571612303541  184.49999999999991 53.643691900300709 129.34979094487446  184.50000000000017 53.484104930255761 129.41055390319889  184.49999999999994 53.326089398666412 129.47413389107862  184.50000000000011 53.167338980104049 129.53834798538969  184.49999999999994 53.009738198853206 129.61010806201921  184.49999999999994 52.857138705362871 129.68437285202472  184.5000000000002 52.693753677920483 129.73655085066866  184.49999999999989 52.524371429477711 129.76660552659089  184.50000000000003 52.362025033662704 129.82833895636935  184.49999999999991 52.197349220899696 129.86309841088163  184.5 52.026414404814517 129.88574918054195  184.5 51.855140973885838 129.90667543784508  184.49999999999991 51.685967928238277 129.92368669876282  184.50000000000006 51.515381502290836 129.93637364336348  184.49999999999994 51.347228836495091 129.94600714455129  184.50000000000006 51.170259892634128 129.95458947301847  184.49999999999994 51.000555635735495 129.96293481229381  184.50000000000006 50.832376125018769 129.96102265830842  184.49999999999994 50.658227823209124 129.96221129187498  184.50000000000011 50.486777056865051 129.95989645907125  184.5 50.318113502528064 129.94539645613122  184.50000000000011 50.148604077874623 129.92677615284197  184.49999999999994 49.980340438940232 129.88985940426772  184.50000000000006 49.808473606600735 129.86868555141831  184.49999999999994 49.65373577343977 129.78923487064034  184.50000000000034 49.487687643419676 129.74116672477874  184.49999999999832 49.35860278032979 129.62935460016996  184.50000000000631 49.223083991421191 129.52213309002289  184.49999999997644 49.111619612325583 129.39287523847918  184.50000000008885 49.008864237671993 129.2555846382125  184.4999999996661 48.93826226916778 129.0986701018906  184.50000000125291 48.869593604845392 128.94205930617119  184.49999999532724 48.808964406575932 128.78420892134866  184.50000001001402 48.801129019818461 128.66187091010784  184.5 48.770972184879433 128.614706081462  

0 4
0.0039949267996014729 1
0.0081163826701191391 1
0.012391740084398778 1
0.016942865425267035 1
0.021646559102292136 1
0.026770921777491581 1
0.033573460678142042 1
0.04315264536445565 1
0.052515656383327509 1
0.06892079292248722 1
0.086081799120288974 1
0.14955253219373027 1
0.16804526390781252 1
0.18990153274436383 1
0.22992574138465668 1
0.23401064931675433 1
0.23845282138305945 1
0.33320188181999155 1
0.34137499007151195 1
0.34813154820610087 1
0.35645223356238481 1
0.37106934722283946 1
0.40017257283289825 1
0.4066520247045482 1
0.41447631356662545 1
0.42132883528465931 1
0.42991252068736735 1
0.43817701213055132 1
0.44508143192527472 1
0.45227380894828273 1
0.45947651082796748 1
0.46672930188801143 1
0.50643571600769721 1
0.55761418723433664 1
0.56399784126203356 1
0.56766186472019742 1
0.57127642669542888 1
0.5748569313868368 1
0.59536529528089766 1
0.61797278646522935 1
0.70351922797631716 1
0.7844009472842256 1
0.79073549799484122 1
0.79566356618200518 1
0.80797619668560849 1
0.81875390223626332 1
0.82687156787760085 1
0.83646895896948958 1
0.84239759954226445 1
0.84854363198402061 1
0.85476245344434554 1
0.86114126436086402 1
0.86797529635835424 1
0.87444569262888383 1
0.88200044594616422 1
0.89694372358432273 1
0.91372264465182551 1
0.93222596501636745 1
0.95206153848397057 1
0.96373535159410506 1
0.97556671640338977 1
0.98755848169585625 1
0.9929338643506691 1
0.99645860474008885 1
1 4

0 4
0.0060785540412047244 1
0.012217442731279501 1
0.018442479510556328 1
0.024727663779287024 1
0.031015767995834137 1
0.037299369781660291 1
0.043573410790026391 1
0.049850182344533076 1
0.056140271486216663 1
0.062433194358822115 1
0.068719975218043641 1
0.074960193254655874 1
0.081219793804386473 1
0.087509908312375095 1
0.093779620795897981 1
0.10007054415185145 1
0.10635409985876002 1
0.11264499143425244 1
0.11893436466248214 1
0.12522741158704376 1
0.13152049893717133 1
0.13781350903000253 1
0.14410657859075646 1
0.15039960887952239 1
0.15669261924286057 1
0.1629855339567618 1
0.16927843733933404 1
0.17557014295214318 1
0.1817944629391206 1
0.18808077266464709 1
0.19437302140087612 1
0.20066492506873571 1
0.20695802930862764 1
0.21325123621862632 1
0.21954454509972796 1
0.22583773207698601 1
0.23213038347300241 1
0.2384220525208248 1
0.24471498565068306 1
0.25100802455012777 1
0.25730027669533512 1
0.2635911841086232 1
0.26988266938735106 1
0.27617489213424268 1
0.28246689654511514 1
0.2887584308273764 1
0.29503931200053674 1
0.30130884076673375 1
0.3075949490250538 1
0.31387958864812887 1
0.32014363659923767 1
0.32642386108055554 1
0.33265163623680205 1
0.33888010476368785 1
0.34513544286172054 1
0.35138291259452875 1
0.35766468713188565 1
0.36392013966717363 1
0.37015256638697003 1
0.37642893549474948 1
0.38269529013863351 1
0.38896736953173777 1
0.39523305438005474 1
0.40150621009727144 1
0.40777608459961162 1
0.41406372679769426 1
0.42035463413800184 1
0.42659095613073683 1
0.43286790940181508 1
0.43909004547434832 1
0.44532190699836816 1
0.45156375367142709 1
0.45782346180363254 1
0.46408443207159134 1
0.47036913307346256 1
0.47665393950939217 1
0.48294398317920367 1
0.4892337961814886 1
0.49552505349098469 1
0.50178515932905454 1
0.50807022666385548 1
0.51434905305772516 1
0.52058814788011187 1
0.52687393969713059 1
0.53316576224576218 1
0.53945579639838714 1
0.54574693445747335 1
0.55203713815234379 1
0.55832716144320138 1
0.56461481191370111 1
0.57090566164396161 1
0.57719823696500228 1
0.58348879537140608 1
0.58977926249320234 1
0.59607096195515741 1
0.60236394590663145 1
0.60865680042020431 1
0.61492506369244582 1
0.62119072361225214 1
0.62748364246971755 1
0.63377665501096658 1
0.64006090976960983 1
0.64635060884649398 1
0.65263945255699374 1
0.65891934099676996 1
0.6652071521170323 1
0.67148957145416244 1
0.67775192864889988 1
0.68399512692014997 1
0.69028247358295591 1
0.69652480523258176 1
0.70276139654157355 1
0.70900870756265921 1
0.71525108670700011 1
0.72150040785323954 1
0.72778276447760193 1
0.73406541113333634 1
0.74031257356356717 1
0.74657736838451427 1
0.75283407160928972 1
0.75905876460250765 1
0.76530269692042885 1
0.77148168042465159 1
0.77776566103679934 1
0.78401211437818863 1
0.79026911956643153 1
0.79651456038621504 1
0.80276727177665519 1
0.80902846132364481 1
0.8152312715627128 1
0.8213876567471724 1
0.82760241188991812 1
0.83377651568065003 1
0.83991825255630004 1
0.84605751856091693 1
0.85227866691232634 1
0.85841889134344418 1
0.86453114918038199 1
0.87069965715700681 1
0.8768597386130268 1
0.88296633349652698 1
0.88889828895840706 1
0.8949764855113127 1
0.9011425076684888 1
0.9072155877386584 1
0.91335316931883848 1
0.91957220327961631 1
0.92576219926570136 1
0.93185693197786068 1
0.93792454847693552 1
0.94400647665836934 1
0.95017996440892893 1
0.95636656502152895 1
0.96253001619446921 1
0.96871686788388955 1
0.97493732444071446 1
0.98118538316074633 1
0.98746108608237271 1
0.99374652603433933 1
1 4

2 52.153804962025312 29.634720607594929 204.00000000000006 -0.10370493491674482 -0.11830562970733763 0.98754699354180819 8.3266726846886741e-16 0.99290060739458863 0.11894697909344802 -0.99460810698179702 0.012335388725430252 -0.10296869286865208 2.3000000000000074
3 53.466463189873416 31.132188962025317 191.5 -0.10370493491674482 -0.11830562970733763 0.98754699354180819 -4.8572257327350586e-17 0.99290060739458852 0.11894697909344791 -0.99460810698179702 0.012335388725429374 -0.10296869286865221 6.9000000000000021
-0.62136490619886664
3 51.681247999999997 29.095631999999998 208.5 -0.10370493491674482 -0.11830562970733763 0.98754699354180819 3.4208746946262628e-15 0.99290060739458852 0.11894697909344827 -0.99460810698179714 0.012335388725432836 -0.1029686928686518 2.3000000000000029
-0.75212354363332778
2 54.884134075949362 32.749454784810126 178 -0.10370493491674482 -0.11830562970733763 0.98754699354180819 9.6797569959505816e-16 0.99290060739458852 0.11894697909344802 -0.99460810698179714 0.012335388725430389 -0.1029686928686521 6.9000000000000021
1 54.884134075949362 32.749454784810126 178 0.10370493491674482 0.11830562970733763 -0.98754699354180819 -9.6624097611908135e-16 -0.99290060739458852 -0.11894697909344802 -0.99460810698179714 0.012335388725430387 -0.1029686928686521 
1 184.49999999999991 54.736612527749202 128.20930933160281 1 5.2499891675793496e-16 0 -5.2499891675793496e-16 1 0 0 -0 1 
1 4.9999999999999973 36.793933053061231 182.41589879864839 1 0 0 -0 0 1 0 -1 0 
1 124.91138453038675 41.345770266197896 138 -0.085798003932657491 -0.040799050821123846 0.99547684050070551 -9.7144514654701197e-17 -0.99916119482424359 -0.040950051982751534 -0.99631255262651985 0.0035134327210587417 -0.085726036122889204 
2 124.91138453038675 41.345770266197896 138 -0.085798003932657491 -0.040799050821123846 0.99547684050070551 9.6710833785706996e-17 0.99916119482424359 0.040950051982751534 -0.99631255262651985 0.0035134327210587413 -0.085726036122889204 6.5999999999999996
3 122.62740662983427 40.259682872928181 164.5 -0.085798003932657491 -0.040799050821123846 0.99547684050070551 9.2374025095764978e-17 0.99916119482424359 0.040950051982751534 -0.99631255262651985 0.003513432721058737 -0.085726036122889204 2.2000000000000024
-0.72764747031718513
2 123.01525193370166 40.444112807634355 160 -0.085798003932657491 -0.040799050821123846 0.99547684050070551 9.2374025095764978e-17 0.99916119482424359 0.040950051982751534 -0.99631255262651985 0.003513432721058737 -0.085726036122889204 2.2000000000000024
3 123.27381546961327 40.567066097438477 157 -0.085798003932657491 -0.040799050821123846 0.99547684050070551 2.6367796834847468e-16 0.99916119482424359 0.040950051982751548 -0.99631255262651985 0.0035134327210589083 -0.08572603612288919 3.9999999999999978
-0.53842159928118738
3 124.0926 40.956418181818186 147.5 -0.085798003932657491 -0.040799050821123846 0.99547684050070551 9.6710833785706996e-17 0.99916119482424359 0.040950051982751534 -0.99631255262651985 0.0035134327210587413 -0.085726036122889204 6.5999999999999996
-0.57430562160858301
2 123.74784861878454 40.792480462079361 151.5 -0.085798003932657491 -0.040799050821123846 0.99547684050070551 2.6367796834847468e-16 0.99916119482424359 0.040950051982751548 -0.99631255262651985 0.0035134327210589083 -0.08572603612288919 3.9999999999999982
Triangulations 0

TShapes 340
Ve
0.0438688629589578
53.1051929596367 33.9066893881936 201.535541552004
0 0

0101101
*
Ve
1e-07
52.4688429367089 33.9657154422366 201.475787916374
0 0

0101101
*
Ed
 1e-07 1 1 0
1  1 0 6.12254536868593 6.28318530717959
2  1 2 0 6.12254536868593 6.28318530717959
2  2 1 0 6.12254536868593 6.28318530717959
0

0101000
+340 0 -339 0 *
Ve
0.0438688629579578
55.7799906171694 32.1547599438039 201.606552452069
0 0

0101101
*
Ed
 0.0438688629579578 1 1 0
1  2 0 0 1
2  3 3 0 0 1
2  4 1 0 0 1
0

0101000
+340 0 -337 0 *
Ve
0.0148313805809285
56.185669085393 31.3644275588256 201.554474007524
0 0

0101101
*
Ed
 1e-07 1 1 0
1  1 0 5.07705231631606 5.29998735009869
2  1 2 0 5.07705231631606 5.29998735009869
2  2 1 0 5.07705231631606 5.29998735009869
0

0101000
+335 0 -337 0 *
Ve
0.0148313805809285
56.1987477830896 28.5661293429298 201.22061839437
0 0

0101101
*
Ed
 0.0148313805799285 1 1 0
1  3 0 0 1
2  5 3 0 0 1
2  6 1 0 0 1
0

0101000
+335 0 -333 0 *
Ve
0.0372564765221355
55.8779529459575 27.9045255905684 201.107672421191
0 0

0101101
*
Ed
 1e-07 1 1 0
1  1 0 4.17081388321722 4.35705767832194
2  1 2 0 4.17081388321722 4.35705767832194
2  2 1 0 4.17081388321722 4.35705767832194
0

0101000
+331 0 -333 0 *
Ve
0.00900713654893789
53.3074475349655 27.6484012772277 203.883191046108
0 0

0101101
*
Ed
 0.00146536389544349 1 1 0
1  4 0 0 1
2  7 3 0 0 1
2  8 1 0 0 1
0

0101000
+331 0 -329 0 *
Ve
1e-07
52.1538049620253 31.9183920046025 204.273578051915
0 0

0101101
*
Ed
 1e-07 1 1 0
1  5 0 3.6701671281193 6.28318530717959
2  9 1 0 3.6701671281193 6.28318530717959
2  10 4 0 3.6701671281193 6.28318530717959
0

0101000
+329 0 -327 0 *
Ve
0.0565870015136921
52.1708601384668 32.0292277300312 204.122114392793
0 0

0101101
*
Ed
 1e-07 1 1 0
1  6 0 3.29269224607583 3.48115093414662
3  11 12CN 1 0 3.29269224607583 3.48115093414662
0

0101000
+325 0 -327 0 *
Ve
0.00374991664079734
52.4556072659203 32.8253841365376 203.041733681982
0 0

0101101
*
Ed
 0.00368795921551858 1 1 0
1  7 0 0 1
2  13 3 0 0 1
2  14 1 0 0 1
0

0101000
+325 0 -323 0 *
Ve
0.00374991664097555
52.3443411720042 33.1566212968 202.581463540076
0 0

0101101
*
Ed
 0.00374991664079734 1 1 0
1  8 0 0 1
2  15 3 0 0 1
2  16 1 0 0 1
0

0101000
+323 0 -321 0 *
Ed
 1e-07 1 1 0
1  6 0 0 1.37573711531085
3  11 12CN 1 0 0 1.37573711531085
0

0101000
+339 0 -321 0 *
Wi

0101100
+338 0 -336 0 +334 0 -332 0 +330 0 -328 0 -326 0 +324 0 -322 0 -320 0 
+319 0 *
Fa
0  1e-07 1 0

0101000
+318 0 *
Ve
0.0121618481998412
56.0710471474577 33.1955247056965 196.122213050669
0 0

0101101
*
Ve
0.00977460916408187
53.5469583098698 34.5868342508282 196.023827133435
0 0

0101101
*
Ed
 1e-07 1 1 0
1  9 0 5.41947531962268 6.15703617380883
2  17 5 0 5.41947531962268 6.15703617380883
2  18 2 0 5.41947531962268 6.15703617380883
0

0101000
+316 0 -315 0 *
Ed
 0.0121618481988412 1 1 0
1  10 0 0.00831511083313212 0.967352886166243
2  19 3 0 0.00831511083313212 0.967352886166243
2  20 2 0 0.00831511083313212 0.967352886166243
0

0101000
+316 0 -340 0 *
Ve
0.00226825068145735
52.7246179481878 34.2575012075013 199.040129055859
0 0

0101101
*
Ed
 1e-07 1 1 0
1  11 0 3.10298260186541 5.56935521647877
3  21 22CN 2 0 3.10298260186541 5.56935521647877
0

0101000
+312 0 -339 0 *
Ed
 0.00226825068144314 1 1 0
1  12 0 0 0.994918794203606
2  23 3 0 0 0.994918794203606
2  24 2 0 0 0.994918794203606
0

0101000
+312 0 -315 0 *
Wi

0101100
+314 0 -313 0 -338 0 +311 0 -310 0 *
Fa
0  1e-07 2 0

0101000
+309 0 *
Ve
1e-07
53.046412556962 34.6246015181859 195.975787916374
0 0

0101101
*
Ed
 1e-07 1 1 0
1  11 0 0 3.10298260186541
3  21 22CN 2 0 0 3.10298260186541
0

0101000
+307 0 -312 0 *
Ve
0.00356745710592559
52.1602443248178 33.957576611588 201.442406144507
0 0

0101101
*
Ed
 1e-07 1 1 0
1  1 0 0 0.0776458868970832
2  1 2 0 0 0.0776458868970832
2  2 1 0 0 0.0776458868970832
0

0101000
+339 0 -305 0 *
Ve
0.0295162612510083
51.8450225544614 33.9813785242918 200.847813578769
0 0

0101101
*
Ed
 0.000469807579879604 1 1 0
1  13 0 0.0374944811480199 1
2  25 3 0 0.0374944811480199 1
2  26 2 0 0.0374944811480199 1
0

0101000
+305 0 -303 0 *
Ve
0.0295162612520083
52.6822403278638 26.0255814276784 200.546989390339
0 0

0101101
*
Ed
 0.0295162612510083 1 1 0
1  14 0 0 0.999991070287944
2  27 3 0 0 0.999991070287944
2  28 2 0 0 0.999991070287944
0

0101000
+303 0 -301 0 *
Ve
0.0372564765221355
53.8290866154422 26.2449901864145 200.693707381408
0 0

0101101
*
Ed
 1e-07 1 1 0
1  1 0 3.19525696866091 3.4905353691162
2  1 2 0 3.19525696866091 3.4905353691162
2  2 1 0 3.19525696866091 3.4905353691162
0

0101000
+301 0 -299 0 *
Ed
 0.0372564765211355 1 1 0
1  15 0 0.00369665194433369 0.999299131529107
2  29 3 0 0.00369665194433369 0.999299131529107
2  30 2 0 0.00369665194433369 0.999299131529107
0

0101000
+299 0 -331 0 *
Ed
 0.0100294942997684 1 1 0
1  16 0 0.00587505444501271 0.994020617497955
2  31 3 0 0.00587505444501271 0.994020617497955
2  32 2 0 0.00587505444501271 0.994020617497955
0

0101000
+333 0 -335 0 *
Ve
0.00881767766938251
56.7215047841575 32.1284907180214 196.062691365792
0 0

0101101
*
Ed
 0.00497338162231496 1 1 0
1  17 0 0.00356230839012435 0.996420975485473
2  33 3 0 0.00356230839012435 0.996420975485473
2  34 2 0 0.00356230839012435 0.996420975485473
0

0101000
+337 0 -295 0 *
Ed
 1e-07 1 1 0
1  9 0 0 5.10541638579773
2  17 5 0 0 5.10541638579773
2  18 2 0 0 5.10541638579773
0

0101000
+307 0 -295 0 *
Wi

0101100
-306 0 -311 0 -304 0 -302 0 -300 0 -298 0 -297 0 -330 0 -296 0 -334 0 
-294 0 +293 0 *
Fa
0  1e-07 2 0

0101000
+292 0 *
Ve
0.00900713654893789
53.8968736231392 29.6364830510398 208.797461322995
0 0

0101101
*
Ed
 0.00900713654793789 1 1 0
1  18 0 0.00179226652110191 0.990669069778186
2  35 3 0 0.00179226652110191 0.990669069778186
2  36 4 0 0.00179226652110191 0.990669069778186
0

0101000
+329 0 -290 0 *
Ve
1e-07
51.681248 31.3793033970076 208.773578051915
0 0

0101101
*
Ed
 1e-07 1 1 0
1  19 0 4.96389896859154 6.28318530717959
2  37 4 0 4.96389896859154 6.28318530717959
2  38 6 0 4.96389896859154 6.28318530717959
0

0101000
+290 0 -288 0 *
Ed
 1e-07 1 1 0
1  20 0 0 4.556745177119
3  39 40CN 4 0 0 4.556745177119
0

0101000
+327 0 -288 0 *
Wi

0101100
+326 0 -289 0 -287 0 +286 0 *
Fa
0  1e-07 4 0

0101000
+285 0 *
Ve
0.0565870015146921
50.4682701908316 31.1996049430642 204.010466694798
0 0

0101101
*
Ed
 1e-07 1 1 0
1  5 0 0 0.828345866216454
2  9 1 0 0 0.828345866216454
2  10 4 0 0 0.828345866216454
0

0101000
+327 0 -283 0 *
Ed
 0.0565870015136921 1 1 0
1  21 0 0 1
2  41 3 0 0 1
2  42 1 0 0 1
0

0101000
+283 0 -325 0 *
Wi

0101100
-324 0 -282 0 -281 0 *
Fa
0  1e-07 1 0

0101000
+280 0 *
Ed
 0.00356745710589303 1 1 0
1  22 0 0 1
2  43 3 0 0 1
2  44 1 0 0 1
0

0101000
+321 0 -305 0 *
Wi

0101100
-319 0 -278 0 +304 0 *
Fa
0  1e-07 1 0

0101000
+277 0 *
Ve
0.00977460916407182
55.7546207133344 35.8539201148037 194.158356557633
0 0

0101101
*
Ed
 0.00977460916407182 1 1 0
1  23 0 0 1
2  45 3 0 0 1
2  46 5 0 0 1
0

0101000
+315 0 -275 0 *
Ed
 0.00248243930574982 1 1 0
1  24 0 0 1
2  47 3 0 0 1
2  48 5 0 0 1
0

0101000
+275 0 -316 0 *
Wi

0101100
-274 0 -273 0 -314 0 *
Fa
0  1e-07 5 0

0101000
+272 0 *
Ed
 1e-07 1 1 0
1  9 0 6.15703617380883 6.28318530717959
2  17 5 0 6.15703617380883 6.28318530717959
2  18 2 0 6.15703617380883 6.28318530717959
0

0101000
+315 0 -307 0 *
Wi

0101100
+270 0 +310 0 +306 0 *
Fa
0  1e-07 2 0

0101000
+269 0 *
Ed
 0.0037178757474187 1 1 0
1  25 0 0 1
2  49 3 0 0 1
2  50 1 0 0 1
0

0101000
+301 0 -299 0 *
Wi

0101100
-267 0 +298 0 *
Fa
0  1e-07 1 0

0101000
+266 0 *
Ve
1e-07
53.4664631898734 37.983203153048 192.320734155745
0 0

0101101
*
Ed
 1e-07 1 1 0
1  26 0 0 4.98157258995546
3  51 52CN 5 0 0 4.98157258995546
0

0101000
+264 0 -307 0 *
Ve
0.0527490473248354
56.376626673236 24.8915498319851 191.057991234573
0 0

0101101
*
Ed
 0.00881767766935689 1 1 0
1  27 0 0 1
2  53 3 0 0 1
2  54 5 0 0 1
0

0101000
+295 0 -262 0 *
Ve
0.148876345353175
55.4564108494315 24.5508263828452 190.920539118156
0 0

0101101
*
Ed
 1e-07 1 1 0
1  28 0 3.43577942346724 3.57950447184366
2  55 7 0 3.43577942346724 3.57950447184366
2  56 5 0 3.43577942346724 3.57950447184366
0

0101000
+260 0 -262 0 *
Ve
0.148876345353175
53.4282832896622 24.2817543099802 190.675325898745
0 0

0101101
*
Ed
 0.0172004285515918 1 1 0
1  29 0 0 1
2  57 3 0 0 1
2  58 5 0 0 1
0

0101000
+260 0 -258 0 *
Ve
0.0848577627724313
52.1013630272969 24.4350080421511 190.554341883868
0 0

0101101
*
Ed
 1e-07 1 1 0
1  28 0 2.94134389814506 3.13602930921737
2  55 7 0 2.94134389814506 3.13602930921737
2  56 5 0 2.94134389814506 3.13602930921737
0

0101000
+256 0 -258 0 *
Ve
0.0848577627724313
48.15980653324 35.5422407585117 191.471046918715
0 0

0101101
*
Ed
 0.0225645593630038 1 1 0
1  30 0 0 1
2  59 3 0 0 1
2  60 5 0 0 1
0

0101000
+256 0 -254 0 *
Ve
2.00001e-07
48.6651678366361 36.0869418239895 191.589370061205
0 0

0101101
*
Ed
 1e-07 1 1 0
1  28 0 0.774854528550364 0.883950550791769
2  55 7 0 0.774854528550364 0.883950550791769
2  56 5 0 0.774854528550364 0.883950550791769
0

0101000
+252 0 -254 0 *
Ed
 1e-07 1 1 0
1  28 0 0 0.774854528550364
2  55 7 0 0 0.774854528550364
2  56 5 0 0 0.774854528550364
0

0101000
+264 0 -252 0 *
Wi

0101100
-263 0 -293 0 -261 0 +259 0 -257 0 +255 0 -253 0 +251 0 +250 0 *
Fa
0  1e-07 5 0

0101000
+249 0 *
Ve
0.00826825238607761
51.6562082441217 31.1264466185606 208.985153599127
0 0

0101101
*
Ed
 0.00826825238607761 1 1 0
1  31 0 0 1
2  61 3 0 0 1
2  62 6 0 0 1
0

0101000
+290 0 -247 0 *
Ed
 1e-07 1 1 0
1  32 0 0 0.330647473843699
3  63 64CN 6 0 0 0.330647473843699
0

0101000
+288 0 -247 0 *
Wi

0101100
+287 0 -246 0 +245 0 *
Fa
0  1e-07 6 0

0101000
+244 0 *
Ve
0.0209011011654115
51.6309679381067 31.3793753024324 208.768306623048
0 0

0101101
*
Ed
 1e-07 1 1 0
1  19 0 0 0.0219811771596505
2  37 4 0 0 0.0219811771596505
2  38 6 0 0 0.0219811771596505
0

0101000
+288 0 -242 0 *
Ed
 0.0209011011644115 1 1 0
1  33 0 0.00429131747632281 1
2  65 3 0 0.00429131747632281 1
2  66 4 0 0.00429131747632281 1
0

0101000
+242 0 -283 0 *
Wi

0101100
-286 0 -241 0 -240 0 +282 0 *
Fa
0  1e-07 4 0

0101000
+239 0 *
Ed
 1e-07 1 1 0
1  28 0 3.57950447184366 6.28318530717959
2  55 7 0 3.57950447184366 6.28318530717959
2  56 5 0 3.57950447184366 6.28318530717959
0

0101000
+262 0 -264 0 *
Ed
 1e-07 1 1 0
1  9 0 5.10541638579773 5.41947531962268
2  17 5 0 5.10541638579773 5.41947531962268
2  18 2 0 5.10541638579773 5.41947531962268
0

0101000
+295 0 -316 0 *
Wi

0101100
+237 0 +261 0 -236 0 +273 0 +274 0 -270 0 +263 0 *
Fa
0  1e-07 5 0

0101000
+235 0 *
Ve
0.0147025636098142
48.7689369814497 29.7157877491512 176.994401266817
0 0

0101101
*
Ve
0.0527490473248354
58.420403256252 26.8341325318036 177.662712396422
0 0

0101101
*
Ed
 1e-07 1 1 0
1  34 0 2.04190645848917 3.6829282908901
2  67 7 0 2.04190645848917 3.6829282908901
2  68 8 0 2.04190645848917 3.6829282908901
0

0101000
+233 0 -232 0 *
Ve
0.08516190798867
48.4592750820862 28.0423600412937 184.34170488522
0 0

0101101
*
Ed
 0.0147025636088142 1 1 0
1  35 0 0.000538209457336969 0.175220601268924
2  69 3 0 0.000538209457336969 0.175220601268924
2  70 7 0 0.000538209457336969 0.175220601268924
0

0101000
+233 0 -230 0 *
Ed
 0.0848577627714313 1 1 0
1  36 0 0.84087758508578 0.999998038782997
2  71 3 0 0.84087758508578 0.999998038782997
2  72 7 0 0.84087758508578 0.999998038782997
0

0101000
+230 0 -256 0 *
Ed
 0.148876345352175 1 1 0
1  37 0 0.00262279993901225 0.99956530204429
2  73 3 0 0.00262279993901225 0.99956530204429
2  74 7 0 0.00262279993901225 0.99956530204429
0

0101000
+258 0 -260 0 *
Ed
 0.0527490473238354 1 1 0
1  38 0 0.00146680351767146 0.998544360960696
2  75 3 0 0.00146680351767146 0.998544360960696
2  76 7 0 0.00146680351767146 0.998544360960696
0

0101000
+262 0 -232 0 *
Wi

0101100
+231 0 -229 0 -228 0 -255 0 -227 0 -259 0 -226 0 *
Fa
0  1e-07 7 0

0101000
+225 0 *
Ve
1e-07
54.8841340759494 39.6004689758328 178.820734155745
0 0

0101101
*
Ed
 1e-07 1 1 0
1  39 0 0 13.670235531357
3  77 78CN 7 0 0 13.670235531357
0

0101000
+223 0 -264 0 *
Ve
0.0851248196533505
47.4631760747005 29.2277158476807 186.673637336308
0 0

0101101
*
Ed
 0.0848577627714313 1 1 0
1  36 0 0.000558597671210251 0.252373221117953
2  71 3 0 0.000558597671210251 0.252373221117953
2  72 7 0 0.000558597671210251 0.252373221117953
0

0101000
+254 0 -221 0 *
Ve
0.0848920386974141
47.6197992247247 30.4747345012117 182.893466283284
0 0

0101101
*
Ed
 0.0147025636088142 1 1 0
1  35 0 0.807943413355115 0.884529934816032
2  69 3 0 0.807943413355115 0.884529934816032
2  70 7 0 0.807943413355115 0.884529934816032
0

0101000
+221 0 -219 0 *
Ve
0.0848802054420889
47.7538584644215 31.212970746248 180.70651406808
0 0

0101101
*
Ed
 0.0848577627714313 1 1 0
1  36 0 0.603567513441339 0.728578341171061
2  71 3 0 0.603567513441339 0.728578341171061
2  72 7 0 0.603567513441339 0.728578341171061
0

0101000
+219 0 -217 0 *
Ve
0.0147025636098142
48.0358834047644 32.3885784415054 177.237614920491
0 0

0101101
*
Ed
 0.0147025636088142 1 1 0
1  35 0 0.928975317137798 0.999607352995637
2  69 3 0 0.928975317137798 0.999607352995637
2  70 7 0 0.928975317137798 0.999607352995637
0

0101000
+217 0 -215 0 *
Ve
0.267247466516897
48.6885099464023 35.7728725322652 177.711578832699
0 0

0101101
*
Ed
 1e-07 1 1 0
1  34 0 1.12619976861299 1.63591447451801
2  67 7 0 1.12619976861299 1.63591447451801
2  68 8 0 1.12619976861299 1.63591447451801
0

0101000
+213 0 -215 0 *
Ve
0.267247466516897
50.2929383806521 37.8985105482257 178.134710180466
0 0

0101101
*
Ed
 0.267247466515897 1 1 0
1  40 0 0.000526231107875753 0.997804565981014
2  79 3 0 0.000526231107875753 0.997804565981014
2  80 7 0 0.000526231107875753 0.997804565981014
0

0101000
+213 0 -211 0 *
Ed
 1e-07 1 1 0
1  34 0 0 0.732859652561818
2  67 7 0 0 0.732859652561818
2  68 8 0 0 0.732859652561818
0

0101000
+223 0 -211 0 *
Wi

0101100
-222 0 -250 0 -251 0 -220 0 -218 0 -216 0 -214 0 +212 0 -210 0 +209 0 
*
Fa
0  1e-07 7 0

0101000
+208 0 *
Ed
 5e-06 1 1 0
1  41 0 0 1
2  81 3 0 0 1
2  82 6 0 0 1
0

0101000
+247 0 -242 0 *
Wi

0101100
-245 0 -206 0 +241 0 *
Fa
0  1e-07 6 0

0101000
+205 0 *
Ve
0.314168123735429
59.7440915993805 27.8520080660239 177.923655340099
0 0

0101101
*
Ed
 1e-07 1 1 0
1  34 0 3.92848139485881 6.28318530717959
2  67 7 0 3.92848139485881 6.28318530717959
2  68 8 0 3.92848139485881 6.28318530717959
0

0101000
+203 0 -223 0 *
Ed
 1e-07 1 1 0
1  34 0 3.6829282908901 3.92848139485881
2  67 7 0 3.6829282908901 3.92848139485881
2  68 8 0 3.6829282908901 3.92848139485881
0

0101000
+232 0 -203 0 *
Wi

0101100
+202 0 +201 0 +226 0 -237 0 +222 0 *
Fa
0  1e-07 7 0

0101000
+200 0 *
Ed
 1e-07 1 1 0
1  1 0 5.29998735009869 6.12254536868593
2  1 2 0 5.29998735009869 6.12254536868593
2  2 1 0 5.29998735009869 6.12254536868593
0

0101000
+337 0 -340 0 *
Wi

0101100
+294 0 -198 0 +313 0 +236 0 *
Fa
0  1e-07 2 0

0101000
+197 0 *
Ed
 0.00839907686135493 1 1 0
1  42 0 0.197557730563979 0.759873362629198
2  83 3 0 0.197557730563979 0.759873362629198
2  84 8 0 0.197557730563979 0.759873362629198
0

0101000
+211 0 -233 0 *
Ed
 0.0305668272616165 1 1 0
1  43 0 0.0649701814356929 0.243602538726001
2  85 3 0 0.0649701814356929 0.243602538726001
2  86 8 0 0.0649701814356929 0.243602538726001
0

0101000
+232 0 -203 0 *
Ve
0.0305668272616165
51.535295504693 38.3970930330917 178.324902323982
0 0

0101101
*
Ed
 0.0305668272616165 1 1 0
1  43 0 0.243602538726001 1
2  85 3 0 0.243602538726001 1
2  86 8 0 0.243602538726001 1
0

0101000
+203 0 -193 0 *
Ed
 0.000797800017775454 1 1 0
1  44 0 0 0.291200201806786
2  87 3 0 0 0.291200201806786
2  88 8 0 0 0.291200201806786
0

0101000
+193 0 -211 0 *
Wi

0101100
-195 0 -231 0 -194 0 -192 0 -191 0 *
Fa
0  1e-07 8 0

0101000
+190 0 *
Ed
 0.0848577627714313 1 1 0
1  36 0 0.728578341171061 0.84087758508578
2  71 3 0 0.728578341171061 0.84087758508578
2  72 7 0 0.728578341171061 0.84087758508578
0

0101000
+217 0 -230 0 *
Ve
0.0848703163050894
47.9748178017832 27.8076455492744 187.823466096341
0 0

0101101
*
Ed
 0.0147025636088142 1 1 0
1  35 0 0.175220601268924 0.383640359383852
2  69 3 0 0.175220601268924 0.383640359383852
2  70 7 0 0.175220601268924 0.383640359383852
0

0101000
+230 0 -187 0 *
Ve
0.0848828888198054
47.812705423571 27.6940437699786 189.119014301185
0 0

0101101
*
Ed
 0.0848577627714313 1 1 0
1  36 0 0.317979070056314 0.463693666801297
2  71 3 0 0.317979070056314 0.463693666801297
2  72 7 0 0.317979070056314 0.463693666801297
0

0101000
+185 0 -187 0 *
Ed
 0.0848577627714313 1 1 0
1  36 0 0.252373221117953 0.317979070056314
2  71 3 0 0.252373221117953 0.317979070056314
2  72 7 0 0.252373221117953 0.317979070056314
0

0101000
+221 0 -185 0 *
Wi

0101100
-218 0 -216 0 -188 0 -186 0 +184 0 +183 0 *
Ed
 0.00129778225850756 1 1 0
1  45 0 0.0117614335801242 0.46990140526137
2  89 3 0 0.0117614335801242 0.46990140526137
2  90 8 0 0.0117614335801242 0.46990140526137
0

0101000
+215 0 -213 0 *
Ed
 0.0147025636088142 1 1 0
1  35 0 0.884529934816032 0.928975317137798
2  69 3 0 0.884529934816032 0.928975317137798
2  70 7 0 0.884529934816032 0.928975317137798
0

0101000
+219 0 -217 0 *
Ed
 0.0848577627714313 1 1 0
1  36 0 0.463693666801297 0.603567513441339
2  71 3 0 0.463693666801297 0.603567513441339
2  72 7 0 0.463693666801297 0.603567513441339
0

0101000
+187 0 -219 0 *
Wi

0101100
+229 0 +195 0 +210 0 +181 0 +214 0 +180 0 +179 0 +186 0 *
Fa
0  1e-07 3 0

0101000
+182 0 +178 0 *
Wi

0101100
-212 0 -181 0 *
Fa
0  1e-07 8 0

0101000
+176 0 *
Wi

0101100
-209 0 +191 0 +192 0 -202 0 *
Fa
0  1e-07 8 0

0101000
+174 0 *
Wi

0101100
+194 0 -201 0 *
Fa
0  1e-07 8 0

0101000
+172 0 *
Wi

0101100
+198 0 +336 0 *
Fa
0  1e-07 1 0

0101000
+170 0 *
Ve
0.0939556940796025
5 39.6498197431453 178.082244422776
0 0

0101101
*
Ve
0.0766699091936816
184.5 48.7709721848794 128.614706081462
0 0

0101101
*
Ed
 4.43363075532943e-05 1 1 0
1  46 0 0 1
3  91 92C0 3 0 0 1
0

0101000
+168 0 -167 0 *
Ed
 0.0766699091936816 1 1 0
1  47 0 0 1
2  93 3 0 0 1
2  94 9 0 0 1
4 C0 3 0 9 0
0

0101000
+167 0 -167 0 *
Ed
 0.0939556940796025 1 1 0
1  48 0 0 1
2  95 3 0 0 1
2  96 10 0 0 1
4 C0 3 0 10 0
0

0101000
+168 0 -168 0 *
Wi

0101100
-166 0 +165 0 +166 0 -164 0 *
Wi

0101100
+332 0 +296 0 *
Wi

0101100
+302 0 +278 0 +320 0 +322 0 +281 0 +240 0 +206 0 +246 0 +289 0 +328 0 
+297 0 +267 0 +300 0 *
Wi

0101100
+257 0 +227 0 *
Ve
0.034971209567829
124.525516432657 47.9302311188836 138.23660323456
0 0

0101101
*
Ve
0.00209595917655135
125.438980491047 47.9171130930581 138.314795098705
0 0

0101101
*
Ed
 0.00208412101520009 1 1 0
1  49 0 0 0.976751796374684
2  97 3 0 0 0.976751796374684
2  98 11 0 0 0.976751796374684
0

0101000
+159 0 -158 0 *
Ve
0.0349712095669155
124.761716465373 47.8690633239197 140.00680366151
0 0

0101101
*
Ed
 0.000380946406933434 1 1 0
1  50 0 0 0.988887742149636
2  99 3 0 0 0.988887742149636
2  100 12 0 0 0.988887742149636
0

0101000
+156 0 -158 0 *
Ed
 0.034971209566829 1 1 0
1  51 0 0.00641372633488333 1
2  101 3 0 0.00641372633488333 1
2  102 12 0 0.00641372633488333 1
0

0101000
+159 0 -156 0 *
Wi

0101100
-157 0 +155 0 +154 0 *
Ed
 0.0147025636088142 1 1 0
1  35 0 0.498707424200487 0.807943413355115
2  69 3 0 0.498707424200487 0.807943413355115
2  70 7 0 0.498707424200487 0.807943413355115
0

0101000
+185 0 -221 0 *
Wi

0101100
-183 0 -152 0 *
Ed
 0.0147025636088142 1 1 0
1  35 0 0.383640359383852 0.498707424200487
2  69 3 0 0.383640359383852 0.498707424200487
2  70 7 0 0.383640359383852 0.498707424200487
0

0101000
+187 0 -185 0 *
Wi

0101100
-184 0 -150 0 *
Ve
0.00501918123876195
124.018222986284 39.5996247896667 165.286585285453
0 0

0101101
*
Ve
0.0157322668875673
124.109127212299 38.6346381590199 164.561104773127
0 0

0101101
*
Ed
 0.00455633780834837 1 1 0
1  52 0 0 1
2  103 3 0 0 1
2  104 13 0 0 1
0

0101000
+148 0 -147 0 *
Ve
0.0157322668875673
124.094425102831 41.8877321759894 164.6931638338
0 0

0101101
*
Ed
 0.00501918123876195 1 1 0
1  53 0 0 1
2  105 3 0 0 1
2  106 13 0 0 1
0

0101000
+145 0 -148 0 *
Ed
 0.0157322668865673 1 1 0
1  54 0 0.00285538736190654 0.997396222922648
2  107 3 0 0.00285538736190654 0.997396222922648
2  108 14 0 0.00285538736190654 0.997396222922648
0

0101000
+147 0 -145 0 *
Wi

0101100
+146 0 +144 0 +143 0 *
Ve
0.0230196692034564
121.456171718238 38.9045435049431 159.802527865358
0 0

0101101
*
Ve
0.0230196692034564
121.682469133704 42.1939207031992 159.956845201305
0 0

0101101
*
Ed
 0.0230196692024564 1 1 0
1  55 0 0 1
2  109 3 0 0 1
2  110 15 0 0 1
0

0101000
+141 0 -140 0 *
Ed
 0.01295338882535 1 1 0
1  56 0 0 1
2  111 3 0 0 1
2  112 14 0 0 1
0

0101000
+140 0 -141 0 *
Wi

0101100
-139 0 -138 0 *
Ve
0.00598957812841169
123.094684667035 38.2471219520335 159.916803718344
0 0

0101101
*
Ve
0.00598957812841169
122.073629588512 38.4624513452485 159.837626333619
0 0

0101101
*
Ed
 0.00425361845765157 1 1 0
1  57 0 0 1
2  113 3 0 0 1
2  114 15 0 0 1
0

0101000
+136 0 -135 0 *
Ed
 0.00598957812741169 1 1 0
1  58 0 0.0133671797260523 0.983034443507024
2  115 3 0 0.0133671797260523 0.983034443507024
2  116 14 0 0.0133671797260523 0.983034443507024
0

0101000
+135 0 -136 0 *
Wi

0101100
-134 0 -133 0 *
Ve
0.081005916646537
119.069394642935 36.7185633385475 146.893374688858
0 0

0101101
*
Ve
0.081005916646537
118.459687163398 37.5739969837052 146.875884775225
0 0

0101101
*
Ed
 0.081005916645537 1 1 0
1  59 0 0 1
2  117 3 0 0 1
2  118 16 0 0 1
0

0101000
+131 0 -130 0 *
Ed
 0.00810771983372053 1 1 0
1  60 0 0.00798615918156265 0.998341793156588
2  119 3 0 0.00798615918156265 0.998341793156588
2  120 12 0 0.00798615918156265 0.998341793156588
0

0101000
+130 0 -131 0 *
Wi

0101100
+129 0 +128 0 *
Wi

0101000
i191 0 i192 0 i194 0 i226 0 i261 0 i294 0 i336 0 i313 0 i273 0 i274 0 
i310 0 *
Wi

0101000
i220 0 i253 0 i228 0 *
Ve
0.00496205202428563
124.110937457544 47.5596019775391 147.557508816458
0 0

0101101
*
Ve
0.00588142867816174
123.972976913501 47.5502126304193 147.759932850509
0 0

0101101
*
Ed
 0.00496205202422208 1 1 0
1  61 0 0 0.911065820579548
2  121 3 0 0 0.911065820579548
2  122 12 0 0 0.911065820579548
0

0101000
+124 0 -123 0 *
Ve
0.0347087581531016
123.928031574649 47.1891472963363 148.268890472053
0 0

0101101
*
Ed
 0.00588142867814585 1 1 0
1  62 0 0 1
2  123 3 0 0 1
2  124 16 0 0 1
0

0101000
+123 0 -121 0 *
Ve
0.164606164462063
123.100001708561 47.4788187677544 147.681766961829
0 0

0101101
*
Ed
 0.0347087581521016 1 1 0
1  63 0 0 1
2  125 3 0 0 1
2  126 16 0 0 1
0

0101000
+121 0 -119 0 *
Ve
0.164606164462063
121.203246060123 46.8903544674777 147.494171805538
0 0

0101101
*
Ed
 0.164606164461063 1 1 0
1  64 0 0.00410520947562226 0.999961851360119
2  127 3 0 0.00410520947562226 0.999961851360119
2  128 12 0 0.00410520947562226 0.999961851360119
0

0101000
+119 0 -117 0 *
Ve
0.111605563327875
123.768307655461 44.8077194549502 151.63887492233
0 0

0101101
*
Ed
 0.0871592553572201 1 1 0
1  65 0 0 1
2  129 3 0 0 1
2  130 16 0 0 1
0

0101000
+117 0 -115 0 *
Ve
0.00784874947294916
123.739136451253 44.7849823924801 151.764883690191
0 0

0101101
*
Ed
 0.00539595044721643 1 1 0
1  66 0 0.165265489966867 1
2  131 3 0 0.165265489966867 1
2  132 17 0 0.165265489966867 1
0

0101000
+115 0 -113 0 *
Ve
0.00784874947197845
123.428468708754 44.6372522771658 155.369426087136
0 0

0101101
*
Ed
 0.00784874947194916 1 1 0
1  67 0 0 1
2  133 3 0 0 1
2  134 17 0 0 1
0

0101000
+113 0 -111 0 *
Ve
0.0125871783351504
123.876128042564 44.6402065750276 154.812077139089
0 0

0101101
*
Ed
 0.000214873214349909 1 1 0
1  68 0 0 1
2  135 3 0 0 1
2  136 17 0 0 1
0

0101000
+111 0 -109 0 *
Ve
0.0125871783361504
124.163757437473 44.7658343818037 151.698691930254
0 0

0101101
*
Ed
 0.0125871783351504 1 1 0
1  69 0 0 0.993566371066943
2  137 3 0 0 0.993566371066943
2  138 17 0 0 0.993566371066943
0

0101000
+109 0 -107 0 *
Ve
0.0119944093546112
126.433600916093 47.1105718615471 147.953990305107
0 0

0101101
*
Ed
 0.0119944093536112 1 1 0
1  70 0 0 1
2  139 3 0 0 1
2  140 16 0 0 1
0

0101000
+107 0 -105 0 *
Wi

0101000
i122 0 i120 0 i118 0 i116 0 i114 0 i112 0 i110 0 i108 0 i106 0 i104 0 
*
Ve
0.019714719727107
123.187457488964 43.9219654161194 158.141155681596
0 0

0101101
*
Ve
0.0358997130809152
122.736494331202 44.5291127101742 157.116071670642
0 0

0101101
*
Ed
 0.00116338514861775 1 1 0
1  71 0 0 1
2  141 3 0 0 1
2  142 15 0 0 1
0

0101000
+102 0 -101 0 *
Ve
0.0201805321974223
124.216132128567 44.44705659319 157.24023544105
0 0

0101101
*
Ed
 0.0197147197270722 1 1 0
1  72 0 0 1
2  143 3 0 0 1
2  144 15 0 0 1
0

0101000
+99 0 -102 0 *
Ve
0.0358997130809152
120.37522596211 42.9335635146143 151.297071988549
0 0

0101101
*
Ed
 0.0358997130799152 1 1 0
1  73 0 0.00374327923070006 0.994177338822216
2  145 3 0 0.00374327923070006 0.994177338822216
2  146 17 0 0.00374327923070006 0.994177338822216
0

0101000
+101 0 -97 0 *
Ve
0.0120260681604664
125.041479053094 44.1428210404754 157.298901393409
0 0

0101101
*
Ed
 0.0120260681594664 1 1 0
1  74 0 0.0127932089626026 1
2  147 3 0 0.0127932089626026 1
2  148 17 0 0.0127932089626026 1
0

0101000
+95 0 -99 0 *
Ve
0.00969127419563247
123.986160523222 42.9077041563394 159.49983925637
0 0

0101101
*
Ed
 0.00414467462957232 1 1 0
1  75 0 0 1
2  149 3 0 0 1
2  150 15 0 0 1
0

0101000
+93 0 -95 0 *
Ve
0.0421240161098627
123.592574511337 42.5626131096924 160.136583716208
0 0

0101101
*
Ed
 0.00969127419563247 1 1 0
1  76 0 0 1
2  151 3 0 0 1
2  152 15 0 0 1
0

0101000
+91 0 -93 0 *
Ve
0.0421240161095189
122.918230629326 42.5961314313699 161.215786017691
0 0

0101101
*
Ed
 0.0421240161088627 1 1 0
1  77 0 0 0.988531844858128
2  153 3 0 0 0.988531844858128
2  154 14 0 0 0.988531844858128
0

0101000
+89 0 -91 0 *
Ve
0.00126734871680338
122.79470265944 42.5797139393545 161.568577290746
0 0

0101101
*
Ed
 0.00126734871680338 1 1 0
1  78 0 0 1
2  155 3 0 0 1
2  156 14 0 0 1
0

0101000
+87 0 -89 0 *
Ve
0.0099776613043167
122.82306250134 42.5508766572224 162.319980323178
0 0

0101101
*
Ed
 9.58444898528594e-05 1 1 0
1  79 0 0 1
2  157 3 0 0 1
2  158 14 0 0 1
0

0101000
+85 0 -87 0 *
Ve
0.0099776613053096
123.172059235099 42.3869729715755 164.634128206486
0 0

0101101
*
Ed
 0.0099776613043096 1 1 0
1  80 0 0.00891514958825209 1
2  159 3 0 0.00891514958825209 1
2  160 14 0 0.00891514958825209 1
0

0101000
+83 0 -85 0 *
Ve
0.00584361864338691
123.468642993688 38.226900404115 164.489191918926
0 0

0101101
*
Ed
 0.00584361864338691 1 1 0
1  81 0 0 1
2  161 3 0 0 1
2  162 13 0 0 1
0

0101000
+81 0 -83 0 *
Ve
0.00770924249886379
123.742848185095 38.3680340598432 159.977623049181
0 0

0101101
*
Ed
 0.000980007174692125 1 1 0
1  82 0 0.00846730901874 0.995534075531089
2  163 3 0 0.00846730901874 0.995534075531089
2  164 14 0 0.00846730901874 0.995534075531089
0

0101000
+79 0 -81 0 *
Ve
0.00770924249884125
126.984532733174 39.0962783058014 157.259539326283
0 0

0101101
*
Ed
 0.00770924249882116 1 1 0
1  83 0 0 1
2  165 3 0 0 1
2  166 15 0 0 1
0

0101000
+77 0 -79 0 *
Ve
0.0186043468614915
127.160725933216 38.7167744906541 151.709076916066
0 0

0101101
*
Ed
 0.00331956540211495 1 1 0
1  84 0 0.00519396055985193 0.982627154070757
2  167 3 0 0.00519396055985193 0.982627154070757
2  168 17 0 0.00519396055985193 0.982627154070757
0

0101000
+75 0 -77 0 *
Ve
0.0303433418718996
130.045306999532 38.1337634804189 147.897366096176
0 0

0101101
*
Ed
 0.0186043468614438 1 1 0
1  85 0 0 1
2  169 3 0 0 1
2  170 16 0 0 1
0

0101000
+73 0 -75 0 *
Ve
0.0303433418718996
127.477631066808 35.2909068738227 147.559550782688
0 0

0101101
*
Ed
 0.0303433418708996 1 1 0
1  86 0 1.69142626120622e-05 0.992093651624963
2  171 3 0 1.69142626120622e-05 0.992093651624963
2  172 12 0 1.69142626120622e-05 0.992093651624963
0

0101000
+71 0 -73 0 *
Ve
0.00782536014789553
126.229761859234 37.6567485803401 151.585394570824
0 0

0101101
*
Ed
 0.00782536014689553 1 1 0
1  87 0 0 1
2  173 3 0 0 1
2  174 16 0 0 1
0

0101000
+69 0 -71 0 *
Wi

0101000
i100 0 i98 0 i96 0 i94 0 i92 0 i90 0 i88 0 i86 0 i84 0 i82 0 
i80 0 i78 0 i76 0 i74 0 i72 0 i70 0 i68 0 *
Ve
0.0355800850325549
129.244725716712 46.2904865867949 138.576137719404
0 0

0101101
*
Ve
0.0355800850325549
126.793873055692 46.959237275281 147.978839022794
0 0

0101101
*
Ed
 0.0355800850315549 1 1 0
1  88 0 0.00209206635985652 0.997890838472015
2  175 3 0 0.00209206635985652 0.997890838472015
2  176 12 0 0.00209206635985652 0.997890838472015
0

0101000
+66 0 -65 0 *
Ve
0.0184825858383329
126.758921779843 43.4000079814208 151.866385936723
0 0

0101101
*
Ed
 0.00960479040851496 1 1 0
1  89 0 0 1
2  177 3 0 0 1
2  178 16 0 0 1
0

0101000
+65 0 -63 0 *
Ve
0.0184825858383329
125.385667239209 43.9489714789823 157.320621417778
0 0

0101101
*
Ed
 0.0184825858383329 1 1 0
1  90 0 0.00363169113895158 0.996399120879757
2  179 3 0 0.00363169113895158 0.996399120879757
2  180 17 0 0.00363169113895158 0.996399120879757
0

0101000
+63 0 -61 0 *
Ve
0.0133213677391706
126.950129425466 42.0969852471964 157.379556442715
0 0

0101101
*
Ed
 0.013321367739135 1 1 0
1  91 0 0 1
2  181 3 0 0 1
2  182 15 0 0 1
0

0101000
+61 0 -59 0 *
Ve
0.0177050295887745
127.215847496206 42.7493317946116 151.879099787092
0 0

0101101
*
Ed
 0.00264351800023909 1 1 0
1  92 0 0.0040092494511314 0.996452500453837
2  183 3 0 0.0040092494511314 0.996452500453837
2  184 17 0 0.0040092494511314 0.996452500453837
0

0101000
+59 0 -57 0 *
Ve
0.0177050295897603
130.464092976895 39.3034413801728 147.981398939137
0 0

0101101
*
Ed
 0.0177050295887603 1 1 0
1  93 0 0 1
2  185 3 0 0 1
2  186 16 0 0 1
0

0101000
+57 0 -55 0 *
Wi

0101000
i64 0 i62 0 i60 0 i58 0 i56 0 i54 0 *
Ve
0.000513107288234277
117.541798863422 40.4066184854806 146.912867337892
0 0

0101101
*
Ve
0.000513107288234277
117.628728323994 42.1900191424988 146.993451260065
0 0

0101101
*
Ed
 0.000513107288234277 1 1 0
1  94 0 0 1
2  187 3 0 0 1
2  188 16 0 0 1
0

0101000
+52 0 -51 0 *
Wi

0101000
i50 0 *
Ve
0.0318979831828921
120.078205604861 42.3641945810161 151.248137182781
0 0

0101101
*
Ve
0.0318979831828921
122.385985803245 37.0412374164303 151.228881420557
0 0

0101101
*
Ed
 0.0318979831818921 1 1 0
1  95 0 2.45844737528564e-05 1
2  189 3 0 2.45844737528564e-05 1
2  190 17 0 2.45844737528564e-05 1
0

0101000
+48 0 -47 0 *
Ve
0.0250493059044269
123.958193516284 36.6241340965599 151.056756150917
0 0

0101101
*
Ed
 0.0250493059044269 1 1 0
1  96 0 0 1
2  191 3 0 0 1
2  192 16 0 0 1
0

0101000
+47 0 -45 0 *
Ve
5.831327913598e-05
123.61430610244 36.798551090423 151.324801339763
0 0

0101101
*
Ed
 5.831327913598e-05 1 1 0
1  97 0 0 1
2  193 3 0 0 1
2  194 16 0 0 1
0

0101000
+45 0 -43 0 *
Wi

0101000
i46 0 i44 0 i42 0 *
Fa
0  1e-07 3 0

0101000
+163 0 +162 0 +161 0 +160 0 +153 0 +151 0 +149 0 +142 0 +137 0 +132 0 
+127 0 +126 0 +125 0 +103 0 +67 0 +53 0 +49 0 +41 0 i252 0 *
Wi

0101100
+180 0 +179 0 +186 0 +188 0 *
Fa
0  1e-07 7 0

0101000
+39 0 *
Wi

0101100
+165 0 *
Fa
0  1e-07 9 0

0101000
+37 0 *
Wi

0101100
+164 0 *
Fa
0  1e-07 10 0

0101000
+35 0 *
Ve
1e-07
124.911384530387 47.9402341520379 138.270270343086
0 0

0101101
*
Ed
 1e-07 1 1 0
1  98 0 0 0.058714977633452
2  195 12 0 0 0.058714977633452
2  196 11 0 0 0.058714977633452
0

0101000
+33 0 -159 0 *
Ed
 1e-07 1 1 0
1  98 0 6.20286432749769 6.28318530717959
2  195 12 0 6.20286432749769 6.28318530717959
2  196 11 0 6.20286432749769 6.28318530717959
0

0101000
+158 0 -33 0 *
Wi

0101100
-32 0 -157 0 -31 0 *
Fa
0  1e-07 11 0

0101000
+30 0 *
Ed
 1e-07 1 1 0
1  99 0 0 1.74442362471277
3  197 198CN 12 0 0 1.74442362471277
0

0101000
+33 0 -156 0 *
Wi

0101100
+31 0 +155 0 +28 0 *
Fa
0  1e-07 12 0

0101000
+27 0 *
Wi

0101100
-28 0 +154 0 +32 0 *
Fa
0  1e-07 12 0

0101000
+25 0 *
Ed
 1e-07 1 1 0
1  28 0 0.883950550791769 2.94134389814506
2  55 7 0 0.883950550791769 2.94134389814506
2  56 5 0 0.883950550791769 2.94134389814506
0

0101000
+254 0 -256 0 *
Wi

0101100
-23 0 +228 0 -186 0 +184 0 -152 0 +220 0 *
Fa
0  1e-07 7 0

0101000
+22 0 *
Wi

0101100
-150 0 -184 0 *
Fa
0  1e-07 7 0

0101000
+20 0 *
Ed
 1e-07 1 1 0
1  100 0 3.88391636541449 5.5499263684429
2  199 14 0 3.88391636541449 5.5499263684429
2  200 13 0 3.88391636541449 5.5499263684429
0

0101000
+147 0 -145 0 *
Wi

0101100
+146 0 +144 0 +18 0 *
Fa
0  1e-07 13 0

0101000
+17 0 *
Wi

0101100
-18 0 +143 0 *
Fa
0  1e-07 14 0

0101000
+15 0 *
Wi

0101100
+138 0 +139 0 *
Fa
0  1e-07 3 0

0101000
+13 0 *
Wi

0101100
+133 0 +134 0 *
Fa
0  1e-07 3 0

0101000
+11 0 *
Ed
 1e-07 1 1 0
1  101 0 2.11288989925986 2.27224427266939
2  201 12 0 2.11288989925986 2.27224427266939
2  202 16 0 2.11288989925986 2.27224427266939
0

0101000
+130 0 -131 0 *
Wi

0101100
+129 0 +9 0 *
Fa
0  1e-07 16 0

0101000
+8 0 *
Wi

0101100
+128 0 -9 0 *
Fa
0  1e-07 12 0

0101000
+6 0 *
Wi

0101100
+253 0 +23 0 *
Fa
0  1e-07 5 0

0101000
+4 0 *
Sh

0101100
+317 0 +308 0 +291 0 +284 0 +279 0 +276 0 +271 0 +268 0 +265 0 +248 0 
+243 0 +238 0 +234 0 +224 0 +207 0 +204 0 +199 0 +196 0 +189 0 -177 0 
+175 0 +173 0 +171 0 +169 0 -40 0 +38 0 +36 0 -34 0 +29 0 +26 0 
+24 0 +21 0 +19 0 +16 0 +14 0 -12 0 -10 0 +7 0 +5 0 +3 0 
*
So

0100000
+2 0 *

+1 0 