ISO-10303-21;
HEADER;
FILE_DESCRIPTION(('FreeCAD Model'),'2;1');
FILE_NAME('Open CASCADE Shape Model','2026-06-11T11:08:16',('Author'),(
    ''),'Open CASCADE STEP processor 7.9','FreeCAD','Unknown');
FILE_SCHEMA(('AUTOMOTIVE_DESIGN { 1 0 10303 214 1 1 1 1 }'));
ENDSEC;
DATA;
#1 = APPLICATION_PROTOCOL_DEFINITION('international standard',
  'automotive_design',2000,#2);
#2 = APPLICATION_CONTEXT(
  'core data for automotive mechanical design processes');
#3 = SHAPE_DEFINITION_REPRESENTATION(#4,#10);
#4 = PRODUCT_DEFINITION_SHAPE('','',#5);
#5 = PRODUCT_DEFINITION('design','',#6,#9);
#6 = PRODUCT_DEFINITION_FORMATION('','',#7);
#7 = PRODUCT('Aletta','Aletta','',(#8));
#8 = PRODUCT_CONTEXT('',#2,'mechanical');
#9 = PRODUCT_DEFINITION_CONTEXT('part definition',#2,'design');
#10 = ADVANCED_BREP_SHAPE_REPRESENTATION('',(#11,#15),#3466);
#11 = AXIS2_PLACEMENT_3D('',#12,#13,#14);
#12 = CARTESIAN_POINT('',(0.,0.,0.));
#13 = DIRECTION('',(0.,0.,1.));
#14 = DIRECTION('',(1.,0.,-0.));
#15 = MANIFOLD_SOLID_BREP('',#16);
#16 = CLOSED_SHELL('',(#17,#3207,#3216,#3225,#3242,#3253,#3269,#3279,
    #3295,#3323,#3332,#3357,#3382,#3407,#3432,#3457));
#17 = ADVANCED_FACE('',(#18,#244,#495,#601,#881),#974,.F.);
#18 = FACE_BOUND('',#19,.F.);
#19 = EDGE_LOOP('',(#20,#51,#147,#148));
#20 = ORIENTED_EDGE('',*,*,#21,.F.);
#21 = EDGE_CURVE('',#22,#24,#26,.T.);
#22 = VERTEX_POINT('',#23);
#23 = CARTESIAN_POINT('',(0.8,34.494497819157,184.76156726665));
#24 = VERTEX_POINT('',#25);
#25 = CARTESIAN_POINT('',(188.3,53.116328316963,127.81772091077));
#26 = B_SPLINE_CURVE_WITH_KNOTS('',3,(#27,#28,#29,#30,#31,#32,#33,#34,
    #35,#36,#37,#38,#39,#40,#41,#42,#43,#44,#45,#46,#47,#48,#49,#50),
  .UNSPECIFIED.,.F.,.F.,(4,1,1,1,1,1,1,1,1,1,1,1,1,1,1,1,1,1,1,1,1,4),(
    0.,3.662222222222E-02,6.862222222222E-02,0.109511111111,
    0.155733333333,0.1984,0.255288888889,0.312177777778,0.3744,
    0.424177777778,0.475733333333,0.529066666667,0.573511111111,0.6304,
    0.683733333333,0.745955555556,0.792177777778,0.8384,0.881066666667,
    0.921955555556,0.957511111111,1.),.UNSPECIFIED.);
#27 = CARTESIAN_POINT('',(0.8,34.494497819157,184.76156726665));
#28 = CARTESIAN_POINT('',(3.088888888889,31.748882662073,185.92548471553
    ));
#29 = CARTESIAN_POINT('',(7.377777777778,28.21279344873,187.91936069081)
  );
#30 = CARTESIAN_POINT('',(14.222222222222,27.102198409939,189.6604843813
    ));
#31 = CARTESIAN_POINT('',(21.666666666667,23.409602665461,
    191.27982645131));
#32 = CARTESIAN_POINT('',(29.777777777778,18.588737141174,
    194.54492180833));
#33 = CARTESIAN_POINT('',(38.888888888889,18.385629316799,
    191.14040699307));
#34 = CARTESIAN_POINT('',(48.666666666667,16.060329368605,
    191.63711930416));
#35 = CARTESIAN_POINT('',(59.666666666667,12.087451537003,
    193.03603239532));
#36 = CARTESIAN_POINT('',(70.222222222222,9.353717521004,188.38891135488
    ));
#37 = CARTESIAN_POINT('',(80.444444444444,11.423210600896,
    172.63715650367));
#38 = CARTESIAN_POINT('',(90.111111111111,13.492383041886,
    168.18873839468));
#39 = CARTESIAN_POINT('',(99.444444444444,11.025740421355,161.0595553079
    ));
#40 = CARTESIAN_POINT('',(109.11111111111,25.221312200997,
    156.20812363839));
#41 = CARTESIAN_POINT('',(118.77777777777,26.405913471296,
    143.30703767227));
#42 = CARTESIAN_POINT('',(129.55555555555,33.751298852402,
    142.62139396278));
#43 = CARTESIAN_POINT('',(139.66666666666,25.503948422942,
    139.21869358872));
#44 = CARTESIAN_POINT('',(149.33333333333,34.483497377714,
    135.72875412055));
#45 = CARTESIAN_POINT('',(157.77777777777,41.878415570443,129.7970395947
    ));
#46 = CARTESIAN_POINT('',(165.88888888888,42.443661627466,
    131.37631033203));
#47 = CARTESIAN_POINT('',(173.33333333333,42.207945901364,
    128.09569281906));
#48 = CARTESIAN_POINT('',(180.76666666666,46.044679226236,
    130.62868076363));
#49 = CARTESIAN_POINT('',(185.64444444444,49.177073621906,
    128.36367543609));
#50 = CARTESIAN_POINT('',(188.3,53.116328316963,127.81772091077));
#51 = ORIENTED_EDGE('',*,*,#52,.F.);
#52 = EDGE_CURVE('',#22,#22,#53,.T.);
#53 = B_SPLINE_CURVE_WITH_KNOTS('',3,(#54,#55,#56,#57,#58,#59,#60,#61,
    #62,#63,#64,#65,#66,#67,#68,#69,#70,#71,#72,#73,#74,#75,#76,#77,#78,
    #79,#80,#81,#82,#83,#84,#85,#86,#87,#88,#89,#90,#91,#92,#93,#94,#95,
    #96,#97,#98,#99,#100,#101,#102,#103,#104,#105,#106,#107,#108,#109,
    #110,#111,#112,#113,#114,#115,#116,#117,#118,#119,#120,#121,#122,
    #123,#124,#125,#126,#127,#128,#129,#130,#131,#132,#133,#134,#135,
    #136,#137,#138,#139,#140,#141,#142,#143,#144,#145,#146),
  .UNSPECIFIED.,.T.,.F.,(1,1,1,1,1,1,1,1,1,1,1,1,1,1,1,1,1,1,1,1,1,1,1,1
    ,1,1,1,1,1,1,1,1,1,1,1,1,1,1,1,1,1,1,1,1,1,1,1,1,1,1,1,1,1,1,1,1,1,1
    ,1,1,1,1,1,1,1,1,1,1,1,1,1,1,1,1,1,1,1,1,1,1,1,1,1,1,1,1,1,1,1,1,1,1
    ,1,1,1,1,1),(-3.,-2.,-1.,0.,1.,2.,3.,4.,5.,6.,7.,8.,9.,10.,11.,12.,
    13.,14.,15.,16.,17.,18.,19.,20.,21.,22.,23.,24.,25.,26.,27.,28.,29.,
    30.,31.,32.,33.,34.,35.,36.,37.,38.,39.,40.,41.,42.,43.,44.,45.,46.,
    47.,48.,49.,50.,51.,52.,53.,54.,55.,56.,57.,58.,59.,60.,61.,62.,63.,
    64.,65.,66.,67.,68.,69.,70.,71.,72.,73.,74.,75.,76.,77.,78.,79.,80.,
    81.,82.,83.,84.,85.,86.,87.,88.,89.,90.,91.,92.,93.),
  .UNIFORM_KNOTS.);
#54 = CARTESIAN_POINT('',(0.8,34.635633736188,184.71727183925));
#55 = CARTESIAN_POINT('',(0.8,34.494481472864,184.77763042679));
#56 = CARTESIAN_POINT('',(0.8,34.353427287296,184.7416100535));
#57 = CARTESIAN_POINT('',(0.8,34.176698557722,184.72344418625));
#58 = CARTESIAN_POINT('',(0.8,34.105659533086,184.55274123302));
#59 = CARTESIAN_POINT('',(0.8,34.066585432969,184.44725734924));
#60 = CARTESIAN_POINT('',(0.8,34.062165923121,184.30752716854));
#61 = CARTESIAN_POINT('',(0.8,34.117570426644,184.12192069712));
#62 = CARTESIAN_POINT('',(0.8,34.167144124243,184.02318205896));
#63 = CARTESIAN_POINT('',(0.8,34.181356261598,183.91090303396));
#64 = CARTESIAN_POINT('',(0.8,34.391673075467,183.81266525896));
#65 = CARTESIAN_POINT('',(0.8,34.394450937768,183.70543432865));
#66 = CARTESIAN_POINT('',(0.8,34.581206303063,183.65705508015));
#67 = CARTESIAN_POINT('',(0.8,34.666560868841,183.42285988065));
#68 = CARTESIAN_POINT('',(0.8,34.787354223269,183.45078969555));
#69 = CARTESIAN_POINT('',(0.8,34.903532926226,183.33327562622));
#70 = CARTESIAN_POINT('',(0.8,35.021357409426,183.26128615601));
#71 = CARTESIAN_POINT('',(0.8,35.155371490818,183.18419556685));
#72 = CARTESIAN_POINT('',(0.8,35.240967009109,183.1143287554));
#73 = CARTESIAN_POINT('',(0.8,35.379659543657,183.04852162724));
#74 = CARTESIAN_POINT('',(0.8,35.50606593593,182.98690447435));
#75 = CARTESIAN_POINT('',(0.8,35.64019321523,182.92968823792));
#76 = CARTESIAN_POINT('',(0.8,35.803675272998,182.87629483249));
#77 = CARTESIAN_POINT('',(0.8,35.928302784628,182.82658626719));
#78 = CARTESIAN_POINT('',(0.8,36.079415285439,182.7792158596));
#79 = CARTESIAN_POINT('',(0.8,36.178137042785,182.73641150931));
#80 = CARTESIAN_POINT('',(0.8,36.383423939584,182.68575392699));
#81 = CARTESIAN_POINT('',(0.8,36.446459503414,182.6675072866));
#82 = CARTESIAN_POINT('',(0.8,36.638158621027,182.52990835018));
#83 = CARTESIAN_POINT('',(0.8,36.763806594338,182.50987073339));
#84 = CARTESIAN_POINT('',(0.8,36.909800736959,182.45805280852));
#85 = CARTESIAN_POINT('',(0.8,37.051592631277,182.42269602));
#86 = CARTESIAN_POINT('',(0.8,37.188961210468,182.35583411284));
#87 = CARTESIAN_POINT('',(0.8,37.341069538713,182.34467873755));
#88 = CARTESIAN_POINT('',(0.8,37.462284435611,182.26595440778));
#89 = CARTESIAN_POINT('',(0.8,37.613704212272,182.35310969782));
#90 = CARTESIAN_POINT('',(0.8,37.78278875286,182.25886562274));
#91 = CARTESIAN_POINT('',(0.8,37.8904669437,182.23445303325));
#92 = CARTESIAN_POINT('',(0.8,38.121554875483,182.25044504472));
#93 = CARTESIAN_POINT('',(0.8,38.161837290009,182.10924525483));
#94 = CARTESIAN_POINT('',(0.8,38.453672860669,182.2210721983));
#95 = CARTESIAN_POINT('',(0.8,38.447905048956,182.17786536707));
#96 = CARTESIAN_POINT('',(0.8,38.750141970516,182.22232064614));
#97 = CARTESIAN_POINT('',(0.8,38.750930701673,182.11172558793));
#98 = CARTESIAN_POINT('',(0.8,38.979093695382,182.25202909768));
#99 = CARTESIAN_POINT('',(0.8,39.082973363415,182.24207896105));
#100 = CARTESIAN_POINT('',(0.8,39.210440973381,182.28820833823));
#101 = CARTESIAN_POINT('',(0.8,39.306096170347,182.31878477654));
#102 = CARTESIAN_POINT('',(0.8,39.524738101923,182.37110406055));
#103 = CARTESIAN_POINT('',(0.8,39.579997448805,182.44812106992));
#104 = CARTESIAN_POINT('',(0.8,39.723089324967,182.54903969879));
#105 = CARTESIAN_POINT('',(0.8,39.756895619154,182.70307101326));
#106 = CARTESIAN_POINT('',(0.8,39.780366572543,182.86428615014));
#107 = CARTESIAN_POINT('',(0.8,39.705684122178,183.01590122971));
#108 = CARTESIAN_POINT('',(0.8,39.625409205807,183.07469925737));
#109 = CARTESIAN_POINT('',(0.8,39.540898430259,183.23464966285));
#110 = CARTESIAN_POINT('',(0.8,39.451885040873,183.31534314908));
#111 = CARTESIAN_POINT('',(0.8,39.286060336761,183.39935728649));
#112 = CARTESIAN_POINT('',(0.8,39.186131673283,183.48154268798));
#113 = CARTESIAN_POINT('',(0.8,39.046345244019,183.5569186904));
#114 = CARTESIAN_POINT('',(0.8,38.908131783908,183.61367065742));
#115 = CARTESIAN_POINT('',(0.8,38.7665049679,183.69233937921));
#116 = CARTESIAN_POINT('',(0.8,38.62460736436,183.75771655342));
#117 = CARTESIAN_POINT('',(0.8,38.491140337678,183.80875915003));
#118 = CARTESIAN_POINT('',(0.8,38.356448654128,183.85615421621));
#119 = CARTESIAN_POINT('',(0.8,38.127556939452,183.8824670347));
#120 = CARTESIAN_POINT('',(0.8,38.099656706125,183.98674356263));
#121 = CARTESIAN_POINT('',(0.8,37.859136624343,183.95176933179));
#122 = CARTESIAN_POINT('',(0.8,37.735613965848,184.0082637832));
#123 = CARTESIAN_POINT('',(0.8,37.618184158719,184.03295934458));
#124 = CARTESIAN_POINT('',(0.8,37.453972272445,184.06694858063));
#125 = CARTESIAN_POINT('',(0.8,37.334515545738,184.0883199709));
#126 = CARTESIAN_POINT('',(0.8,37.187590748271,184.22587453551));
#127 = CARTESIAN_POINT('',(0.8,37.047493910855,184.19987726113));
#128 = CARTESIAN_POINT('',(0.8,36.909952996688,184.24884852008));
#129 = CARTESIAN_POINT('',(0.8,36.776885036316,184.32962651626));
#130 = CARTESIAN_POINT('',(0.8,36.596762161234,184.28710899581));
#131 = CARTESIAN_POINT('',(0.8,36.579350426397,184.34962235573));
#132 = CARTESIAN_POINT('',(0.8,36.329030604703,184.42028514352));
#133 = CARTESIAN_POINT('',(0.8,36.210454106903,184.43550199883));
#134 = CARTESIAN_POINT('',(0.8,36.10406777129,184.45424187621));
#135 = CARTESIAN_POINT('',(0.8,35.944841888994,184.52566582712));
#136 = CARTESIAN_POINT('',(0.8,35.801792319713,184.51487119735));
#137 = CARTESIAN_POINT('',(0.8,35.663661380326,184.52109756885));
#138 = CARTESIAN_POINT('',(0.8,35.488889733176,184.64502660029));
#139 = CARTESIAN_POINT('',(0.8,35.365907542209,184.6485985667));
#140 = CARTESIAN_POINT('',(0.8,35.224558083369,184.69302029542));
#141 = CARTESIAN_POINT('',(0.8,35.104255098978,184.73895730539));
#142 = CARTESIAN_POINT('',(0.8,34.921878313387,184.64555193621));
#143 = CARTESIAN_POINT('',(0.8,34.790561419117,184.71108601791));
#144 = CARTESIAN_POINT('',(0.8,34.635633736188,184.71727183925));
#145 = CARTESIAN_POINT('',(0.8,34.494481472864,184.77763042679));
#146 = CARTESIAN_POINT('',(0.8,34.353427287296,184.7416100535));
#147 = ORIENTED_EDGE('',*,*,#21,.T.);
#148 = ORIENTED_EDGE('',*,*,#149,.T.);
#149 = EDGE_CURVE('',#24,#24,#150,.T.);
#150 = B_SPLINE_CURVE_WITH_KNOTS('',3,(#151,#152,#153,#154,#155,#156,
    #157,#158,#159,#160,#161,#162,#163,#164,#165,#166,#167,#168,#169,
    #170,#171,#172,#173,#174,#175,#176,#177,#178,#179,#180,#181,#182,
    #183,#184,#185,#186,#187,#188,#189,#190,#191,#192,#193,#194,#195,
    #196,#197,#198,#199,#200,#201,#202,#203,#204,#205,#206,#207,#208,
    #209,#210,#211,#212,#213,#214,#215,#216,#217,#218,#219,#220,#221,
    #222,#223,#224,#225,#226,#227,#228,#229,#230,#231,#232,#233,#234,
    #235,#236,#237,#238,#239,#240,#241,#242,#243),.UNSPECIFIED.,.T.,.F.,
  (1,1,1,1,1,1,1,1,1,1,1,1,1,1,1,1,1,1,1,1,1,1,1,1,1,1,1,1,1,1,1,1,1,1,1
    ,1,1,1,1,1,1,1,1,1,1,1,1,1,1,1,1,1,1,1,1,1,1,1,1,1,1,1,1,1,1,1,1,1,1
    ,1,1,1,1,1,1,1,1,1,1,1,1,1,1,1,1,1,1,1,1,1,1,1,1,1,1,1,1),(-3.,-2.,
    -1.,0.,1.,2.,3.,4.,5.,6.,7.,8.,9.,10.,11.,12.,13.,14.,15.,16.,17.,
    18.,19.,20.,21.,22.,23.,24.,25.,26.,27.,28.,29.,30.,31.,32.,33.,34.,
    35.,36.,37.,38.,39.,40.,41.,42.,43.,44.,45.,46.,47.,48.,49.,50.,51.,
    52.,53.,54.,55.,56.,57.,58.,59.,60.,61.,62.,63.,64.,65.,66.,67.,68.,
    69.,70.,71.,72.,73.,74.,75.,76.,77.,78.,79.,80.,81.,82.,83.,84.,85.,
    86.,87.,88.,89.,90.,91.,92.,93.),.UNIFORM_KNOTS.);
#151 = CARTESIAN_POINT('',(188.3,53.154058686113,127.94926924812));
#152 = CARTESIAN_POINT('',(188.3,53.11122835044,127.82579039845));
#153 = CARTESIAN_POINT('',(188.3,53.098997813907,127.65389462267));
#154 = CARTESIAN_POINT('',(188.3,53.150047417664,127.52865834558));
#155 = CARTESIAN_POINT('',(188.3,53.173689092711,127.39238782252));
#156 = CARTESIAN_POINT('',(188.3,53.190721595534,127.26289812035));
#157 = CARTESIAN_POINT('',(188.3,53.260262330932,127.13628738477));
#158 = CARTESIAN_POINT('',(188.3,53.396853387551,127.02678494621));
#159 = CARTESIAN_POINT('',(188.3,53.498066941404,126.92135789823));
#160 = CARTESIAN_POINT('',(188.3,53.585824504121,126.83243357531));
#161 = CARTESIAN_POINT('',(188.3,53.73208814096,126.76369960519));
#162 = CARTESIAN_POINT('',(188.3,53.8564022773,126.66185346932));
#163 = CARTESIAN_POINT('',(188.3,53.984577647985,126.75171087551));
#164 = CARTESIAN_POINT('',(188.3,54.136487795942,126.19690363857));
#165 = CARTESIAN_POINT('',(188.3,54.271480321138,126.67288024283));
#166 = CARTESIAN_POINT('',(188.3,54.414701356957,126.51578566703));
#167 = CARTESIAN_POINT('',(188.3,54.550554179318,126.53994239161));
#168 = CARTESIAN_POINT('',(188.3,54.711721791718,126.52511133312));
#169 = CARTESIAN_POINT('',(188.3,54.780598831097,126.53116502782));
#170 = CARTESIAN_POINT('',(188.3,54.946697496362,126.53292764378));
#171 = CARTESIAN_POINT('',(188.3,55.073784239234,126.55018540322));
#172 = CARTESIAN_POINT('',(188.3,55.256512446956,126.56330934349));
#173 = CARTESIAN_POINT('',(188.3,55.39926330025,126.57897230442));
#174 = CARTESIAN_POINT('',(188.3,55.545225289109,126.59346147717));
#175 = CARTESIAN_POINT('',(188.3,55.658130754612,126.60569640703));
#176 = CARTESIAN_POINT('',(188.3,55.85981501129,126.61790350358));
#177 = CARTESIAN_POINT('',(188.3,55.883851998156,126.61829707455));
#178 = CARTESIAN_POINT('',(188.3,56.11425497882,126.65484958267));
#179 = CARTESIAN_POINT('',(188.3,56.219729528185,126.59204705741));
#180 = CARTESIAN_POINT('',(188.3,56.432375833639,126.59305510633));
#181 = CARTESIAN_POINT('',(188.3,56.554448353136,126.5795453801));
#182 = CARTESIAN_POINT('',(188.3,56.696931715552,126.53350517482));
#183 = CARTESIAN_POINT('',(188.3,56.82588242405,126.67046148051));
#184 = CARTESIAN_POINT('',(188.3,56.962625999259,126.53888541732));
#185 = CARTESIAN_POINT('',(188.3,57.080785844283,126.55269213717));
#186 = CARTESIAN_POINT('',(188.3,57.233869752906,126.66693661669));
#187 = CARTESIAN_POINT('',(188.3,57.363277605801,126.64997428286));
#188 = CARTESIAN_POINT('',(188.3,57.508906142562,126.69495941075));
#189 = CARTESIAN_POINT('',(188.3,57.63307557057,126.72286552472));
#190 = CARTESIAN_POINT('',(188.3,57.767237275557,126.74237337756));
#191 = CARTESIAN_POINT('',(188.3,57.883859718204,126.80318617416));
#192 = CARTESIAN_POINT('',(188.3,58.009974569463,126.87682967629));
#193 = CARTESIAN_POINT('',(188.3,58.111346104622,126.99489741147));
#194 = CARTESIAN_POINT('',(188.3,58.209863006288,127.08124654025));
#195 = CARTESIAN_POINT('',(188.3,58.26092161275,127.20413599609));
#196 = CARTESIAN_POINT('',(188.3,58.330117549941,127.35053664213));
#197 = CARTESIAN_POINT('',(188.3,58.330375100792,127.4347411516));
#198 = CARTESIAN_POINT('',(188.3,58.31551954847,127.62534201648));
#199 = CARTESIAN_POINT('',(188.3,58.304182722643,127.75698501195));
#200 = CARTESIAN_POINT('',(188.3,58.21237459768,127.8687680648));
#201 = CARTESIAN_POINT('',(188.3,58.175238874108,128.0261636195));
#202 = CARTESIAN_POINT('',(188.3,58.078222124389,128.12239224902));
#203 = CARTESIAN_POINT('',(188.3,58.007393155832,128.23922832812));
#204 = CARTESIAN_POINT('',(188.3,57.915574017899,128.33251660203));
#205 = CARTESIAN_POINT('',(188.3,57.751912122946,128.44359160462));
#206 = CARTESIAN_POINT('',(188.3,57.68496382526,128.50741956087));
#207 = CARTESIAN_POINT('',(188.3,57.537778388574,128.61404784333));
#208 = CARTESIAN_POINT('',(188.3,57.443152166507,128.63980992116));
#209 = CARTESIAN_POINT('',(188.3,57.300535548994,128.74432219243));
#210 = CARTESIAN_POINT('',(188.3,57.159861957726,128.82834673287));
#211 = CARTESIAN_POINT('',(188.3,57.019988341159,128.82449812179));
#212 = CARTESIAN_POINT('',(188.3,56.881221577079,128.85985200207));
#213 = CARTESIAN_POINT('',(188.3,56.743094173592,128.9042651144));
#214 = CARTESIAN_POINT('',(188.3,56.608551727443,128.93901536833));
#215 = CARTESIAN_POINT('',(188.3,56.476733316003,128.96751057775));
#216 = CARTESIAN_POINT('',(188.3,56.288645706436,128.99495851885));
#217 = CARTESIAN_POINT('',(188.3,56.20688201613,128.99919313572));
#218 = CARTESIAN_POINT('',(188.3,56.07160773994,129.03470446505));
#219 = CARTESIAN_POINT('',(188.3,55.877077263676,129.04240850134));
#220 = CARTESIAN_POINT('',(188.3,55.786379523417,129.05226371357));
#221 = CARTESIAN_POINT('',(188.3,55.60651206124,129.0512906958));
#222 = CARTESIAN_POINT('',(188.3,55.529919346081,129.05980958456));
#223 = CARTESIAN_POINT('',(188.3,55.377252776275,129.04434009562));
#224 = CARTESIAN_POINT('',(188.3,55.232570514937,129.0359969274));
#225 = CARTESIAN_POINT('',(188.3,55.100382930298,129.02543473072));
#226 = CARTESIAN_POINT('',(188.3,54.943935770755,129.02712735664));
#227 = CARTESIAN_POINT('',(188.3,54.78544786747,128.97574270172));
#228 = CARTESIAN_POINT('',(188.3,54.616100391756,128.94484921277));
#229 = CARTESIAN_POINT('',(188.3,54.491969884443,128.90793925949));
#230 = CARTESIAN_POINT('',(188.3,54.349599399617,128.8425697266));
#231 = CARTESIAN_POINT('',(188.3,54.227226855589,128.85391424394));
#232 = CARTESIAN_POINT('',(188.3,54.094742177699,128.80649949138));
#233 = CARTESIAN_POINT('',(188.3,53.949788699225,128.76369886944));
#234 = CARTESIAN_POINT('',(188.3,53.792316843084,128.64319786818));
#235 = CARTESIAN_POINT('',(188.3,53.680241289805,128.75231281052));
#236 = CARTESIAN_POINT('',(188.3,53.564791751617,128.47352149066));
#237 = CARTESIAN_POINT('',(188.3,53.458410640601,128.38863341597));
#238 = CARTESIAN_POINT('',(188.3,53.376227618559,128.32533493749));
#239 = CARTESIAN_POINT('',(188.3,53.265078633956,128.21212069633));
#240 = CARTESIAN_POINT('',(188.3,53.203237433526,128.05279299164));
#241 = CARTESIAN_POINT('',(188.3,53.154058686113,127.94926924812));
#242 = CARTESIAN_POINT('',(188.3,53.11122835044,127.82579039845));
#243 = CARTESIAN_POINT('',(188.3,53.098997813907,127.65389462267));
#244 = FACE_BOUND('',#245,.F.);
#245 = EDGE_LOOP('',(#246,#290,#315,#364));
#246 = ORIENTED_EDGE('',*,*,#247,.T.);
#247 = EDGE_CURVE('',#248,#250,#252,.T.);
#248 = VERTEX_POINT('',#249);
#249 = CARTESIAN_POINT('',(118.68731330623,41.368713214846,
    115.71015555838));
#250 = VERTEX_POINT('',#251);
#251 = CARTESIAN_POINT('',(126.60415391912,39.715586714914,
    116.03661489215));
#252 = B_SPLINE_CURVE_WITH_KNOTS('',8,(#253,#254,#255,#256,#257,#258,
    #259,#260,#261,#262,#263,#264,#265,#266,#267,#268,#269,#270,#271,
    #272,#273,#274,#275,#276,#277,#278,#279,#280,#281,#282,#283,#284,
    #285,#286,#287,#288,#289),.UNSPECIFIED.,.F.,.F.,(9,7,7,7,7,9),(0.,
    0.150351355617,0.375837650607,0.487277278098,0.663379860588,1.),
  .UNSPECIFIED.);
#253 = CARTESIAN_POINT('',(118.67743413065,41.357441884521,
    115.70956352381));
#254 = CARTESIAN_POINT('',(118.80765257801,41.506117162087,
    115.71736867096));
#255 = CARTESIAN_POINT('',(118.9399683305,41.653795073954,
    115.72525255563));
#256 = CARTESIAN_POINT('',(119.07532151977,41.799716350268,
    115.73324614912));
#257 = CARTESIAN_POINT('',(119.21459120692,41.942933853831,
    115.74137512616));
#258 = CARTESIAN_POINT('',(119.35859538248,42.082312580099,
    115.74965986495));
#259 = CARTESIAN_POINT('',(119.5080909664,42.216529657179,
    115.75811544712));
#260 = CARTESIAN_POINT('',(119.66377380807,42.344074345833,
    115.76675165776));
#261 = CARTESIAN_POINT('',(120.06999197226,42.641976289253,
    115.78880258671));
#262 = CARTESIAN_POINT('',(120.31426152525,42.790634483696,
    115.80164031552));
#263 = CARTESIAN_POINT('',(120.55921395592,42.907505981266,
    115.81406798633));
#264 = CARTESIAN_POINT('',(120.80515938143,42.992385585232,
    115.82609644227));
#265 = CARTESIAN_POINT('',(121.05278103114,43.045891755943,
    115.83776439734));
#266 = CARTESIAN_POINT('',(121.30333322487,43.068777995233,
    115.84913763657));
#267 = CARTESIAN_POINT('',(121.55884772373,43.061243402953,
    115.8603085742));
#268 = CARTESIAN_POINT('',(121.95257553988,43.002967368946,
    115.87687587107));
#269 = CARTESIAN_POINT('',(122.08192277704,42.976411635971,
    115.88221592124));
#270 = CARTESIAN_POINT('',(122.20994896175,42.943102604787,
    115.88740415461));
#271 = CARTESIAN_POINT('',(122.33635152978,42.903669286998,
    115.89243593045));
#272 = CARTESIAN_POINT('',(122.46094032843,42.858768647055,
    115.89731195559));
#273 = CARTESIAN_POINT('',(122.58361757065,42.809031395651,
    115.90203664919));
#274 = CARTESIAN_POINT('',(122.70436397098,42.755027237231,
    115.90661704965));
#275 = CARTESIAN_POINT('',(123.01107090462,42.605946357853,
    115.91808681793));
#276 = CARTESIAN_POINT('',(123.19415129109,42.505252998387,
    115.92477131043));
#277 = CARTESIAN_POINT('',(123.37287232798,42.397023848424,
    115.93115907674));
#278 = CARTESIAN_POINT('',(123.54764524416,42.282798683466,
    115.93728958674));
#279 = CARTESIAN_POINT('',(123.7188169203,42.163742590444,
    115.94319428196));
#280 = CARTESIAN_POINT('',(123.88686747672,42.040856275553,
    115.94890820713));
#281 = CARTESIAN_POINT('',(124.05217474366,41.91472880785,
    115.95445619264));
#282 = CARTESIAN_POINT('',(124.52712410969,41.539547921809,
    115.97021901848));
#283 = CARTESIAN_POINT('',(124.83027391918,41.283781365105,
    115.98005440312));
#284 = CARTESIAN_POINT('',(125.12797299114,41.02245547916,
    115.98957227171));
#285 = CARTESIAN_POINT('',(125.42238318277,40.758250527338,
    115.99890513924));
#286 = CARTESIAN_POINT('',(125.71543376407,40.493493648391,
    116.00817036697));
#287 = CARTESIAN_POINT('',(126.00887209079,40.230193586576,
    116.01747287949));
#288 = CARTESIAN_POINT('',(126.30447760709,39.970261284327,
    116.02691766296));
#289 = CARTESIAN_POINT('',(126.60415391912,39.715586714914,
    116.03661489215));
#290 = ORIENTED_EDGE('',*,*,#291,.T.);
#291 = EDGE_CURVE('',#250,#292,#294,.T.);
#292 = VERTEX_POINT('',#293);
#293 = CARTESIAN_POINT('',(130.64947921639,37.455466962223,
    116.18382715311));
#294 = B_SPLINE_CURVE_WITH_KNOTS('',7,(#295,#296,#297,#298,#299,#300,
    #301,#302,#303,#304,#305,#306,#307,#308,#309,#310,#311,#312,#313,
    #314),.UNSPECIFIED.,.F.,.F.,(8,6,6,8),(0.,0.257554489185,
    0.636026947514,1.),.UNSPECIFIED.);
#295 = CARTESIAN_POINT('',(126.60415391912,39.715586714914,
    116.03661489215));
#296 = CARTESIAN_POINT('',(126.78996071042,39.557682126969,
    116.04262741623));
#297 = CARTESIAN_POINT('',(126.97609062046,39.402923190902,
    116.04869776075));
#298 = CARTESIAN_POINT('',(127.16253445107,39.252135159724,
    116.05483694818));
#299 = CARTESIAN_POINT('',(127.34929077502,39.106038885891,
    116.06105489813));
#300 = CARTESIAN_POINT('',(127.53636593601,38.965250821307,
    116.06736042733));
#301 = CARTESIAN_POINT('',(127.72377404869,38.830283017321,
    116.07376124968));
#302 = CARTESIAN_POINT('',(128.18745183693,38.51236178377,
    116.08981963532));
#303 = CARTESIAN_POINT('',(128.46991031501,38.332796261555,
    116.09979721328));
#304 = CARTESIAN_POINT('',(128.75987820397,38.164209294169,
    116.11025819899));
#305 = CARTESIAN_POINT('',(129.05615533748,38.009271173276,
    116.12118661083));
#306 = CARTESIAN_POINT('',(129.3632705754,37.873173329896,116.1328541897
    ));
#307 = CARTESIAN_POINT('',(129.67582043847,37.750919882975,
    116.14495330775));
#308 = CARTESIAN_POINT('',(130.29993642005,37.54218364779,
    116.16960349639));
#309 = CARTESIAN_POINT('',(130.58884636064,37.461541085158,
    116.18123567814));
#310 = CARTESIAN_POINT('',(130.88136793443,37.391252045032,
    116.19317061186));
#311 = CARTESIAN_POINT('',(131.18672232354,37.330705595459,
    116.20580674716));
#312 = CARTESIAN_POINT('',(131.50035755301,37.283685403048,
    116.21899561302));
#313 = CARTESIAN_POINT('',(131.80360870292,37.251216749285,
    116.23192776698));
#314 = CARTESIAN_POINT('',(132.06190767063,37.230421993403,
    116.24303794616));
#315 = ORIENTED_EDGE('',*,*,#316,.T.);
#316 = EDGE_CURVE('',#292,#317,#319,.T.);
#317 = VERTEX_POINT('',#318);
#318 = CARTESIAN_POINT('',(127.01220212477,34.977010914798,
    140.13491226026));
#319 = B_SPLINE_CURVE_WITH_KNOTS('',7,(#320,#321,#322,#323,#324,#325,
    #326,#327,#328,#329,#330,#331,#332,#333,#334,#335,#336,#337,#338,
    #339,#340,#341,#342,#343,#344,#345,#346,#347,#348,#349,#350,#351,
    #352,#353,#354,#355,#356,#357,#358,#359,#360,#361,#362,#363),
  .UNSPECIFIED.,.F.,.F.,(8,6,6,6,6,6,6,8),(0.,9.41385570265E-02,
    0.253594949357,0.413486656057,0.573107188179,0.72399314148,
    0.887319388862,1.),.UNSPECIFIED.);
#320 = CARTESIAN_POINT('',(130.65955032502,37.464810262744,
    116.08429366233));
#321 = CARTESIAN_POINT('',(130.63001225846,37.437372377424,
    116.37626590016));
#322 = CARTESIAN_POINT('',(130.60044128802,37.41013987854,
    116.66826164182));
#323 = CARTESIAN_POINT('',(130.57086075862,37.383142099914,
    116.96027451737));
#324 = CARTESIAN_POINT('',(130.54130519196,37.356420399744,
    117.25230171745));
#325 = CARTESIAN_POINT('',(130.51182028641,37.330028160604,
    117.5443439933));
#326 = CARTESIAN_POINT('',(130.4824629171,37.304030789449,
    117.83640565677));
#327 = CARTESIAN_POINT('',(130.4039055154,37.235270129578,
    118.62324877513));
#328 = CARTESIAN_POINT('',(130.35508257069,37.193403297773,
    119.11809324058));
#329 = CARTESIAN_POINT('',(130.30714089846,37.153248213775,
    119.61308044085));
#330 = CARTESIAN_POINT('',(130.2603603941,37.115067619986,
    120.10825371506));
#331 = CARTESIAN_POINT('',(130.21489453357,37.078953532513,
    120.60363036227));
#332 = CARTESIAN_POINT('',(130.17078033868,37.044859020689,
    121.09920428765));
#333 = CARTESIAN_POINT('',(130.08521507537,36.980557814559,
    122.09208556252));
#334 = CARTESIAN_POINT('',(130.04379393903,36.950413830814,
    122.59003518746));
#335 = CARTESIAN_POINT('',(130.00442989239,36.923114795181,
    123.09144042082));
#336 = CARTESIAN_POINT('',(129.96799001646,36.899689422832,
    123.59922029057));
#337 = CARTESIAN_POINT('',(129.93547893464,36.881287138121,
    124.11657919184));
#338 = CARTESIAN_POINT('',(129.90786312634,36.869039603908,
    124.64698144505));
#339 = CARTESIAN_POINT('',(129.86379790597,36.858763683457,
    125.74031210301));
#340 = CARTESIAN_POINT('',(129.847522067,36.86107202535,126.30687184597)
  );
#341 = CARTESIAN_POINT('',(129.83713103297,36.870792136771,
    126.88757055987));
#342 = CARTESIAN_POINT('',(129.82983759467,36.884640940491,
    127.47576375239));
#343 = CARTESIAN_POINT('',(129.8237415572,36.900283617945,128.0649278368
    ));
#344 = CARTESIAN_POINT('',(129.81840237606,36.916916586927,
    128.64874028157));
#345 = CARTESIAN_POINT('',(129.80626596756,36.946709909876,
    129.76134973682));
#346 = CARTESIAN_POINT('',(129.79946169688,36.960288122258,
    130.30177293259));
#347 = CARTESIAN_POINT('',(129.79126177681,36.972346498139,
    130.84156316658));
#348 = CARTESIAN_POINT('',(129.77920706235,36.979749955591,
    131.38091379932));
#349 = CARTESIAN_POINT('',(129.76092230869,36.97930061154,
    131.91994656759));
#350 = CARTESIAN_POINT('',(129.73483364582,36.968822761446,
    132.45854932327));
#351 = CARTESIAN_POINT('',(129.66135595629,36.923130156068,
    133.57925535321));
#352 = CARTESIAN_POINT('',(129.61094066005,36.885038042078,
    134.18389772286));
#353 = CARTESIAN_POINT('',(129.54405122892,36.828055866009,
    134.81685149688));
#354 = CARTESIAN_POINT('',(129.46246635457,36.754907741678,
    135.47646212873));
#355 = CARTESIAN_POINT('',(129.35261038482,36.650955908471,
    136.15092416984));
#356 = CARTESIAN_POINT('',(129.20975896946,36.513994864096,
    136.82381010026));
#357 = CARTESIAN_POINT('',(128.87781415681,36.214069608947,
    137.9141397008));
#358 = CARTESIAN_POINT('',(128.71284791862,36.06874619992,
    138.35384848877));
#359 = CARTESIAN_POINT('',(128.51684734906,35.90396273403,
    138.79133747896));
#360 = CARTESIAN_POINT('',(128.25731282938,35.69462557496,139.1917669234
    ));
#361 = CARTESIAN_POINT('',(127.92324030748,35.453713149327,
    139.5604541473));
#362 = CARTESIAN_POINT('',(127.50385490061,35.20508298827,
    139.87480806036));
#363 = CARTESIAN_POINT('',(127.01220212477,34.977010914798,
    140.13491226026));
#364 = ORIENTED_EDGE('',*,*,#365,.T.);
#365 = EDGE_CURVE('',#317,#248,#366,.T.);
#366 = B_SPLINE_CURVE_WITH_KNOTS('',8,(#367,#368,#369,#370,#371,#372,
    #373,#374,#375,#376,#377,#378,#379,#380,#381,#382,#383,#384,#385,
    #386,#387,#388,#389,#390,#391,#392,#393,#394,#395,#396,#397,#398,
    #399,#400,#401,#402,#403,#404,#405,#406,#407,#408,#409,#410,#411,
    #412,#413,#414,#415,#416,#417,#418,#419,#420,#421,#422,#423,#424,
    #425,#426,#427,#428,#429,#430,#431,#432,#433,#434,#435,#436,#437,
    #438,#439,#440,#441,#442,#443,#444,#445,#446,#447,#448,#449,#450,
    #451,#452,#453,#454,#455,#456,#457,#458,#459,#460,#461,#462,#463,
    #464,#465,#466,#467,#468,#469,#470,#471,#472,#473,#474,#475,#476,
    #477,#478,#479,#480,#481,#482,#483,#484,#485,#486,#487,#488,#489,
    #490,#491,#492,#493,#494),.UNSPECIFIED.,.F.,.F.,(9,7,7,7,7,7,7,7,7,7
    ,7,7,7,7,7,7,7,7,9),(0.,5.526932374727E-02,8.480023142489E-02,
    0.143186755462,0.178678225098,0.22238963313,0.317667519853,
    0.427926773501,0.4387657363,0.507833611246,0.553275756212,
    0.601437253237,0.695874659213,0.761654401983,0.82966532537,
    0.881775169072,0.91178686695,0.957605638334,1.),.UNSPECIFIED.);
#367 = CARTESIAN_POINT('',(127.01220212477,34.977010914798,
    140.13491226026));
#368 = CARTESIAN_POINT('',(126.77363352699,34.866341683515,
    140.26112469573));
#369 = CARTESIAN_POINT('',(126.51869222574,34.760550564152,
    140.37463012456));
#370 = CARTESIAN_POINT('',(126.2490218409,34.662698290131,
    140.47515273007));
#371 = CARTESIAN_POINT('',(125.96664422054,34.575546119649,
    140.56334172719));
#372 = CARTESIAN_POINT('',(125.67379406947,34.501329198637,
    140.64039510589));
#373 = CARTESIAN_POINT('',(125.37282625833,34.441705475052,
    140.7079035592));
#374 = CARTESIAN_POINT('',(125.06613479081,34.397790060644,
    140.76774515917));
#375 = CARTESIAN_POINT('',(124.59032650916,34.355435264664,
    140.85077611953));
#376 = CARTESIAN_POINT('',(124.42358377745,34.345335741964,
    140.87806859455));
#377 = CARTESIAN_POINT('',(124.25609387424,34.339981294664,
    140.90404186276));
#378 = CARTESIAN_POINT('',(124.08814680417,34.339433471629,
    140.92900316089));
#379 = CARTESIAN_POINT('',(123.92002087442,34.3437243084,140.95325735281
    ));
#380 = CARTESIAN_POINT('',(123.75198065549,34.352860191447,
    140.97710041334));
#381 = CARTESIAN_POINT('',(123.58427494196,34.36682572242,
    141.00081291195));
#382 = CARTESIAN_POINT('',(123.08667629721,34.422682269815,
    141.0717894967));
#383 = CARTESIAN_POINT('',(122.75837504913,34.478532241892,
    141.11943458754));
#384 = CARTESIAN_POINT('',(122.43423274008,34.552869343897,
    141.16955921006));
#385 = CARTESIAN_POINT('',(122.11603905529,34.645080340958,
    141.22381109402));
#386 = CARTESIAN_POINT('',(121.80532509569,34.75431773321,
    141.28330189516));
#387 = CARTESIAN_POINT('',(121.50335669592,34.879600428632,
    141.34850787989));
#388 = CARTESIAN_POINT('',(121.21114668996,35.019914705026,
    141.41921925581));
#389 = CARTESIAN_POINT('',(120.75823930454,35.268187962094,
    141.54021715555));
#390 = CARTESIAN_POINT('',(120.59085772156,35.367309995642,
    141.58762785682));
#391 = CARTESIAN_POINT('',(120.42741547529,35.471483052247,
    141.63655517237));
#392 = CARTESIAN_POINT('',(120.26796966937,35.580575129048,
    141.68671923707));
#393 = CARTESIAN_POINT('',(120.11253954209,35.694531161336,
    141.73770999922));
#394 = CARTESIAN_POINT('',(119.96110646644,35.813373022554,
    141.78898722052));
#395 = CARTESIAN_POINT('',(119.81361395003,35.937199524296,
    141.83988047611));
#396 = CARTESIAN_POINT('',(119.4930523723,36.225047086925,
    141.95081052259));
#397 = CARTESIAN_POINT('',(119.32237837329,36.390953784598,
    142.01015439474));
#398 = CARTESIAN_POINT('',(119.15718943733,36.565627782189,
    142.06620524139));
#399 = CARTESIAN_POINT('',(118.9973568999,36.750033418524,
    142.11641337418));
#400 = CARTESIAN_POINT('',(118.84337963282,36.944378098381,
    142.15709494598));
#401 = CARTESIAN_POINT('',(118.69638404424,37.148112292502,
    142.1834319509));
#402 = CARTESIAN_POINT('',(118.5581240786,37.359929537586,
    142.18947222428));
#403 = CARTESIAN_POINT('',(118.15384754064,38.052586175421,
    142.12160851785));
#404 = CARTESIAN_POINT('',(117.96068076734,38.498129876104,
    141.95013045051));
#405 = CARTESIAN_POINT('',(117.82936468542,38.907130262231,
    141.70135967172));
#406 = CARTESIAN_POINT('',(117.74202850474,39.277359039539,
    141.4112943677));
#407 = CARTESIAN_POINT('',(117.68504685638,39.611626895614,
    141.10426647991));
#408 = CARTESIAN_POINT('',(117.64903979265,39.917783499892,
    140.79294170497));
#409 = CARTESIAN_POINT('',(117.62887278712,40.208717503654,
    140.4783194947));
#410 = CARTESIAN_POINT('',(117.61762051688,40.84216698406,
    139.76948012733));
#411 = CARTESIAN_POINT('',(117.63172616449,41.169547732647,
    139.38415436395));
#412 = CARTESIAN_POINT('',(117.66353267036,41.492793336008,
    138.99705194285));
#413 = CARTESIAN_POINT('',(117.71245271536,41.818688851417,
    138.61145210655));
#414 = CARTESIAN_POINT('',(117.77975266826,42.152509843202,
    138.23061716318));
#415 = CARTESIAN_POINT('',(117.86855258573,42.498022382747,
    137.85779248654));
#416 = CARTESIAN_POINT('',(117.98382621232,42.857483048496,
    137.49620651603));
#417 = CARTESIAN_POINT('',(118.14700652451,43.268420071315,
    137.11494580613));
#418 = CARTESIAN_POINT('',(118.16192063962,43.30531100858,137.0809540452
    ));
#419 = CARTESIAN_POINT('',(118.17714646991,43.342305482244,
    137.04709536691));
#420 = CARTESIAN_POINT('',(118.19268662762,43.379396318739,
    137.01336899428));
#421 = CARTESIAN_POINT('',(118.20854319313,43.416575426429,
    136.9797734804));
#422 = CARTESIAN_POINT('',(118.22471771498,43.453833795607,
    136.9463067084));
#423 = CARTESIAN_POINT('',(118.24121120983,43.4911614985,136.91296589145
    ));
#424 = CARTESIAN_POINT('',(118.36515940542,43.766779409037,
    136.66807430469));
#425 = CARTESIAN_POINT('',(118.48519247549,44.007263632733,
    136.46140299924));
#426 = CARTESIAN_POINT('',(118.61854443832,44.247679840379,
    136.25907504965));
#427 = CARTESIAN_POINT('',(118.76324539772,44.48261321422,
    136.05770468588));
#428 = CARTESIAN_POINT('',(118.91952663797,44.710810952661,
    135.8568091471));
#429 = CARTESIAN_POINT('',(119.08088662283,44.925123684158,
    135.6506037627));
#430 = CARTESIAN_POINT('',(119.24855680161,45.128905542034,
    135.44147016758));
#431 = CARTESIAN_POINT('',(119.53281971932,45.446554248162,
    135.08837703473));
#432 = CARTESIAN_POINT('',(119.64733796763,45.567434346802,
    134.94662064123));
#433 = CARTESIAN_POINT('',(119.76314800195,45.683088768574,
    134.80317041848));
#434 = CARTESIAN_POINT('',(119.87987504961,45.793551504641,
    134.65801566296));
#435 = CARTESIAN_POINT('',(119.99717061764,45.898899056703,
    134.51116944808));
#436 = CARTESIAN_POINT('',(120.11469906353,45.999224622356,
    134.3626525943));
#437 = CARTESIAN_POINT('',(120.23212927872,46.094628040853,
    134.21248600886));
#438 = CARTESIAN_POINT('',(120.47313534518,46.281236257839,
    133.89981307675));
#439 = CARTESIAN_POINT('',(120.59666099755,46.371850096081,
    133.73710250555));
#440 = CARTESIAN_POINT('',(120.7193241194,46.457199757901,
    133.57257544641));
#441 = CARTESIAN_POINT('',(120.84073813957,46.537429297335,
    133.40624667399));
#442 = CARTESIAN_POINT('',(120.96051423826,46.612690078546,
    133.2381299724));
#443 = CARTESIAN_POINT('',(121.07826134701,46.683140775828,
    133.06823813524));
#444 = CARTESIAN_POINT('',(121.19358614872,46.748947373602,
    132.89658296557));
#445 = CARTESIAN_POINT('',(121.52670213626,46.93055337239,132.3831490434
    ));
#446 = CARTESIAN_POINT('',(121.73579463422,47.033270154408,
    132.03688909545));
#447 = CARTESIAN_POINT('',(121.93167624702,47.120381394006,
    131.68403489255));
#448 = CARTESIAN_POINT('',(122.11125285436,47.193264385987,
    131.32447359963));
#449 = CARTESIAN_POINT('',(122.27003054016,47.252725838417,
    130.95834008609));
#450 = CARTESIAN_POINT('',(122.40211559255,47.299001872631,
    130.58601692576));
#451 = CARTESIAN_POINT('',(122.50021450384,47.33175802323,
    130.20813439694));
#452 = CARTESIAN_POINT('',(122.59423602904,47.362857723041,
    129.55909814939));
#453 = CARTESIAN_POINT('',(122.6120366091,47.368406001662,
    129.29087019209));
#454 = CARTESIAN_POINT('',(122.60633973041,47.36635597337,
    129.02182468601));
#455 = CARTESIAN_POINT('',(122.57544028827,47.356049822967,
    128.75311945226));
#456 = CARTESIAN_POINT('',(122.5186240536,47.336550020625,
    128.48613205754));
#457 = CARTESIAN_POINT('',(122.43616767295,47.306639321893,
    128.22245981415));
#458 = CARTESIAN_POINT('',(122.32933866851,47.264820767692,
    127.96391977998));
#459 = CARTESIAN_POINT('',(122.06707858708,47.151931993953,
    127.45265149279));
#460 = CARTESIAN_POINT('',(121.8951941772,47.074803806789,
    127.17266613131));
#461 = CARTESIAN_POINT('',(121.67928895079,46.965851171152,
    126.88989964148));
#462 = CARTESIAN_POINT('',(121.42378901879,46.826953249052,
    126.61148949953));
#463 = CARTESIAN_POINT('',(121.13130690123,46.648982362505,
    126.38441227764));
#464 = CARTESIAN_POINT('',(120.80485796364,46.413214907087,
    126.28851553034));
#465 = CARTESIAN_POINT('',(120.46398624914,46.119121132714,
    126.37257298012));
#466 = CARTESIAN_POINT('',(119.95322551227,45.62354828992,
    126.65656002009));
#467 = CARTESIAN_POINT('',(119.56622276961,45.226281156544,
    126.93418240687));
#468 = CARTESIAN_POINT('',(119.28004015979,44.851642799706,
    127.38375489667));
#469 = CARTESIAN_POINT('',(119.03141752919,44.462691762488,
    127.81211169951));
#470 = CARTESIAN_POINT('',(118.82207465197,44.098115656898,
    128.13426042976));
#471 = CARTESIAN_POINT('',(118.6833463835,43.789410721065,
    128.31553725147));
#472 = CARTESIAN_POINT('',(118.56618119897,43.476378865324,
    128.29763609913));
#473 = CARTESIAN_POINT('',(118.48035425887,43.229244774268,
    128.25265701825));
#474 = CARTESIAN_POINT('',(118.42020453909,43.0520239467,128.22853679854
    ));
#475 = CARTESIAN_POINT('',(118.35582166447,42.823095363238,
    128.0949998146));
#476 = CARTESIAN_POINT('',(118.30386553549,42.573341696209,
    127.8012855891));
#477 = CARTESIAN_POINT('',(118.27310524105,42.329331517258,
    127.34760752537));
#478 = CARTESIAN_POINT('',(118.26441905851,42.113319297351,
    126.78515290744));
#479 = CARTESIAN_POINT('',(118.27079445366,41.943245406772,
    126.21608290002));
#480 = CARTESIAN_POINT('',(118.28730295015,41.664021902741,
    125.14842616259));
#481 = CARTESIAN_POINT('',(118.30768580437,41.539640451839,
    124.49815620625));
#482 = CARTESIAN_POINT('',(118.33262091732,41.452835908383,
    123.84494531365));
#483 = CARTESIAN_POINT('',(118.35959617611,41.392344566964,
    123.19155949796));
#484 = CARTESIAN_POINT('',(118.38755048934,41.359808075603,
    122.53893602604));
#485 = CARTESIAN_POINT('',(118.41598036714,41.354251182193,
    121.88692702415));
#486 = CARTESIAN_POINT('',(118.44462434244,41.358538224621,
    121.23542823228));
#487 = CARTESIAN_POINT('',(118.49984000639,41.366594178648,
    119.97964555774));
#488 = CARTESIAN_POINT('',(118.52660038936,41.369785043169,
    119.3707483092));
#489 = CARTESIAN_POINT('',(118.55362640439,41.359558064293,
    118.74939483659));
#490 = CARTESIAN_POINT('',(118.58136482425,41.352079415352,
    118.11477299503));
#491 = CARTESIAN_POINT('',(118.60964724204,41.348043425198,
    117.4710929032));
#492 = CARTESIAN_POINT('',(118.63789661809,41.344691868013,
    116.82794559855));
#493 = CARTESIAN_POINT('',(118.6655566287,41.353358447697,
    116.20081350265));
#494 = CARTESIAN_POINT('',(118.69173947232,41.37166926789,
    115.61028451647));
#495 = FACE_BOUND('',#496,.F.);
#496 = EDGE_LOOP('',(#497,#554));
#497 = ORIENTED_EDGE('',*,*,#498,.F.);
#498 = EDGE_CURVE('',#499,#501,#503,.T.);
#499 = VERTEX_POINT('',#500);
#500 = CARTESIAN_POINT('',(51.052509893334,38.933117604787,
    144.17613668066));
#501 = VERTEX_POINT('',#502);
#502 = CARTESIAN_POINT('',(60.945787148386,35.924090514385,
    144.34007597512));
#503 = B_SPLINE_CURVE_WITH_KNOTS('',7,(#504,#505,#506,#507,#508,#509,
    #510,#511,#512,#513,#514,#515,#516,#517,#518,#519,#520,#521,#522,
    #523,#524,#525,#526,#527,#528,#529,#530,#531,#532,#533,#534,#535,
    #536,#537,#538,#539,#540,#541,#542,#543,#544,#545,#546,#547,#548,
    #549,#550,#551,#552,#553),.UNSPECIFIED.,.F.,.F.,(8,6,6,6,6,6,6,6,8),
  (0.,0.123078288822,0.252931810289,0.340625790934,0.490037367189,
    0.610267174207,0.70672649148,0.853578731712,1.),.UNSPECIFIED.);
#504 = CARTESIAN_POINT('',(47.63343841348,39.530040348294,
    144.09712815722));
#505 = CARTESIAN_POINT('',(47.830112742794,39.38866688992,
    144.09627212702));
#506 = CARTESIAN_POINT('',(48.039279610066,39.261835572143,
    144.09654858661));
#507 = CARTESIAN_POINT('',(48.260076036994,39.15457560233,
    144.09818375346));
#508 = CARTESIAN_POINT('',(48.4909623161,39.069438367019,144.10125722086
    ));
#509 = CARTESIAN_POINT('',(48.729722010727,39.00649743192,
    144.10570195792));
#510 = CARTESIAN_POINT('',(48.97346195504,38.963348541917,
    144.11130430957));
#511 = CARTESIAN_POINT('',(49.477257624524,38.905316199735,
    144.12445597447));
#512 = CARTESIAN_POINT('',(49.738154518613,38.892396982667,
    144.13213124611));
#513 = CARTESIAN_POINT('',(50.000086963029,38.891480947035,
    144.14044522093));
#514 = CARTESIAN_POINT('',(50.262253853648,38.898308227605,
    144.14915738741));
#515 = CARTESIAN_POINT('',(50.524286622329,38.909284171971,
    144.15807460448));
#516 = CARTESIAN_POINT('',(50.786266903764,38.921533395776,
    144.16705439285));
#517 = CARTESIAN_POINT('',(51.226003000369,38.940666405343,
    144.18205501898));
#518 = CARTESIAN_POINT('',(51.403330224648,38.947976143888,
    144.18808366977));
#519 = CARTESIAN_POINT('',(51.58074361097,38.954186324888,
    144.19405958964));
#520 = CARTESIAN_POINT('',(51.758235232416,38.958702958098,
    144.19995255431));
#521 = CARTESIAN_POINT('',(51.935772141863,38.961007136999,
    144.20573532942));
#522 = CARTESIAN_POINT('',(52.113296887796,38.96063718924,
    144.21138278643));
#523 = CARTESIAN_POINT('',(52.593031978582,38.951291406755,
    144.22622310534));
#524 = CARTESIAN_POINT('',(52.895154744239,38.936440740707,
    144.23511674236));
#525 = CARTESIAN_POINT('',(53.196517762086,38.910579437068,
    144.24343056043));
#526 = CARTESIAN_POINT('',(53.496378749873,38.872110064312,
    144.25106026537));
#527 = CARTESIAN_POINT('',(53.793819886043,38.819750181893,
    144.25791185392));
#528 = CARTESIAN_POINT('',(54.087800128551,38.752762570955,
    144.2639149005));
#529 = CARTESIAN_POINT('',(54.610096864524,38.605937384824,
    144.27317680154));
#530 = CARTESIAN_POINT('',(54.843713657954,38.530126098491,
    144.27680798432));
#531 = CARTESIAN_POINT('',(55.0780288442,38.443378508055,144.27990963886
    ));
#532 = CARTESIAN_POINT('',(55.312922402628,38.345302912477,
    144.28245817014));
#533 = CARTESIAN_POINT('',(55.548283437059,38.235936301097,
    144.28445190503));
#534 = CARTESIAN_POINT('',(55.784106670233,38.115972165959,
    144.28592566702));
#535 = CARTESIAN_POINT('',(56.210316583086,37.883505703674,
    144.28779948008));
#536 = CARTESIAN_POINT('',(56.397504116053,37.775847946563,
    144.28834186792));
#537 = CARTESIAN_POINT('',(56.58257171938,37.664939037614,
    144.28865254803));
#538 = CARTESIAN_POINT('',(56.766085881137,37.551852204841,
    144.28880375366));
#539 = CARTESIAN_POINT('',(56.948759395255,37.437809909469,
    144.28887991772));
#540 = CARTESIAN_POINT('',(57.131451361527,37.324183845931,
    144.28897767276));
#541 = CARTESIAN_POINT('',(57.594861061686,37.042456772049,
    144.28955323559));
#542 = CARTESIAN_POINT('',(57.877043975947,36.876921079885,
    144.29020724775));
#543 = CARTESIAN_POINT('',(58.165733879384,36.722789398469,
    144.29164436436));
#544 = CARTESIAN_POINT('',(58.459028986396,36.579059233078,
    144.29375330197));
#545 = CARTESIAN_POINT('',(58.760606546726,36.453578662315,
    144.29704742357));
#546 = CARTESIAN_POINT('',(59.068928688469,36.345844946111,
    144.30145227729));
#547 = CARTESIAN_POINT('',(59.695009750296,36.162410800922,
    144.31217950308));
#548 = CARTESIAN_POINT('',(59.977526550781,36.096846656619,
    144.31788849134));
#549 = CARTESIAN_POINT('',(60.26687136862,36.036074245425,
    144.32405719109));
#550 = CARTESIAN_POINT('',(60.580170697396,35.981479964532,
    144.33130218923));
#551 = CARTESIAN_POINT('',(60.909175138295,35.929591441628,
    144.33918497922));
#552 = CARTESIAN_POINT('',(61.22092566175,35.879658414283,144.346615739)
  );
#553 = CARTESIAN_POINT('',(61.457197184951,35.841309808802,
    144.35222192885));
#554 = ORIENTED_EDGE('',*,*,#555,.T.);
#555 = EDGE_CURVE('',#499,#501,#556,.T.);
#556 = B_SPLINE_CURVE_WITH_KNOTS('',8,(#557,#558,#559,#560,#561,#562,
    #563,#564,#565,#566,#567,#568,#569,#570,#571,#572,#573,#574,#575,
    #576,#577,#578,#579,#580,#581,#582,#583,#584,#585,#586,#587,#588,
    #589,#590,#591,#592,#593,#594,#595,#596,#597,#598,#599,#600),
  .UNSPECIFIED.,.F.,.F.,(9,7,7,7,7,7,9),(0.,0.165484385567,
    0.227367988531,0.377011470503,0.564656761814,0.706306579167,1.),
  .UNSPECIFIED.);
#557 = CARTESIAN_POINT('',(50.975823316387,38.887304192837,
    144.07119893771));
#558 = CARTESIAN_POINT('',(51.118268922589,38.973615607641,
    144.27308660349));
#559 = CARTESIAN_POINT('',(51.277975399889,39.065601702153,
    144.46873060624));
#560 = CARTESIAN_POINT('',(51.456880959324,39.161513112348,
    144.65535576041));
#561 = CARTESIAN_POINT('',(51.655769362122,39.259244658257,
    144.83101323769));
#562 = CARTESIAN_POINT('',(51.874269919695,39.35633534397,
    144.99458056693));
#563 = CARTESIAN_POINT('',(52.110857493641,39.449968357636,
    145.14576163421));
#564 = CARTESIAN_POINT('',(52.362852495748,39.536971071461,
    145.28508668279));
#565 = CARTESIAN_POINT('',(52.724983430205,39.642551177319,
    145.46208721573));
#566 = CARTESIAN_POINT('',(52.82524507995,39.669956974766,
    145.50881496148));
#567 = CARTESIAN_POINT('',(52.927071058483,39.695912462658,
    145.55417227269));
#568 = CARTESIAN_POINT('',(53.030325776865,39.720310202927,
    145.5982419434));
#569 = CARTESIAN_POINT('',(53.134874582977,39.743054981742,
    145.64111065228));
#570 = CARTESIAN_POINT('',(53.240585508538,39.764063500424,
    145.68286677559));
#571 = CARTESIAN_POINT('',(53.347331016121,39.783264066365,
    145.7235982001));
#572 = CARTESIAN_POINT('',(53.715324090964,39.842508087122,
    145.85961277935));
#573 = CARTESIAN_POINT('',(53.980928898362,39.873483197141,
    145.95031652823));
#574 = CARTESIAN_POINT('',(54.250212098392,39.892694195607,
    146.03677231322));
#575 = CARTESIAN_POINT('',(54.521700737728,39.899636020863,
    146.12012064128));
#576 = CARTESIAN_POINT('',(54.794058965215,39.894060588929,
    146.20134544554));
#577 = CARTESIAN_POINT('',(55.066121890306,39.875920304676,
    146.28121214008));
#578 = CARTESIAN_POINT('',(55.336938606262,39.84530080512,
    146.36018665969));
#579 = CARTESIAN_POINT('',(55.942978297078,39.748431648945,
    146.53636794482));
#580 = CARTESIAN_POINT('',(56.276477976842,39.675206231602,
    146.63293372058));
#581 = CARTESIAN_POINT('',(56.605638247696,39.582904763228,
    146.72842508913));
#582 = CARTESIAN_POINT('',(56.929888952224,39.471724782086,
    146.82212118064));
#583 = CARTESIAN_POINT('',(57.248828582683,39.341805227177,
    146.91212104697));
#584 = CARTESIAN_POINT('',(57.562219170883,39.193042812422,
    146.99512951173));
#585 = CARTESIAN_POINT('',(57.869810113778,39.025178929358,
    147.0669172903));
#586 = CARTESIAN_POINT('',(58.399392515211,38.69554146937,
    147.16231560018));
#587 = CARTESIAN_POINT('',(58.624522743872,38.541980686584,
    147.19344322063));
#588 = CARTESIAN_POINT('',(58.845563388909,38.376973241104,
    147.21198429184));
#589 = CARTESIAN_POINT('',(59.060426429976,38.201618557347,
    147.21408606944));
#590 = CARTESIAN_POINT('',(59.2665670955,38.01801328257,147.19575444155)
  );
#591 = CARTESIAN_POINT('',(59.461200860682,37.829466121952,
    147.15388774064));
#592 = CARTESIAN_POINT('',(59.641520445507,37.640712673667,
    147.08731055537));
#593 = CARTESIAN_POINT('',(60.143686728375,37.079568162779,
    146.81223408703));
#594 = CARTESIAN_POINT('',(60.391411045675,36.747908447889,
    146.53342262335));
#595 = CARTESIAN_POINT('',(60.569132905366,36.480649109817,
    146.19091487107));
#596 = CARTESIAN_POINT('',(60.697505453355,36.277144166543,
    145.81395231742));
#597 = CARTESIAN_POINT('',(60.792418592703,36.128313001762,
    145.42443251003));
#598 = CARTESIAN_POINT('',(60.863630267434,36.023375039968,
    145.0333741544));
#599 = CARTESIAN_POINT('',(60.916398278194,35.953609758382,
    144.64089101613));
#600 = CARTESIAN_POINT('',(60.956112629751,35.913142035704,
    144.23967462766));
#601 = FACE_BOUND('',#602,.F.);
#602 = EDGE_LOOP('',(#603,#696,#710,#729));
#603 = ORIENTED_EDGE('',*,*,#604,.F.);
#604 = EDGE_CURVE('',#605,#607,#609,.T.);
#605 = VERTEX_POINT('',#606);
#606 = CARTESIAN_POINT('',(61.058872476144,30.595594273159,
    144.07482249899));
#607 = VERTEX_POINT('',#608);
#608 = CARTESIAN_POINT('',(59.872234555902,28.647997952055,
    143.93867719522));
#609 = B_SPLINE_CURVE_WITH_KNOTS('',8,(#610,#611,#612,#613,#614,#615,
    #616,#617,#618,#619,#620,#621,#622,#623,#624,#625,#626,#627,#628,
    #629,#630,#631,#632,#633,#634,#635,#636,#637,#638,#639,#640,#641,
    #642,#643,#644,#645,#646,#647,#648,#649,#650,#651,#652,#653,#654,
    #655,#656,#657,#658,#659,#660,#661,#662,#663,#664,#665,#666,#667,
    #668,#669,#670,#671,#672,#673,#674,#675,#676,#677,#678,#679,#680,
    #681,#682,#683,#684,#685,#686,#687,#688,#689,#690,#691,#692,#693,
    #694,#695),.UNSPECIFIED.,.F.,.F.,(9,7,7,7,7,7,7,7,7,7,7,7,9),(0.,
    3.377942414096E-02,9.04729736115E-02,0.149071862848,0.181054613312,
    0.234430102094,0.286426610307,0.372983378332,0.464622363444,
    0.562266646394,0.774967079185,0.873267362664,1.),.UNSPECIFIED.);
#610 = CARTESIAN_POINT('',(61.635456182455,30.528155838221,
    144.08982275848));
#611 = CARTESIAN_POINT('',(61.471557415698,30.544219502954,
    144.08540207344));
#612 = CARTESIAN_POINT('',(61.307839873784,30.562256612138,
    144.08108674779));
#613 = CARTESIAN_POINT('',(61.144328361565,30.582279889724,
    144.07687821526));
#614 = CARTESIAN_POINT('',(60.981052097301,30.60431397,144.07277865141)
  );
#615 = CARTESIAN_POINT('',(60.818044712663,30.628395397589,
    144.06879097361));
#616 = CARTESIAN_POINT('',(60.65534425273,30.654572627451,
    144.06491884109));
#617 = CARTESIAN_POINT('',(60.492993175994,30.68290602488,144.0611666549
    ));
#618 = CARTESIAN_POINT('',(60.059222184413,30.764761197699,
    144.05145203547));
#619 = CARTESIAN_POINT('',(59.788492029059,30.822625242856,
    144.04573071784));
#620 = CARTESIAN_POINT('',(59.518702193403,30.886063980209,
    144.04032069805));
#621 = CARTESIAN_POINT('',(59.251261494532,30.957896108072,
    144.03540916645));
#622 = CARTESIAN_POINT('',(58.98610550896,31.038181748232,
    144.03099710042));
#623 = CARTESIAN_POINT('',(58.722674107182,31.124981296272,
    144.0269687544));
#624 = CARTESIAN_POINT('',(58.461371287534,31.217222039279,
    144.0232828965));
#625 = CARTESIAN_POINT('',(57.933879956437,31.414941831751,
    144.01642321475));
#626 = CARTESIAN_POINT('',(57.665519344427,31.521513707317,
    144.01323520448));
#627 = CARTESIAN_POINT('',(57.398050534377,31.632917730721,
    144.01031947653));
#628 = CARTESIAN_POINT('',(57.132331649519,31.747747646128,
    144.00763246371));
#629 = CARTESIAN_POINT('',(56.86896831501,31.864523223756,
    144.00511880721));
#630 = CARTESIAN_POINT('',(56.608354970576,31.981786701095,
    144.0027175414));
#631 = CARTESIAN_POINT('',(56.350701348954,32.098165239763,
    144.00036609034));
#632 = CARTESIAN_POINT('',(55.95702554263,32.274679054391,
    143.99670744703));
#633 = CARTESIAN_POINT('',(55.818836202008,32.336380252602,
    143.99541009746));
#634 = CARTESIAN_POINT('',(55.681377859778,32.3972929825,143.99409629526
    ));
#635 = CARTESIAN_POINT('',(55.54457235788,32.457239047637,
    143.99275455447));
#636 = CARTESIAN_POINT('',(55.40834289942,32.516027863237,143.9913728075
    ));
#637 = CARTESIAN_POINT('',(55.272614048674,32.573456456192,
    143.98993840511));
#638 = CARTESIAN_POINT('',(55.137311731083,32.629309465067,
    143.98843811643));
#639 = CARTESIAN_POINT('',(54.777149893971,32.773561758103,
    143.98422131368));
#640 = CARTESIAN_POINT('',(54.553546033826,32.858411910599,
    143.98136579647));
#641 = CARTESIAN_POINT('',(54.330747130741,32.937295409324,
    143.97823490865));
#642 = CARTESIAN_POINT('',(54.108283071201,33.00857031232,
    143.97473079706));
#643 = CARTESIAN_POINT('',(53.886202962573,33.07046494395,
    143.97076563467));
#644 = CARTESIAN_POINT('',(53.665052539561,33.120944500373,
    143.96625416868));
#645 = CARTESIAN_POINT('',(53.44564416478,33.156546240441,
    143.96104760614));
#646 = CARTESIAN_POINT('',(53.017201617249,33.183467964846,
    143.94873124946));
#647 = CARTESIAN_POINT('',(52.765887615168,33.178866064806,
    143.94047776592));
#648 = CARTESIAN_POINT('',(52.549516747814,33.127911209697,
    143.93100071896));
#649 = CARTESIAN_POINT('',(52.402540695347,33.033071182361,
    143.92152423399));
#650 = CARTESIAN_POINT('',(52.324271675448,32.916975464133,
    143.91316818698));
#651 = CARTESIAN_POINT('',(52.291523944541,32.807236189612,
    143.90658579053));
#652 = CARTESIAN_POINT('',(52.278648612313,32.716862492785,
    143.90161480846));
#653 = CARTESIAN_POINT('',(52.295471061429,32.459471178902,
    143.8891644019));
#654 = CARTESIAN_POINT('',(52.358768718725,32.307034828659,
    143.8834931322));
#655 = CARTESIAN_POINT('',(52.444856343671,32.165492779292,
    143.87909895814));
#656 = CARTESIAN_POINT('',(52.551550294309,32.034045225837,
    143.8758718274));
#657 = CARTESIAN_POINT('',(52.661468407771,31.916053391925,
    143.87342654611));
#658 = CARTESIAN_POINT('',(52.780364739504,31.804856388915,
    143.87161067649));
#659 = CARTESIAN_POINT('',(52.900449444168,31.70211415628,143.8702593436
    ));
#660 = CARTESIAN_POINT('',(53.173571252221,31.489849477509,
    143.8682663189));
#661 = CARTESIAN_POINT('',(53.319091795384,31.387096514926,
    143.86772628977));
#662 = CARTESIAN_POINT('',(53.468534985247,31.289789789252,
    143.86758626499));
#663 = CARTESIAN_POINT('',(53.620980602147,31.197107252539,
    143.86777539503));
#664 = CARTESIAN_POINT('',(53.775730425337,31.108364887294,
    143.86823688069));
#665 = CARTESIAN_POINT('',(53.932308232989,31.023016706481,
    143.86892797304));
#666 = CARTESIAN_POINT('',(54.090459802194,30.940654753524,
    143.86981997347));
#667 = CARTESIAN_POINT('',(54.420311045072,30.776144101948,
    143.87204715453));
#668 = CARTESIAN_POINT('',(54.592011883948,30.694324611033,
    143.87339898336));
#669 = CARTESIAN_POINT('',(54.764988744608,30.615153457885,
    143.8749251681));
#670 = CARTESIAN_POINT('',(54.939012984772,30.538271783902,
    143.87660030394));
#671 = CARTESIAN_POINT('',(55.113894000863,30.463359043552,
    143.87840213339));
#672 = CARTESIAN_POINT('',(55.289479228002,30.390133004366,
    143.88031154622));
#673 = CARTESIAN_POINT('',(55.465654140009,30.318349746944,
    143.88231257947));
#674 = CARTESIAN_POINT('',(56.027225380321,30.094131768171,
    143.88892296887));
#675 = CARTESIAN_POINT('',(56.414365738982,29.946324701959,
    143.89382149004));
#676 = CARTESIAN_POINT('',(56.802842269831,29.802000247472,
    143.89893838236));
#677 = CARTESIAN_POINT('',(57.191941774139,29.65933948684,
    143.90415910428));
#678 = CARTESIAN_POINT('',(57.581050764159,29.516802439682,
    143.90938637123));
#679 = CARTESIAN_POINT('',(57.969711236177,29.373275600046,
    143.91454938017));
#680 = CARTESIAN_POINT('',(58.35768637126,29.228243346995,
    143.91961455547));
#681 = CARTESIAN_POINT('',(58.923826129075,29.013791982134,
    143.92686355936));
#682 = CARTESIAN_POINT('',(59.102495887192,28.945690013098,
    143.92912997034));
#683 = CARTESIAN_POINT('',(59.281487091849,28.877006927605,
    143.93137731933));
#684 = CARTESIAN_POINT('',(59.461204401977,28.807618826933,
    143.93361227036));
#685 = CARTESIAN_POINT('',(59.641861490394,28.737540281021,
    143.93584237848));
#686 = CARTESIAN_POINT('',(59.823481043799,28.666924328462,
    143.93807608972));
#687 = CARTESIAN_POINT('',(60.005894762778,28.596062476512,
    143.94032274117));
#688 = CARTESIAN_POINT('',(60.424479052151,28.434264100367,
    143.94551890281));
#689 = CARTESIAN_POINT('',(60.600487461676,28.36690429932,143.9477378185
    ));
#690 = CARTESIAN_POINT('',(60.776624871513,28.299333581948,
    143.94995020923));
#691 = CARTESIAN_POINT('',(60.985942323254,28.219590280042,
    143.95260742097));
#692 = CARTESIAN_POINT('',(61.231901660868,28.127547367401,
    143.95581353725));
#693 = CARTESIAN_POINT('',(61.485591572613,28.034737054069,
    143.95922767201));
#694 = CARTESIAN_POINT('',(61.682943632959,27.964175380564,
    143.96196626235));
#695 = CARTESIAN_POINT('',(61.721948344499,27.950186812106,
    143.96250536142));
#696 = ORIENTED_EDGE('',*,*,#697,.T.);
#697 = EDGE_CURVE('',#605,#698,#700,.T.);
#698 = VERTEX_POINT('',#699);
#699 = CARTESIAN_POINT('',(61.380193234358,33.100991853169,
    149.25594454828));
#700 = B_SPLINE_CURVE_WITH_KNOTS('',8,(#701,#702,#703,#704,#705,#706,
    #707,#708,#709),.UNSPECIFIED.,.F.,.F.,(9,9),(0.,1.),
  .PIECEWISE_BEZIER_KNOTS.);
#701 = CARTESIAN_POINT('',(61.046196371587,30.561202757607,
    143.97250412311));
#702 = CARTESIAN_POINT('',(61.059885841229,30.597839648739,
    144.07933807278));
#703 = CARTESIAN_POINT('',(61.161509135923,30.869724063709,
    144.82887767381));
#704 = CARTESIAN_POINT('',(61.222832097318,31.080456222474,
    145.8572812576));
#705 = CARTESIAN_POINT('',(61.278859553221,31.373573905691,
    146.80998969628));
#706 = CARTESIAN_POINT('',(61.337133561313,31.662729000812,
    147.66210406368));
#707 = CARTESIAN_POINT('',(61.373778627938,32.021189516097,
    148.25534041766));
#708 = CARTESIAN_POINT('',(61.417247526731,32.460106184695,
    148.76015622856));
#709 = CARTESIAN_POINT('',(61.380193234358,33.100991853169,
    149.25594454828));
#710 = ORIENTED_EDGE('',*,*,#711,.T.);
#711 = EDGE_CURVE('',#698,#712,#714,.T.);
#712 = VERTEX_POINT('',#713);
#713 = CARTESIAN_POINT('',(58.766172119404,37.994001997051,
    152.88002665294));
#714 = B_SPLINE_CURVE_WITH_KNOTS('',7,(#715,#716,#717,#718,#719,#720,
    #721,#722,#723,#724,#725,#726,#727,#728),.UNSPECIFIED.,.F.,.F.,(8,6,
    8),(0.,0.730948401608,1.),.UNSPECIFIED.);
#715 = CARTESIAN_POINT('',(61.380193233883,33.100991855456,
    149.2559445578));
#716 = CARTESIAN_POINT('',(61.348563454543,33.64795980049,
    149.67902174378));
#717 = CARTESIAN_POINT('',(61.262823545607,34.272083739404,
    150.03481714472));
#718 = CARTESIAN_POINT('',(61.091203464386,34.924553626593,
    150.34919042822));
#719 = CARTESIAN_POINT('',(60.841144705405,35.538834789988,
    150.67947272553));
#720 = CARTESIAN_POINT('',(60.534066374229,36.087052884929,
    151.04738309028));
#721 = CARTESIAN_POINT('',(60.188963991926,36.58067738428,
    151.43306978838));
#722 = CARTESIAN_POINT('',(59.677131746428,37.17555688542,
    151.97648246945));
#723 = CARTESIAN_POINT('',(59.535095743704,37.328346013726,
    152.12463886829));
#724 = CARTESIAN_POINT('',(59.389025544227,37.474154629664,
    152.27420500883));
#725 = CARTESIAN_POINT('',(59.239241240539,37.613158950473,
    152.42511127215));
#726 = CARTESIAN_POINT('',(59.085602951006,37.745924241164,
    152.57667762399));
#727 = CARTESIAN_POINT('',(58.928019691372,37.87275671197,
    152.72848354061));
#728 = CARTESIAN_POINT('',(58.766172119404,37.994001997051,
    152.88002665294));
#729 = ORIENTED_EDGE('',*,*,#730,.T.);
#730 = EDGE_CURVE('',#712,#607,#731,.T.);
#731 = B_SPLINE_CURVE_WITH_KNOTS('',8,(#732,#733,#734,#735,#736,#737,
    #738,#739,#740,#741,#742,#743,#744,#745,#746,#747,#748,#749,#750,
    #751,#752,#753,#754,#755,#756,#757,#758,#759,#760,#761,#762,#763,
    #764,#765,#766,#767,#768,#769,#770,#771,#772,#773,#774,#775,#776,
    #777,#778,#779,#780,#781,#782,#783,#784,#785,#786,#787,#788,#789,
    #790,#791,#792,#793,#794,#795,#796,#797,#798,#799,#800,#801,#802,
    #803,#804,#805,#806,#807,#808,#809,#810,#811,#812,#813,#814,#815,
    #816,#817,#818,#819,#820,#821,#822,#823,#824,#825,#826,#827,#828,
    #829,#830,#831,#832,#833,#834,#835,#836,#837,#838,#839,#840,#841,
    #842,#843,#844,#845,#846,#847,#848,#849,#850,#851,#852,#853,#854,
    #855,#856,#857,#858,#859,#860,#861,#862,#863,#864,#865,#866,#867,
    #868,#869,#870,#871,#872,#873,#874,#875,#876,#877,#878,#879,#880),
  .UNSPECIFIED.,.F.,.F.,(9,7,7,7,7,7,7,7,7,7,7,7,7,7,7,7,7,7,7,7,7,9),(
    0.,1.864215640405E-02,4.599784120356E-02,7.607237358215E-02,
    9.24705078651E-02,0.119799165253,0.148350462049,0.17387010082,
    0.211216914326,0.246077907168,0.285995593992,0.322587364097,
    0.349764620489,0.381072043444,0.385054307656,0.392919189886,
    0.43950902943,0.572427493571,0.702552284143,0.764864188456,
    0.871202317663,1.),.UNSPECIFIED.);
#732 = CARTESIAN_POINT('',(58.766172119404,37.994001997051,
    152.88002665294));
#733 = CARTESIAN_POINT('',(58.637753679378,38.090204431115,
    153.00026898865));
#734 = CARTESIAN_POINT('',(58.506701556532,38.182951320982,
    153.1203179691));
#735 = CARTESIAN_POINT('',(58.372899817515,38.272400096174,
    153.23998475206));
#736 = CARTESIAN_POINT('',(58.23616748185,38.358683019763,
    153.35902466947));
#737 = CARTESIAN_POINT('',(58.096258521927,38.441907188371,
    153.47713722748));
#738 = CARTESIAN_POINT('',(57.952861863012,38.522154532173,
    153.59396610642));
#739 = CARTESIAN_POINT('',(57.805601383239,38.599481814892,
    153.70909916081));
#740 = CARTESIAN_POINT('',(57.431627243523,38.783152893361,
    153.98784062741));
#741 = CARTESIAN_POINT('',(57.206566490907,38.88288844388,
    154.14392402621));
#742 = CARTESIAN_POINT('',(56.979593200056,38.973229582352,
    154.28817784089));
#743 = CARTESIAN_POINT('',(56.751287269463,39.054401048813,
    154.41858734134));
#744 = CARTESIAN_POINT('',(56.522078263919,39.126691322332,
    154.53329165723));
#745 = CARTESIAN_POINT('',(56.292240074851,39.190402051059,
    154.63059133119));
#746 = CARTESIAN_POINT('',(56.061870928894,39.245805616368,
    154.70893561023));
#747 = CARTESIAN_POINT('',(55.576886546094,39.345117652381,
    154.83060330319));
#748 = CARTESIAN_POINT('',(55.322234890977,39.387315790414,
    154.86964504981));
#749 = CARTESIAN_POINT('',(55.067080749968,39.419924467048,
    154.88205068498));
#750 = CARTESIAN_POINT('',(54.81157642987,39.443074209001,
    154.86610059405));
#751 = CARTESIAN_POINT('',(54.555817733509,39.456804052998,
    154.82049422953));
#752 = CARTESIAN_POINT('',(54.299824610711,39.461044073786,
    154.74447217157));
#753 = CARTESIAN_POINT('',(54.043534300421,39.455583235029,
    154.63788559748));
#754 = CARTESIAN_POINT('',(53.646826422132,39.431538108975,
    154.42669253396));
#755 = CARTESIAN_POINT('',(53.506767358923,39.420053487001,
    154.34325295668));
#756 = CARTESIAN_POINT('',(53.366630313242,39.405510649499,
    154.25099770919));
#757 = CARTESIAN_POINT('',(53.226417013252,39.387837317579,
    154.15009764612));
#758 = CARTESIAN_POINT('',(53.086130376367,39.366946981094,
    154.04079119575));
#759 = CARTESIAN_POINT('',(52.945774509249,39.342738898637,153.92338436)
  );
#760 = CARTESIAN_POINT('',(52.805354707812,39.31509809754,
    153.79825071442));
#761 = CARTESIAN_POINT('',(52.430762125195,39.231893815049,
    153.44514521375));
#762 = CARTESIAN_POINT('',(52.196690514291,39.170112959617,
    153.20421440136));
#763 = CARTESIAN_POINT('',(51.961791972428,39.097451081209,
    152.94514594077));
#764 = CARTESIAN_POINT('',(51.727102618492,39.013744124174,
    152.6697177176));
#765 = CARTESIAN_POINT('',(51.49305502898,38.918301104979,
    152.38074248697));
#766 = CARTESIAN_POINT('',(51.258875697524,38.809531566903,
    152.08242850293));
#767 = CARTESIAN_POINT('',(51.023890267303,38.68566508807,
    151.77973682363));
#768 = CARTESIAN_POINT('',(50.547151888998,38.401237390666,
    151.16017796827));
#769 = CARTESIAN_POINT('',(50.30702527372,38.240218102691,
    150.84565750424));
#770 = CARTESIAN_POINT('',(50.069305416808,38.061724183292,
    150.53443327644));
#771 = CARTESIAN_POINT('',(49.833883957131,37.863634537136,
    150.22789511846));
#772 = CARTESIAN_POINT('',(49.601739770126,37.64397417994,
    149.92730765747));
#773 = CARTESIAN_POINT('',(49.374882586006,37.401214443683,
    149.63373097719));
#774 = CARTESIAN_POINT('',(49.156095902158,37.134386976235,
    149.34811760761));
#775 = CARTESIAN_POINT('',(48.762907811278,36.582575168843,148.824417006
    ));
#776 = CARTESIAN_POINT('',(48.590467502657,36.307958294446,
    148.59613285318));
#777 = CARTESIAN_POINT('',(48.429941662691,36.017141031037,
    148.37316887936));
#778 = CARTESIAN_POINT('',(48.281319212222,35.707371425066,
    148.1507664131));
#779 = CARTESIAN_POINT('',(48.145794594124,35.375165450585,
    147.93297261526));
#780 = CARTESIAN_POINT('',(48.025767773303,35.016307009248,
    147.73264047894));
#781 = CARTESIAN_POINT('',(47.924844236695,34.625847930307,
    147.57142882949));
#782 = CARTESIAN_POINT('',(47.735135519805,33.57213028156,
    147.34571116348));
#783 = CARTESIAN_POINT('',(47.71097278738,33.077349685098,
    147.42338661095));
#784 = CARTESIAN_POINT('',(47.718431501462,32.685053314217,
    147.58125901748));
#785 = CARTESIAN_POINT('',(47.735302613586,32.373190849813,
    147.75908512803));
#786 = CARTESIAN_POINT('',(47.757018063193,32.10469744061,
    147.94292858542));
#787 = CARTESIAN_POINT('',(47.787394321617,31.825011907366,
    148.15758123368));
#788 = CARTESIAN_POINT('',(47.837184738233,31.478790231367,
    148.47642522143));
#789 = CARTESIAN_POINT('',(48.017489481351,30.64165749349,
    149.58295333288));
#790 = CARTESIAN_POINT('',(48.109657439129,30.308086451844,
    150.14760834697));
#791 = CARTESIAN_POINT('',(48.203741529793,30.013606686831,
    150.72324002719));
#792 = CARTESIAN_POINT('',(48.282813052293,29.780702456759,
    151.31470996272));
#793 = CARTESIAN_POINT('',(48.344293130217,29.596589571736,
    151.91727224446));
#794 = CARTESIAN_POINT('',(48.393281954155,29.437579599628,
    152.5229096018));
#795 = CARTESIAN_POINT('',(48.429761165664,29.307937932621,
    153.13334565945));
#796 = CARTESIAN_POINT('',(48.490954402708,29.063788452539,
    154.44782909709));
#797 = CARTESIAN_POINT('',(48.512346026359,28.956623389287,
    155.15200040758));
#798 = CARTESIAN_POINT('',(48.5311567174,28.854618852055,155.85693253759
    ));
#799 = CARTESIAN_POINT('',(48.549470729394,28.755896518248,
    156.56190238355));
#800 = CARTESIAN_POINT('',(48.564332952975,28.663270793193,
    157.26762756291));
#801 = CARTESIAN_POINT('',(48.585571202443,28.562662215706,
    157.97222106563));
#802 = CARTESIAN_POINT('',(48.613009256452,28.454848021077,
    158.67584950657));
#803 = CARTESIAN_POINT('',(48.693291683943,28.21680394621,
    160.02064837857));
#804 = CARTESIAN_POINT('',(48.743053875404,28.090268258562,
    160.66195158694));
#805 = CARTESIAN_POINT('',(48.815193670051,27.938084902377,161.298844922
    ));
#806 = CARTESIAN_POINT('',(48.898109940781,27.779708376477,
    161.93409375185));
#807 = CARTESIAN_POINT('',(49.003420862639,27.602240655551,
    162.56487551495));
#808 = CARTESIAN_POINT('',(49.123531109208,27.420052847477,
    163.19351896527));
#809 = CARTESIAN_POINT('',(49.259890639503,27.233026091497,
    163.81985428421));
#810 = CARTESIAN_POINT('',(49.518175590683,26.909015906751,
    164.90935247549));
#811 = CARTESIAN_POINT('',(49.634581648434,26.771053805696,
    165.3765619052));
#812 = CARTESIAN_POINT('',(49.759737386334,26.632718552344,
    165.84608662387));
#813 = CARTESIAN_POINT('',(49.894357464494,26.493855933441,
    166.31723729649));
#814 = CARTESIAN_POINT('',(50.039343796743,26.354280001022,
    166.78878007618));
#815 = CARTESIAN_POINT('',(50.197678346533,26.213396961781,
    167.25851257585));
#816 = CARTESIAN_POINT('',(50.376315922855,26.06982906645,
    167.72283983996));
#817 = CARTESIAN_POINT('',(50.83201965987,25.749636016365,168.6987814289
    ));
#818 = CARTESIAN_POINT('',(51.092789967484,25.591638590152,
    169.14230311645));
#819 = CARTESIAN_POINT('',(51.358508876748,25.455527496494,
    169.47449393235));
#820 = CARTESIAN_POINT('',(51.624694724244,25.346858668489,
    169.66681096099));
#821 = CARTESIAN_POINT('',(51.874628300294,25.267085518139,
    169.73142614458));
#822 = CARTESIAN_POINT('',(52.081861738614,25.213002055272,
    169.72150289492));
#823 = CARTESIAN_POINT('',(52.234871200716,25.176806303625,
    169.69491299006));
#824 = CARTESIAN_POINT('',(52.402803694775,25.142965217209,
    169.63458617757));
#825 = CARTESIAN_POINT('',(52.421502584657,25.139287534259,
    169.62739232948));
#826 = CARTESIAN_POINT('',(52.439946059071,25.135747091879,
    169.61983792635));
#827 = CARTESIAN_POINT('',(52.458132399735,25.132339624041,
    169.61194760815));
#828 = CARTESIAN_POINT('',(52.476061933262,25.129060575215,
    169.60374467867));
#829 = CARTESIAN_POINT('',(52.493736828716,25.125905203541,
    169.59525084427));
#830 = CARTESIAN_POINT('',(52.511160895182,25.122868683997,
    169.5864859526));
#831 = CARTESIAN_POINT('',(52.562266499027,25.114174394284,
    169.55965694707));
#832 = CARTESIAN_POINT('',(52.595228768492,25.108848317095,
    169.54086310732));
#833 = CARTESIAN_POINT('',(52.627271795148,25.103930330008,
    169.52121894358));
#834 = CARTESIAN_POINT('',(52.658442518995,25.099385842311,
    169.50083938118));
#835 = CARTESIAN_POINT('',(52.688789212593,25.095183322579,
    169.47982153918));
#836 = CARTESIAN_POINT('',(52.718361481063,25.09129429867,
    169.45824473046));
#837 = CARTESIAN_POINT('',(52.74721026209,25.087693357732,
    169.43617046164));
#838 = CARTESIAN_POINT('',(52.942305541799,25.064601083643,
    169.28019132682));
#839 = CARTESIAN_POINT('',(53.086889665916,25.053445613896,
    169.13287585464));
#840 = CARTESIAN_POINT('',(53.21521607339,25.048196988165,
    168.97731957933));
#841 = CARTESIAN_POINT('',(53.332102024009,25.046796457296,
    168.81758123683));
#842 = CARTESIAN_POINT('',(53.441106162224,25.047821271774,
    168.65615473623));
#843 = CARTESIAN_POINT('',(53.544528517156,25.050484681722,
    168.49396915979));
#844 = CARTESIAN_POINT('',(53.643410502589,25.054635936907,
    168.33038876294));
#845 = CARTESIAN_POINT('',(54.006067127451,25.078232748115,
    167.68626887472));
#846 = CARTESIAN_POINT('',(54.265483021809,25.109792509284,
    167.14809814317));
#847 = CARTESIAN_POINT('',(54.535375899737,25.154451665882,
    166.52700321021));
#848 = CARTESIAN_POINT('',(54.811417076151,25.215281486231,
    165.81566023565));
#849 = CARTESIAN_POINT('',(55.091261218564,25.291182039158,
    165.02649378235));
#850 = CARTESIAN_POINT('',(55.366967673081,25.380571203263,
    164.19011849018));
#851 = CARTESIAN_POINT('',(55.628436151099,25.477366765314,
    163.35602932133));
#852 = CARTESIAN_POINT('',(56.086943036779,25.663133620446,
    161.84363251554));
#853 = CARTESIAN_POINT('',(56.305557422478,25.760457025834,
    161.09464485569));
#854 = CARTESIAN_POINT('',(56.521025398124,25.863919523654,
    160.3459134377));
#855 = CARTESIAN_POINT('',(56.720895758603,25.969564455689,
    159.59501763348));
#856 = CARTESIAN_POINT('',(56.91449657448,26.078254857767,
    158.84372271105));
#857 = CARTESIAN_POINT('',(57.09386942082,26.186892878971,
    158.09047227007));
#858 = CARTESIAN_POINT('',(57.261967965578,26.294806535,157.33587567962)
  );
#859 = CARTESIAN_POINT('',(57.491614003989,26.450822757092,
    156.21752409084));
#860 = CARTESIAN_POINT('',(57.562548546042,26.500443523072,
    155.85728619054));
#861 = CARTESIAN_POINT('',(57.630389172964,26.549210293891,
    155.49852892208));
#862 = CARTESIAN_POINT('',(57.695421649132,26.597159881133,
    155.14084217306));
#863 = CARTESIAN_POINT('',(57.75788549623,26.644321884684,
    154.78381467599));
#864 = CARTESIAN_POINT('',(57.817973993251,26.690718692741,
    154.42703400822));
#865 = CARTESIAN_POINT('',(57.875834176494,26.736365481807,
    154.07008659201));
#866 = CARTESIAN_POINT('',(58.026677191148,26.857902211058,
    153.10241819517));
#867 = CARTESIAN_POINT('',(58.114188334077,26.931356199548,
    152.49129819929));
#868 = CARTESIAN_POINT('',(58.199939777404,27.00525079478,
    151.87990515731));
#869 = CARTESIAN_POINT('',(58.277084586454,27.074578214398,
    151.26735041024));
#870 = CARTESIAN_POINT('',(58.343399263968,27.13736886353,
    150.65334194748));
#871 = CARTESIAN_POINT('',(58.407173363493,27.198874651713,
    150.03894753602));
#872 = CARTESIAN_POINT('',(58.481678835007,27.268271044288,
    149.42592822095));
#873 = CARTESIAN_POINT('',(58.673037440331,27.44429831311,
    148.07424716018));
#874 = CARTESIAN_POINT('',(58.782885730095,27.542828426658,
    147.43837455518));
#875 = CARTESIAN_POINT('',(58.910809365364,27.661135319258,
    146.79385267994));
#876 = CARTESIAN_POINT('',(59.072918317072,27.805498063395,
    146.09644621161));
#877 = CARTESIAN_POINT('',(59.291786838095,28.004301476749,
    145.35817584803));
#878 = CARTESIAN_POINT('',(59.557863441749,28.273994420122,
    144.64910647108));
#879 = CARTESIAN_POINT('',(59.799950663537,28.560614355062,
    144.09378543052));
#880 = CARTESIAN_POINT('',(59.915814115198,28.699979926045,
    143.84251254701));
#881 = FACE_BOUND('',#882,.F.);
#882 = EDGE_LOOP('',(#883));
#883 = ORIENTED_EDGE('',*,*,#884,.T.);
#884 = EDGE_CURVE('',#885,#885,#887,.T.);
#885 = VERTEX_POINT('',#886);
#886 = CARTESIAN_POINT('',(127.0153225213,47.583615283097,
    118.88788294683));
#887 = B_SPLINE_CURVE_WITH_KNOTS('',8,(#888,#889,#890,#891,#892,#893,
    #894,#895,#896,#897,#898,#899,#900,#901,#902,#903,#904,#905,#906,
    #907,#908,#909,#910,#911,#912,#913,#914,#915,#916,#917,#918,#919,
    #920,#921,#922,#923,#924,#925,#926,#927,#928,#929,#930,#931,#932,
    #933,#934,#935,#936,#937,#938,#939,#940,#941,#942,#943,#944,#945,
    #946,#947,#948,#949,#950,#951,#952,#953,#954,#955,#956,#957,#958,
    #959,#960,#961,#962,#963,#964,#965,#966,#967,#968,#969,#970,#971,
    #972,#973),.UNSPECIFIED.,.T.,.F.,(9,7,7,7,7,7,7,7,7,7,7,7,9),(0.,
    0.130610660124,0.192348499748,0.252989370049,0.362763774775,
    0.537250190445,0.602606047412,0.663914943236,0.71225624076,
    0.722196794485,0.815568166652,0.89728158401,1.),.UNSPECIFIED.);
#888 = CARTESIAN_POINT('',(127.0153225213,47.583615283097,
    118.88788294683));
#889 = CARTESIAN_POINT('',(126.88519093128,47.628054228841,
    118.6518988481));
#890 = CARTESIAN_POINT('',(126.74295098705,47.671534825867,
    118.4210033692));
#891 = CARTESIAN_POINT('',(126.58814337261,47.714124493852,
    118.19337959749));
#892 = CARTESIAN_POINT('',(126.41921211649,47.755192806545,
    117.9689901797));
#893 = CARTESIAN_POINT('',(126.23350459179,47.793411491773,
    117.74957732194));
#894 = CARTESIAN_POINT('',(126.02727151618,47.826754431438,
    117.53866278971));
#895 = CARTESIAN_POINT('',(125.79566695188,47.852497661517,
    117.34154790784));
#896 = CARTESIAN_POINT('',(125.40847032407,47.874178119564,
    117.08201003956));
#897 = CARTESIAN_POINT('',(125.27701506264,47.878548169458,
    117.00348072445));
#898 = CARTESIAN_POINT('',(125.13808855979,47.879791413002,
    116.93098807147));
#899 = CARTESIAN_POINT('',(124.9917350251,47.877277670191,
    116.86614036405));
#900 = CARTESIAN_POINT('',(124.83840961113,47.870336581137,
    116.81071365442));
#901 = CARTESIAN_POINT('',(124.67908976018,47.858356968664,
    116.76639425412));
#902 = CARTESIAN_POINT('',(124.51542604008,47.840963581312,
    116.73442732492));
#903 = CARTESIAN_POINT('',(124.18738123012,47.796041341347,
    116.69622931427));
#904 = CARTESIAN_POINT('',(124.02361770462,47.76865182587,
    116.68993131744));
#905 = CARTESIAN_POINT('',(123.86097581642,47.736565025423,
    116.69577531102));
#906 = CARTESIAN_POINT('',(123.70132256011,47.700271168399,
    116.7130260363));
#907 = CARTESIAN_POINT('',(123.54605891506,47.660318265709,
    116.74070079565));
#908 = CARTESIAN_POINT('',(123.39611984538,47.617312110787,
    116.77756945256));
#909 = CARTESIAN_POINT('',(123.25197429993,47.571916279588,
    116.8221544316));
#910 = CARTESIAN_POINT('',(122.86318044365,47.439654822,116.96428583222)
  );
#911 = CARTESIAN_POINT('',(122.61144789429,47.341712125574,
    117.08372631505));
#912 = CARTESIAN_POINT('',(122.35990356454,47.230727008465,
    117.2320817279));
#913 = CARTESIAN_POINT('',(122.10896591554,47.10659897605,
    117.41181302039));
#914 = CARTESIAN_POINT('',(121.85836596901,46.968560720522,
    117.62678410352));
#915 = CARTESIAN_POINT('',(121.6078223239,46.815272090482,
    117.88268780579));
#916 = CARTESIAN_POINT('',(121.35802108987,46.645871381534,
    118.18792621265));
#917 = CARTESIAN_POINT('',(120.72069243934,46.169694873175,
    119.13832236858));
#918 = CARTESIAN_POINT('',(120.43108626919,45.910949733255,
    119.74064837731));
#919 = CARTESIAN_POINT('',(120.18969310386,45.673253499236,
    120.37157877599));
#920 = CARTESIAN_POINT('',(120.01105747686,45.486255197931,
    121.02806395082));
#921 = CARTESIAN_POINT('',(119.8949205037,45.357235803963,
    121.71204392527));
#922 = CARTESIAN_POINT('',(119.84255907571,45.317353586125,
    122.41035147656));
#923 = CARTESIAN_POINT('',(119.90207408651,45.447095928808,
    123.08518737014));
#924 = CARTESIAN_POINT('',(120.27379170496,45.862613051572,
    123.96263026112));
#925 = CARTESIAN_POINT('',(120.40112210067,45.996418881653,
    124.19029345823));
#926 = CARTESIAN_POINT('',(120.55319248896,46.144099112706,
    124.40626779552));
#927 = CARTESIAN_POINT('',(120.728391295,46.299638285226,124.61072541909
    ));
#928 = CARTESIAN_POINT('',(120.92479452261,46.457710507045,
    124.80426374245));
#929 = CARTESIAN_POINT('',(121.14016575431,46.613679453331,
    124.98790544662));
#930 = CARTESIAN_POINT('',(121.37195615127,46.763598366589,
    125.16309848004));
#931 = CARTESIAN_POINT('',(121.84746031372,47.036114798764,
    125.48989251046));
#932 = CARTESIAN_POINT('',(122.08988357964,47.16015581781,
    125.64191582001));
#933 = CARTESIAN_POINT('',(122.34334150874,47.274404164317,
    125.78895301188));
#934 = CARTESIAN_POINT('',(122.60673201763,47.377429720192,
    125.93163954805));
#935 = CARTESIAN_POINT('',(122.87923102908,47.468120334175,
    126.06997216022));
#936 = CARTESIAN_POINT('',(123.16026388378,47.545586903176,
    126.20338323543));
#937 = CARTESIAN_POINT('',(123.44963273096,47.609029428099,
    126.33065133934));
#938 = CARTESIAN_POINT('',(123.9834946049,47.695609471979,
    126.54285738646));
#939 = CARTESIAN_POINT('',(124.22275274413,47.724144051203,
    126.63034208489));
#940 = CARTESIAN_POINT('',(124.46810953983,47.743109855966,
    126.71147171878));
#941 = CARTESIAN_POINT('',(124.72052093897,47.751769528706,
    126.78446429791));
#942 = CARTESIAN_POINT('',(124.97965921793,47.74906929983,
    126.84620615506));
#943 = CARTESIAN_POINT('',(125.24401969177,47.734072656941,
    126.89194594336));
#944 = CARTESIAN_POINT('',(125.51098184235,47.706436097087,
    126.9151974806));
#945 = CARTESIAN_POINT('',(125.83126351514,47.658918819025,
    126.90716107681));
#946 = CARTESIAN_POINT('',(125.88571221789,47.650334800393,
    126.90453132525));
#947 = CARTESIAN_POINT('',(125.93990292009,47.641289123577,126.900583842
    ));
#948 = CARTESIAN_POINT('',(125.99375180408,47.631804876571,
    126.89527091297));
#949 = CARTESIAN_POINT('',(126.04717068927,47.621910422826,
    126.88855577926));
#950 = CARTESIAN_POINT('',(126.10006703212,47.611639401246,
    126.88041263721));
#951 = CARTESIAN_POINT('',(126.15234392616,47.60103072619,
    126.87082663834));
#952 = CARTESIAN_POINT('',(126.6881659702,47.487725071528,
    126.75616355494));
#953 = CARTESIAN_POINT('',(127.06199916857,47.369298799203,
    126.53519210793));
#954 = CARTESIAN_POINT('',(127.32872625453,47.267090751917,
    126.2283618768));
#955 = CARTESIAN_POINT('',(127.52579921193,47.191778034146,
    125.89100568266));
#956 = CARTESIAN_POINT('',(127.66871597546,47.134752876867,
    125.54443911946));
#957 = CARTESIAN_POINT('',(127.77621508558,47.09448679776,
    125.20601027154));
#958 = CARTESIAN_POINT('',(127.85863342923,47.065017258855,
    124.86805753791));
#959 = CARTESIAN_POINT('',(127.97568305095,47.029545664882,
    124.19671300384));
#960 = CARTESIAN_POINT('',(128.01274368156,47.021749173787,
    123.88166949824));
#961 = CARTESIAN_POINT('',(128.03447366617,47.021914613587,
    123.56556799846));
#962 = CARTESIAN_POINT('',(128.0426555358,47.029295447206,
    123.24896797274));
#963 = CARTESIAN_POINT('',(128.03861767083,47.04319504412,
    122.93232450166));
#964 = CARTESIAN_POINT('',(128.0232343009,47.062966680361,
    122.61598827814));
#965 = CARTESIAN_POINT('',(127.99692550501,47.088013538512,
    122.3002056074));
#966 = CARTESIAN_POINT('',(127.91280884545,47.15521778992,
    121.58903586426));
#967 = CARTESIAN_POINT('',(127.84854886606,47.199999035407,
    121.19433796811));
#968 = CARTESIAN_POINT('',(127.76616481387,47.252023738172,
    120.8012023278));
#969 = CARTESIAN_POINT('',(127.66434244576,47.310706347671,120.410130962
    ));
#970 = CARTESIAN_POINT('',(127.54116573489,47.374984468816,
    120.02195029879));
#971 = CARTESIAN_POINT('',(127.39411687067,47.443318861976,
    119.63781117568));
#972 = CARTESIAN_POINT('',(127.22007625882,47.513693442976,
    119.25918883958));
#973 = CARTESIAN_POINT('',(127.0153225213,47.583615283097,
    118.88788294683));
#974 = B_SPLINE_SURFACE_WITH_KNOTS('',3,3,(
    (#975,#976,#977,#978,#979,#980,#981,#982,#983,#984,#985,#986,#987
      ,#988,#989,#990,#991,#992,#993,#994,#995,#996,#997,#998,#999,#1000
      ,#1001,#1002,#1003,#1004,#1005,#1006,#1007,#1008,#1009,#1010,#1011
      ,#1012,#1013,#1014,#1015,#1016,#1017,#1018,#1019,#1020,#1021,#1022
      ,#1023,#1024,#1025,#1026,#1027,#1028,#1029,#1030,#1031,#1032,#1033
      ,#1034,#1035,#1036,#1037,#1038,#1039,#1040,#1041,#1042,#1043,#1044
      ,#1045,#1046,#1047,#1048,#1049,#1050,#1051,#1052,#1053,#1054,#1055
      ,#1056,#1057,#1058,#1059,#1060,#1061,#1062,#1063,#1064,#1065,#1066
      ,#1067)
    ,(#1068,#1069,#1070,#1071,#1072,#1073,#1074,#1075,#1076,#1077,#1078
      ,#1079,#1080,#1081,#1082,#1083,#1084,#1085,#1086,#1087,#1088,#1089
      ,#1090,#1091,#1092,#1093,#1094,#1095,#1096,#1097,#1098,#1099,#1100
      ,#1101,#1102,#1103,#1104,#1105,#1106,#1107,#1108,#1109,#1110,#1111
      ,#1112,#1113,#1114,#1115,#1116,#1117,#1118,#1119,#1120,#1121,#1122
      ,#1123,#1124,#1125,#1126,#1127,#1128,#1129,#1130,#1131,#1132,#1133
      ,#1134,#1135,#1136,#1137,#1138,#1139,#1140,#1141,#1142,#1143,#1144
      ,#1145,#1146,#1147,#1148,#1149,#1150,#1151,#1152,#1153,#1154,#1155
      ,#1156,#1157,#1158,#1159,#1160)
    ,(#1161,#1162,#1163,#1164,#1165,#1166,#1167,#1168,#1169,#1170,#1171
      ,#1172,#1173,#1174,#1175,#1176,#1177,#1178,#1179,#1180,#1181,#1182
      ,#1183,#1184,#1185,#1186,#1187,#1188,#1189,#1190,#1191,#1192,#1193
      ,#1194,#1195,#1196,#1197,#1198,#1199,#1200,#1201,#1202,#1203,#1204
      ,#1205,#1206,#1207,#1208,#1209,#1210,#1211,#1212,#1213,#1214,#1215
      ,#1216,#1217,#1218,#1219,#1220,#1221,#1222,#1223,#1224,#1225,#1226
      ,#1227,#1228,#1229,#1230,#1231,#1232,#1233,#1234,#1235,#1236,#1237
      ,#1238,#1239,#1240,#1241,#1242,#1243,#1244,#1245,#1246,#1247,#1248
      ,#1249,#1250,#1251,#1252,#1253)
    ,(#1254,#1255,#1256,#1257,#1258,#1259,#1260,#1261,#1262,#1263,#1264
      ,#1265,#1266,#1267,#1268,#1269,#1270,#1271,#1272,#1273,#1274,#1275
      ,#1276,#1277,#1278,#1279,#1280,#1281,#1282,#1283,#1284,#1285,#1286
      ,#1287,#1288,#1289,#1290,#1291,#1292,#1293,#1294,#1295,#1296,#1297
      ,#1298,#1299,#1300,#1301,#1302,#1303,#1304,#1305,#1306,#1307,#1308
      ,#1309,#1310,#1311,#1312,#1313,#1314,#1315,#1316,#1317,#1318,#1319
      ,#1320,#1321,#1322,#1323,#1324,#1325,#1326,#1327,#1328,#1329,#1330
      ,#1331,#1332,#1333,#1334,#1335,#1336,#1337,#1338,#1339,#1340,#1341
      ,#1342,#1343,#1344,#1345,#1346)
    ,(#1347,#1348,#1349,#1350,#1351,#1352,#1353,#1354,#1355,#1356,#1357
      ,#1358,#1359,#1360,#1361,#1362,#1363,#1364,#1365,#1366,#1367,#1368
      ,#1369,#1370,#1371,#1372,#1373,#1374,#1375,#1376,#1377,#1378,#1379
      ,#1380,#1381,#1382,#1383,#1384,#1385,#1386,#1387,#1388,#1389,#1390
      ,#1391,#1392,#1393,#1394,#1395,#1396,#1397,#1398,#1399,#1400,#1401
      ,#1402,#1403,#1404,#1405,#1406,#1407,#1408,#1409,#1410,#1411,#1412
      ,#1413,#1414,#1415,#1416,#1417,#1418,#1419,#1420,#1421,#1422,#1423
      ,#1424,#1425,#1426,#1427,#1428,#1429,#1430,#1431,#1432,#1433,#1434
      ,#1435,#1436,#1437,#1438,#1439)
    ,(#1440,#1441,#1442,#1443,#1444,#1445,#1446,#1447,#1448,#1449,#1450
      ,#1451,#1452,#1453,#1454,#1455,#1456,#1457,#1458,#1459,#1460,#1461
      ,#1462,#1463,#1464,#1465,#1466,#1467,#1468,#1469,#1470,#1471,#1472
      ,#1473,#1474,#1475,#1476,#1477,#1478,#1479,#1480,#1481,#1482,#1483
      ,#1484,#1485,#1486,#1487,#1488,#1489,#1490,#1491,#1492,#1493,#1494
      ,#1495,#1496,#1497,#1498,#1499,#1500,#1501,#1502,#1503,#1504,#1505
      ,#1506,#1507,#1508,#1509,#1510,#1511,#1512,#1513,#1514,#1515,#1516
      ,#1517,#1518,#1519,#1520,#1521,#1522,#1523,#1524,#1525,#1526,#1527
      ,#1528,#1529,#1530,#1531,#1532)
    ,(#1533,#1534,#1535,#1536,#1537,#1538,#1539,#1540,#1541,#1542,#1543
      ,#1544,#1545,#1546,#1547,#1548,#1549,#1550,#1551,#1552,#1553,#1554
      ,#1555,#1556,#1557,#1558,#1559,#1560,#1561,#1562,#1563,#1564,#1565
      ,#1566,#1567,#1568,#1569,#1570,#1571,#1572,#1573,#1574,#1575,#1576
      ,#1577,#1578,#1579,#1580,#1581,#1582,#1583,#1584,#1585,#1586,#1587
      ,#1588,#1589,#1590,#1591,#1592,#1593,#1594,#1595,#1596,#1597,#1598
      ,#1599,#1600,#1601,#1602,#1603,#1604,#1605,#1606,#1607,#1608,#1609
      ,#1610,#1611,#1612,#1613,#1614,#1615,#1616,#1617,#1618,#1619,#1620
      ,#1621,#1622,#1623,#1624,#1625)
    ,(#1626,#1627,#1628,#1629,#1630,#1631,#1632,#1633,#1634,#1635,#1636
      ,#1637,#1638,#1639,#1640,#1641,#1642,#1643,#1644,#1645,#1646,#1647
      ,#1648,#1649,#1650,#1651,#1652,#1653,#1654,#1655,#1656,#1657,#1658
      ,#1659,#1660,#1661,#1662,#1663,#1664,#1665,#1666,#1667,#1668,#1669
      ,#1670,#1671,#1672,#1673,#1674,#1675,#1676,#1677,#1678,#1679,#1680
      ,#1681,#1682,#1683,#1684,#1685,#1686,#1687,#1688,#1689,#1690,#1691
      ,#1692,#1693,#1694,#1695,#1696,#1697,#1698,#1699,#1700,#1701,#1702
      ,#1703,#1704,#1705,#1706,#1707,#1708,#1709,#1710,#1711,#1712,#1713
      ,#1714,#1715,#1716,#1717,#1718)
    ,(#1719,#1720,#1721,#1722,#1723,#1724,#1725,#1726,#1727,#1728,#1729
      ,#1730,#1731,#1732,#1733,#1734,#1735,#1736,#1737,#1738,#1739,#1740
      ,#1741,#1742,#1743,#1744,#1745,#1746,#1747,#1748,#1749,#1750,#1751
      ,#1752,#1753,#1754,#1755,#1756,#1757,#1758,#1759,#1760,#1761,#1762
      ,#1763,#1764,#1765,#1766,#1767,#1768,#1769,#1770,#1771,#1772,#1773
      ,#1774,#1775,#1776,#1777,#1778,#1779,#1780,#1781,#1782,#1783,#1784
      ,#1785,#1786,#1787,#1788,#1789,#1790,#1791,#1792,#1793,#1794,#1795
      ,#1796,#1797,#1798,#1799,#1800,#1801,#1802,#1803,#1804,#1805,#1806
      ,#1807,#1808,#1809,#1810,#1811)
    ,(#1812,#1813,#1814,#1815,#1816,#1817,#1818,#1819,#1820,#1821,#1822
      ,#1823,#1824,#1825,#1826,#1827,#1828,#1829,#1830,#1831,#1832,#1833
      ,#1834,#1835,#1836,#1837,#1838,#1839,#1840,#1841,#1842,#1843,#1844
      ,#1845,#1846,#1847,#1848,#1849,#1850,#1851,#1852,#1853,#1854,#1855
      ,#1856,#1857,#1858,#1859,#1860,#1861,#1862,#1863,#1864,#1865,#1866
      ,#1867,#1868,#1869,#1870,#1871,#1872,#1873,#1874,#1875,#1876,#1877
      ,#1878,#1879,#1880,#1881,#1882,#1883,#1884,#1885,#1886,#1887,#1888
      ,#1889,#1890,#1891,#1892,#1893,#1894,#1895,#1896,#1897,#1898,#1899
      ,#1900,#1901,#1902,#1903,#1904)
    ,(#1905,#1906,#1907,#1908,#1909,#1910,#1911,#1912,#1913,#1914,#1915
      ,#1916,#1917,#1918,#1919,#1920,#1921,#1922,#1923,#1924,#1925,#1926
      ,#1927,#1928,#1929,#1930,#1931,#1932,#1933,#1934,#1935,#1936,#1937
      ,#1938,#1939,#1940,#1941,#1942,#1943,#1944,#1945,#1946,#1947,#1948
      ,#1949,#1950,#1951,#1952,#1953,#1954,#1955,#1956,#1957,#1958,#1959
      ,#1960,#1961,#1962,#1963,#1964,#1965,#1966,#1967,#1968,#1969,#1970
      ,#1971,#1972,#1973,#1974,#1975,#1976,#1977,#1978,#1979,#1980,#1981
      ,#1982,#1983,#1984,#1985,#1986,#1987,#1988,#1989,#1990,#1991,#1992
      ,#1993,#1994,#1995,#1996,#1997)
    ,(#1998,#1999,#2000,#2001,#2002,#2003,#2004,#2005,#2006,#2007,#2008
      ,#2009,#2010,#2011,#2012,#2013,#2014,#2015,#2016,#2017,#2018,#2019
      ,#2020,#2021,#2022,#2023,#2024,#2025,#2026,#2027,#2028,#2029,#2030
      ,#2031,#2032,#2033,#2034,#2035,#2036,#2037,#2038,#2039,#2040,#2041
      ,#2042,#2043,#2044,#2045,#2046,#2047,#2048,#2049,#2050,#2051,#2052
      ,#2053,#2054,#2055,#2056,#2057,#2058,#2059,#2060,#2061,#2062,#2063
      ,#2064,#2065,#2066,#2067,#2068,#2069,#2070,#2071,#2072,#2073,#2074
      ,#2075,#2076,#2077,#2078,#2079,#2080,#2081,#2082,#2083,#2084,#2085
      ,#2086,#2087,#2088,#2089,#2090)
    ,(#2091,#2092,#2093,#2094,#2095,#2096,#2097,#2098,#2099,#2100,#2101
      ,#2102,#2103,#2104,#2105,#2106,#2107,#2108,#2109,#2110,#2111,#2112
      ,#2113,#2114,#2115,#2116,#2117,#2118,#2119,#2120,#2121,#2122,#2123
      ,#2124,#2125,#2126,#2127,#2128,#2129,#2130,#2131,#2132,#2133,#2134
      ,#2135,#2136,#2137,#2138,#2139,#2140,#2141,#2142,#2143,#2144,#2145
      ,#2146,#2147,#2148,#2149,#2150,#2151,#2152,#2153,#2154,#2155,#2156
      ,#2157,#2158,#2159,#2160,#2161,#2162,#2163,#2164,#2165,#2166,#2167
      ,#2168,#2169,#2170,#2171,#2172,#2173,#2174,#2175,#2176,#2177,#2178
      ,#2179,#2180,#2181,#2182,#2183)
    ,(#2184,#2185,#2186,#2187,#2188,#2189,#2190,#2191,#2192,#2193,#2194
      ,#2195,#2196,#2197,#2198,#2199,#2200,#2201,#2202,#2203,#2204,#2205
      ,#2206,#2207,#2208,#2209,#2210,#2211,#2212,#2213,#2214,#2215,#2216
      ,#2217,#2218,#2219,#2220,#2221,#2222,#2223,#2224,#2225,#2226,#2227
      ,#2228,#2229,#2230,#2231,#2232,#2233,#2234,#2235,#2236,#2237,#2238
      ,#2239,#2240,#2241,#2242,#2243,#2244,#2245,#2246,#2247,#2248,#2249
      ,#2250,#2251,#2252,#2253,#2254,#2255,#2256,#2257,#2258,#2259,#2260
      ,#2261,#2262,#2263,#2264,#2265,#2266,#2267,#2268,#2269,#2270,#2271
      ,#2272,#2273,#2274,#2275,#2276)
    ,(#2277,#2278,#2279,#2280,#2281,#2282,#2283,#2284,#2285,#2286,#2287
      ,#2288,#2289,#2290,#2291,#2292,#2293,#2294,#2295,#2296,#2297,#2298
      ,#2299,#2300,#2301,#2302,#2303,#2304,#2305,#2306,#2307,#2308,#2309
      ,#2310,#2311,#2312,#2313,#2314,#2315,#2316,#2317,#2318,#2319,#2320
      ,#2321,#2322,#2323,#2324,#2325,#2326,#2327,#2328,#2329,#2330,#2331
      ,#2332,#2333,#2334,#2335,#2336,#2337,#2338,#2339,#2340,#2341,#2342
      ,#2343,#2344,#2345,#2346,#2347,#2348,#2349,#2350,#2351,#2352,#2353
      ,#2354,#2355,#2356,#2357,#2358,#2359,#2360,#2361,#2362,#2363,#2364
      ,#2365,#2366,#2367,#2368,#2369)
    ,(#2370,#2371,#2372,#2373,#2374,#2375,#2376,#2377,#2378,#2379,#2380
      ,#2381,#2382,#2383,#2384,#2385,#2386,#2387,#2388,#2389,#2390,#2391
      ,#2392,#2393,#2394,#2395,#2396,#2397,#2398,#2399,#2400,#2401,#2402
      ,#2403,#2404,#2405,#2406,#2407,#2408,#2409,#2410,#2411,#2412,#2413
      ,#2414,#2415,#2416,#2417,#2418,#2419,#2420,#2421,#2422,#2423,#2424
      ,#2425,#2426,#2427,#2428,#2429,#2430,#2431,#2432,#2433,#2434,#2435
      ,#2436,#2437,#2438,#2439,#2440,#2441,#2442,#2443,#2444,#2445,#2446
      ,#2447,#2448,#2449,#2450,#2451,#2452,#2453,#2454,#2455,#2456,#2457
      ,#2458,#2459,#2460,#2461,#2462)
    ,(#2463,#2464,#2465,#2466,#2467,#2468,#2469,#2470,#2471,#2472,#2473
      ,#2474,#2475,#2476,#2477,#2478,#2479,#2480,#2481,#2482,#2483,#2484
      ,#2485,#2486,#2487,#2488,#2489,#2490,#2491,#2492,#2493,#2494,#2495
      ,#2496,#2497,#2498,#2499,#2500,#2501,#2502,#2503,#2504,#2505,#2506
      ,#2507,#2508,#2509,#2510,#2511,#2512,#2513,#2514,#2515,#2516,#2517
      ,#2518,#2519,#2520,#2521,#2522,#2523,#2524,#2525,#2526,#2527,#2528
      ,#2529,#2530,#2531,#2532,#2533,#2534,#2535,#2536,#2537,#2538,#2539
      ,#2540,#2541,#2542,#2543,#2544,#2545,#2546,#2547,#2548,#2549,#2550
      ,#2551,#2552,#2553,#2554,#2555)
    ,(#2556,#2557,#2558,#2559,#2560,#2561,#2562,#2563,#2564,#2565,#2566
      ,#2567,#2568,#2569,#2570,#2571,#2572,#2573,#2574,#2575,#2576,#2577
      ,#2578,#2579,#2580,#2581,#2582,#2583,#2584,#2585,#2586,#2587,#2588
      ,#2589,#2590,#2591,#2592,#2593,#2594,#2595,#2596,#2597,#2598,#2599
      ,#2600,#2601,#2602,#2603,#2604,#2605,#2606,#2607,#2608,#2609,#2610
      ,#2611,#2612,#2613,#2614,#2615,#2616,#2617,#2618,#2619,#2620,#2621
      ,#2622,#2623,#2624,#2625,#2626,#2627,#2628,#2629,#2630,#2631,#2632
      ,#2633,#2634,#2635,#2636,#2637,#2638,#2639,#2640,#2641,#2642,#2643
      ,#2644,#2645,#2646,#2647,#2648)
    ,(#2649,#2650,#2651,#2652,#2653,#2654,#2655,#2656,#2657,#2658,#2659
      ,#2660,#2661,#2662,#2663,#2664,#2665,#2666,#2667,#2668,#2669,#2670
      ,#2671,#2672,#2673,#2674,#2675,#2676,#2677,#2678,#2679,#2680,#2681
      ,#2682,#2683,#2684,#2685,#2686,#2687,#2688,#2689,#2690,#2691,#2692
      ,#2693,#2694,#2695,#2696,#2697,#2698,#2699,#2700,#2701,#2702,#2703
      ,#2704,#2705,#2706,#2707,#2708,#2709,#2710,#2711,#2712,#2713,#2714
      ,#2715,#2716,#2717,#2718,#2719,#2720,#2721,#2722,#2723,#2724,#2725
      ,#2726,#2727,#2728,#2729,#2730,#2731,#2732,#2733,#2734,#2735,#2736
      ,#2737,#2738,#2739,#2740,#2741)
    ,(#2742,#2743,#2744,#2745,#2746,#2747,#2748,#2749,#2750,#2751,#2752
      ,#2753,#2754,#2755,#2756,#2757,#2758,#2759,#2760,#2761,#2762,#2763
      ,#2764,#2765,#2766,#2767,#2768,#2769,#2770,#2771,#2772,#2773,#2774
      ,#2775,#2776,#2777,#2778,#2779,#2780,#2781,#2782,#2783,#2784,#2785
      ,#2786,#2787,#2788,#2789,#2790,#2791,#2792,#2793,#2794,#2795,#2796
      ,#2797,#2798,#2799,#2800,#2801,#2802,#2803,#2804,#2805,#2806,#2807
      ,#2808,#2809,#2810,#2811,#2812,#2813,#2814,#2815,#2816,#2817,#2818
      ,#2819,#2820,#2821,#2822,#2823,#2824,#2825,#2826,#2827,#2828,#2829
      ,#2830,#2831,#2832,#2833,#2834)
    ,(#2835,#2836,#2837,#2838,#2839,#2840,#2841,#2842,#2843,#2844,#2845
      ,#2846,#2847,#2848,#2849,#2850,#2851,#2852,#2853,#2854,#2855,#2856
      ,#2857,#2858,#2859,#2860,#2861,#2862,#2863,#2864,#2865,#2866,#2867
      ,#2868,#2869,#2870,#2871,#2872,#2873,#2874,#2875,#2876,#2877,#2878
      ,#2879,#2880,#2881,#2882,#2883,#2884,#2885,#2886,#2887,#2888,#2889
      ,#2890,#2891,#2892,#2893,#2894,#2895,#2896,#2897,#2898,#2899,#2900
      ,#2901,#2902,#2903,#2904,#2905,#2906,#2907,#2908,#2909,#2910,#2911
      ,#2912,#2913,#2914,#2915,#2916,#2917,#2918,#2919,#2920,#2921,#2922
      ,#2923,#2924,#2925,#2926,#2927)
    ,(#2928,#2929,#2930,#2931,#2932,#2933,#2934,#2935,#2936,#2937,#2938
      ,#2939,#2940,#2941,#2942,#2943,#2944,#2945,#2946,#2947,#2948,#2949
      ,#2950,#2951,#2952,#2953,#2954,#2955,#2956,#2957,#2958,#2959,#2960
      ,#2961,#2962,#2963,#2964,#2965,#2966,#2967,#2968,#2969,#2970,#2971
      ,#2972,#2973,#2974,#2975,#2976,#2977,#2978,#2979,#2980,#2981,#2982
      ,#2983,#2984,#2985,#2986,#2987,#2988,#2989,#2990,#2991,#2992,#2993
      ,#2994,#2995,#2996,#2997,#2998,#2999,#3000,#3001,#3002,#3003,#3004
      ,#3005,#3006,#3007,#3008,#3009,#3010,#3011,#3012,#3013,#3014,#3015
      ,#3016,#3017,#3018,#3019,#3020)
    ,(#3021,#3022,#3023,#3024,#3025,#3026,#3027,#3028,#3029,#3030,#3031
      ,#3032,#3033,#3034,#3035,#3036,#3037,#3038,#3039,#3040,#3041,#3042
      ,#3043,#3044,#3045,#3046,#3047,#3048,#3049,#3050,#3051,#3052,#3053
      ,#3054,#3055,#3056,#3057,#3058,#3059,#3060,#3061,#3062,#3063,#3064
      ,#3065,#3066,#3067,#3068,#3069,#3070,#3071,#3072,#3073,#3074,#3075
      ,#3076,#3077,#3078,#3079,#3080,#3081,#3082,#3083,#3084,#3085,#3086
      ,#3087,#3088,#3089,#3090,#3091,#3092,#3093,#3094,#3095,#3096,#3097
      ,#3098,#3099,#3100,#3101,#3102,#3103,#3104,#3105,#3106,#3107,#3108
      ,#3109,#3110,#3111,#3112,#3113)
    ,(#3114,#3115,#3116,#3117,#3118,#3119,#3120,#3121,#3122,#3123,#3124
      ,#3125,#3126,#3127,#3128,#3129,#3130,#3131,#3132,#3133,#3134,#3135
      ,#3136,#3137,#3138,#3139,#3140,#3141,#3142,#3143,#3144,#3145,#3146
      ,#3147,#3148,#3149,#3150,#3151,#3152,#3153,#3154,#3155,#3156,#3157
      ,#3158,#3159,#3160,#3161,#3162,#3163,#3164,#3165,#3166,#3167,#3168
      ,#3169,#3170,#3171,#3172,#3173,#3174,#3175,#3176,#3177,#3178,#3179
      ,#3180,#3181,#3182,#3183,#3184,#3185,#3186,#3187,#3188,#3189,#3190
      ,#3191,#3192,#3193,#3194,#3195,#3196,#3197,#3198,#3199,#3200,#3201
      ,#3202,#3203,#3204,#3205,#3206
    )),.UNSPECIFIED.,.F.,.T.,.F.,(4,1,1,1,1,1,1,1,1,1,1,1,1,1,1,1,1,1,1,
    1,1,4),(1,1,1,1,1,1,1,1,1,1,1,1,1,1,1,1,1,1,1,1,1,1,1,1,1,1,1,1,1,1,
    1,1,1,1,1,1,1,1,1,1,1,1,1,1,1,1,1,1,1,1,1,1,1,1,1,1,1,1,1,1,1,1,1,1,
    1,1,1,1,1,1,1,1,1,1,1,1,1,1,1,1,1,1,1,1,1,1,1,1,1,1,1,1,1,1,1,1,1),(
    0.,3.662222222222E-02,6.862222222222E-02,0.109511111111,
    0.155733333333,0.1984,0.255288888889,0.312177777778,0.3744,
    0.424177777778,0.475733333333,0.529066666667,0.573511111111,0.6304,
    0.683733333333,0.745955555556,0.792177777778,0.8384,0.881066666667,
    0.921955555556,0.957511111111,1.),(-3.,-2.,-1.,0.,1.,2.,3.,4.,5.,6.,
    7.,8.,9.,10.,11.,12.,13.,14.,15.,16.,17.,18.,19.,20.,21.,22.,23.,24.
    ,25.,26.,27.,28.,29.,30.,31.,32.,33.,34.,35.,36.,37.,38.,39.,40.,41.
    ,42.,43.,44.,45.,46.,47.,48.,49.,50.,51.,52.,53.,54.,55.,56.,57.,58.
    ,59.,60.,61.,62.,63.,64.,65.,66.,67.,68.,69.,70.,71.,72.,73.,74.,75.
    ,76.,77.,78.,79.,80.,81.,82.,83.,84.,85.,86.,87.,88.,89.,90.,91.,92.
    ,93.),.UNSPECIFIED.);
#975 = CARTESIAN_POINT('',(0.8,34.635633736188,184.71727183925));
#976 = CARTESIAN_POINT('',(0.8,34.494481472864,184.77763042679));
#977 = CARTESIAN_POINT('',(0.8,34.353427287296,184.7416100535));
#978 = CARTESIAN_POINT('',(0.8,34.176698557722,184.72344418625));
#979 = CARTESIAN_POINT('',(0.8,34.105659533086,184.55274123302));
#980 = CARTESIAN_POINT('',(0.8,34.066585432969,184.44725734924));
#981 = CARTESIAN_POINT('',(0.8,34.062165923121,184.30752716854));
#982 = CARTESIAN_POINT('',(0.8,34.117570426644,184.12192069712));
#983 = CARTESIAN_POINT('',(0.8,34.167144124243,184.02318205896));
#984 = CARTESIAN_POINT('',(0.8,34.181356261598,183.91090303396));
#985 = CARTESIAN_POINT('',(0.8,34.391673075467,183.81266525896));
#986 = CARTESIAN_POINT('',(0.8,34.394450937768,183.70543432865));
#987 = CARTESIAN_POINT('',(0.8,34.581206303063,183.65705508015));
#988 = CARTESIAN_POINT('',(0.8,34.666560868841,183.42285988065));
#989 = CARTESIAN_POINT('',(0.8,34.787354223269,183.45078969555));
#990 = CARTESIAN_POINT('',(0.8,34.903532926226,183.33327562622));
#991 = CARTESIAN_POINT('',(0.8,35.021357409426,183.26128615601));
#992 = CARTESIAN_POINT('',(0.8,35.155371490818,183.18419556685));
#993 = CARTESIAN_POINT('',(0.8,35.240967009109,183.1143287554));
#994 = CARTESIAN_POINT('',(0.8,35.379659543657,183.04852162724));
#995 = CARTESIAN_POINT('',(0.8,35.50606593593,182.98690447435));
#996 = CARTESIAN_POINT('',(0.8,35.64019321523,182.92968823792));
#997 = CARTESIAN_POINT('',(0.8,35.803675272998,182.87629483249));
#998 = CARTESIAN_POINT('',(0.8,35.928302784628,182.82658626719));
#999 = CARTESIAN_POINT('',(0.8,36.079415285439,182.7792158596));
#1000 = CARTESIAN_POINT('',(0.8,36.178137042785,182.73641150931));
#1001 = CARTESIAN_POINT('',(0.8,36.383423939584,182.68575392699));
#1002 = CARTESIAN_POINT('',(0.8,36.446459503414,182.6675072866));
#1003 = CARTESIAN_POINT('',(0.8,36.638158621027,182.52990835018));
#1004 = CARTESIAN_POINT('',(0.8,36.763806594338,182.50987073339));
#1005 = CARTESIAN_POINT('',(0.8,36.909800736959,182.45805280852));
#1006 = CARTESIAN_POINT('',(0.8,37.051592631277,182.42269602));
#1007 = CARTESIAN_POINT('',(0.8,37.188961210468,182.35583411284));
#1008 = CARTESIAN_POINT('',(0.8,37.341069538713,182.34467873755));
#1009 = CARTESIAN_POINT('',(0.8,37.462284435611,182.26595440778));
#1010 = CARTESIAN_POINT('',(0.8,37.613704212272,182.35310969782));
#1011 = CARTESIAN_POINT('',(0.8,37.78278875286,182.25886562274));
#1012 = CARTESIAN_POINT('',(0.8,37.8904669437,182.23445303325));
#1013 = CARTESIAN_POINT('',(0.8,38.121554875483,182.25044504472));
#1014 = CARTESIAN_POINT('',(0.8,38.161837290009,182.10924525483));
#1015 = CARTESIAN_POINT('',(0.8,38.453672860669,182.2210721983));
#1016 = CARTESIAN_POINT('',(0.8,38.447905048956,182.17786536707));
#1017 = CARTESIAN_POINT('',(0.8,38.750141970516,182.22232064614));
#1018 = CARTESIAN_POINT('',(0.8,38.750930701673,182.11172558793));
#1019 = CARTESIAN_POINT('',(0.8,38.979093695382,182.25202909768));
#1020 = CARTESIAN_POINT('',(0.8,39.082973363415,182.24207896105));
#1021 = CARTESIAN_POINT('',(0.8,39.210440973381,182.28820833823));
#1022 = CARTESIAN_POINT('',(0.8,39.306096170347,182.31878477654));
#1023 = CARTESIAN_POINT('',(0.8,39.524738101923,182.37110406055));
#1024 = CARTESIAN_POINT('',(0.8,39.579997448805,182.44812106992));
#1025 = CARTESIAN_POINT('',(0.8,39.723089324967,182.54903969879));
#1026 = CARTESIAN_POINT('',(0.8,39.756895619154,182.70307101326));
#1027 = CARTESIAN_POINT('',(0.8,39.780366572543,182.86428615014));
#1028 = CARTESIAN_POINT('',(0.8,39.705684122178,183.01590122971));
#1029 = CARTESIAN_POINT('',(0.8,39.625409205807,183.07469925737));
#1030 = CARTESIAN_POINT('',(0.8,39.540898430259,183.23464966285));
#1031 = CARTESIAN_POINT('',(0.8,39.451885040873,183.31534314908));
#1032 = CARTESIAN_POINT('',(0.8,39.286060336761,183.39935728649));
#1033 = CARTESIAN_POINT('',(0.8,39.186131673283,183.48154268798));
#1034 = CARTESIAN_POINT('',(0.8,39.046345244019,183.5569186904));
#1035 = CARTESIAN_POINT('',(0.8,38.908131783908,183.61367065742));
#1036 = CARTESIAN_POINT('',(0.8,38.7665049679,183.69233937921));
#1037 = CARTESIAN_POINT('',(0.8,38.62460736436,183.75771655342));
#1038 = CARTESIAN_POINT('',(0.8,38.491140337678,183.80875915003));
#1039 = CARTESIAN_POINT('',(0.8,38.356448654128,183.85615421621));
#1040 = CARTESIAN_POINT('',(0.8,38.127556939452,183.8824670347));
#1041 = CARTESIAN_POINT('',(0.8,38.099656706125,183.98674356263));
#1042 = CARTESIAN_POINT('',(0.8,37.859136624343,183.95176933179));
#1043 = CARTESIAN_POINT('',(0.8,37.735613965848,184.0082637832));
#1044 = CARTESIAN_POINT('',(0.8,37.618184158719,184.03295934458));
#1045 = CARTESIAN_POINT('',(0.8,37.453972272445,184.06694858063));
#1046 = CARTESIAN_POINT('',(0.8,37.334515545738,184.0883199709));
#1047 = CARTESIAN_POINT('',(0.8,37.187590748271,184.22587453551));
#1048 = CARTESIAN_POINT('',(0.8,37.047493910855,184.19987726113));
#1049 = CARTESIAN_POINT('',(0.8,36.909952996688,184.24884852008));
#1050 = CARTESIAN_POINT('',(0.8,36.776885036316,184.32962651626));
#1051 = CARTESIAN_POINT('',(0.8,36.596762161234,184.28710899581));
#1052 = CARTESIAN_POINT('',(0.8,36.579350426397,184.34962235573));
#1053 = CARTESIAN_POINT('',(0.8,36.329030604703,184.42028514352));
#1054 = CARTESIAN_POINT('',(0.8,36.210454106903,184.43550199883));
#1055 = CARTESIAN_POINT('',(0.8,36.10406777129,184.45424187621));
#1056 = CARTESIAN_POINT('',(0.8,35.944841888994,184.52566582712));
#1057 = CARTESIAN_POINT('',(0.8,35.801792319713,184.51487119735));
#1058 = CARTESIAN_POINT('',(0.8,35.663661380326,184.52109756885));
#1059 = CARTESIAN_POINT('',(0.8,35.488889733176,184.64502660029));
#1060 = CARTESIAN_POINT('',(0.8,35.365907542209,184.6485985667));
#1061 = CARTESIAN_POINT('',(0.8,35.224558083369,184.69302029542));
#1062 = CARTESIAN_POINT('',(0.8,35.104255098978,184.73895730539));
#1063 = CARTESIAN_POINT('',(0.8,34.921878313387,184.64555193621));
#1064 = CARTESIAN_POINT('',(0.8,34.790561419117,184.71108601791));
#1065 = CARTESIAN_POINT('',(0.8,34.635633736188,184.71727183925));
#1066 = CARTESIAN_POINT('',(0.8,34.494481472864,184.77763042679));
#1067 = CARTESIAN_POINT('',(0.8,34.353427287296,184.7416100535));
#1068 = CARTESIAN_POINT('',(3.088888888889,32.036176478566,
    186.24641926878));
#1069 = CARTESIAN_POINT('',(3.088888888889,31.775674452509,
    185.85352762126));
#1070 = CARTESIAN_POINT('',(3.088888888889,31.354421683833,
    185.89237853933));
#1071 = CARTESIAN_POINT('',(3.088888888889,31.429384239373,
    185.47147352096));
#1072 = CARTESIAN_POINT('',(3.088888888889,31.076689873386,
    185.37963884242));
#1073 = CARTESIAN_POINT('',(3.088888888889,31.26527627261,
    184.91570841589));
#1074 = CARTESIAN_POINT('',(3.088888888889,31.479071085385,
    184.62161127692));
#1075 = CARTESIAN_POINT('',(3.088888888889,31.670468683657,
    184.55324791976));
#1076 = CARTESIAN_POINT('',(3.088888888889,31.898143290665,
    184.2025024067));
#1077 = CARTESIAN_POINT('',(3.088888888889,32.448565697445,
    183.94314481487));
#1078 = CARTESIAN_POINT('',(3.088888888889,31.925535315952,
    183.67010293065));
#1079 = CARTESIAN_POINT('',(3.088888888889,32.853765145738,
    183.45232716676));
#1080 = CARTESIAN_POINT('',(3.088888888889,32.438769426667,
    183.07894682115));
#1081 = CARTESIAN_POINT('',(3.088888888889,32.953953177949,
    183.28764044297));
#1082 = CARTESIAN_POINT('',(3.088888888889,33.12483518736,
    182.75610986742));
#1083 = CARTESIAN_POINT('',(3.088888888889,33.392425976548,
    182.64884627521));
#1084 = CARTESIAN_POINT('',(3.088888888889,33.66102437427,
    182.42818755395));
#1085 = CARTESIAN_POINT('',(3.088888888889,33.865498718424,
    182.23869601193));
#1086 = CARTESIAN_POINT('',(3.088888888889,34.354584309698,
    182.0426689373));
#1087 = CARTESIAN_POINT('',(3.088888888889,34.560431481999,
    181.84931452459));
#1088 = CARTESIAN_POINT('',(3.088888888889,34.839057248273,181.659471365
    ));
#1089 = CARTESIAN_POINT('',(3.088888888889,35.125395250398,
    181.47096410263));
#1090 = CARTESIAN_POINT('',(3.088888888889,35.213597989932,
    181.28585605824));
#1091 = CARTESIAN_POINT('',(3.088888888889,35.554682036907,
    181.10289811789));
#1092 = CARTESIAN_POINT('',(3.088888888889,35.702171718671,
    180.9279070753));
#1093 = CARTESIAN_POINT('',(3.088888888889,36.269271525947,
    180.74310762181));
#1094 = CARTESIAN_POINT('',(3.088888888889,35.993600541158,
    180.62305128488));
#1095 = CARTESIAN_POINT('',(3.088888888889,36.81626345789,
    180.30313908979));
#1096 = CARTESIAN_POINT('',(3.088888888889,36.713166492398,
    180.76313889729));
#1097 = CARTESIAN_POINT('',(3.088888888889,37.166181689891,
    180.47519996909));
#1098 = CARTESIAN_POINT('',(3.088888888889,37.374666964573,
    180.40435271755));
#1099 = CARTESIAN_POINT('',(3.088888888889,37.644557950437,
    180.24314179851));
#1100 = CARTESIAN_POINT('',(3.088888888889,37.935157166464,
    180.30809138788));
#1101 = CARTESIAN_POINT('',(3.088888888889,38.162930659078,
    180.03778954709));
#1102 = CARTESIAN_POINT('',(3.088888888889,38.561763951041,
    180.23877972702));
#1103 = CARTESIAN_POINT('',(3.088888888889,38.835340662448,
    179.38561895017));
#1104 = CARTESIAN_POINT('',(3.088888888889,38.960205314376,
    179.75128144555));
#1105 = CARTESIAN_POINT('',(3.088888888889,39.511819475743,
    179.72895084985));
#1106 = CARTESIAN_POINT('',(3.088888888889,39.277185335931,
    179.5015942782));
#1107 = CARTESIAN_POINT('',(3.088888888889,40.265435629994,
    180.33663312687));
#1108 = CARTESIAN_POINT('',(3.088888888889,39.640749127057,
    179.61062001371));
#1109 = CARTESIAN_POINT('',(3.088888888889,40.920842801164,
    179.93423263225));
#1110 = CARTESIAN_POINT('',(3.088888888889,40.187093853802,
    179.74910602039));
#1111 = CARTESIAN_POINT('',(3.088888888889,41.491312117833,
    180.62540820585));
#1112 = CARTESIAN_POINT('',(3.088888888889,41.119066365025,
    179.95781272827));
#1113 = CARTESIAN_POINT('',(3.088888888889,41.674518481191,
    180.32171108097));
#1114 = CARTESIAN_POINT('',(3.088888888889,41.989927718113,
    180.42784922864));
#1115 = CARTESIAN_POINT('',(3.088888888889,42.43049868172,
    180.69887289338));
#1116 = CARTESIAN_POINT('',(3.088888888889,42.26142772405,
    180.96631281198));
#1117 = CARTESIAN_POINT('',(3.088888888889,42.888305266164,
    181.24192370116));
#1118 = CARTESIAN_POINT('',(3.088888888889,42.85442001701,
    181.52739938168));
#1119 = CARTESIAN_POINT('',(3.088888888889,43.175449562929,
    181.7400733922));
#1120 = CARTESIAN_POINT('',(3.088888888889,43.163519289594,
    182.00863043764));
#1121 = CARTESIAN_POINT('',(3.088888888889,43.360466593926,
    182.28462680792));
#1122 = CARTESIAN_POINT('',(3.088888888889,42.985661194705,
    182.93030913762));
#1123 = CARTESIAN_POINT('',(3.088888888889,42.818586464247,
    182.79377929401));
#1124 = CARTESIAN_POINT('',(3.088888888889,42.302245087754,
    183.0067536862));
#1125 = CARTESIAN_POINT('',(3.088888888889,42.383206985683,
    183.17260088268));
#1126 = CARTESIAN_POINT('',(3.088888888889,41.881814370318,
    183.35484679056));
#1127 = CARTESIAN_POINT('',(3.088888888889,41.617472164822,
    183.42563077914));
#1128 = CARTESIAN_POINT('',(3.088888888889,41.313549058994,
    183.90423337662));
#1129 = CARTESIAN_POINT('',(3.088888888889,41.001541347392,
    184.00773665259));
#1130 = CARTESIAN_POINT('',(3.088888888889,40.677282803286,
    184.20614564193));
#1131 = CARTESIAN_POINT('',(3.088888888889,40.278283197678,
    184.41851177064));
#1132 = CARTESIAN_POINT('',(3.088888888889,39.913109742865,
    184.5707129003));
#1133 = CARTESIAN_POINT('',(3.088888888889,40.191825638979,
    184.76954053044));
#1134 = CARTESIAN_POINT('',(3.088888888889,39.156251149056,
    184.37472948509));
#1135 = CARTESIAN_POINT('',(3.088888888889,39.499295778525,
    184.88975584768));
#1136 = CARTESIAN_POINT('',(3.088888888889,39.078826200471,
    184.7504079143));
#1137 = CARTESIAN_POINT('',(3.088888888889,38.667015346386,
    184.81497674861));
#1138 = CARTESIAN_POINT('',(3.088888888889,38.472393654713,
    184.81326239774));
#1139 = CARTESIAN_POINT('',(3.088888888889,38.029306829393,
    184.94461760739));
#1140 = CARTESIAN_POINT('',(3.088888888889,37.728010920021,
    184.27915149543));
#1141 = CARTESIAN_POINT('',(3.088888888889,37.391704654639,
    184.73398647075));
#1142 = CARTESIAN_POINT('',(3.088888888889,37.041702562464,
    184.75018073481));
#1143 = CARTESIAN_POINT('',(3.088888888889,36.665324602542,
    184.62610059981));
#1144 = CARTESIAN_POINT('',(3.088888888889,36.598408865935,
    185.34424593277));
#1145 = CARTESIAN_POINT('',(3.088888888889,35.506362465773,
    185.1761480367));
#1146 = CARTESIAN_POINT('',(3.088888888889,35.873772166723,
    185.12845804023));
#1147 = CARTESIAN_POINT('',(3.088888888889,35.417434415021,
    185.40046290819));
#1148 = CARTESIAN_POINT('',(3.088888888889,34.901681605282,
    185.5847500719));
#1149 = CARTESIAN_POINT('',(3.088888888889,34.69988566713,
    185.51318373262));
#1150 = CARTESIAN_POINT('',(3.088888888889,34.404476451306,
    185.85190447449));
#1151 = CARTESIAN_POINT('',(3.088888888889,34.09332982302,
    186.11058789008));
#1152 = CARTESIAN_POINT('',(3.088888888889,33.924798304708,
    185.59211666116));
#1153 = CARTESIAN_POINT('',(3.088888888889,33.539357237415,
    185.82953034845));
#1154 = CARTESIAN_POINT('',(3.088888888889,33.23570577122,185.7687001102
    ));
#1155 = CARTESIAN_POINT('',(3.088888888889,32.768047153775,
    185.70677926047));
#1156 = CARTESIAN_POINT('',(3.088888888889,32.789601671618,
    186.48125688889));
#1157 = CARTESIAN_POINT('',(3.088888888889,32.404565527389,
    186.21451066552));
#1158 = CARTESIAN_POINT('',(3.088888888889,32.036176478566,
    186.24641926878));
#1159 = CARTESIAN_POINT('',(3.088888888889,31.775674452509,
    185.85352762126));
#1160 = CARTESIAN_POINT('',(3.088888888889,31.354421683833,
    185.89237853933));
#1161 = CARTESIAN_POINT('',(7.377777777778,28.81660152294,
    187.73290322823));
#1162 = CARTESIAN_POINT('',(7.377777777778,28.131216196624,
    188.00758732609));
#1163 = CARTESIAN_POINT('',(7.377777777778,27.935294382941,
    187.75291161225));
#1164 = CARTESIAN_POINT('',(7.377777777778,27.041665512728,
    187.61242715224));
#1165 = CARTESIAN_POINT('',(7.377777777778,27.496710088678,
    187.30705274048));
#1166 = CARTESIAN_POINT('',(7.377777777778,27.486313411048,
    186.8003029775));
#1167 = CARTESIAN_POINT('',(7.377777777778,27.930027719743,
    186.32992372048));
#1168 = CARTESIAN_POINT('',(7.377777777778,28.243523782373,
    185.89181850383));
#1169 = CARTESIAN_POINT('',(7.377777777778,28.746870913501,
    185.45133058359));
#1170 = CARTESIAN_POINT('',(7.377777777778,28.894424530024,
    185.02291556275));
#1171 = CARTESIAN_POINT('',(7.377777777778,30.116281791264,
    184.58999221157));
#1172 = CARTESIAN_POINT('',(7.377777777778,29.454593884358,
    184.17425599762));
#1173 = CARTESIAN_POINT('',(7.377777777778,30.789881965473,
    183.69708399059));
#1174 = CARTESIAN_POINT('',(7.377777777778,30.566199734074,
    183.45249191775));
#1175 = CARTESIAN_POINT('',(7.377777777778,31.0283089582,182.86214971957
    ));
#1176 = CARTESIAN_POINT('',(7.377777777778,31.309173092871,
    182.49420000225));
#1177 = CARTESIAN_POINT('',(7.377777777778,31.619589932278,
    182.07282715132));
#1178 = CARTESIAN_POINT('',(7.377777777778,31.997885277381,
    181.6714705165));
#1179 = CARTESIAN_POINT('',(7.377777777778,32.093149435267,
    181.27050424886));
#1180 = CARTESIAN_POINT('',(7.377777777778,32.496566956603,
    180.87556556397));
#1181 = CARTESIAN_POINT('',(7.377777777778,32.848247757134,
    180.48379724924));
#1182 = CARTESIAN_POINT('',(7.377777777778,33.151647997824,
    180.09682348288));
#1183 = CARTESIAN_POINT('',(7.377777777778,33.730351996905,
    179.71340629056));
#1184 = CARTESIAN_POINT('',(7.377777777778,34.025539931264,
    179.33541675127));
#1185 = CARTESIAN_POINT('',(7.377777777778,34.605651411999,
    178.95672500941));
#1186 = CARTESIAN_POINT('',(7.377777777778,34.602558589196,
    178.60067526532));
#1187 = CARTESIAN_POINT('',(7.377777777778,35.82413478028,
    178.18613954131));
#1188 = CARTESIAN_POINT('',(7.377777777778,35.524693701726,
    178.04234754824));
#1189 = CARTESIAN_POINT('',(7.377777777778,36.470292036804,
    176.97672483803));
#1190 = CARTESIAN_POINT('',(7.377777777778,36.610378597918,
    176.85219010072));
#1191 = CARTESIAN_POINT('',(7.377777777778,37.205521969651,
    176.50286780503));
#1192 = CARTESIAN_POINT('',(7.377777777778,37.708168540498,
    176.30493764766));
#1193 = CARTESIAN_POINT('',(7.377777777778,38.224602623005,
    175.90067972954));
#1194 = CARTESIAN_POINT('',(7.377777777778,38.809516698179,
    175.95063831071));
#1195 = CARTESIAN_POINT('',(7.377777777778,39.262317688156,
    175.51336480156));
#1196 = CARTESIAN_POINT('',(7.377777777778,39.77545651759,
    176.51714949734));
#1197 = CARTESIAN_POINT('',(7.377777777778,40.513371272768,
    176.09752083986));
#1198 = CARTESIAN_POINT('',(7.377777777778,40.701173352977,
    176.17986276949));
#1199 = CARTESIAN_POINT('',(7.377777777778,41.840355283273,
    176.56800667533));
#1200 = CARTESIAN_POINT('',(7.377777777778,41.502787791009,
    175.76505624767));
#1201 = CARTESIAN_POINT('',(7.377777777778,43.106971897796,
    176.91586362711));
#1202 = CARTESIAN_POINT('',(7.377777777778,42.407275525599,
    176.86941797677));
#1203 = CARTESIAN_POINT('',(7.377777777778,44.200118669973,
    177.51515073196));
#1204 = CARTESIAN_POINT('',(7.377777777778,43.323738284744,
    176.9482774458));
#1205 = CARTESIAN_POINT('',(7.377777777778,44.834699523129,
    178.30909670771));
#1206 = CARTESIAN_POINT('',(7.377777777778,44.902670391716,
    178.52129642396));
#1207 = CARTESIAN_POINT('',(7.377777777778,45.321429758976,
    179.08807361352));
#1208 = CARTESIAN_POINT('',(7.377777777778,45.580365889525,
    179.58552262715));
#1209 = CARTESIAN_POINT('',(7.377777777778,46.015729939996,
    180.11751225948));
#1210 = CARTESIAN_POINT('',(7.377777777778,45.669309754881,
    180.64500791771));
#1211 = CARTESIAN_POINT('',(7.377777777778,45.940091187511,
    181.16051481481));
#1212 = CARTESIAN_POINT('',(7.377777777778,45.645219760218,
    181.67544588303));
#1213 = CARTESIAN_POINT('',(7.377777777778,45.611455129033,
    182.11253445081));
#1214 = CARTESIAN_POINT('',(7.377777777778,44.926470090806,
    182.50806452128));
#1215 = CARTESIAN_POINT('',(7.377777777778,45.055522667386,
    182.45798982249));
#1216 = CARTESIAN_POINT('',(7.377777777778,44.301659323841,
    183.22980291574));
#1217 = CARTESIAN_POINT('',(7.377777777778,44.159065724379,
    183.45159966265));
#1218 = CARTESIAN_POINT('',(7.377777777778,43.002704267439,
    183.47603035148));
#1219 = CARTESIAN_POINT('',(7.377777777778,42.680003829482,
    183.19443308848));
#1220 = CARTESIAN_POINT('',(7.377777777778,42.091897158117,
    183.09266049093));
#1221 = CARTESIAN_POINT('',(7.377777777778,41.608999649345,
    181.79640820852));
#1222 = CARTESIAN_POINT('',(7.377777777778,41.181589206109,
    181.22093998705));
#1223 = CARTESIAN_POINT('',(7.377777777778,40.813616553818,
    180.45836107466));
#1224 = CARTESIAN_POINT('',(7.377777777778,40.567613729314,
    179.85419224207));
#1225 = CARTESIAN_POINT('',(7.377777777778,40.216290158687,
    179.49922581311));
#1226 = CARTESIAN_POINT('',(7.377777777778,38.993704605791,
    179.2852863372));
#1227 = CARTESIAN_POINT('',(7.377777777778,39.35423555529,
    179.91483984906));
#1228 = CARTESIAN_POINT('',(7.377777777778,38.024330481222,
    179.48334827147));
#1229 = CARTESIAN_POINT('',(7.377777777778,37.631841161868,
    179.93084467217));
#1230 = CARTESIAN_POINT('',(7.377777777778,37.148878700997,
    180.20849180601));
#1231 = CARTESIAN_POINT('',(7.377777777778,36.568146029455,
    180.62772313839));
#1232 = CARTESIAN_POINT('',(7.377777777778,36.252126530969,
    180.85509335451));
#1233 = CARTESIAN_POINT('',(7.377777777778,35.854244293803,
    182.22424130757));
#1234 = CARTESIAN_POINT('',(7.377777777778,35.527747820124,
    182.18439561402));
#1235 = CARTESIAN_POINT('',(7.377777777778,35.243268571014,
    182.64050362308));
#1236 = CARTESIAN_POINT('',(7.377777777778,35.013782997021,
    183.2797678935));
#1237 = CARTESIAN_POINT('',(7.377777777778,34.419065723267,
    182.76949477638));
#1238 = CARTESIAN_POINT('',(7.377777777778,35.030852796686,
    183.78670295275));
#1239 = CARTESIAN_POINT('',(7.377777777778,33.947055658953,
    184.34875258612));
#1240 = CARTESIAN_POINT('',(7.377777777778,33.804220158525,
    184.5884289251));
#1241 = CARTESIAN_POINT('',(7.377777777778,33.688515465129,
    184.99493583311));
#1242 = CARTESIAN_POINT('',(7.377777777778,33.206110039736,
    185.57190559051));
#1243 = CARTESIAN_POINT('',(7.377777777778,32.800779009012,
    185.77794935309));
#1244 = CARTESIAN_POINT('',(7.377777777778,32.350368384018,
    185.98875914494));
#1245 = CARTESIAN_POINT('',(7.377777777778,31.899717477596,
    187.10999580263));
#1246 = CARTESIAN_POINT('',(7.377777777778,31.441489518343,
    187.25501519664));
#1247 = CARTESIAN_POINT('',(7.377777777778,30.925917255197,
    187.71947742721));
#1248 = CARTESIAN_POINT('',(7.377777777778,30.627485817212,
    188.07046897596));
#1249 = CARTESIAN_POINT('',(7.377777777778,29.525947597583,
    187.3526567932));
#1250 = CARTESIAN_POINT('',(7.377777777778,29.046063281608,
    187.75893898221));
#1251 = CARTESIAN_POINT('',(7.377777777778,28.81660152294,
    187.73290322823));
#1252 = CARTESIAN_POINT('',(7.377777777778,28.131216196624,
    188.00758732609));
#1253 = CARTESIAN_POINT('',(7.377777777778,27.935294382941,
    187.75291161225));
#1254 = CARTESIAN_POINT('',(14.222222222222,27.773223557727,
    189.03024283028));
#1255 = CARTESIAN_POINT('',(14.222222222222,27.217353112464,
    189.68035799749));
#1256 = CARTESIAN_POINT('',(14.222222222222,25.970554452053,
    190.21123146754));
#1257 = CARTESIAN_POINT('',(14.222222222222,25.368870766309,
    190.51655679074));
#1258 = CARTESIAN_POINT('',(14.222222222222,24.067856676766,
    189.64635908988));
#1259 = CARTESIAN_POINT('',(14.222222222222,24.576583554651,
    189.0342217727));
#1260 = CARTESIAN_POINT('',(14.222222222222,24.949667916557,
    188.24274587218));
#1261 = CARTESIAN_POINT('',(14.222222222222,25.565866645163,
    187.13080975551));
#1262 = CARTESIAN_POINT('',(14.222222222222,25.928615461876,
    186.58893794396));
#1263 = CARTESIAN_POINT('',(14.222222222222,26.323356651248,
    185.88616175995));
#1264 = CARTESIAN_POINT('',(14.222222222222,26.35180526456,
    185.19780129956));
#1265 = CARTESIAN_POINT('',(14.222222222222,27.736896231139,
    184.40225183308));
#1266 = CARTESIAN_POINT('',(14.222222222222,27.320141360101,
    183.90242382743));
#1267 = CARTESIAN_POINT('',(14.222222222222,28.490517788788,
    182.31781972623));
#1268 = CARTESIAN_POINT('',(14.222222222222,28.845223589413,
    182.15240028672));
#1269 = CARTESIAN_POINT('',(14.222222222222,29.396705277841,
    181.20215497742));
#1270 = CARTESIAN_POINT('',(14.222222222222,29.889898286349,
    180.4874585941));
#1271 = CARTESIAN_POINT('',(14.222222222222,30.354895186516,
    179.73188100978));
#1272 = CARTESIAN_POINT('',(14.222222222222,30.960922495172,
    179.00513064936));
#1273 = CARTESIAN_POINT('',(14.222222222222,31.417544407386,
    178.28760438231));
#1274 = CARTESIAN_POINT('',(14.222222222222,31.903898686482,
    177.57672903321));
#1275 = CARTESIAN_POINT('',(14.222222222222,32.492247091175,
    176.87376314026));
#1276 = CARTESIAN_POINT('',(14.222222222222,32.921020968079,
    176.1742992153));
#1277 = CARTESIAN_POINT('',(14.222222222222,33.559100035175,
    175.47515569534));
#1278 = CARTESIAN_POINT('',(14.222222222222,34.029279851217,
    174.77730934993));
#1279 = CARTESIAN_POINT('',(14.222222222222,35.00967626494,
    174.06216741869));
#1280 = CARTESIAN_POINT('',(14.222222222222,35.090387128966,
    173.38367415822));
#1281 = CARTESIAN_POINT('',(14.222222222222,36.364368400542,
    172.54871075074));
#1282 = CARTESIAN_POINT('',(14.222222222222,36.819417997727,
    172.36869841392));
#1283 = CARTESIAN_POINT('',(14.222222222222,37.950942343921,
    171.66171250274));
#1284 = CARTESIAN_POINT('',(14.222222222222,38.683476732522,
    171.20456422965));
#1285 = CARTESIAN_POINT('',(14.222222222222,39.532635930921,
    170.79135729219));
#1286 = CARTESIAN_POINT('',(14.222222222222,40.346172903872,
    170.59530006409));
#1287 = CARTESIAN_POINT('',(14.222222222222,41.113804558951,
    170.30160161043));
#1288 = CARTESIAN_POINT('',(14.222222222222,41.832792703954,
    170.41965298801));
#1289 = CARTESIAN_POINT('',(14.222222222222,42.732179314581,
    169.41930870034));
#1290 = CARTESIAN_POINT('',(14.222222222222,43.531746246025,
    169.66888626159));
#1291 = CARTESIAN_POINT('',(14.222222222222,44.70357768878,
    169.98882821179));
#1292 = CARTESIAN_POINT('',(14.222222222222,45.188545194783,
    170.38118049866));
#1293 = CARTESIAN_POINT('',(14.222222222222,46.549245059353,
    171.61383527161));
#1294 = CARTESIAN_POINT('',(14.222222222222,46.566000668648,
    171.75923311776));
#1295 = CARTESIAN_POINT('',(14.222222222222,47.895979961415,
    172.82872167687));
#1296 = CARTESIAN_POINT('',(14.222222222222,47.331981068257,
    173.55835853609));
#1297 = CARTESIAN_POINT('',(14.222222222222,48.498696927903,
    175.13704983617));
#1298 = CARTESIAN_POINT('',(14.222222222222,47.425344111408,
    175.56528299093));
#1299 = CARTESIAN_POINT('',(14.222222222222,47.612247247061,
    176.7115345569));
#1300 = CARTESIAN_POINT('',(14.222222222222,47.379213243544,
    177.69081999682));
#1301 = CARTESIAN_POINT('',(14.222222222222,47.248758248919,
    178.59942099846));
#1302 = CARTESIAN_POINT('',(14.222222222222,47.813172838911,
    179.47280209133));
#1303 = CARTESIAN_POINT('',(14.222222222222,48.386222959953,
    180.36144701675));
#1304 = CARTESIAN_POINT('',(14.222222222222,48.463632163935,
    181.26112797728));
#1305 = CARTESIAN_POINT('',(14.222222222222,48.404770138888,
    182.32294480948));
#1306 = CARTESIAN_POINT('',(14.222222222222,47.708536681963,
    183.21341713456));
#1307 = CARTESIAN_POINT('',(14.222222222222,47.13394470234,
    183.64481548793));
#1308 = CARTESIAN_POINT('',(14.222222222222,45.443886824627,
    183.51400184063));
#1309 = CARTESIAN_POINT('',(14.222222222222,44.996982755098,
    182.27075020577));
#1310 = CARTESIAN_POINT('',(14.222222222222,44.179504939176,
    181.07776045381));
#1311 = CARTESIAN_POINT('',(14.222222222222,44.623270417548,
    180.03278421671));
#1312 = CARTESIAN_POINT('',(14.222222222222,44.645137958778,
    179.14304832919));
#1313 = CARTESIAN_POINT('',(14.222222222222,45.050751797089,
    177.65953050844));
#1314 = CARTESIAN_POINT('',(14.222222222222,45.368264752792,
    177.7344420836));
#1315 = CARTESIAN_POINT('',(14.222222222222,45.54999177633,
    176.91346916137));
#1316 = CARTESIAN_POINT('',(14.222222222222,45.410202132885,
    176.3415960557));
#1317 = CARTESIAN_POINT('',(14.222222222222,44.882049088514,
    175.37874545712));
#1318 = CARTESIAN_POINT('',(14.222222222222,44.242841165598,
    174.3507261768));
#1319 = CARTESIAN_POINT('',(14.222222222222,43.955153472715,
    173.66762716092));
#1320 = CARTESIAN_POINT('',(14.222222222222,42.453445418163,
    173.09712653016));
#1321 = CARTESIAN_POINT('',(14.222222222222,41.936794595663,
    173.6453193436));
#1322 = CARTESIAN_POINT('',(14.222222222222,40.785390195754,
    174.03400142267));
#1323 = CARTESIAN_POINT('',(14.222222222222,39.994162032259,
    174.49624048495));
#1324 = CARTESIAN_POINT('',(14.222222222222,39.185924910569,
    174.83713826429));
#1325 = CARTESIAN_POINT('',(14.222222222222,38.444961771047,
    175.45661302664));
#1326 = CARTESIAN_POINT('',(14.222222222222,37.75965542665,
    175.10103564884));
#1327 = CARTESIAN_POINT('',(14.222222222222,37.072295295376,
    175.91219784331));
#1328 = CARTESIAN_POINT('',(14.222222222222,36.433376957928,
    176.69227797333));
#1329 = CARTESIAN_POINT('',(14.222222222222,35.798928577355,
    177.31691959458));
#1330 = CARTESIAN_POINT('',(14.222222222222,35.423653616918,
    178.97414629079));
#1331 = CARTESIAN_POINT('',(14.222222222222,34.36998534126,
    178.99567813411));
#1332 = CARTESIAN_POINT('',(14.222222222222,34.250705198784,
    179.70949592679));
#1333 = CARTESIAN_POINT('',(14.222222222222,33.600200937087,
    180.54716185789));
#1334 = CARTESIAN_POINT('',(14.222222222222,32.93709965161,
    181.20990559896));
#1335 = CARTESIAN_POINT('',(14.222222222222,32.41425498487,
    181.9553341031));
#1336 = CARTESIAN_POINT('',(14.222222222222,31.821947171244,
    182.74177482681));
#1337 = CARTESIAN_POINT('',(14.222222222222,31.291421838441,
    183.59984833399));
#1338 = CARTESIAN_POINT('',(14.222222222222,30.47484497056,
    183.86277783881));
#1339 = CARTESIAN_POINT('',(14.222222222222,30.032838819322,
    184.74383221728));
#1340 = CARTESIAN_POINT('',(14.222222222222,29.573990019779,
    185.39349631469));
#1341 = CARTESIAN_POINT('',(14.222222222222,28.97787342639,
    186.15378290934));
#1342 = CARTESIAN_POINT('',(14.222222222222,29.243042030026,
    187.54863906002));
#1343 = CARTESIAN_POINT('',(14.222222222222,28.888939006854,
    188.21970306356));
#1344 = CARTESIAN_POINT('',(14.222222222222,27.773223557727,
    189.03024283028));
#1345 = CARTESIAN_POINT('',(14.222222222222,27.217353112464,
    189.68035799749));
#1346 = CARTESIAN_POINT('',(14.222222222222,25.970554452053,
    190.21123146754));
#1347 = CARTESIAN_POINT('',(21.666666666667,25.376986966225,
    190.71224231257));
#1348 = CARTESIAN_POINT('',(21.666666666667,23.40721575212,
    191.30462469208));
#1349 = CARTESIAN_POINT('',(21.666666666667,21.451766018062,
    191.74821762698));
#1350 = CARTESIAN_POINT('',(21.666666666667,20.881132110581,
    190.88856411244));
#1351 = CARTESIAN_POINT('',(21.666666666667,22.470546109133,
    189.57988306479));
#1352 = CARTESIAN_POINT('',(21.666666666667,22.957592093979,
    187.40920659572));
#1353 = CARTESIAN_POINT('',(21.666666666667,23.967762935096,
    185.89294221841));
#1354 = CARTESIAN_POINT('',(21.666666666667,24.829914945082,
    185.20689686195));
#1355 = CARTESIAN_POINT('',(21.666666666667,25.480703537627,
    183.69412639389));
#1356 = CARTESIAN_POINT('',(21.666666666667,26.579137830965,
    182.38869267701));
#1357 = CARTESIAN_POINT('',(21.666666666667,27.515327594844,
    180.98696063794));
#1358 = CARTESIAN_POINT('',(21.666666666667,27.658041835836,
    179.61930539682));
#1359 = CARTESIAN_POINT('',(21.666666666667,29.353028099064,
    178.07737381551));
#1360 = CARTESIAN_POINT('',(21.666666666667,29.62021787369,
    177.09277464161));
#1361 = CARTESIAN_POINT('',(21.666666666667,30.744692371909,
    175.73972330887));
#1362 = CARTESIAN_POINT('',(21.666666666667,31.688123509998,
    174.51457621433));
#1363 = CARTESIAN_POINT('',(21.666666666667,32.712130019125,
    173.27162213653));
#1364 = CARTESIAN_POINT('',(21.666666666667,33.757010969588,
    172.04540872064));
#1365 = CARTESIAN_POINT('',(21.666666666667,34.744208753512,
    170.82535903341));
#1366 = CARTESIAN_POINT('',(21.666666666667,35.814034605714,
    169.60129159738));
#1367 = CARTESIAN_POINT('',(21.666666666667,36.871082537702,
    168.38881953025));
#1368 = CARTESIAN_POINT('',(21.666666666667,37.84387649126,
    167.16505434927));
#1369 = CARTESIAN_POINT('',(21.666666666667,38.880644622434,
    165.93570351245));
#1370 = CARTESIAN_POINT('',(21.666666666667,39.801015833513,
    164.69557114985));
#1371 = CARTESIAN_POINT('',(21.666666666667,40.801078158487,
    163.44002485821));
#1372 = CARTESIAN_POINT('',(21.666666666667,41.453126087803,
    162.17755072485));
#1373 = CARTESIAN_POINT('',(21.666666666667,42.649840151462,
    160.86720906432));
#1374 = CARTESIAN_POINT('',(21.666666666667,43.194621441879,
    159.63960100082));
#1375 = CARTESIAN_POINT('',(21.666666666667,44.017576981523,
    157.99011820295));
#1376 = CARTESIAN_POINT('',(21.666666666667,44.478687341294,
    156.61695435272));
#1377 = CARTESIAN_POINT('',(21.666666666667,45.237700774754,
    155.07702810966));
#1378 = CARTESIAN_POINT('',(21.666666666667,45.899800851676,
    153.45470806514));
#1379 = CARTESIAN_POINT('',(21.666666666667,46.793547706416,
    152.04437197218));
#1380 = CARTESIAN_POINT('',(21.666666666667,48.066961935266,
    150.92733021962));
#1381 = CARTESIAN_POINT('',(21.666666666667,50.116670180178,
    150.25711380099));
#1382 = CARTESIAN_POINT('',(21.666666666667,50.931650148535,
    153.51796281899));
#1383 = CARTESIAN_POINT('',(21.666666666667,50.900784300296,
    155.50810823058));
#1384 = CARTESIAN_POINT('',(21.666666666667,50.731212294698,
    156.66094879261));
#1385 = CARTESIAN_POINT('',(21.666666666667,51.187617515686,
    157.6453463199));
#1386 = CARTESIAN_POINT('',(21.666666666667,50.794601234897,
    159.16101036935));
#1387 = CARTESIAN_POINT('',(21.666666666667,50.83502608082,
    161.5575015535));
#1388 = CARTESIAN_POINT('',(21.666666666667,49.913600228241,
    163.15392902489));
#1389 = CARTESIAN_POINT('',(21.666666666667,50.050140707516,
    164.9221652197));
#1390 = CARTESIAN_POINT('',(21.666666666667,48.852179640433,
    166.17079083223));
#1391 = CARTESIAN_POINT('',(21.666666666667,49.472387684582,
    167.93099282091));
#1392 = CARTESIAN_POINT('',(21.666666666667,48.798255161449,
    169.36859562047));
#1393 = CARTESIAN_POINT('',(21.666666666667,48.75552347384,
    170.7533399481));
#1394 = CARTESIAN_POINT('',(21.666666666667,48.789289404131,
    172.39362279832));
#1395 = CARTESIAN_POINT('',(21.666666666667,47.901810004595,
    173.95245844396));
#1396 = CARTESIAN_POINT('',(21.666666666667,47.85688594864,
    175.47223679656));
#1397 = CARTESIAN_POINT('',(21.666666666667,47.968585901079,
    177.10027919438));
#1398 = CARTESIAN_POINT('',(21.666666666667,48.514683775382,
    178.53372883117));
#1399 = CARTESIAN_POINT('',(21.666666666667,49.684075335034,
    180.06129270612));
#1400 = CARTESIAN_POINT('',(21.666666666667,51.192192980045,
    181.67521492497));
#1401 = CARTESIAN_POINT('',(21.666666666667,53.029369339585,
    183.50026353846));
#1402 = CARTESIAN_POINT('',(21.666666666667,51.820499615656,
    185.80510536368));
#1403 = CARTESIAN_POINT('',(21.666666666667,50.032695855956,
    186.09939516279));
#1404 = CARTESIAN_POINT('',(21.666666666667,48.306094349807,
    183.71254881565));
#1405 = CARTESIAN_POINT('',(21.666666666667,47.52714478996,
    180.69943773027));
#1406 = CARTESIAN_POINT('',(21.666666666667,46.39711272933,
    178.55995021004));
#1407 = CARTESIAN_POINT('',(21.666666666667,45.177816988343,
    175.08649417451));
#1408 = CARTESIAN_POINT('',(21.666666666667,43.993672297719,
    172.57263481169));
#1409 = CARTESIAN_POINT('',(21.666666666667,43.942397381259,
    169.40481778615));
#1410 = CARTESIAN_POINT('',(21.666666666667,44.596103214939,
    167.79204066243));
#1411 = CARTESIAN_POINT('',(21.666666666667,45.140991082221,
    166.79009076173));
#1412 = CARTESIAN_POINT('',(21.666666666667,45.564802911447,
    165.37425142465));
#1413 = CARTESIAN_POINT('',(21.666666666667,46.591437784847,
    163.77948186267));
#1414 = CARTESIAN_POINT('',(21.666666666667,46.89070534484,
    162.13459902317));
#1415 = CARTESIAN_POINT('',(21.666666666667,47.271581777955,
    160.4859385119));
#1416 = CARTESIAN_POINT('',(21.666666666667,45.788680255666,
    161.37731146451));
#1417 = CARTESIAN_POINT('',(21.666666666667,44.494465779323,
    163.64231550326));
#1418 = CARTESIAN_POINT('',(21.666666666667,42.829363519407,
    165.63551555266));
#1419 = CARTESIAN_POINT('',(21.666666666667,41.390596990871,
    169.20016455215));
#1420 = CARTESIAN_POINT('',(21.666666666667,40.340308985893,
    170.9884106026));
#1421 = CARTESIAN_POINT('',(21.666666666667,39.141549853193,
    171.09599428273));
#1422 = CARTESIAN_POINT('',(21.666666666667,37.986437412088,
    171.62359144566));
#1423 = CARTESIAN_POINT('',(21.666666666667,36.82810490888,
    171.38084449795));
#1424 = CARTESIAN_POINT('',(21.666666666667,35.803040946769,
    173.01018767981));
#1425 = CARTESIAN_POINT('',(21.666666666667,34.805438395368,
    174.46059609353));
#1426 = CARTESIAN_POINT('',(21.666666666667,33.927442245793,
    175.92194928147));
#1427 = CARTESIAN_POINT('',(21.666666666667,33.079778669533,
    177.60625396775));
#1428 = CARTESIAN_POINT('',(21.666666666667,32.257256719536,
    178.68781645554));
#1429 = CARTESIAN_POINT('',(21.666666666667,31.389616976142,
    180.05184985364));
#1430 = CARTESIAN_POINT('',(21.666666666667,30.483016294264,
    181.24517259704));
#1431 = CARTESIAN_POINT('',(21.666666666667,30.032116545491,
    182.78051461855));
#1432 = CARTESIAN_POINT('',(21.666666666667,29.0649551779,
    184.00371591307));
#1433 = CARTESIAN_POINT('',(21.666666666667,28.2489628753,
    185.40664148745));
#1434 = CARTESIAN_POINT('',(21.666666666667,27.619557305095,
    186.730450707));
#1435 = CARTESIAN_POINT('',(21.666666666667,26.306206570853,
    187.82306886088));
#1436 = CARTESIAN_POINT('',(21.666666666667,25.255538652837,
    189.34510514352));
#1437 = CARTESIAN_POINT('',(21.666666666667,25.376986966225,
    190.71224231257));
#1438 = CARTESIAN_POINT('',(21.666666666667,23.40721575212,
    191.30462469208));
#1439 = CARTESIAN_POINT('',(21.666666666667,21.451766018062,
    191.74821762698));
#1440 = CARTESIAN_POINT('',(29.777777777778,21.201711366813,
    192.65601823606));
#1441 = CARTESIAN_POINT('',(29.777777777778,17.848594117346,
    195.41389829618));
#1442 = CARTESIAN_POINT('',(29.777777777778,18.936335010848,
    192.95791942919));
#1443 = CARTESIAN_POINT('',(29.777777777778,20.935315713126,
    188.64921902266));
#1444 = CARTESIAN_POINT('',(29.777777777778,21.482773562156,
    186.71637650138));
#1445 = CARTESIAN_POINT('',(29.777777777778,23.072476707383,
    184.83119221834));
#1446 = CARTESIAN_POINT('',(29.777777777778,24.442208817705,
    182.61656009239));
#1447 = CARTESIAN_POINT('',(29.777777777778,25.425465327065,
    179.75084672246));
#1448 = CARTESIAN_POINT('',(29.777777777778,27.138873879352,
    177.58621635269));
#1449 = CARTESIAN_POINT('',(29.777777777778,28.134644667856,
    175.21909794124));
#1450 = CARTESIAN_POINT('',(29.777777777778,29.414621751438,
    172.86838262031));
#1451 = CARTESIAN_POINT('',(29.777777777778,30.964060760203,
    170.63981350472));
#1452 = CARTESIAN_POINT('',(29.777777777778,31.527249501789,
    167.82484213881));
#1453 = CARTESIAN_POINT('',(29.777777777778,32.867927400951,
    167.08815986434));
#1454 = CARTESIAN_POINT('',(29.777777777778,33.590155227989,
    162.63303892666));
#1455 = CARTESIAN_POINT('',(29.777777777778,34.360990118675,
    160.568064168));
#1456 = CARTESIAN_POINT('',(29.777777777778,35.030144627294,
    157.82228514877));
#1457 = CARTESIAN_POINT('',(29.777777777778,35.629053599852,
    155.22696836431));
#1458 = CARTESIAN_POINT('',(29.777777777778,36.280604668803,
    152.56194858252));
#1459 = CARTESIAN_POINT('',(29.777777777778,36.803105892582,
    149.91174467876));
#1460 = CARTESIAN_POINT('',(29.777777777778,37.343682071187,
    147.22762969889));
#1461 = CARTESIAN_POINT('',(29.777777777778,37.894061313313,
    144.55945735314));
#1462 = CARTESIAN_POINT('',(29.777777777778,38.465044908894,
    141.89402945115));
#1463 = CARTESIAN_POINT('',(29.777777777778,39.097522658178,139.24246938
    ));
#1464 = CARTESIAN_POINT('',(29.777777777778,39.741807177721,
    136.61077395536));
#1465 = CARTESIAN_POINT('',(29.777777777778,40.539857269832,
    133.98935235916));
#1466 = CARTESIAN_POINT('',(29.777777777778,41.201251164258,
    131.40669392411));
#1467 = CARTESIAN_POINT('',(29.777777777778,41.776616255974,
    128.73972505383));
#1468 = CARTESIAN_POINT('',(29.777777777778,42.822843755948,
    126.36811855159));
#1469 = CARTESIAN_POINT('',(29.777777777778,43.683091702858,
    123.79220608393));
#1470 = CARTESIAN_POINT('',(29.777777777778,44.411748936248,
    121.30187587192));
#1471 = CARTESIAN_POINT('',(29.777777777778,45.157099352701,
    118.87274953672));
#1472 = CARTESIAN_POINT('',(29.777777777778,45.889746771644,
    116.13605074925));
#1473 = CARTESIAN_POINT('',(29.777777777778,46.619730719755,
    113.70400584556));
#1474 = CARTESIAN_POINT('',(29.777777777778,47.218985960683,
    111.17639452356));
#1475 = CARTESIAN_POINT('',(29.777777777778,48.052884653756,
    107.03104992589));
#1476 = CARTESIAN_POINT('',(29.777777777778,51.677594941442,
    107.18541444255));
#1477 = CARTESIAN_POINT('',(29.777777777778,53.042479009309,
    112.31186709275));
#1478 = CARTESIAN_POINT('',(29.777777777778,51.431024355973,
    118.7569553273));
#1479 = CARTESIAN_POINT('',(29.777777777778,50.85594891938,
    121.00388731687));
#1480 = CARTESIAN_POINT('',(29.777777777778,50.504630000277,
    121.44907570969));
#1481 = CARTESIAN_POINT('',(29.777777777778,51.130965057948,
    123.85072582248));
#1482 = CARTESIAN_POINT('',(29.777777777778,51.107469129917,
    125.99041663964));
#1483 = CARTESIAN_POINT('',(29.777777777778,51.85634338319,
    128.50277059019));
#1484 = CARTESIAN_POINT('',(29.777777777778,51.241232934354,
    130.91654493823));
#1485 = CARTESIAN_POINT('',(29.777777777778,51.78072255814,
    133.4190266918));
#1486 = CARTESIAN_POINT('',(29.777777777778,51.426200988635,
    136.20849260717));
#1487 = CARTESIAN_POINT('',(29.777777777778,50.974889466416,
    138.56859940546));
#1488 = CARTESIAN_POINT('',(29.777777777778,51.229745133768,
    141.16943929697));
#1489 = CARTESIAN_POINT('',(29.777777777778,50.448445437505,
    143.85849524083));
#1490 = CARTESIAN_POINT('',(29.777777777778,50.083057171717,
    146.30612155946));
#1491 = CARTESIAN_POINT('',(29.777777777778,49.361148938815,
    149.01559523799));
#1492 = CARTESIAN_POINT('',(29.777777777778,48.61661766993,
    151.57664820584));
#1493 = CARTESIAN_POINT('',(29.777777777778,47.776941952938,
    154.18657998979));
#1494 = CARTESIAN_POINT('',(29.777777777778,46.394606500696,
    156.63236667158));
#1495 = CARTESIAN_POINT('',(29.777777777778,45.867974401645,
    159.14844826222));
#1496 = CARTESIAN_POINT('',(29.777777777778,45.490953701899,
    161.93563644021));
#1497 = CARTESIAN_POINT('',(29.777777777778,45.598653815982,
    165.55816591108));
#1498 = CARTESIAN_POINT('',(29.777777777778,46.350398354077,
    169.34660308769));
#1499 = CARTESIAN_POINT('',(29.777777777778,48.398966072716,
    172.50447178403));
#1500 = CARTESIAN_POINT('',(29.777777777778,51.547782312183,
    175.79180581479));
#1501 = CARTESIAN_POINT('',(29.777777777778,55.274463931205,
    178.76605478047));
#1502 = CARTESIAN_POINT('',(29.777777777778,54.400443101684,
    183.89277252636));
#1503 = CARTESIAN_POINT('',(29.777777777778,51.364924180985,
    181.83754549874));
#1504 = CARTESIAN_POINT('',(29.777777777778,49.409808447139,
    176.4903777475));
#1505 = CARTESIAN_POINT('',(29.777777777778,47.481182488973,
    172.3471723313));
#1506 = CARTESIAN_POINT('',(29.777777777778,45.364717888841,
    168.52105912702));
#1507 = CARTESIAN_POINT('',(29.777777777778,43.314984523041,
    163.57745962531));
#1508 = CARTESIAN_POINT('',(29.777777777778,40.402856063469,
    159.63849067322));
#1509 = CARTESIAN_POINT('',(29.777777777778,38.273230730414,
    154.56153203632));
#1510 = CARTESIAN_POINT('',(29.777777777778,37.575461279467,
    149.05868837268));
#1511 = CARTESIAN_POINT('',(29.777777777778,38.626821256509,
    147.26544015848));
#1512 = CARTESIAN_POINT('',(29.777777777778,39.484489251693,
    142.55785686792));
#1513 = CARTESIAN_POINT('',(29.777777777778,38.760311626205,
    142.05836714421));
#1514 = CARTESIAN_POINT('',(29.777777777778,38.997978531016,
    149.15253312832));
#1515 = CARTESIAN_POINT('',(29.777777777778,39.207299255004,
    155.25492318752));
#1516 = CARTESIAN_POINT('',(29.777777777778,38.726850843195,
    161.18675517514));
#1517 = CARTESIAN_POINT('',(29.777777777778,38.91116237714,
    165.08494228525));
#1518 = CARTESIAN_POINT('',(29.777777777778,37.557648802273,
    166.13341043858));
#1519 = CARTESIAN_POINT('',(29.777777777778,36.397958565245,
    167.30267048166));
#1520 = CARTESIAN_POINT('',(29.777777777778,34.929248486077,
    168.14212814472));
#1521 = CARTESIAN_POINT('',(29.777777777778,33.408071470104,
    170.9439453377));
#1522 = CARTESIAN_POINT('',(29.777777777778,32.171200474802,
    173.19242474448));
#1523 = CARTESIAN_POINT('',(29.777777777778,30.883867674385,
    175.64008067454));
#1524 = CARTESIAN_POINT('',(29.777777777778,29.346230474745,
    177.85676019877));
#1525 = CARTESIAN_POINT('',(29.777777777778,28.153303751618,
    180.24806941871));
#1526 = CARTESIAN_POINT('',(29.777777777778,26.896611746407,
    182.51450174977));
#1527 = CARTESIAN_POINT('',(29.777777777778,25.593235056368,
    184.88641288605));
#1528 = CARTESIAN_POINT('',(29.777777777778,24.632966879303,
    187.41285063228));
#1529 = CARTESIAN_POINT('',(29.777777777778,24.465535428194,
    189.49351655883));
#1530 = CARTESIAN_POINT('',(29.777777777778,21.201711366813,
    192.65601823606));
#1531 = CARTESIAN_POINT('',(29.777777777778,17.848594117346,
    195.41389829618));
#1532 = CARTESIAN_POINT('',(29.777777777778,18.936335010848,
    192.95791942919));
#1533 = CARTESIAN_POINT('',(38.888888888889,15.930111379076,
    196.6350665226));
#1534 = CARTESIAN_POINT('',(38.888888888889,18.705153670111,
    190.79420294818));
#1535 = CARTESIAN_POINT('',(38.888888888889,19.563049841276,
    187.03056364311));
#1536 = CARTESIAN_POINT('',(38.888888888889,21.065725851683,
    185.4531165473));
#1537 = CARTESIAN_POINT('',(38.888888888889,22.791733213804,
    182.09779324227));
#1538 = CARTESIAN_POINT('',(38.888888888889,24.024795429311,
    178.88495706179));
#1539 = CARTESIAN_POINT('',(38.888888888889,25.08181727792,
    175.65098073103));
#1540 = CARTESIAN_POINT('',(38.888888888889,26.647759948215,
    172.78196024212));
#1541 = CARTESIAN_POINT('',(38.888888888889,27.011796464974,
    169.35182738381));
#1542 = CARTESIAN_POINT('',(38.888888888889,27.948796152432,
    166.03127918111));
#1543 = CARTESIAN_POINT('',(38.888888888889,28.511386300368,
    162.73034575176));
#1544 = CARTESIAN_POINT('',(38.888888888889,28.903954267605,
    159.05235047097));
#1545 = CARTESIAN_POINT('',(38.888888888889,29.856283784767,
    156.84661123798));
#1546 = CARTESIAN_POINT('',(38.888888888889,30.361686088823,
    149.2349077017));
#1547 = CARTESIAN_POINT('',(38.888888888889,31.212555942623,
    150.37413428514));
#1548 = CARTESIAN_POINT('',(38.888888888889,32.031000104324,
    145.9433739588));
#1549 = CARTESIAN_POINT('',(38.888888888889,32.889867502907,
    143.02352012029));
#1550 = CARTESIAN_POINT('',(38.888888888889,33.815044201795,
    139.71180008546));
#1551 = CARTESIAN_POINT('',(38.888888888889,34.569013006963,
    136.52187474155));
#1552 = CARTESIAN_POINT('',(38.888888888889,35.525461147653,
    133.28311394087));
#1553 = CARTESIAN_POINT('',(38.888888888889,36.41185480879,
    130.09122585045));
#1554 = CARTESIAN_POINT('',(38.888888888889,37.343638693519,
    126.86948614074));
#1555 = CARTESIAN_POINT('',(38.888888888889,38.201534370045,
    123.64646545391));
#1556 = CARTESIAN_POINT('',(38.888888888889,39.019130096437,
    120.40993760035));
#1557 = CARTESIAN_POINT('',(38.888888888889,39.800315076695,
    117.15915047721));
#1558 = CARTESIAN_POINT('',(38.888888888889,40.551505047795,
    113.90550088226));
#1559 = CARTESIAN_POINT('',(38.888888888889,41.1686043311,
    110.61030119038));
#1560 = CARTESIAN_POINT('',(38.888888888889,42.533997370592,
    107.43643887876));
#1561 = CARTESIAN_POINT('',(38.888888888889,42.548041345361,
    103.9046795284));
#1562 = CARTESIAN_POINT('',(38.888888888889,43.274648678369,
    100.63584725737));
#1563 = CARTESIAN_POINT('',(38.888888888889,43.951833341077,
    97.253158272217));
#1564 = CARTESIAN_POINT('',(38.888888888889,44.732036366582,
    93.789795635485));
#1565 = CARTESIAN_POINT('',(38.888888888889,45.638538159865,
    90.810810884629));
#1566 = CARTESIAN_POINT('',(38.888888888889,46.787779727205,
    87.109222292179));
#1567 = CARTESIAN_POINT('',(38.888888888889,48.801988903043,
    83.489417807889));
#1568 = CARTESIAN_POINT('',(38.888888888889,50.775025848079,
    80.350507025296));
#1569 = CARTESIAN_POINT('',(38.888888888889,52.841437305901,
    75.074915379146));
#1570 = CARTESIAN_POINT('',(38.888888888889,54.500619231407,
    68.711924402669));
#1571 = CARTESIAN_POINT('',(38.888888888889,62.668348726293,
    57.930114381571));
#1572 = CARTESIAN_POINT('',(38.888888888889,67.246773503623,
    63.208815278932));
#1573 = CARTESIAN_POINT('',(38.888888888889,68.718491799411,
    74.77381820749));
#1574 = CARTESIAN_POINT('',(38.888888888889,67.313241210232,
    79.143665604383));
#1575 = CARTESIAN_POINT('',(38.888888888889,66.171756140182,
    84.313763245759));
#1576 = CARTESIAN_POINT('',(38.888888888889,64.256562504015,
    88.818134307298));
#1577 = CARTESIAN_POINT('',(38.888888888889,63.41019338985,
    93.063001377556));
#1578 = CARTESIAN_POINT('',(38.888888888889,61.099072357603,
    97.157835755109));
#1579 = CARTESIAN_POINT('',(38.888888888889,59.909718990651,
    100.63473271476));
#1580 = CARTESIAN_POINT('',(38.888888888889,58.748732527177,
    104.67567353609));
#1581 = CARTESIAN_POINT('',(38.888888888889,57.150642530009,
    108.20907597814));
#1582 = CARTESIAN_POINT('',(38.888888888889,56.83143495294,
    111.51675604821));
#1583 = CARTESIAN_POINT('',(38.888888888889,55.754459273281,
    115.16189096279));
#1584 = CARTESIAN_POINT('',(38.888888888889,55.1651831856,118.3873989389
    ));
#1585 = CARTESIAN_POINT('',(38.888888888889,54.355124998845,
    121.82874614437));
#1586 = CARTESIAN_POINT('',(38.888888888889,53.66419726187,
    125.1386065904));
#1587 = CARTESIAN_POINT('',(38.888888888889,53.341720394506,
    128.66046533803));
#1588 = CARTESIAN_POINT('',(38.888888888889,52.78728542728,
    131.86612762944));
#1589 = CARTESIAN_POINT('',(38.888888888889,51.723655170016,
    135.32850924594));
#1590 = CARTESIAN_POINT('',(38.888888888889,50.848138600716,
    138.26479717238));
#1591 = CARTESIAN_POINT('',(38.888888888889,49.769132827403,
    141.2325882447));
#1592 = CARTESIAN_POINT('',(38.888888888889,48.22346403794,
    144.43661283811));
#1593 = CARTESIAN_POINT('',(38.888888888889,46.254087753961,
    147.18427511364));
#1594 = CARTESIAN_POINT('',(38.888888888889,44.01763075537,
    150.29600705685));
#1595 = CARTESIAN_POINT('',(38.888888888889,43.035311977441,
    152.82764026896));
#1596 = CARTESIAN_POINT('',(38.888888888889,42.616028887225,
    157.43750456794));
#1597 = CARTESIAN_POINT('',(38.888888888889,41.77986234612,
    162.97449655911));
#1598 = CARTESIAN_POINT('',(38.888888888889,41.259458445482,
    168.39060154614));
#1599 = CARTESIAN_POINT('',(38.888888888889,41.49272061703,
    173.04708159029));
#1600 = CARTESIAN_POINT('',(38.888888888889,44.961111700603,
    178.8890554098));
#1601 = CARTESIAN_POINT('',(38.888888888889,52.631959504547,
    180.83424047502));
#1602 = CARTESIAN_POINT('',(38.888888888889,59.580434896747,
    185.83743140641));
#1603 = CARTESIAN_POINT('',(38.888888888889,59.323235144985,
    191.39825277148));
#1604 = CARTESIAN_POINT('',(38.888888888889,52.731672023361,
    182.89817457955));
#1605 = CARTESIAN_POINT('',(38.888888888889,48.87385652333,
    176.98731484301));
#1606 = CARTESIAN_POINT('',(38.888888888889,42.849432969813,
    170.53104420061));
#1607 = CARTESIAN_POINT('',(38.888888888889,37.306632165951,
    160.42406783951));
#1608 = CARTESIAN_POINT('',(38.888888888889,32.501190393564,
    149.19708439262));
#1609 = CARTESIAN_POINT('',(38.888888888889,30.980097469598,
    142.11908470865));
#1610 = CARTESIAN_POINT('',(38.888888888889,26.823750199389,
    138.39289052835));
#1611 = CARTESIAN_POINT('',(38.888888888889,27.929907327788,
    147.8552544725));
#1612 = CARTESIAN_POINT('',(38.888888888889,28.289591895675,
    156.63027019963));
#1613 = CARTESIAN_POINT('',(38.888888888889,29.586145980708,
    165.96634753699));
#1614 = CARTESIAN_POINT('',(38.888888888889,30.120725519419,
    168.69782914462));
#1615 = CARTESIAN_POINT('',(38.888888888889,29.372143616877,
    172.10266602232));
#1616 = CARTESIAN_POINT('',(38.888888888889,28.427396565575,
    175.3656528305));
#1617 = CARTESIAN_POINT('',(38.888888888889,27.447702584052,
    178.86409292056));
#1618 = CARTESIAN_POINT('',(38.888888888889,26.044992631099,
    181.945544133));
#1619 = CARTESIAN_POINT('',(38.888888888889,24.481511034188,
    184.96418805638));
#1620 = CARTESIAN_POINT('',(38.888888888889,22.988055331332,
    187.85409005443));
#1621 = CARTESIAN_POINT('',(38.888888888889,21.8613988258,
    190.57683269743));
#1622 = CARTESIAN_POINT('',(38.888888888889,18.213159128238,
    195.18858239127));
#1623 = CARTESIAN_POINT('',(38.888888888889,15.930111379076,
    196.6350665226));
#1624 = CARTESIAN_POINT('',(38.888888888889,18.705153670111,
    190.79420294818));
#1625 = CARTESIAN_POINT('',(38.888888888889,19.563049841276,
    187.03056364311));
#1626 = CARTESIAN_POINT('',(48.666666666667,15.992831393837,
    200.18134792026));
#1627 = CARTESIAN_POINT('',(48.666666666667,15.186564023474,
    190.43148813311));
#1628 = CARTESIAN_POINT('',(48.666666666667,19.622888723897,
    187.91541537227));
#1629 = CARTESIAN_POINT('',(48.666666666667,20.938010203569,
    179.70720731785));
#1630 = CARTESIAN_POINT('',(48.666666666667,22.200737261059,
    174.15851134337));
#1631 = CARTESIAN_POINT('',(48.666666666667,23.303309867605,
    167.9947130795));
#1632 = CARTESIAN_POINT('',(48.666666666667,24.471193251492,
    161.90709952271));
#1633 = CARTESIAN_POINT('',(48.666666666667,24.983395309844,
    155.45573060835));
#1634 = CARTESIAN_POINT('',(48.666666666667,26.746688917215,
    149.53978255712));
#1635 = CARTESIAN_POINT('',(48.666666666667,27.877707579567,
    143.51345847405));
#1636 = CARTESIAN_POINT('',(48.666666666667,29.344573151406,
    137.42713609584));
#1637 = CARTESIAN_POINT('',(48.666666666667,30.925819326079,
    131.85111446621));
#1638 = CARTESIAN_POINT('',(48.666666666667,31.995515901166,
    124.25114372786));
#1639 = CARTESIAN_POINT('',(48.666666666667,33.405833232292,
    124.05781022279));
#1640 = CARTESIAN_POINT('',(48.666666666667,34.472078554721,
    111.97921888834));
#1641 = CARTESIAN_POINT('',(48.666666666667,35.499777887508,
    107.43051222488));
#1642 = CARTESIAN_POINT('',(48.666666666667,36.428414268946,
    100.8312906412));
#1643 = CARTESIAN_POINT('',(48.666666666667,37.178226359212,
    94.752568293554));
#1644 = CARTESIAN_POINT('',(48.666666666667,38.113033282515,
    88.49762369027));
#1645 = CARTESIAN_POINT('',(48.666666666667,38.623062063118,
    82.292139334825));
#1646 = CARTESIAN_POINT('',(48.666666666667,39.119741915714,
    76.009061006756));
#1647 = CARTESIAN_POINT('',(48.666666666667,39.39593941883,
    69.744411913102));
#1648 = CARTESIAN_POINT('',(48.666666666667,39.626259081489,
    63.459300710688));
#1649 = CARTESIAN_POINT('',(48.666666666667,39.733474243564,
    57.166806298499));
#1650 = CARTESIAN_POINT('',(48.666666666667,39.735020150511,
    50.870655565707));
#1651 = CARTESIAN_POINT('',(48.666666666667,39.598012806027,
    44.561222873234));
#1652 = CARTESIAN_POINT('',(48.666666666667,39.561159044768,
    38.29231557584));
#1653 = CARTESIAN_POINT('',(48.666666666667,38.285781977341,
    31.862171322831));
#1654 = CARTESIAN_POINT('',(48.666666666667,38.776657913308,
    25.881591501854));
#1655 = CARTESIAN_POINT('',(48.666666666667,38.180922979449,
    19.536200838942));
#1656 = CARTESIAN_POINT('',(48.666666666667,37.478755397434,
    13.385768556185));
#1657 = CARTESIAN_POINT('',(48.666666666667,36.334183652983,
    7.318156195938));
#1658 = CARTESIAN_POINT('',(48.666666666667,34.690644554629,
    0.642378018282));
#1659 = CARTESIAN_POINT('',(48.666666666667,31.798498056532,
    -4.94400196419));
#1660 = CARTESIAN_POINT('',(48.666666666667,26.036148330793,
    -10.0131116161));
#1661 = CARTESIAN_POINT('',(48.666666666667,19.119223409475,
    -14.69222341163));
#1662 = CARTESIAN_POINT('',(48.666666666667,10.486247083894,
    -16.43805743849));
#1663 = CARTESIAN_POINT('',(48.666666666667,2.385143280832,
    -16.67007549618));
#1664 = CARTESIAN_POINT('',(48.666666666667,-15.22454501765,
    -8.364821855903));
#1665 = CARTESIAN_POINT('',(48.666666666667,-20.77755656392,
    -20.901226867));
#1666 = CARTESIAN_POINT('',(48.666666666667,-18.89916714903,
    -42.11905238317));
#1667 = CARTESIAN_POINT('',(48.666666666667,-8.57922102363,
    -40.44770113664));
#1668 = CARTESIAN_POINT('',(48.666666666667,0.497101745912,
    -40.64749534249));
#1669 = CARTESIAN_POINT('',(48.666666666667,9.292189145951,
    -39.44690098165));
#1670 = CARTESIAN_POINT('',(48.666666666667,16.224291008083,
    -36.87773659085));
#1671 = CARTESIAN_POINT('',(48.666666666667,24.482275008457,
    -33.57999856143));
#1672 = CARTESIAN_POINT('',(48.666666666667,30.832045162846,
    -28.98813896888));
#1673 = CARTESIAN_POINT('',(48.666666666667,36.258725176571,
    -24.67522014165));
#1674 = CARTESIAN_POINT('',(48.666666666667,41.06116191078,
    -19.28917860414));
#1675 = CARTESIAN_POINT('',(48.666666666667,43.426789175228,
    -13.30054714879));
#1676 = CARTESIAN_POINT('',(48.666666666667,46.164897774162,
    -7.555914343128));
#1677 = CARTESIAN_POINT('',(48.666666666667,47.898085203378,
    -1.23380294109));
#1678 = CARTESIAN_POINT('',(48.666666666667,49.585642305484,
    4.830338310217));
#1679 = CARTESIAN_POINT('',(48.666666666667,50.749416027938,
    11.086171865788));
#1680 = CARTESIAN_POINT('',(48.666666666667,51.307255755636,
    17.084897188076));
#1681 = CARTESIAN_POINT('',(48.666666666667,51.642038118534,
    23.517628767627));
#1682 = CARTESIAN_POINT('',(48.666666666667,52.617249445298,
    29.532409884693));
#1683 = CARTESIAN_POINT('',(48.666666666667,52.9933287649,
    36.095738828168));
#1684 = CARTESIAN_POINT('',(48.666666666667,53.43111074941,
    42.603039733751));
#1685 = CARTESIAN_POINT('',(48.666666666667,54.091933266735,
    48.899836771577));
#1686 = CARTESIAN_POINT('',(48.666666666667,54.955385953726,
    55.693082046437));
#1687 = CARTESIAN_POINT('',(48.666666666667,55.896227192749,
    62.112966785328));
#1688 = CARTESIAN_POINT('',(48.666666666667,55.843293943725,
    68.847495024802));
#1689 = CARTESIAN_POINT('',(48.666666666667,55.242654658852,
    74.127691128226));
#1690 = CARTESIAN_POINT('',(48.666666666667,54.83764101779,
    78.779388408029));
#1691 = CARTESIAN_POINT('',(48.666666666667,54.220080638969,
    83.319028353215));
#1692 = CARTESIAN_POINT('',(48.666666666667,52.558642902737,
    89.055326116948));
#1693 = CARTESIAN_POINT('',(48.666666666667,48.632247546043,
    92.754833900607));
#1694 = CARTESIAN_POINT('',(48.666666666667,41.109875420454,
    100.09278787462));
#1695 = CARTESIAN_POINT('',(48.666666666667,34.150891433683,
    104.97643692233));
#1696 = CARTESIAN_POINT('',(48.666666666667,32.385209862806,
    109.44452106229));
#1697 = CARTESIAN_POINT('',(48.666666666667,34.779626791494,
    125.50262867934));
#1698 = CARTESIAN_POINT('',(48.666666666667,35.664232072397,
    138.64377661385));
#1699 = CARTESIAN_POINT('',(48.666666666667,45.491287569773,
    150.81577402534));
#1700 = CARTESIAN_POINT('',(48.666666666667,58.262541123091,
    161.86679972775));
#1701 = CARTESIAN_POINT('',(48.666666666667,68.171986958878,
    182.53416931534));
#1702 = CARTESIAN_POINT('',(48.666666666667,63.421163059243,
    185.48011750347));
#1703 = CARTESIAN_POINT('',(48.666666666667,58.435859896624,
    179.97230181821));
#1704 = CARTESIAN_POINT('',(48.666666666667,51.139672005343,
    168.23000620164));
#1705 = CARTESIAN_POINT('',(48.666666666667,45.859760585858,
    154.8506496555));
#1706 = CARTESIAN_POINT('',(48.666666666667,36.411782537335,
    138.1400237056));
#1707 = CARTESIAN_POINT('',(48.666666666667,30.682706258362,
    143.91083331607));
#1708 = CARTESIAN_POINT('',(48.666666666667,29.397929897566,
    150.26937901589));
#1709 = CARTESIAN_POINT('',(48.666666666667,29.012351233211,
    156.41075670784));
#1710 = CARTESIAN_POINT('',(48.666666666667,27.65784761655,
    162.04398008273));
#1711 = CARTESIAN_POINT('',(48.666666666667,26.521959156885,
    168.38813018254));
#1712 = CARTESIAN_POINT('',(48.666666666667,25.468188165957,
    174.6621192841));
#1713 = CARTESIAN_POINT('',(48.666666666667,24.111923648878,
    180.74820693104));
#1714 = CARTESIAN_POINT('',(48.666666666667,22.283052011172,
    185.76701449535));
#1715 = CARTESIAN_POINT('',(48.666666666667,18.884383343207,
    195.53711158454));
#1716 = CARTESIAN_POINT('',(48.666666666667,15.992831393837,
    200.18134792026));
#1717 = CARTESIAN_POINT('',(48.666666666667,15.186564023474,
    190.43148813311));
#1718 = CARTESIAN_POINT('',(48.666666666667,19.622888723897,
    187.91541537227));
#1719 = CARTESIAN_POINT('',(59.666666666667,14.977530685343,
    192.22195574679));
#1720 = CARTESIAN_POINT('',(59.666666666667,11.345435736055,
    194.67237757732));
#1721 = CARTESIAN_POINT('',(59.666666666667,12.165435592455,
    187.30472831588));
#1722 = CARTESIAN_POINT('',(59.666666666667,17.76825936892,
    185.9882994617));
#1723 = CARTESIAN_POINT('',(59.666666666667,18.087482411341,
    180.33596470192));
#1724 = CARTESIAN_POINT('',(59.666666666667,19.100386938486,
    175.53616703296));
#1725 = CARTESIAN_POINT('',(59.666666666667,19.931276647889,
    170.64805526168));
#1726 = CARTESIAN_POINT('',(59.666666666667,20.963766079596,
    165.89101639787));
#1727 = CARTESIAN_POINT('',(59.666666666667,21.79119331715,
    161.06322756502));
#1728 = CARTESIAN_POINT('',(59.666666666667,22.748700894092,
    156.23905231586));
#1729 = CARTESIAN_POINT('',(59.666666666667,23.626097510527,
    151.43840552846));
#1730 = CARTESIAN_POINT('',(59.666666666667,24.475902515279,
    146.49640424236));
#1731 = CARTESIAN_POINT('',(59.666666666667,25.383245874248,
    142.04711257983));
#1732 = CARTESIAN_POINT('',(59.666666666667,26.200692157485,
    135.72598072692));
#1733 = CARTESIAN_POINT('',(59.666666666667,27.033152314717,
    132.35391340986));
#1734 = CARTESIAN_POINT('',(59.666666666667,27.83142032358,
    127.09399886318));
#1735 = CARTESIAN_POINT('',(59.666666666667,28.550259868093,
    122.3328717362));
#1736 = CARTESIAN_POINT('',(59.666666666667,29.369527844193,
    117.43209005694));
#1737 = CARTESIAN_POINT('',(59.666666666667,29.564602929143,
    112.56713914756));
#1738 = CARTESIAN_POINT('',(59.666666666667,30.289522419672,
    107.68207542899));
#1739 = CARTESIAN_POINT('',(59.666666666667,30.766022201865,
    102.81298533504));
#1740 = CARTESIAN_POINT('',(59.666666666667,31.278523612957,
    97.934700825543));
#1741 = CARTESIAN_POINT('',(59.666666666667,31.645502262519,
    93.059751045337));
#1742 = CARTESIAN_POINT('',(59.666666666667,31.911459329341,
    88.186378649604));
#1743 = CARTESIAN_POINT('',(59.666666666667,32.110141968457,
    83.313743719313));
#1744 = CARTESIAN_POINT('',(59.666666666667,32.059384563642,
    78.443439087224));
#1745 = CARTESIAN_POINT('',(59.666666666667,32.131476490007,
    73.543471743827));
#1746 = CARTESIAN_POINT('',(59.666666666667,32.260738104819,
    68.711357457822));
#1747 = CARTESIAN_POINT('',(59.666666666667,32.179561123575,
    63.60798896623));
#1748 = CARTESIAN_POINT('',(59.666666666667,31.747898276294,
    59.009018834046));
#1749 = CARTESIAN_POINT('',(59.666666666667,31.699560341789,
    53.831869686761));
#1750 = CARTESIAN_POINT('',(59.666666666667,31.350398246051,
    48.851710200063));
#1751 = CARTESIAN_POINT('',(59.666666666667,30.212188081842,
    43.896752619779));
#1752 = CARTESIAN_POINT('',(59.666666666667,29.096689257999,
    39.628940459224));
#1753 = CARTESIAN_POINT('',(59.666666666667,28.901239218217,
    34.740749116538));
#1754 = CARTESIAN_POINT('',(59.666666666667,26.265958817224,
    30.062374896256));
#1755 = CARTESIAN_POINT('',(59.666666666667,23.452585586628,
    26.680512617659));
#1756 = CARTESIAN_POINT('',(59.666666666667,18.999361623961,
    23.808429249726));
#1757 = CARTESIAN_POINT('',(59.666666666667,17.98247783723,
    18.67125757602));
#1758 = CARTESIAN_POINT('',(59.666666666667,18.689401699797,
    13.404795930498));
#1759 = CARTESIAN_POINT('',(59.666666666667,24.07522858867,
    14.306932135521));
#1760 = CARTESIAN_POINT('',(59.666666666667,28.193167439863,
    15.151735151365));
#1761 = CARTESIAN_POINT('',(59.666666666667,31.990468944676,
    17.940752811424));
#1762 = CARTESIAN_POINT('',(59.666666666667,35.462516612206,
    21.44908604313));
#1763 = CARTESIAN_POINT('',(59.666666666667,39.115114439152,
    24.682369526041));
#1764 = CARTESIAN_POINT('',(59.666666666667,42.021682273362,
    28.024637922956));
#1765 = CARTESIAN_POINT('',(59.666666666667,44.334540347458,
    31.826114658023));
#1766 = CARTESIAN_POINT('',(59.666666666667,46.864844867676,
    36.513299638395));
#1767 = CARTESIAN_POINT('',(59.666666666667,47.609836112204,
    41.34833818385));
#1768 = CARTESIAN_POINT('',(59.666666666667,48.057491765484,
    46.198244281722));
#1769 = CARTESIAN_POINT('',(59.666666666667,46.89702433327,
    51.178304158303));
#1770 = CARTESIAN_POINT('',(59.666666666667,45.668665700245,
    56.010443946655));
#1771 = CARTESIAN_POINT('',(59.666666666667,44.661019686382,
    60.961506722017));
#1772 = CARTESIAN_POINT('',(59.666666666667,44.246253006012,
    65.846909091388));
#1773 = CARTESIAN_POINT('',(59.666666666667,44.12587860824,
    70.827939667007));
#1774 = CARTESIAN_POINT('',(59.666666666667,44.137965745439,
    75.668820571199));
#1775 = CARTESIAN_POINT('',(59.666666666667,43.930980928131,
    80.644036450173));
#1776 = CARTESIAN_POINT('',(59.666666666667,43.820865084395,
    85.596007780726));
#1777 = CARTESIAN_POINT('',(59.666666666667,43.634559996914,
    90.051898627059));
#1778 = CARTESIAN_POINT('',(59.666666666667,43.278889271406,
    95.140563946422));
#1779 = CARTESIAN_POINT('',(59.666666666667,42.766157421668,
    100.07906320936));
#1780 = CARTESIAN_POINT('',(59.666666666667,42.132492762873,
    104.87743427805));
#1781 = CARTESIAN_POINT('',(59.666666666667,41.553902188633,
    109.72003896127));
#1782 = CARTESIAN_POINT('',(59.666666666667,40.979774625492,
    114.74635813385));
#1783 = CARTESIAN_POINT('',(59.666666666667,40.29914133557,
    119.84336503623));
#1784 = CARTESIAN_POINT('',(59.666666666667,39.603427835342,
    125.00463039192));
#1785 = CARTESIAN_POINT('',(59.666666666667,38.978391666357,
    129.70888814958));
#1786 = CARTESIAN_POINT('',(59.666666666667,38.751432669728,
    135.15290391278));
#1787 = CARTESIAN_POINT('',(59.666666666667,38.911605551572,
    139.75936313234));
#1788 = CARTESIAN_POINT('',(59.666666666667,39.395792855864,
    144.69333641384));
#1789 = CARTESIAN_POINT('',(59.666666666667,37.264334649644,
    150.19612326261));
#1790 = CARTESIAN_POINT('',(59.666666666667,37.269443370816,
    153.26212160253));
#1791 = CARTESIAN_POINT('',(59.666666666667,44.211446495634,
    154.17146595507));
#1792 = CARTESIAN_POINT('',(59.666666666667,46.800404733212,
    153.71874630646));
#1793 = CARTESIAN_POINT('',(59.666666666667,50.9756722309,
    157.89951393941));
#1794 = CARTESIAN_POINT('',(59.666666666667,48.338325342425,
    158.49891736282));
#1795 = CARTESIAN_POINT('',(59.666666666667,42.005551563249,
    151.70780842029));
#1796 = CARTESIAN_POINT('',(59.666666666667,38.650476199372,
    150.91394876534));
#1797 = CARTESIAN_POINT('',(59.666666666667,34.990736183123,
    148.55133699208));
#1798 = CARTESIAN_POINT('',(59.666666666667,28.82491509031,
    150.44642117786));
#1799 = CARTESIAN_POINT('',(59.666666666667,29.288156067974,
    143.15535071129));
#1800 = CARTESIAN_POINT('',(59.666666666667,26.717278119557,
    147.79141084018));
#1801 = CARTESIAN_POINT('',(59.666666666667,26.484847359426,
    152.99164465365));
#1802 = CARTESIAN_POINT('',(59.666666666667,25.460267696978,
    157.49616281714));
#1803 = CARTESIAN_POINT('',(59.666666666667,24.39518033686,
    162.49119447647));
#1804 = CARTESIAN_POINT('',(59.666666666667,23.433304740687,
    167.37894601846));
#1805 = CARTESIAN_POINT('',(59.666666666667,22.407278089051,
    172.375703721));
#1806 = CARTESIAN_POINT('',(59.666666666667,21.405188693306,
    177.11389656463));
#1807 = CARTESIAN_POINT('',(59.666666666667,20.431600656916,
    181.81970721193));
#1808 = CARTESIAN_POINT('',(59.666666666667,19.11715364194,
    186.10023933424));
#1809 = CARTESIAN_POINT('',(59.666666666667,14.977530685343,
    192.22195574679));
#1810 = CARTESIAN_POINT('',(59.666666666667,11.345435736055,
    194.67237757732));
#1811 = CARTESIAN_POINT('',(59.666666666667,12.165435592455,
    187.30472831588));
#1812 = CARTESIAN_POINT('',(70.222222222222,15.344461814574,
    185.68881021694));
#1813 = CARTESIAN_POINT('',(70.222222222222,8.433653017923,
    190.85346475761));
#1814 = CARTESIAN_POINT('',(70.222222222222,7.04323123976,
    181.23079888191));
#1815 = CARTESIAN_POINT('',(70.222222222222,14.922155649199,
    182.05814772591));
#1816 = CARTESIAN_POINT('',(70.222222222222,16.897221347647,
    176.64959072085));
#1817 = CARTESIAN_POINT('',(70.222222222222,18.700002584466,
    171.96629625698));
#1818 = CARTESIAN_POINT('',(70.222222222222,19.595823210916,
    166.80153489358));
#1819 = CARTESIAN_POINT('',(70.222222222222,20.275477097815,
    161.66766880799));
#1820 = CARTESIAN_POINT('',(70.222222222222,21.106002710709,
    156.50209538351));
#1821 = CARTESIAN_POINT('',(70.222222222222,21.975155339091,
    151.39040833728));
#1822 = CARTESIAN_POINT('',(70.222222222222,22.934752036772,
    146.27780522876));
#1823 = CARTESIAN_POINT('',(70.222222222222,23.892406081928,
    141.17014875143));
#1824 = CARTESIAN_POINT('',(70.222222222222,24.800668264249,
    136.09542675893));
#1825 = CARTESIAN_POINT('',(70.222222222222,25.653694778546,
    130.88399440488));
#1826 = CARTESIAN_POINT('',(70.222222222222,26.418029396975,
    125.84554626699));
#1827 = CARTESIAN_POINT('',(70.222222222222,27.098802702214,
    120.68383928617));
#1828 = CARTESIAN_POINT('',(70.222222222222,27.757450964329,
    115.54193049282));
#1829 = CARTESIAN_POINT('',(70.222222222222,28.152834316396,
    110.38221625162));
#1830 = CARTESIAN_POINT('',(70.222222222222,29.197819622655,
    105.21459476084));
#1831 = CARTESIAN_POINT('',(70.222222222222,29.416814127814,
    100.0397811056));
#1832 = CARTESIAN_POINT('',(70.222222222222,29.783830431639,
    94.853072825844));
#1833 = CARTESIAN_POINT('',(70.222222222222,29.957977073179,
    89.66088561707));
#1834 = CARTESIAN_POINT('',(70.222222222222,30.115070453902,
    84.461202108315));
#1835 = CARTESIAN_POINT('',(70.222222222222,30.213658895621,
    79.254795343234));
#1836 = CARTESIAN_POINT('',(70.222222222222,30.176536859225,
    74.046180262157));
#1837 = CARTESIAN_POINT('',(70.222222222222,30.322227656668,
    68.835287364376));
#1838 = CARTESIAN_POINT('',(70.222222222222,29.979736941954,
    63.64949600059));
#1839 = CARTESIAN_POINT('',(70.222222222222,29.797722522639,
    58.41151576694));
#1840 = CARTESIAN_POINT('',(70.222222222222,29.167265276843,
    53.414340054674));
#1841 = CARTESIAN_POINT('',(70.222222222222,29.10339552355,
    47.793824890157));
#1842 = CARTESIAN_POINT('',(70.222222222222,28.411567625686,
    42.924024373994));
#1843 = CARTESIAN_POINT('',(70.222222222222,27.911517940934,
    37.790052996845));
#1844 = CARTESIAN_POINT('',(70.222222222222,28.125330662988,
    32.94706622612));
#1845 = CARTESIAN_POINT('',(70.222222222222,26.842390271445,
    27.225441092243));
#1846 = CARTESIAN_POINT('',(70.222222222222,23.036701390892,
    22.986575112477));
#1847 = CARTESIAN_POINT('',(70.222222222222,20.614416603265,
    19.142276122784));
#1848 = CARTESIAN_POINT('',(70.222222222222,17.311216827183,
    13.803683951028));
#1849 = CARTESIAN_POINT('',(70.222222222222,9.955817698837,
    15.007708193661));
#1850 = CARTESIAN_POINT('',(70.222222222222,8.747157123407,11.5598753458
    ));
#1851 = CARTESIAN_POINT('',(70.222222222222,8.183116523928,
    1.662060126424));
#1852 = CARTESIAN_POINT('',(70.222222222222,12.318294375303,
    1.265620280658));
#1853 = CARTESIAN_POINT('',(70.222222222222,18.394121238734,
    3.454662144635));
#1854 = CARTESIAN_POINT('',(70.222222222222,23.416428924452,
    5.178439506783));
#1855 = CARTESIAN_POINT('',(70.222222222222,28.162599684607,
    7.404160320324));
#1856 = CARTESIAN_POINT('',(70.222222222222,32.303949333809,
    10.106818022541));
#1857 = CARTESIAN_POINT('',(70.222222222222,36.186919929836,
    13.448414961229));
#1858 = CARTESIAN_POINT('',(70.222222222222,40.383676958896,
    17.668436453226));
#1859 = CARTESIAN_POINT('',(70.222222222222,42.591074978339,
    22.27458034863));
#1860 = CARTESIAN_POINT('',(70.222222222222,44.832925694632,
    27.226476525731));
#1861 = CARTESIAN_POINT('',(70.222222222222,44.455709178434,
    32.224363694069));
#1862 = CARTESIAN_POINT('',(70.222222222222,43.76933248199,
    37.257337601178));
#1863 = CARTESIAN_POINT('',(70.222222222222,42.350229125795,
    42.385537054805));
#1864 = CARTESIAN_POINT('',(70.222222222222,41.174713795312,
    47.458192140517));
#1865 = CARTESIAN_POINT('',(70.222222222222,40.208252783297,
    52.596725767357));
#1866 = CARTESIAN_POINT('',(70.222222222222,39.537901745718,
    57.709214219027));
#1867 = CARTESIAN_POINT('',(70.222222222222,39.308731613452,
    62.895178222128));
#1868 = CARTESIAN_POINT('',(70.222222222222,39.293788995222,
    68.059874431173));
#1869 = CARTESIAN_POINT('',(70.222222222222,39.446416127101,
    73.10168002785));
#1870 = CARTESIAN_POINT('',(70.222222222222,39.429811018758,
    78.912982391364));
#1871 = CARTESIAN_POINT('',(70.222222222222,39.325843076594,
    83.818204488364));
#1872 = CARTESIAN_POINT('',(70.222222222222,39.153346646885,
    88.805785883208));
#1873 = CARTESIAN_POINT('',(70.222222222222,38.900519110501,
    94.081975130099));
#1874 = CARTESIAN_POINT('',(70.222222222222,38.533897031419,
    99.252425247857));
#1875 = CARTESIAN_POINT('',(70.222222222222,38.07234003039,
    104.40456664123));
#1876 = CARTESIAN_POINT('',(70.222222222222,37.538497551325,
    109.53464111883));
#1877 = CARTESIAN_POINT('',(70.222222222222,36.842316909189,
    114.61713759707));
#1878 = CARTESIAN_POINT('',(70.222222222222,36.223924286241,
    119.87551537818));
#1879 = CARTESIAN_POINT('',(70.222222222222,35.227437679989,
    124.78156545769));
#1880 = CARTESIAN_POINT('',(70.222222222222,34.187438686892,
    130.01338768972));
#1881 = CARTESIAN_POINT('',(70.222222222222,33.029941401521,
    134.85081849268));
#1882 = CARTESIAN_POINT('',(70.222222222222,32.132167366737,
    140.46982102422));
#1883 = CARTESIAN_POINT('',(70.222222222222,35.277033855976,
    145.01340007311));
#1884 = CARTESIAN_POINT('',(70.222222222222,41.188484039808,
    146.23130273932));
#1885 = CARTESIAN_POINT('',(70.222222222222,44.877498259478,
    148.40072977028));
#1886 = CARTESIAN_POINT('',(70.222222222222,52.205122815333,
    153.54358765497));
#1887 = CARTESIAN_POINT('',(70.222222222222,51.405208356419,
    155.35226652845));
#1888 = CARTESIAN_POINT('',(70.222222222222,45.022442045502,
    152.26187080363));
#1889 = CARTESIAN_POINT('',(70.222222222222,41.139064772141,
    149.72788185403));
#1890 = CARTESIAN_POINT('',(70.222222222222,35.514322907902,
    148.49886226416));
#1891 = CARTESIAN_POINT('',(70.222222222222,31.742875439301,
    145.04411082584));
#1892 = CARTESIAN_POINT('',(70.222222222222,30.513034111876,
    136.61750706394));
#1893 = CARTESIAN_POINT('',(70.222222222222,27.303863496744,
    136.7176534041));
#1894 = CARTESIAN_POINT('',(70.222222222222,26.038104934628,
    143.23244327059));
#1895 = CARTESIAN_POINT('',(70.222222222222,25.437956021539,
    148.55273987904));
#1896 = CARTESIAN_POINT('',(70.222222222222,24.606037305653,
    153.32419795475));
#1897 = CARTESIAN_POINT('',(70.222222222222,23.59583106389,
    158.06051557703));
#1898 = CARTESIAN_POINT('',(70.222222222222,22.965004255514,
    163.14338988536));
#1899 = CARTESIAN_POINT('',(70.222222222222,22.34851795343,
    168.60524088052));
#1900 = CARTESIAN_POINT('',(70.222222222222,21.578551007178,
    173.8303037044));
#1901 = CARTESIAN_POINT('',(70.222222222222,21.234025805986,
    177.38806023794));
#1902 = CARTESIAN_POINT('',(70.222222222222,15.344461814574,
    185.68881021694));
#1903 = CARTESIAN_POINT('',(70.222222222222,8.433653017923,
    190.85346475761));
#1904 = CARTESIAN_POINT('',(70.222222222222,7.04323123976,
    181.23079888191));
#1905 = CARTESIAN_POINT('',(80.444444444444,7.396805984013,
    181.2983710978));
#1906 = CARTESIAN_POINT('',(80.444444444444,10.499604322437,
    170.56417469996));
#1907 = CARTESIAN_POINT('',(80.444444444444,19.144040331618,
    172.26786912441));
#1908 = CARTESIAN_POINT('',(80.444444444444,19.402099149218,
    165.43252828662));
#1909 = CARTESIAN_POINT('',(80.444444444444,20.604218209908,
    161.07396573851));
#1910 = CARTESIAN_POINT('',(80.444444444444,20.945583220016,
    155.95525829803));
#1911 = CARTESIAN_POINT('',(80.444444444444,21.540203325903,
    151.17826489875));
#1912 = CARTESIAN_POINT('',(80.444444444444,22.203219484036,
    146.31405996831));
#1913 = CARTESIAN_POINT('',(80.444444444444,22.962329213705,
    141.59396345003));
#1914 = CARTESIAN_POINT('',(80.444444444444,23.748935279658,
    136.81147032638));
#1915 = CARTESIAN_POINT('',(80.444444444444,24.45204347426,
    132.02424327869));
#1916 = CARTESIAN_POINT('',(80.444444444444,25.142617589581,
    127.35255684616));
#1917 = CARTESIAN_POINT('',(80.444444444444,25.780904398537,
    122.12176709017));
#1918 = CARTESIAN_POINT('',(80.444444444444,26.347893885488,
    118.88118365451));
#1919 = CARTESIAN_POINT('',(80.444444444444,26.881192300826,
    112.49262181567));
#1920 = CARTESIAN_POINT('',(80.444444444444,27.367339261321,
    108.07757608092));
#1921 = CARTESIAN_POINT('',(80.444444444444,27.745990965935,
    103.12538183809));
#1922 = CARTESIAN_POINT('',(80.444444444444,28.249486304851,
    98.311755213779));
#1923 = CARTESIAN_POINT('',(80.444444444444,27.986377084285,
    93.457765134875));
#1924 = CARTESIAN_POINT('',(80.444444444444,28.393134043929,
    88.617030341778));
#1925 = CARTESIAN_POINT('',(80.444444444444,28.525599403019,
    83.772657912456));
#1926 = CARTESIAN_POINT('',(80.444444444444,28.674100849689,
    78.936524559414));
#1927 = CARTESIAN_POINT('',(80.444444444444,28.722097311107,
    74.106765058952));
#1928 = CARTESIAN_POINT('',(80.444444444444,28.679921357066,
    69.287700951452));
#1929 = CARTESIAN_POINT('',(80.444444444444,28.653959660035,
    64.472025457207));
#1930 = CARTESIAN_POINT('',(80.444444444444,28.254296066167,
    59.656539708159));
#1931 = CARTESIAN_POINT('',(80.444444444444,28.300854829368,
    54.817054428423));
#1932 = CARTESIAN_POINT('',(80.444444444444,27.926484724362,
    50.008979474922));
#1933 = CARTESIAN_POINT('',(80.444444444444,27.77051259979,
    44.993553775536));
#1934 = CARTESIAN_POINT('',(80.444444444444,27.253940003273,
    40.58908367068));
#1935 = CARTESIAN_POINT('',(80.444444444444,26.949890883802,
    35.440737085951));
#1936 = CARTESIAN_POINT('',(80.444444444444,26.016315706644,
    30.691641236909));
#1937 = CARTESIAN_POINT('',(80.444444444444,24.11710485379,
    25.633683441661));
#1938 = CARTESIAN_POINT('',(80.444444444444,21.674082555871,
    22.238645810653));
#1939 = CARTESIAN_POINT('',(80.444444444444,19.576519632275,
    17.748891872583));
#1940 = CARTESIAN_POINT('',(80.444444444444,15.662394344936,
    13.880606323355));
#1941 = CARTESIAN_POINT('',(80.444444444444,11.076908802177,
    13.388345309217));
#1942 = CARTESIAN_POINT('',(80.444444444444,7.325395750403,
    9.342918495333));
#1943 = CARTESIAN_POINT('',(80.444444444444,7.711557593229,
    2.577951584057));
#1944 = CARTESIAN_POINT('',(80.444444444444,14.045002720488,
    2.393060475255));
#1945 = CARTESIAN_POINT('',(80.444444444444,19.093186857774,
    4.004872491535));
#1946 = CARTESIAN_POINT('',(80.444444444444,23.151854743474,
    6.403169794836));
#1947 = CARTESIAN_POINT('',(80.444444444444,27.417286611119,
    8.360999346906));
#1948 = CARTESIAN_POINT('',(80.444444444444,31.545238228318,
    10.849586944067));
#1949 = CARTESIAN_POINT('',(80.444444444444,35.394973982997,
    14.083848122928));
#1950 = CARTESIAN_POINT('',(80.444444444444,38.630810149615,
    17.866650877766));
#1951 = CARTESIAN_POINT('',(80.444444444444,40.323359125296,
    21.95980007686));
#1952 = CARTESIAN_POINT('',(80.444444444444,42.704011532505,
    26.484663389733));
#1953 = CARTESIAN_POINT('',(80.444444444444,43.116683863482,
    31.310562588318));
#1954 = CARTESIAN_POINT('',(80.444444444444,43.257199268692,
    36.194197936095));
#1955 = CARTESIAN_POINT('',(80.444444444444,40.519488968069,
    40.658340558607));
#1956 = CARTESIAN_POINT('',(80.444444444444,38.303587936865,
    45.142404580106));
#1957 = CARTESIAN_POINT('',(80.444444444444,37.098692782456,
    49.799810865916));
#1958 = CARTESIAN_POINT('',(80.444444444444,36.831464925492,
    54.502390515586));
#1959 = CARTESIAN_POINT('',(80.444444444444,36.943946966231,
    59.284368757175));
#1960 = CARTESIAN_POINT('',(80.444444444444,36.933826357584,
    64.119718888838));
#1961 = CARTESIAN_POINT('',(80.444444444444,37.094351667803,
    68.953702470478));
#1962 = CARTESIAN_POINT('',(80.444444444444,36.974046432015,
    73.995835429995));
#1963 = CARTESIAN_POINT('',(80.444444444444,36.991875155621,
    78.179739583048));
#1964 = CARTESIAN_POINT('',(80.444444444444,36.936908160757,
    83.3510070508));
#1965 = CARTESIAN_POINT('',(80.444444444444,36.803351272387,
    88.464429331326));
#1966 = CARTESIAN_POINT('',(80.444444444444,36.59837656069,
    93.229556079482));
#1967 = CARTESIAN_POINT('',(80.444444444444,36.33542184981,
    98.074975992495));
#1968 = CARTESIAN_POINT('',(80.444444444444,35.996904783129,
    102.89038658985));
#1969 = CARTESIAN_POINT('',(80.444444444444,35.59365722934,
    107.70803714176));
#1970 = CARTESIAN_POINT('',(80.444444444444,35.283395798867,
    112.51148394274));
#1971 = CARTESIAN_POINT('',(80.444444444444,34.537056602373,
    117.33671122691));
#1972 = CARTESIAN_POINT('',(80.444444444444,34.194733307775,
    122.12444487828));
#1973 = CARTESIAN_POINT('',(80.444444444444,33.470458877357,
    126.94420964949));
#1974 = CARTESIAN_POINT('',(80.444444444444,33.054921646166,
    131.73257687847));
#1975 = CARTESIAN_POINT('',(80.444444444444,32.260423066659,
    137.1902612561));
#1976 = CARTESIAN_POINT('',(80.444444444444,35.273781517533,
    140.33188525364));
#1977 = CARTESIAN_POINT('',(80.444444444444,40.942992061131,
    141.03806883636));
#1978 = CARTESIAN_POINT('',(80.444444444444,43.936562918909,
    144.1463849176));
#1979 = CARTESIAN_POINT('',(80.444444444444,48.58801418541,
    144.30058690049));
#1980 = CARTESIAN_POINT('',(80.444444444444,51.503295465887,
    153.97984543724));
#1981 = CARTESIAN_POINT('',(80.444444444444,46.753549014045,
    151.02147247607));
#1982 = CARTESIAN_POINT('',(80.444444444444,42.719316462466,
    145.78435861842));
#1983 = CARTESIAN_POINT('',(80.444444444444,38.914055408514,
    144.47920389149));
#1984 = CARTESIAN_POINT('',(80.444444444444,33.055528105584,
    144.41341093275));
#1985 = CARTESIAN_POINT('',(80.444444444444,30.295373676484,
    139.28265492755));
#1986 = CARTESIAN_POINT('',(80.444444444444,23.433748185692,
    141.4381384862));
#1987 = CARTESIAN_POINT('',(80.444444444444,25.391970932228,
    147.29088600028));
#1988 = CARTESIAN_POINT('',(80.444444444444,23.974067270678,
    151.5817559388));
#1989 = CARTESIAN_POINT('',(80.444444444444,23.036217133579,
    156.78857524203));
#1990 = CARTESIAN_POINT('',(80.444444444444,22.437169507035,
    162.0743527082));
#1991 = CARTESIAN_POINT('',(80.444444444444,21.597120369117,
    167.43921762171));
#1992 = CARTESIAN_POINT('',(80.444444444444,20.271204991433,
    171.84360376177));
#1993 = CARTESIAN_POINT('',(80.444444444444,17.738408602275,
    175.46502710136));
#1994 = CARTESIAN_POINT('',(80.444444444444,11.189443776775,
    181.87812133271));
#1995 = CARTESIAN_POINT('',(80.444444444444,7.396805984013,
    181.2983710978));
#1996 = CARTESIAN_POINT('',(80.444444444444,10.499604322437,
    170.56417469996));
#1997 = CARTESIAN_POINT('',(80.444444444444,19.144040331618,
    172.26786912441));
#1998 = CARTESIAN_POINT('',(90.111111111111,11.76256999664,
    171.8944784753));
#1999 = CARTESIAN_POINT('',(90.111111111111,13.27057383118,
    167.54085128005));
#2000 = CARTESIAN_POINT('',(90.111111111111,16.109432929957,
    167.07454677261));
#2001 = CARTESIAN_POINT('',(90.111111111111,16.929814645478,
    163.39278623237));
#2002 = CARTESIAN_POINT('',(90.111111111111,18.533680721267,
    158.45272017447));
#2003 = CARTESIAN_POINT('',(90.111111111111,20.338597827407,
    154.44976556283));
#2004 = CARTESIAN_POINT('',(90.111111111111,21.0688879527,
    149.47804207744));
#2005 = CARTESIAN_POINT('',(90.111111111111,22.030426154676,
    144.79974992562));
#2006 = CARTESIAN_POINT('',(90.111111111111,22.713544658588,
    139.80596531149));
#2007 = CARTESIAN_POINT('',(90.111111111111,23.343137839561,
    134.96047486158));
#2008 = CARTESIAN_POINT('',(90.111111111111,24.101608157318,
    130.12960803376));
#2009 = CARTESIAN_POINT('',(90.111111111111,24.755216854316,
    124.94257803054));
#2010 = CARTESIAN_POINT('',(90.111111111111,25.348846215216,
    121.23726829828));
#2011 = CARTESIAN_POINT('',(90.111111111111,25.936994123977,
    112.00984690294));
#2012 = CARTESIAN_POINT('',(90.111111111111,26.416266882299,
    111.44438114534));
#2013 = CARTESIAN_POINT('',(90.111111111111,26.840520566403,
    105.39359912691));
#2014 = CARTESIAN_POINT('',(90.111111111111,27.227940424705,
    100.80744367516));
#2015 = CARTESIAN_POINT('',(90.111111111111,27.454434701644,
    95.823559939745));
#2016 = CARTESIAN_POINT('',(90.111111111111,28.000804810812,
    90.943750812309));
#2017 = CARTESIAN_POINT('',(90.111111111111,28.083102535865,
    86.024348420558));
#2018 = CARTESIAN_POINT('',(90.111111111111,28.190676224549,
    81.122031856437));
#2019 = CARTESIAN_POINT('',(90.111111111111,28.284962060302,
    76.206680267488));
#2020 = CARTESIAN_POINT('',(90.111111111111,28.260651384975,
    71.290223704021));
#2021 = CARTESIAN_POINT('',(90.111111111111,28.189342593765,
    66.368512298915));
#2022 = CARTESIAN_POINT('',(90.111111111111,27.956601001552,
    61.444566221873));
#2023 = CARTESIAN_POINT('',(90.111111111111,28.010748431534,
    56.517880858191));
#2024 = CARTESIAN_POINT('',(90.111111111111,27.479983042292,
    51.597106586484));
#2025 = CARTESIAN_POINT('',(90.111111111111,27.268102006922,
    46.658692534662));
#2026 = CARTESIAN_POINT('',(90.111111111111,27.254754496312,
    41.815840575999));
#2027 = CARTESIAN_POINT('',(90.111111111111,26.663872267325,
    36.519480031306));
#2028 = CARTESIAN_POINT('',(90.111111111111,25.874709011651,
    31.87916660004));
#2029 = CARTESIAN_POINT('',(90.111111111111,24.824515815596,
    27.156658042572));
#2030 = CARTESIAN_POINT('',(90.111111111111,23.361872837855,
    23.115875621267));
#2031 = CARTESIAN_POINT('',(90.111111111111,21.030303699273,
    18.07901187869));
#2032 = CARTESIAN_POINT('',(90.111111111111,17.790934048501,
    14.275902923601));
#2033 = CARTESIAN_POINT('',(90.111111111111,13.423439576051,
    11.222317662229));
#2034 = CARTESIAN_POINT('',(90.111111111111,9.582734371194,
    9.527049074972));
#2035 = CARTESIAN_POINT('',(90.111111111111,3.10684136447,8.940500960769
    ));
#2036 = CARTESIAN_POINT('',(90.111111111111,5.228056936509,
    0.264391937615));
#2037 = CARTESIAN_POINT('',(90.111111111111,10.778084352351,
    1.584676085684));
#2038 = CARTESIAN_POINT('',(90.111111111111,15.433710853894,
    2.258782423498));
#2039 = CARTESIAN_POINT('',(90.111111111111,20.611129596258,
    3.601596830458));
#2040 = CARTESIAN_POINT('',(90.111111111111,25.062082625214,
    5.289601398317));
#2041 = CARTESIAN_POINT('',(90.111111111111,29.338496261927,
    7.966457560179));
#2042 = CARTESIAN_POINT('',(90.111111111111,33.181716945073,
    11.087229047151));
#2043 = CARTESIAN_POINT('',(90.111111111111,36.553440108675,
    14.539655615942));
#2044 = CARTESIAN_POINT('',(90.111111111111,39.997871571684,
    18.591629502767));
#2045 = CARTESIAN_POINT('',(90.111111111111,41.467763348227,
    23.145081966171));
#2046 = CARTESIAN_POINT('',(90.111111111111,42.871212769887,
    28.308833490462));
#2047 = CARTESIAN_POINT('',(90.111111111111,42.19748203265,
    33.454491669147));
#2048 = CARTESIAN_POINT('',(90.111111111111,39.285540159801,
    37.642862095097));
#2049 = CARTESIAN_POINT('',(90.111111111111,36.914564667476,
    41.840862540077));
#2050 = CARTESIAN_POINT('',(90.111111111111,34.525949538249,
    46.323974957663));
#2051 = CARTESIAN_POINT('',(90.111111111111,31.638597284544,
    51.10936238958));
#2052 = CARTESIAN_POINT('',(90.111111111111,29.914096529452,
    56.082120342876));
#2053 = CARTESIAN_POINT('',(90.111111111111,29.372800152072,
    61.03205464712));
#2054 = CARTESIAN_POINT('',(90.111111111111,29.257800915029,
    66.072919503598));
#2055 = CARTESIAN_POINT('',(90.111111111111,29.463478016789,
    70.872141394503));
#2056 = CARTESIAN_POINT('',(90.111111111111,29.291622417834,
    76.35102810614));
#2057 = CARTESIAN_POINT('',(90.111111111111,29.07759178397,
    80.997675760676));
#2058 = CARTESIAN_POINT('',(90.111111111111,28.821466719355,
    85.644448726273));
#2059 = CARTESIAN_POINT('',(90.111111111111,28.520806031911,
    90.576767094311));
#2060 = CARTESIAN_POINT('',(90.111111111111,28.160210506602,
    95.478925530037));
#2061 = CARTESIAN_POINT('',(90.111111111111,27.769854958944,
    100.41704585894));
#2062 = CARTESIAN_POINT('',(90.111111111111,27.307145825725,
    105.34238961181));
#2063 = CARTESIAN_POINT('',(90.111111111111,26.544035119598,
    110.32012830961));
#2064 = CARTESIAN_POINT('',(90.111111111111,26.339591639367,
    114.99359673467));
#2065 = CARTESIAN_POINT('',(90.111111111111,25.41950041567,
    120.08129165341));
#2066 = CARTESIAN_POINT('',(90.111111111111,24.823443655873,
    124.79679481471));
#2067 = CARTESIAN_POINT('',(90.111111111111,24.287211947763,
    129.54888847538));
#2068 = CARTESIAN_POINT('',(90.111111111111,22.249579915015,
    135.10537801642));
#2069 = CARTESIAN_POINT('',(90.111111111111,23.355262917612,
    139.4004167436));
#2070 = CARTESIAN_POINT('',(90.111111111111,29.822861541861,
    141.57346283781));
#2071 = CARTESIAN_POINT('',(90.111111111111,36.949173011129,
    141.42718789345));
#2072 = CARTESIAN_POINT('',(90.111111111111,42.050646606878,
    143.48540786908));
#2073 = CARTESIAN_POINT('',(90.111111111111,49.092111989439,
    140.83650750024));
#2074 = CARTESIAN_POINT('',(90.111111111111,49.103570909465,
    148.85974107338));
#2075 = CARTESIAN_POINT('',(90.111111111111,44.685809061864,
    143.76650174874));
#2076 = CARTESIAN_POINT('',(90.111111111111,39.881195272481,
    142.18715339226));
#2077 = CARTESIAN_POINT('',(90.111111111111,35.447914483791,
    141.81009565719));
#2078 = CARTESIAN_POINT('',(90.111111111111,30.29365378304,
    141.3920644706));
#2079 = CARTESIAN_POINT('',(90.111111111111,28.054415866615,
    131.53202754845));
#2080 = CARTESIAN_POINT('',(90.111111111111,25.815556515858,
    141.66233263061));
#2081 = CARTESIAN_POINT('',(90.111111111111,25.832973741166,
    145.54587703949));
#2082 = CARTESIAN_POINT('',(90.111111111111,24.969525737278,
    148.25797685363));
#2083 = CARTESIAN_POINT('',(90.111111111111,24.850188599134,
    151.98749574775));
#2084 = CARTESIAN_POINT('',(90.111111111111,24.509438250766,
    155.04876055288));
#2085 = CARTESIAN_POINT('',(90.111111111111,23.012047999138,
    159.36119592957));
#2086 = CARTESIAN_POINT('',(90.111111111111,21.405332772703,
    163.73364703295));
#2087 = CARTESIAN_POINT('',(90.111111111111,16.33234323237,
    169.35437854985));
#2088 = CARTESIAN_POINT('',(90.111111111111,11.76256999664,
    171.8944784753));
#2089 = CARTESIAN_POINT('',(90.111111111111,13.27057383118,
    167.54085128005));
#2090 = CARTESIAN_POINT('',(90.111111111111,16.109432929957,
    167.07454677261));
#2091 = CARTESIAN_POINT('',(99.444444444444,5.410402080154,
    171.25724423911));
#2092 = CARTESIAN_POINT('',(99.444444444444,9.668833648499,
    159.62210263571));
#2093 = CARTESIAN_POINT('',(99.444444444444,22.068705853981,
    156.61167706547));
#2094 = CARTESIAN_POINT('',(99.444444444444,29.256575242979,
    148.95239566561));
#2095 = CARTESIAN_POINT('',(99.444444444444,29.963332530306,
    145.99965249122));
#2096 = CARTESIAN_POINT('',(99.444444444444,27.096413596262,
    138.52518859643));
#2097 = CARTESIAN_POINT('',(99.444444444444,27.006859436953,
    134.37686034136));
#2098 = CARTESIAN_POINT('',(99.444444444444,26.663008407232,
    129.50838329952));
#2099 = CARTESIAN_POINT('',(99.444444444444,27.186878911769,
    125.39739652989));
#2100 = CARTESIAN_POINT('',(99.444444444444,27.897085547897,
    121.00586798312));
#2101 = CARTESIAN_POINT('',(99.444444444444,28.305261005489,
    116.61189615653));
#2102 = CARTESIAN_POINT('',(99.444444444444,28.814931582178,
    112.88862216893));
#2103 = CARTESIAN_POINT('',(99.444444444444,29.266502864858,
    106.26923738039));
#2104 = CARTESIAN_POINT('',(99.444444444444,29.549045251114,
    110.37002349607));
#2105 = CARTESIAN_POINT('',(99.444444444444,29.880026905053,
    97.551255587132));
#2106 = CARTESIAN_POINT('',(99.444444444444,30.129225781817,
    95.427598592362));
#2107 = CARTESIAN_POINT('',(99.444444444444,30.34837468864,
    90.429594435466));
#2108 = CARTESIAN_POINT('',(99.444444444444,30.461642367851,
    86.196408838648));
#2109 = CARTESIAN_POINT('',(99.444444444444,30.720060491479,
    81.752154378304));
#2110 = CARTESIAN_POINT('',(99.444444444444,30.729859114721,
    77.374771242103));
#2111 = CARTESIAN_POINT('',(99.444444444444,30.812180907873,
    72.966995600229));
#2112 = CARTESIAN_POINT('',(99.444444444444,30.555507089611,
    68.579738535042));
#2113 = CARTESIAN_POINT('',(99.444444444444,30.438835631796,
    64.199698343561));
#2114 = CARTESIAN_POINT('',(99.444444444444,30.235721747182,
    59.837928774568));
#2115 = CARTESIAN_POINT('',(99.444444444444,30.085242007342,
    55.49046555687));
#2116 = CARTESIAN_POINT('',(99.444444444444,29.457491061838,
    51.152564435609));
#2117 = CARTESIAN_POINT('',(99.444444444444,29.354124973351,
    46.829540422097));
#2118 = CARTESIAN_POINT('',(99.444444444444,28.657647526849,
    42.486543088244));
#2119 = CARTESIAN_POINT('',(99.444444444444,27.517182076773,
    38.196122433173));
#2120 = CARTESIAN_POINT('',(99.444444444444,27.305341997039,
    33.978522460778));
#2121 = CARTESIAN_POINT('',(99.444444444444,26.741504388666,
    29.547199951095));
#2122 = CARTESIAN_POINT('',(99.444444444444,25.794925084347,
    25.33257029079));
#2123 = CARTESIAN_POINT('',(99.444444444444,24.179504761687,
    21.054696323485));
#2124 = CARTESIAN_POINT('',(99.444444444444,22.1307999785,
    17.778572064953));
#2125 = CARTESIAN_POINT('',(99.444444444444,18.796141640521,
    14.212842867354));
#2126 = CARTESIAN_POINT('',(99.444444444444,16.012200644618,
    11.239215269934));
#2127 = CARTESIAN_POINT('',(99.444444444444,11.877203612731,
    8.993992200299));
#2128 = CARTESIAN_POINT('',(99.444444444444,8.146589845768,
    8.686582125759));
#2129 = CARTESIAN_POINT('',(99.444444444444,1.493066481899,
    7.847300841137));
#2130 = CARTESIAN_POINT('',(99.444444444444,2.350725811081,
    -0.577952896261));
#2131 = CARTESIAN_POINT('',(99.444444444444,7.800877633578,0.71992737795
    ));
#2132 = CARTESIAN_POINT('',(99.444444444444,11.539592338084,
    1.164287809991));
#2133 = CARTESIAN_POINT('',(99.444444444444,16.227484622304,
    2.501871412713));
#2134 = CARTESIAN_POINT('',(99.444444444444,20.419472444392,
    3.586145666201));
#2135 = CARTESIAN_POINT('',(99.444444444444,24.609319569373,
    4.863247787637));
#2136 = CARTESIAN_POINT('',(99.444444444444,28.571761377885,
    6.990349149009));
#2137 = CARTESIAN_POINT('',(99.444444444444,31.967479051868,
    9.447808941115));
#2138 = CARTESIAN_POINT('',(99.444444444444,35.593627891138,
    12.395193026839));
#2139 = CARTESIAN_POINT('',(99.444444444444,38.377390711227,
    15.871042580471));
#2140 = CARTESIAN_POINT('',(99.444444444444,40.603069882129,
    19.881155070988));
#2141 = CARTESIAN_POINT('',(99.444444444444,42.096983576904,
    24.328275341287));
#2142 = CARTESIAN_POINT('',(99.444444444444,40.245849938286,
    28.860766314397));
#2143 = CARTESIAN_POINT('',(99.444444444444,40.406854607828,
    33.273933539946));
#2144 = CARTESIAN_POINT('',(99.444444444444,44.124266920879,
    37.175925416583));
#2145 = CARTESIAN_POINT('',(99.444444444444,46.743434718703,
    40.973060982075));
#2146 = CARTESIAN_POINT('',(99.444444444444,48.471127944864,
    45.167188608558));
#2147 = CARTESIAN_POINT('',(99.444444444444,49.350621206679,
    49.374180484366));
#2148 = CARTESIAN_POINT('',(99.444444444444,49.812595017884,
    53.802765909589));
#2149 = CARTESIAN_POINT('',(99.444444444444,50.491278238439,
    57.843096228702));
#2150 = CARTESIAN_POINT('',(99.444444444444,51.075340913235,
    62.343895943607));
#2151 = CARTESIAN_POINT('',(99.444444444444,51.544119200227,
    66.894959516578));
#2152 = CARTESIAN_POINT('',(99.444444444444,51.894156563134,
    71.293393201226));
#2153 = CARTESIAN_POINT('',(99.444444444444,52.160409971158,
    75.656538879569));
#2154 = CARTESIAN_POINT('',(99.444444444444,52.287754625167,
    80.01782594871));
#2155 = CARTESIAN_POINT('',(99.444444444444,52.402109336382,
    84.417749325246));
#2156 = CARTESIAN_POINT('',(99.444444444444,52.780290933459,
    88.692176679527));
#2157 = CARTESIAN_POINT('',(99.444444444444,52.340206620002,
    93.533528586749));
#2158 = CARTESIAN_POINT('',(99.444444444444,52.745092878736,
    97.423366939636));
#2159 = CARTESIAN_POINT('',(99.444444444444,52.723653008356,
    101.95064281225));
#2160 = CARTESIAN_POINT('',(99.444444444444,52.576523490179,
    106.34150026518));
#2161 = CARTESIAN_POINT('',(99.444444444444,52.93108062908,
    110.51465266125));
#2162 = CARTESIAN_POINT('',(99.444444444444,52.469487232406,
    115.33124906835));
#2163 = CARTESIAN_POINT('',(99.444444444444,50.83024368395,
    119.95842337521));
#2164 = CARTESIAN_POINT('',(99.444444444444,48.59650626837,
    125.22528737031));
#2165 = CARTESIAN_POINT('',(99.444444444444,44.179585458513,
    130.04603802916));
#2166 = CARTESIAN_POINT('',(99.444444444444,50.427120634886,
    142.21171697208));
#2167 = CARTESIAN_POINT('',(99.444444444444,55.0332430706,
    149.21647812122));
#2168 = CARTESIAN_POINT('',(99.444444444444,46.214696161852,
    149.50854537219));
#2169 = CARTESIAN_POINT('',(99.444444444444,47.429023969619,
    141.05301905337));
#2170 = CARTESIAN_POINT('',(99.444444444444,43.694074070186,
    131.63994561437));
#2171 = CARTESIAN_POINT('',(99.444444444444,37.555879716036,
    137.41245117904));
#2172 = CARTESIAN_POINT('',(99.444444444444,31.457369232946,
    134.5008906572));
#2173 = CARTESIAN_POINT('',(99.444444444444,24.864642697922,
    123.99702137374));
#2174 = CARTESIAN_POINT('',(99.444444444444,25.429697979389,
    132.51001031127));
#2175 = CARTESIAN_POINT('',(99.444444444444,24.56086486635,
    143.65030524964));
#2176 = CARTESIAN_POINT('',(99.444444444444,22.167108304278,
    152.88662637108));
#2177 = CARTESIAN_POINT('',(99.444444444444,20.326550361527,
    164.01379200291));
#2178 = CARTESIAN_POINT('',(99.444444444444,20.510153248717,
    169.88549776944));
#2179 = CARTESIAN_POINT('',(99.444444444444,16.307415077076,
    171.52332544018));
#2180 = CARTESIAN_POINT('',(99.444444444444,9.599134958421,
    173.6885765471));
#2181 = CARTESIAN_POINT('',(99.444444444444,5.410402080154,
    171.25724423911));
#2182 = CARTESIAN_POINT('',(99.444444444444,9.668833648499,
    159.62210263571));
#2183 = CARTESIAN_POINT('',(99.444444444444,22.068705853981,
    156.61167706547));
#2184 = CARTESIAN_POINT('',(109.11111111111,35.003250566908,
    144.02851047685));
#2185 = CARTESIAN_POINT('',(109.11111111111,26.759172414041,
    156.700629142));
#2186 = CARTESIAN_POINT('',(109.11111111111,9.28793298291,166.4177147855
    ));
#2187 = CARTESIAN_POINT('',(109.11111111111,-5.422834218469,
    173.07636053333));
#2188 = CARTESIAN_POINT('',(109.11111111111,-1.663016927003,
    164.71997641132));
#2189 = CARTESIAN_POINT('',(109.11111111111,11.224677130202,
    170.05458401586));
#2190 = CARTESIAN_POINT('',(109.11111111111,13.8199483527,
    163.97883488147));
#2191 = CARTESIAN_POINT('',(109.11111111111,16.850502619094,
    159.96448366198));
#2192 = CARTESIAN_POINT('',(109.11111111111,17.631522621921,
    154.24399207322));
#2193 = CARTESIAN_POINT('',(109.11111111111,17.938871592592,
    149.14864959491));
#2194 = CARTESIAN_POINT('',(109.11111111111,18.81689596831,
    143.98713950941));
#2195 = CARTESIAN_POINT('',(109.11111111111,19.467722789309,
    137.71278792294));
#2196 = CARTESIAN_POINT('',(109.11111111111,20.144619404607,
    136.35739235235));
#2197 = CARTESIAN_POINT('',(109.11111111111,21.038515179777,
    116.51862631595));
#2198 = CARTESIAN_POINT('',(109.11111111111,21.730109163518,
    125.91768184319));
#2199 = CARTESIAN_POINT('',(109.11111111111,22.453832551611,
    116.77019132586));
#2200 = CARTESIAN_POINT('',(109.11111111111,23.068273281045,
    112.58354491538));
#2201 = CARTESIAN_POINT('',(109.11111111111,23.841209551426,
    107.06109873817));
#2202 = CARTESIAN_POINT('',(109.11111111111,23.786485239759,
    101.89322441006));
#2203 = CARTESIAN_POINT('',(109.11111111111,24.453279083474,
    96.622419732918));
#2204 = CARTESIAN_POINT('',(109.11111111111,24.684736714164,
    91.38419296495));
#2205 = CARTESIAN_POINT('',(109.11111111111,25.447026363599,
    86.133195868722));
#2206 = CARTESIAN_POINT('',(109.11111111111,25.752036801972,
    80.871859391407));
#2207 = CARTESIAN_POINT('',(109.11111111111,26.069878818976,
    75.585158970441));
#2208 = CARTESIAN_POINT('',(109.11111111111,26.209366486352,
    70.264606073114));
#2209 = CARTESIAN_POINT('',(109.11111111111,27.043829179014,
    64.906640160654));
#2210 = CARTESIAN_POINT('',(109.11111111111,27.014636706806,
    59.478674442503));
#2211 = CARTESIAN_POINT('',(109.11111111111,28.147301849355,
    54.055529602756));
#2212 = CARTESIAN_POINT('',(109.11111111111,29.357043678566,
    48.393894620495));
#2213 = CARTESIAN_POINT('',(109.11111111111,29.547093988436,
    42.949016615763));
#2214 = CARTESIAN_POINT('',(109.11111111111,29.5581690881,
    37.564397267702));
#2215 = CARTESIAN_POINT('',(109.11111111111,29.322590451944,
    32.166776718503));
#2216 = CARTESIAN_POINT('',(109.11111111111,29.098384717012,
    26.82141026568));
#2217 = CARTESIAN_POINT('',(109.11111111111,27.990439408317,
    21.057165901612));
#2218 = CARTESIAN_POINT('',(109.11111111111,25.898207006702,
    16.129486831333));
#2219 = CARTESIAN_POINT('',(109.11111111111,21.337515194972,
    11.916657767482));
#2220 = CARTESIAN_POINT('',(109.11111111111,16.91727993605,9.05734183962
    ));
#2221 = CARTESIAN_POINT('',(109.11111111111,12.418642320894,
    6.975630777297));
#2222 = CARTESIAN_POINT('',(109.11111111111,6.405496220967,
    9.519675666486));
#2223 = CARTESIAN_POINT('',(109.11111111111,-1.768709644999,
    6.277416515185));
#2224 = CARTESIAN_POINT('',(109.11111111111,2.392152427792,
    -1.756880048783));
#2225 = CARTESIAN_POINT('',(109.11111111111,9.514206188302,
    1.308577823358));
#2226 = CARTESIAN_POINT('',(109.11111111111,13.339132614065,
    1.515726783705));
#2227 = CARTESIAN_POINT('',(109.11111111111,18.746296878226,
    2.35343223038));
#2228 = CARTESIAN_POINT('',(109.11111111111,23.726726232197,
    4.782983004976));
#2229 = CARTESIAN_POINT('',(109.11111111111,28.72233759273,
    6.823955560582));
#2230 = CARTESIAN_POINT('',(109.11111111111,33.190485820749,
    9.740029750412));
#2231 = CARTESIAN_POINT('',(109.11111111111,36.608257674056,
    13.360441354237));
#2232 = CARTESIAN_POINT('',(109.11111111111,39.450511350371,
    17.860926686123));
#2233 = CARTESIAN_POINT('',(109.11111111111,41.43480701535,
    22.931393337864));
#2234 = CARTESIAN_POINT('',(109.11111111111,42.141318253437,
    28.279854971878));
#2235 = CARTESIAN_POINT('',(109.11111111111,43.393670972904,
    33.331003482674));
#2236 = CARTESIAN_POINT('',(109.11111111111,45.587259855195,
    38.174256624436));
#2237 = CARTESIAN_POINT('',(109.11111111111,46.660285648282,
    43.275622741631));
#2238 = CARTESIAN_POINT('',(109.11111111111,48.04646717493,
    48.662274611526));
#2239 = CARTESIAN_POINT('',(109.11111111111,48.150540177115,
    53.850852853005));
#2240 = CARTESIAN_POINT('',(109.11111111111,48.700004264728,
    59.213984614705));
#2241 = CARTESIAN_POINT('',(109.11111111111,49.11686193059,
    64.402238245762));
#2242 = CARTESIAN_POINT('',(109.11111111111,49.156998855762,
    69.884160350592));
#2243 = CARTESIAN_POINT('',(109.11111111111,49.083133445907,
    75.066945730581));
#2244 = CARTESIAN_POINT('',(109.11111111111,49.008759362799,
    80.164364943195));
#2245 = CARTESIAN_POINT('',(109.11111111111,48.982755778532,
    85.373568391684));
#2246 = CARTESIAN_POINT('',(109.11111111111,48.93552758697,
    90.698457984172));
#2247 = CARTESIAN_POINT('',(109.11111111111,49.013582086374,
    96.012822291582));
#2248 = CARTESIAN_POINT('',(109.11111111111,48.90875623213,
    101.26188236352));
#2249 = CARTESIAN_POINT('',(109.11111111111,48.329017675458,
    106.72762814069));
#2250 = CARTESIAN_POINT('',(109.11111111111,48.836064865877,
    111.21666559276));
#2251 = CARTESIAN_POINT('',(109.11111111111,48.017659871783,
    117.35473897336));
#2252 = CARTESIAN_POINT('',(109.11111111111,47.576397852898,
    122.39068997436));
#2253 = CARTESIAN_POINT('',(109.11111111111,47.246469095386,
    127.64812794954));
#2254 = CARTESIAN_POINT('',(109.11111111111,46.415908345131,
    133.01002831289));
#2255 = CARTESIAN_POINT('',(109.11111111111,45.760936708347,
    137.59126033482));
#2256 = CARTESIAN_POINT('',(109.11111111111,45.23052142997,
    143.23285783369));
#2257 = CARTESIAN_POINT('',(109.11111111111,47.332643760277,
    148.98087917309));
#2258 = CARTESIAN_POINT('',(109.11111111111,54.110763584433,
    154.88976348667));
#2259 = CARTESIAN_POINT('',(109.11111111111,37.96918965397,
    137.01832554877));
#2260 = CARTESIAN_POINT('',(109.11111111111,36.088727684975,
    123.47708002792));
#2261 = CARTESIAN_POINT('',(109.11111111111,34.393788958717,
    117.62401701445));
#2262 = CARTESIAN_POINT('',(109.11111111111,35.028372384456,
    114.06667376383));
#2263 = CARTESIAN_POINT('',(109.11111111111,35.565177192057,
    138.4331978044));
#2264 = CARTESIAN_POINT('',(109.11111111111,36.665561183391,
    140.16082319136));
#2265 = CARTESIAN_POINT('',(109.11111111111,37.219633359729,
    145.73052397405));
#2266 = CARTESIAN_POINT('',(109.11111111111,37.441716883262,
    158.1577554934));
#2267 = CARTESIAN_POINT('',(109.11111111111,33.606296706789,
    159.33302774941));
#2268 = CARTESIAN_POINT('',(109.11111111111,32.522096700555,
    138.803061955));
#2269 = CARTESIAN_POINT('',(109.11111111111,38.967852094745,
    127.47881038679));
#2270 = CARTESIAN_POINT('',(109.11111111111,42.329350842828,
    110.35345312782));
#2271 = CARTESIAN_POINT('',(109.11111111111,35.909985100851,
    108.66546904226));
#2272 = CARTESIAN_POINT('',(109.11111111111,40.590405395404,
    119.88470749956));
#2273 = CARTESIAN_POINT('',(109.11111111111,39.842916851308,
    132.979755252));
#2274 = CARTESIAN_POINT('',(109.11111111111,35.003250566908,
    144.02851047685));
#2275 = CARTESIAN_POINT('',(109.11111111111,26.759172414041,
    156.700629142));
#2276 = CARTESIAN_POINT('',(109.11111111111,9.28793298291,166.4177147855
    ));
#2277 = CARTESIAN_POINT('',(118.77777777777,12.050065905591,
    156.06104160149));
#2278 = CARTESIAN_POINT('',(118.77777777777,24.75777888304,
    141.60339012887));
#2279 = CARTESIAN_POINT('',(118.77777777777,47.354299390025,
    137.36762391662));
#2280 = CARTESIAN_POINT('',(118.77777777777,64.415252214122,
    123.7906762022));
#2281 = CARTESIAN_POINT('',(118.77777777777,61.406955915845,
    122.32827865693));
#2282 = CARTESIAN_POINT('',(118.77777777777,52.330839205855,
    109.97301272368));
#2283 = CARTESIAN_POINT('',(118.77777777777,51.253312984041,
    106.67559328035));
#2284 = CARTESIAN_POINT('',(118.77777777777,49.525939654897,
    101.46523454402));
#2285 = CARTESIAN_POINT('',(118.77777777777,49.892123064027,
    98.042492464609));
#2286 = CARTESIAN_POINT('',(118.77777777777,50.64854119226,
    93.723751689785));
#2287 = CARTESIAN_POINT('',(118.77777777777,50.614496659242,
    89.627848528268));
#2288 = CARTESIAN_POINT('',(118.77777777777,50.802946574809,
    86.839613033229));
#2289 = CARTESIAN_POINT('',(118.77777777777,50.883692358813,
    78.159830814283));
#2290 = CARTESIAN_POINT('',(118.77777777777,50.600866882102,
    91.905456143822));
#2291 = CARTESIAN_POINT('',(118.77777777777,50.486356073493,
    70.000879201204));
#2292 = CARTESIAN_POINT('',(118.77777777777,50.228343022376,
    70.73375125243));
#2293 = CARTESIAN_POINT('',(118.77777777777,50.012817420739,
    65.397009721313));
#2294 = CARTESIAN_POINT('',(118.77777777777,49.472749207417,
    61.679048050108));
#2295 = CARTESIAN_POINT('',(118.77777777777,49.95119176973,
    57.523469710575));
#2296 = CARTESIAN_POINT('',(118.77777777777,49.326760911275,
    53.462256718895));
#2297 = CARTESIAN_POINT('',(118.77777777777,49.182943777043,
    49.385936073525));
#2298 = CARTESIAN_POINT('',(118.77777777777,48.209222996931,
    45.296479060259));
#2299 = CARTESIAN_POINT('',(118.77777777777,47.618950491173,
    41.242771950245));
#2300 = CARTESIAN_POINT('',(118.77777777777,46.692572518141,
    37.259069033178));
#2301 = CARTESIAN_POINT('',(118.77777777777,45.580653969382,
    33.382867707934));
#2302 = CARTESIAN_POINT('',(118.77777777777,43.065247229419,
    29.641717825467));
#2303 = CARTESIAN_POINT('',(118.77777777777,41.049264998085,
    26.10456434698));
#2304 = CARTESIAN_POINT('',(118.77777777777,36.823878242049,
    22.684946929046));
#2305 = CARTESIAN_POINT('',(118.77777777777,32.637846510075,
    19.61569074623));
#2306 = CARTESIAN_POINT('',(118.77777777777,30.074316969366,
    16.048024298772));
#2307 = CARTESIAN_POINT('',(118.77777777777,28.122399153322,
    12.400262842315));
#2308 = CARTESIAN_POINT('',(118.77777777777,25.72833690795,
    8.933942700267));
#2309 = CARTESIAN_POINT('',(118.77777777777,21.507545182588,
    6.035224243948));
#2310 = CARTESIAN_POINT('',(118.77777777777,16.585363782487,
    4.592770508447));
#2311 = CARTESIAN_POINT('',(118.77777777777,11.164301279205,
    3.93335797378));
#2312 = CARTESIAN_POINT('',(118.77777777777,7.453795577705,
    4.619534225818));
#2313 = CARTESIAN_POINT('',(118.77777777777,2.812111221685,
    5.456131848695));
#2314 = CARTESIAN_POINT('',(118.77777777777,-2.033432019584,
    5.69565558576));
#2315 = CARTESIAN_POINT('',(118.77777777777,-6.852059502083,
    2.292202421087));
#2316 = CARTESIAN_POINT('',(118.77777777777,2.491127213298,
    -6.694768566362));
#2317 = CARTESIAN_POINT('',(118.77777777777,8.150148163064,
    2.266036740702));
#2318 = CARTESIAN_POINT('',(118.77777777777,10.585404068683,
    1.312355445088));
#2319 = CARTESIAN_POINT('',(118.77777777777,15.874638407547,
    2.188871109644));
#2320 = CARTESIAN_POINT('',(118.77777777777,19.369381572143,
    3.697260952274));
#2321 = CARTESIAN_POINT('',(118.77777777777,23.387991616389,
    3.838360481671));
#2322 = CARTESIAN_POINT('',(118.77777777777,26.844006964155,
    5.651627534649));
#2323 = CARTESIAN_POINT('',(118.77777777777,30.598188029385,
    7.553636376939));
#2324 = CARTESIAN_POINT('',(118.77777777777,34.579289732711,
    9.84320831526));
#2325 = CARTESIAN_POINT('',(118.77777777777,37.623520270067,
    12.405272959063));
#2326 = CARTESIAN_POINT('',(118.77777777777,39.80193697188,
    15.565639250514));
#2327 = CARTESIAN_POINT('',(118.77777777777,41.528665059072,
    19.125016742775));
#2328 = CARTESIAN_POINT('',(118.77777777777,42.652043433455,
    23.260715602933));
#2329 = CARTESIAN_POINT('',(118.77777777777,42.934186718062,
    27.447870935481));
#2330 = CARTESIAN_POINT('',(118.77777777777,44.127126603338,
    31.385926460525));
#2331 = CARTESIAN_POINT('',(118.77777777777,44.559138098895,
    35.058347472121));
#2332 = CARTESIAN_POINT('',(118.77777777777,46.37712287754,
    38.992213920881));
#2333 = CARTESIAN_POINT('',(118.77777777777,47.20971803944,
    42.76461146755));
#2334 = CARTESIAN_POINT('',(118.77777777777,47.919041174149,
    46.782212944634));
#2335 = CARTESIAN_POINT('',(118.77777777777,48.701263133179,
    50.538242659613));
#2336 = CARTESIAN_POINT('',(118.77777777777,49.369436807531,
    54.643266479906));
#2337 = CARTESIAN_POINT('',(118.77777777777,49.843024744241,
    58.879408343124));
#2338 = CARTESIAN_POINT('',(118.77777777777,50.105686089264,
    63.028761930182));
#2339 = CARTESIAN_POINT('',(118.77777777777,50.269784719689,
    67.028617294128));
#2340 = CARTESIAN_POINT('',(118.77777777777,50.109878581766,
    71.049657632511));
#2341 = CARTESIAN_POINT('',(118.77777777777,50.134171967486,
    75.147569194409));
#2342 = CARTESIAN_POINT('',(118.77777777777,50.638846872502,
    78.959085011212));
#2343 = CARTESIAN_POINT('',(118.77777777777,49.637531912902,
    83.981600756167));
#2344 = CARTESIAN_POINT('',(118.77777777777,50.225370782528,
    86.896829097983));
#2345 = CARTESIAN_POINT('',(118.77777777777,50.328330823669,
    91.183832216284));
#2346 = CARTESIAN_POINT('',(118.77777777777,50.126756421342,
    95.175214325103));
#2347 = CARTESIAN_POINT('',(118.77777777777,50.34059492174,
    99.039401146003));
#2348 = CARTESIAN_POINT('',(118.77777777777,50.470368498652,
    103.86183912459));
#2349 = CARTESIAN_POINT('',(118.77777777777,50.098555101579,
    107.20700028218));
#2350 = CARTESIAN_POINT('',(118.77777777777,48.228693604534,
    110.95890049233));
#2351 = CARTESIAN_POINT('',(118.77777777777,39.177385066447,
    114.78434082709));
#2352 = CARTESIAN_POINT('',(118.77777777777,58.602508680331,
    135.08941994403));
#2353 = CARTESIAN_POINT('',(118.77777777777,57.297828918026,
    156.18571556958));
#2354 = CARTESIAN_POINT('',(118.77777777777,52.047466414096,
    150.28848908415));
#2355 = CARTESIAN_POINT('',(118.77777777777,47.199174013857,
    148.42025217805));
#2356 = CARTESIAN_POINT('',(118.77777777777,40.924478380958,
    117.25403536443));
#2357 = CARTESIAN_POINT('',(118.77777777777,37.613052232296,
    127.90448599515));
#2358 = CARTESIAN_POINT('',(118.77777777777,36.190755180802,
    131.09202830484));
#2359 = CARTESIAN_POINT('',(118.77777777777,36.332439008892,
    129.46835073633));
#2360 = CARTESIAN_POINT('',(118.77777777777,37.50555824485,
    137.02189692428));
#2361 = CARTESIAN_POINT('',(118.77777777777,34.493019882137,
    160.19374163177));
#2362 = CARTESIAN_POINT('',(118.77777777777,23.271687304747,
    173.01211671943));
#2363 = CARTESIAN_POINT('',(118.77777777777,11.492899951193,
    186.23715016954));
#2364 = CARTESIAN_POINT('',(118.77777777777,6.164131806242,
    193.49977338255));
#2365 = CARTESIAN_POINT('',(118.77777777777,-4.375139140934,
    185.98151795043));
#2366 = CARTESIAN_POINT('',(118.77777777777,-1.604303937926,
    165.13236199237));
#2367 = CARTESIAN_POINT('',(118.77777777777,12.050065905591,
    156.06104160149));
#2368 = CARTESIAN_POINT('',(118.77777777777,24.75777888304,
    141.60339012887));
#2369 = CARTESIAN_POINT('',(118.77777777777,47.354299390025,
    137.36762391662));
#2370 = CARTESIAN_POINT('',(129.55555555555,33.138815682233,
    143.5817229809));
#2371 = CARTESIAN_POINT('',(129.55555555555,33.842764534025,
    143.03046191151));
#2372 = CARTESIAN_POINT('',(129.55555555555,33.997919296081,
    140.02479314977));
#2373 = CARTESIAN_POINT('',(129.55555555555,30.288737065644,
    135.15384117045));
#2374 = CARTESIAN_POINT('',(129.55555555555,31.155534984733,
    130.96935067175));
#2375 = CARTESIAN_POINT('',(129.55555555555,32.934017471923,
    127.7857843732));
#2376 = CARTESIAN_POINT('',(129.55555555555,33.596165457566,
    123.4153878213));
#2377 = CARTESIAN_POINT('',(129.55555555555,34.52353699017,
    119.49914271072));
#2378 = CARTESIAN_POINT('',(129.55555555555,35.057464216316,
    114.9829252402));
#2379 = CARTESIAN_POINT('',(129.55555555555,35.433146642566,
    111.48352956114));
#2380 = CARTESIAN_POINT('',(129.55555555555,35.964613294284,
    107.02336343535));
#2381 = CARTESIAN_POINT('',(129.55555555555,36.319059248314,
    102.92473356856));
#2382 = CARTESIAN_POINT('',(129.55555555555,36.615744779262,
    98.295050242346));
#2383 = CARTESIAN_POINT('',(129.55555555555,36.950583545888,
    93.785590140894));
#2384 = CARTESIAN_POINT('',(129.55555555555,37.153428263035,
    90.189303370115));
#2385 = CARTESIAN_POINT('',(129.55555555555,37.338993826307,
    85.735186668965));
#2386 = CARTESIAN_POINT('',(129.55555555555,37.44975996209,
    81.504355224149));
#2387 = CARTESIAN_POINT('',(129.55555555555,37.624417235656,
    77.22171622855));
#2388 = CARTESIAN_POINT('',(129.55555555555,37.389008516183,
    72.917753692845));
#2389 = CARTESIAN_POINT('',(129.55555555555,37.551056968921,
    68.756807038436));
#2390 = CARTESIAN_POINT('',(129.55555555555,37.371072613312,
    64.373838089875));
#2391 = CARTESIAN_POINT('',(129.55555555555,37.643291707653,
    60.141344408638));
#2392 = CARTESIAN_POINT('',(129.55555555555,37.554606677027,
    55.876083822806));
#2393 = CARTESIAN_POINT('',(129.55555555555,37.456139471269,
    51.626037409314));
#2394 = CARTESIAN_POINT('',(129.55555555555,37.132646110924,
    47.375652539942));
#2395 = CARTESIAN_POINT('',(129.55555555555,37.077211451129,
    43.131084754599));
#2396 = CARTESIAN_POINT('',(129.55555555555,36.267984151269,
    38.874996927914));
#2397 = CARTESIAN_POINT('',(129.55555555555,35.920247606455,
    34.660979440532));
#2398 = CARTESIAN_POINT('',(129.55555555555,35.119728963136,
    30.285603355857));
#2399 = CARTESIAN_POINT('',(129.55555555555,34.072464250828,
    26.66991270446));
#2400 = CARTESIAN_POINT('',(129.55555555555,33.106822120884,
    22.448749204268));
#2401 = CARTESIAN_POINT('',(129.55555555555,31.783628222888,
    18.603720603123));
#2402 = CARTESIAN_POINT('',(129.55555555555,29.397267841114,
    14.793104243009));
#2403 = CARTESIAN_POINT('',(129.55555555555,26.07658596799,
    11.838337223908));
#2404 = CARTESIAN_POINT('',(129.55555555555,22.328535122374,
    9.536770615873));
#2405 = CARTESIAN_POINT('',(129.55555555555,18.172427649138,
    8.444849719437));
#2406 = CARTESIAN_POINT('',(129.55555555555,14.126625089735,
    7.871684948286));
#2407 = CARTESIAN_POINT('',(129.55555555555,10.364140403504,
    6.991225468051));
#2408 = CARTESIAN_POINT('',(129.55555555555,3.659551300468,
    6.808710324322));
#2409 = CARTESIAN_POINT('',(129.55555555555,7.675388510673,
    0.402262941436));
#2410 = CARTESIAN_POINT('',(129.55555555555,12.529672636515,
    2.334034042023));
#2411 = CARTESIAN_POINT('',(129.55555555555,16.999701360209,
    3.415273162936));
#2412 = CARTESIAN_POINT('',(129.55555555555,20.628041401651,
    4.144815827015));
#2413 = CARTESIAN_POINT('',(129.55555555555,24.780002677817,
    4.835904337351));
#2414 = CARTESIAN_POINT('',(129.55555555555,28.128192493222,
    6.722977070013));
#2415 = CARTESIAN_POINT('',(129.55555555555,32.79372140698,
    8.602713661161));
#2416 = CARTESIAN_POINT('',(129.55555555555,36.285060579203,
    11.04965430805));
#2417 = CARTESIAN_POINT('',(129.55555555555,38.737660306666,
    14.056302449754));
#2418 = CARTESIAN_POINT('',(129.55555555555,41.518195360934,
    17.45966237726));
#2419 = CARTESIAN_POINT('',(129.55555555555,42.973832451038,
    21.075027153591));
#2420 = CARTESIAN_POINT('',(129.55555555555,44.985463576125,
    25.163144923298));
#2421 = CARTESIAN_POINT('',(129.55555555555,45.21960185354,
    29.422456353201));
#2422 = CARTESIAN_POINT('',(129.55555555555,46.286336789182,
    33.660056979398));
#2423 = CARTESIAN_POINT('',(129.55555555555,46.915156139637,
    37.837899628953));
#2424 = CARTESIAN_POINT('',(129.55555555555,47.621307043786,
    42.053921277698));
#2425 = CARTESIAN_POINT('',(129.55555555555,48.046573221193,
    46.213030894211));
#2426 = CARTESIAN_POINT('',(129.55555555555,48.483296118076,
    50.404295749658));
#2427 = CARTESIAN_POINT('',(129.55555555555,48.812667223918,
    54.659631134768));
#2428 = CARTESIAN_POINT('',(129.55555555555,49.101799261742,
    58.919173275641));
#2429 = CARTESIAN_POINT('',(129.55555555555,49.322560326981,
    63.091625962851));
#2430 = CARTESIAN_POINT('',(129.55555555555,49.480061460445,
    67.342096502444));
#2431 = CARTESIAN_POINT('',(129.55555555555,49.588609723589,
    71.4538222635));
#2432 = CARTESIAN_POINT('',(129.55555555555,49.615661425251,
    75.739863672144));
#2433 = CARTESIAN_POINT('',(129.55555555555,49.707308896714,
    79.989742628672));
#2434 = CARTESIAN_POINT('',(129.55555555555,49.625805776832,
    84.222520097671));
#2435 = CARTESIAN_POINT('',(129.55555555555,49.345312695169,
    88.540871698593));
#2436 = CARTESIAN_POINT('',(129.55555555555,49.72073458121,
    92.462357249877));
#2437 = CARTESIAN_POINT('',(129.55555555555,49.537243812515,
    97.054653532592));
#2438 = CARTESIAN_POINT('',(129.55555555555,49.159422478929,
    101.2009192664));
#2439 = CARTESIAN_POINT('',(129.55555555555,49.108076336191,
    105.43503361625));
#2440 = CARTESIAN_POINT('',(129.55555555555,49.026658151502,
    109.71644963548));
#2441 = CARTESIAN_POINT('',(129.55555555555,48.120618162168,
    113.64395977194));
#2442 = CARTESIAN_POINT('',(129.55555555555,48.255535241229,
    118.26160023724));
#2443 = CARTESIAN_POINT('',(129.55555555555,47.675916327475,
    121.80419493299));
#2444 = CARTESIAN_POINT('',(129.55555555555,49.385979418821,
    126.71274315687));
#2445 = CARTESIAN_POINT('',(129.55555555555,43.802618026747,
    128.93655829499));
#2446 = CARTESIAN_POINT('',(129.55555555555,47.657321071588,
    129.27889608274));
#2447 = CARTESIAN_POINT('',(129.55555555555,49.58344538299,
    135.70628622307));
#2448 = CARTESIAN_POINT('',(129.55555555555,43.88291403651,
    133.05269646006));
#2449 = CARTESIAN_POINT('',(129.55555555555,45.643079845324,
    134.47842601784));
#2450 = CARTESIAN_POINT('',(129.55555555555,41.356752811569,
    124.45447553439));
#2451 = CARTESIAN_POINT('',(129.55555555555,35.519247258127,
    133.43887368958));
#2452 = CARTESIAN_POINT('',(129.55555555555,37.551058486395,
    138.92262086249));
#2453 = CARTESIAN_POINT('',(129.55555555555,36.426826726612,
    143.1572785018));
#2454 = CARTESIAN_POINT('',(129.55555555555,34.79559971065,
    144.50887856155));
#2455 = CARTESIAN_POINT('',(129.55555555555,32.036366682054,
    144.71014237908));
#2456 = CARTESIAN_POINT('',(129.55555555555,26.758942395731,
    141.23761671372));
#2457 = CARTESIAN_POINT('',(129.55555555555,20.953683172171,
    144.28440542161));
#2458 = CARTESIAN_POINT('',(129.55555555555,18.453247007357,
    142.88605996498));
#2459 = CARTESIAN_POINT('',(129.55555555555,21.679079840058,
    135.11337222302));
#2460 = CARTESIAN_POINT('',(129.55555555555,33.138815682233,
    143.5817229809));
#2461 = CARTESIAN_POINT('',(129.55555555555,33.842764534025,
    143.03046191151));
#2462 = CARTESIAN_POINT('',(129.55555555555,33.997919296081,
    140.02479314977));
#2463 = CARTESIAN_POINT('',(139.66666666666,17.875118337918,
    137.82785573192));
#2464 = CARTESIAN_POINT('',(139.66666666666,26.290190530694,
    139.68764117103));
#2465 = CARTESIAN_POINT('',(139.66666666666,29.987810076958,
    138.73374111628));
#2466 = CARTESIAN_POINT('',(139.66666666666,36.855556047119,
    138.8151034558));
#2467 = CARTESIAN_POINT('',(139.66666666666,36.878124229455,
    133.79043794252));
#2468 = CARTESIAN_POINT('',(139.66666666666,37.32447326766,
    129.76646537296));
#2469 = CARTESIAN_POINT('',(139.66666666666,37.827517875126,
    125.78691016811));
#2470 = CARTESIAN_POINT('',(139.66666666666,38.272840966225,
    121.6707018899));
#2471 = CARTESIAN_POINT('',(139.66666666666,38.73150082003,
    117.93038780207));
#2472 = CARTESIAN_POINT('',(139.66666666666,39.252468236638,
    113.24143070261));
#2473 = CARTESIAN_POINT('',(139.66666666666,39.636451622925,
    109.52790691269));
#2474 = CARTESIAN_POINT('',(139.66666666666,40.077967576774,
    105.19245018961));
#2475 = CARTESIAN_POINT('',(139.66666666666,40.502838203467,
    102.36728329041));
#2476 = CARTESIAN_POINT('',(139.66666666666,40.853495390106,
    95.766361868014));
#2477 = CARTESIAN_POINT('',(139.66666666666,41.219616586184,
    93.937765036803));
#2478 = CARTESIAN_POINT('',(139.66666666666,41.532592645564,
    89.364446517596));
#2479 = CARTESIAN_POINT('',(139.66666666666,41.819871656556,
    85.526792638012));
#2480 = CARTESIAN_POINT('',(139.66666666666,42.000690013838,
    81.480764811339));
#2481 = CARTESIAN_POINT('',(139.66666666666,42.331474136528,
    77.528956704237));
#2482 = CARTESIAN_POINT('',(139.66666666666,42.315628967987,
    73.411111636659));
#2483 = CARTESIAN_POINT('',(139.66666666666,42.576369163801,
    69.541255714823));
#2484 = CARTESIAN_POINT('',(139.66666666666,42.272982708473,
    65.520486150664));
#2485 = CARTESIAN_POINT('',(139.66666666666,42.232624009466,
    61.542797729712));
#2486 = CARTESIAN_POINT('',(139.66666666666,42.045829844569,
    57.550855390254));
#2487 = CARTESIAN_POINT('',(139.66666666666,41.941179286907,
    53.555219168468));
#2488 = CARTESIAN_POINT('',(139.66666666666,41.450511674104,
    49.544123366151));
#2489 = CARTESIAN_POINT('',(139.66666666666,41.516484321986,
    45.526534792633));
#2490 = CARTESIAN_POINT('',(139.66666666666,41.016190788266,
    41.451938964016));
#2491 = CARTESIAN_POINT('',(139.66666666666,40.84290171653,
    37.523309969013));
#2492 = CARTESIAN_POINT('',(139.66666666666,40.520355385283,
    32.906020384763));
#2493 = CARTESIAN_POINT('',(139.66666666666,39.897552897562,
    29.043675482635));
#2494 = CARTESIAN_POINT('',(139.66666666666,38.916353771267,
    25.070660404288));
#2495 = CARTESIAN_POINT('',(139.66666666666,37.573380977337,
    21.510648581953));
#2496 = CARTESIAN_POINT('',(139.66666666666,35.799898994096,
    17.717657020659));
#2497 = CARTESIAN_POINT('',(139.66666666666,33.461676401039,
    14.351904464254));
#2498 = CARTESIAN_POINT('',(139.66666666666,30.739567023492,
    11.238868913401));
#2499 = CARTESIAN_POINT('',(139.66666666666,27.107242214759,
    9.271478804833));
#2500 = CARTESIAN_POINT('',(139.66666666666,22.705695812856,
    8.102117869935));
#2501 = CARTESIAN_POINT('',(139.66666666666,19.434790066449,
    8.825009082964));
#2502 = CARTESIAN_POINT('',(139.66666666666,12.49148102386,
    5.700012191518));
#2503 = CARTESIAN_POINT('',(139.66666666666,16.81683396055,
    2.153433594635));
#2504 = CARTESIAN_POINT('',(139.66666666666,21.03204075307,
    3.595495246059));
#2505 = CARTESIAN_POINT('',(139.66666666666,25.029412915369,
    4.191791462618));
#2506 = CARTESIAN_POINT('',(139.66666666666,28.955180314131,
    5.364601267361));
#2507 = CARTESIAN_POINT('',(139.66666666666,33.36778724011,
    6.819579304297));
#2508 = CARTESIAN_POINT('',(139.66666666666,36.019369025835,
    9.036316730617));
#2509 = CARTESIAN_POINT('',(139.66666666666,39.230236355155,
    11.614066474677));
#2510 = CARTESIAN_POINT('',(139.66666666666,42.72919746862,
    14.414930150109));
#2511 = CARTESIAN_POINT('',(139.66666666666,44.759361936234,
    17.687838205503));
#2512 = CARTESIAN_POINT('',(139.66666666666,46.278156490697,
    21.696537095757));
#2513 = CARTESIAN_POINT('',(139.66666666666,46.213103360211,
    25.677202761819));
#2514 = CARTESIAN_POINT('',(139.66666666666,47.565446669021,
    29.62832200599));
#2515 = CARTESIAN_POINT('',(139.66666666666,47.900614822213,
    33.594488195066));
#2516 = CARTESIAN_POINT('',(139.66666666666,48.41235726589,
    37.608901834813));
#2517 = CARTESIAN_POINT('',(139.66666666666,48.888773763531,
    41.61182844082));
#2518 = CARTESIAN_POINT('',(139.66666666666,49.168260093127,
    45.647588625372));
#2519 = CARTESIAN_POINT('',(139.66666666666,49.478766313726,
    49.743836495119));
#2520 = CARTESIAN_POINT('',(139.66666666666,49.739167511419,
    53.66897450961));
#2521 = CARTESIAN_POINT('',(139.66666666666,49.928884469834,
    57.701681438991));
#2522 = CARTESIAN_POINT('',(139.66666666666,50.072381000517,
    61.797016890348));
#2523 = CARTESIAN_POINT('',(139.66666666666,50.179511383814,
    65.723926730177));
#2524 = CARTESIAN_POINT('',(139.66666666666,50.26122807854,
    69.939334389933));
#2525 = CARTESIAN_POINT('',(139.66666666666,50.28413797045,
    73.918790813703));
#2526 = CARTESIAN_POINT('',(139.66666666666,50.366777449909,
    77.957579140692));
#2527 = CARTESIAN_POINT('',(139.66666666666,50.260458434114,
    81.995958449169));
#2528 = CARTESIAN_POINT('',(139.66666666666,50.202526029489,
    85.989244273498));
#2529 = CARTESIAN_POINT('',(139.66666666666,50.013527576739,
    90.198266729777));
#2530 = CARTESIAN_POINT('',(139.66666666666,49.79055074725,
    94.033589972322));
#2531 = CARTESIAN_POINT('',(139.66666666666,49.738688323039,
    98.108717165306));
#2532 = CARTESIAN_POINT('',(139.66666666666,49.440680726183,
    102.13092125165));
#2533 = CARTESIAN_POINT('',(139.66666666666,48.965004255063,
    106.11412042966));
#2534 = CARTESIAN_POINT('',(139.66666666666,49.295002335031,
    110.31162115803));
#2535 = CARTESIAN_POINT('',(139.66666666666,48.500709119832,
    114.01299538925));
#2536 = CARTESIAN_POINT('',(139.66666666666,48.420514581296,
    118.83037568075));
#2537 = CARTESIAN_POINT('',(139.66666666666,46.828866481953,
    122.03265415069));
#2538 = CARTESIAN_POINT('',(139.66666666666,48.24246471389,
    126.77490610559));
#2539 = CARTESIAN_POINT('',(139.66666666666,46.340607032588,
    130.99504631375));
#2540 = CARTESIAN_POINT('',(139.66666666666,52.255962473653,
    135.08396212804));
#2541 = CARTESIAN_POINT('',(139.66666666666,49.607681936378,
    138.26919656913));
#2542 = CARTESIAN_POINT('',(139.66666666666,42.061464241635,
    129.735975943));
#2543 = CARTESIAN_POINT('',(139.66666666666,44.449915647031,
    128.92894548195));
#2544 = CARTESIAN_POINT('',(139.66666666666,44.582076571709,
    118.01776350171));
#2545 = CARTESIAN_POINT('',(139.66666666666,39.796548037927,
    121.77186065206));
#2546 = CARTESIAN_POINT('',(139.66666666666,40.152989329555,
    125.56387105208));
#2547 = CARTESIAN_POINT('',(139.66666666666,39.949362284562,
    130.39298206983));
#2548 = CARTESIAN_POINT('',(139.66666666666,39.856387901646,
    135.65515250647));
#2549 = CARTESIAN_POINT('',(139.66666666666,38.900825328755,
    140.80136247247));
#2550 = CARTESIAN_POINT('',(139.66666666666,35.058721397391,
    141.34044169027));
#2551 = CARTESIAN_POINT('',(139.66666666666,30.224030864207,
    144.77279453821));
#2552 = CARTESIAN_POINT('',(139.66666666666,25.071179276513,
    147.48747757969));
#2553 = CARTESIAN_POINT('',(139.66666666666,17.875118337918,
    137.82785573192));
#2554 = CARTESIAN_POINT('',(139.66666666666,26.290190530694,
    139.68764117103));
#2555 = CARTESIAN_POINT('',(139.66666666666,29.987810076958,
    138.73374111628));
#2556 = CARTESIAN_POINT('',(149.33333333333,31.639491391475,
    135.43201675411));
#2557 = CARTESIAN_POINT('',(149.33333333333,34.111372412951,
    135.83532118653));
#2558 = CARTESIAN_POINT('',(149.33333333333,38.816003223004,
    135.59922322306));
#2559 = CARTESIAN_POINT('',(149.33333333333,38.583698628659,
    130.48692664492));
#2560 = CARTESIAN_POINT('',(149.33333333333,39.355072443787,
    127.28405676737));
#2561 = CARTESIAN_POINT('',(149.33333333333,39.932338977449,
    123.6503031422));
#2562 = CARTESIAN_POINT('',(149.33333333333,40.487327173201,
    120.04345112771));
#2563 = CARTESIAN_POINT('',(149.33333333333,40.884113455367,
    116.51238971371));
#2564 = CARTESIAN_POINT('',(149.33333333333,41.487218381873,
    112.73304967882));
#2565 = CARTESIAN_POINT('',(149.33333333333,41.9454361642,
    109.60970608631));
#2566 = CARTESIAN_POINT('',(149.33333333333,42.451660117817,
    105.80369005047));
#2567 = CARTESIAN_POINT('',(149.33333333333,42.851249201647,
    102.39030538654));
#2568 = CARTESIAN_POINT('',(149.33333333333,43.202280407229,
    98.047817833775));
#2569 = CARTESIAN_POINT('',(149.33333333333,43.543410537245,
    95.826721143131));
#2570 = CARTESIAN_POINT('',(149.33333333333,43.812203490981,
    91.084672689947));
#2571 = CARTESIAN_POINT('',(149.33333333333,44.055913922407,
    87.735165285138));
#2572 = CARTESIAN_POINT('',(149.33333333333,44.258011902561,
    84.008441469332));
#2573 = CARTESIAN_POINT('',(149.33333333333,44.463828867283,
    80.387291784098));
#2574 = CARTESIAN_POINT('',(149.33333333333,44.534710036117,
    76.708890502295));
#2575 = CARTESIAN_POINT('',(149.33333333333,44.863696989588,
    73.140935744635));
#2576 = CARTESIAN_POINT('',(149.33333333333,44.548564858492,
    69.401953539018));
#2577 = CARTESIAN_POINT('',(149.33333333333,45.070809478467,
    65.766893532703));
#2578 = CARTESIAN_POINT('',(149.33333333333,44.979877378103,
    62.105847568329));
#2579 = CARTESIAN_POINT('',(149.33333333333,45.055775456436,
    58.45673863816));
#2580 = CARTESIAN_POINT('',(149.33333333333,44.883288447175,
    54.810310317533));
#2581 = CARTESIAN_POINT('',(149.33333333333,45.263308084363,
    51.175275170108));
#2582 = CARTESIAN_POINT('',(149.33333333333,44.633333538171,
    47.53596284644));
#2583 = CARTESIAN_POINT('',(149.33333333333,44.834975776212,
    43.957894664728));
#2584 = CARTESIAN_POINT('',(149.33333333333,44.39909310164,
    40.198503593667));
#2585 = CARTESIAN_POINT('',(149.33333333333,43.980407045579,
    36.990541010631));
#2586 = CARTESIAN_POINT('',(149.33333333333,43.479350735104,
    33.290149498565));
#2587 = CARTESIAN_POINT('',(149.33333333333,42.89880657524,
    29.732550381345));
#2588 = CARTESIAN_POINT('',(149.33333333333,42.342349240282,
    26.085287549275));
#2589 = CARTESIAN_POINT('',(149.33333333333,41.428535647431,
    22.685475389522));
#2590 = CARTESIAN_POINT('',(149.33333333333,39.82986982854,
    19.686082433651));
#2591 = CARTESIAN_POINT('',(149.33333333333,36.805528843738,
    17.444032956014));
#2592 = CARTESIAN_POINT('',(149.33333333333,33.286972735185,
    15.380088462921));
#2593 = CARTESIAN_POINT('',(149.33333333333,29.815034087224,
    13.939356680694));
#2594 = CARTESIAN_POINT('',(149.33333333333,27.737116983803,
    13.23757268461));
#2595 = CARTESIAN_POINT('',(149.33333333333,22.918731314622,
    11.193092366812));
#2596 = CARTESIAN_POINT('',(149.33333333333,26.09843053197,
    7.937949231272));
#2597 = CARTESIAN_POINT('',(149.33333333333,29.558384641225,
    7.889574276852));
#2598 = CARTESIAN_POINT('',(149.33333333333,32.738617633407,
    9.978653043826));
#2599 = CARTESIAN_POINT('',(149.33333333333,36.030913011516,
    11.597826775938));
#2600 = CARTESIAN_POINT('',(149.33333333333,38.690118279415,
    13.226487752185));
#2601 = CARTESIAN_POINT('',(149.33333333333,42.111897284936,
    15.056133640156));
#2602 = CARTESIAN_POINT('',(149.33333333333,44.72866309095,
    17.489343423031));
#2603 = CARTESIAN_POINT('',(149.33333333333,46.573828710071,
    20.619370320142));
#2604 = CARTESIAN_POINT('',(149.33333333333,48.441648997228,
    24.004567992595));
#2605 = CARTESIAN_POINT('',(149.33333333333,49.041710118743,
    27.431568430007));
#2606 = CARTESIAN_POINT('',(149.33333333333,49.901785617732,
    31.062912131772));
#2607 = CARTESIAN_POINT('',(149.33333333333,49.641465233971,
    34.697558309896));
#2608 = CARTESIAN_POINT('',(149.33333333333,50.002032239987,
    38.347827591738));
#2609 = CARTESIAN_POINT('',(149.33333333333,50.351848033809,
    41.953517768335));
#2610 = CARTESIAN_POINT('',(149.33333333333,50.541091092062,
    45.571374468059));
#2611 = CARTESIAN_POINT('',(149.33333333333,50.947939371523,
    49.21004071903));
#2612 = CARTESIAN_POINT('',(149.33333333333,51.19902741398,
    52.629274219783));
#2613 = CARTESIAN_POINT('',(149.33333333333,51.444765722129,
    56.517036768206));
#2614 = CARTESIAN_POINT('',(149.33333333333,51.615242193725,
    60.105165272454));
#2615 = CARTESIAN_POINT('',(149.33333333333,51.744402757931,
    63.632757868956));
#2616 = CARTESIAN_POINT('',(149.33333333333,51.840618257181,
    67.576797151396));
#2617 = CARTESIAN_POINT('',(149.33333333333,51.861397957742,
    70.831424604695));
#2618 = CARTESIAN_POINT('',(149.33333333333,51.972981613279,
    74.575870080954));
#2619 = CARTESIAN_POINT('',(149.33333333333,51.560970378526,
    78.188173338615));
#2620 = CARTESIAN_POINT('',(149.33333333333,51.820618455424,
    81.821400408217));
#2621 = CARTESIAN_POINT('',(149.33333333333,51.92044651406,
    85.468166103991));
#2622 = CARTESIAN_POINT('',(149.33333333333,51.221336959066,
    88.982116642683));
#2623 = CARTESIAN_POINT('',(149.33333333333,51.102432743106,
    92.708832573551));
#2624 = CARTESIAN_POINT('',(149.33333333333,51.146504878085,
    96.292189286566));
#2625 = CARTESIAN_POINT('',(149.33333333333,50.689384072698,
    99.914709704758));
#2626 = CARTESIAN_POINT('',(149.33333333333,50.551085129473,
    103.57720873447));
#2627 = CARTESIAN_POINT('',(149.33333333333,49.730019351148,
    107.12668351889));
#2628 = CARTESIAN_POINT('',(149.33333333333,49.635315790301,
    110.98023969354));
#2629 = CARTESIAN_POINT('',(149.33333333333,48.950314554581,
    114.02818443263));
#2630 = CARTESIAN_POINT('',(149.33333333333,49.125697842918,
    118.37135795896));
#2631 = CARTESIAN_POINT('',(149.33333333333,48.247746407242,
    121.66183249982));
#2632 = CARTESIAN_POINT('',(149.33333333333,48.381037026104,
    125.3896121944));
#2633 = CARTESIAN_POINT('',(149.33333333333,45.586907099989,
    129.64252713969));
#2634 = CARTESIAN_POINT('',(149.33333333333,52.505666583663,
    130.25380609848));
#2635 = CARTESIAN_POINT('',(149.33333333333,53.672416572216,
    138.56485659543));
#2636 = CARTESIAN_POINT('',(149.33333333333,44.875231095602,
    133.89673257821));
#2637 = CARTESIAN_POINT('',(149.33333333333,44.839672017798,
    130.411415329));
#2638 = CARTESIAN_POINT('',(149.33333333333,43.895511674071,
    123.81739390772));
#2639 = CARTESIAN_POINT('',(149.33333333333,41.812150959891,
    129.59913330204));
#2640 = CARTESIAN_POINT('',(149.33333333333,42.564229443308,
    133.71259041588));
#2641 = CARTESIAN_POINT('',(149.33333333333,40.33682060809,
    136.62541158772));
#2642 = CARTESIAN_POINT('',(149.33333333333,36.477280892968,
    137.37234797983));
#2643 = CARTESIAN_POINT('',(149.33333333333,33.097881671938,
    139.98125796459));
#2644 = CARTESIAN_POINT('',(149.33333333333,28.823799486954,
    140.36131775497));
#2645 = CARTESIAN_POINT('',(149.33333333333,22.487857613984,
    134.23778104861));
#2646 = CARTESIAN_POINT('',(149.33333333333,31.639491391475,
    135.43201675411));
#2647 = CARTESIAN_POINT('',(149.33333333333,34.111372412951,
    135.83532118653));
#2648 = CARTESIAN_POINT('',(149.33333333333,38.816003223004,
    135.59922322306));
#2649 = CARTESIAN_POINT('',(157.77777777777,39.71131085547,
    133.50002741488));
#2650 = CARTESIAN_POINT('',(157.77777777777,42.217807133233,
    129.91732853836));
#2651 = CARTESIAN_POINT('',(157.77777777777,42.687954034256,
    125.61289599992));
#2652 = CARTESIAN_POINT('',(157.77777777777,43.645588303327,
    122.46805588627));
#2653 = CARTESIAN_POINT('',(157.77777777777,43.548893309296,
    118.86107985092));
#2654 = CARTESIAN_POINT('',(157.77777777777,43.96527375592,
    115.38335519537));
#2655 = CARTESIAN_POINT('',(157.77777777777,44.421401888108,
    111.90210551007));
#2656 = CARTESIAN_POINT('',(157.77777777777,45.289642875283,
    108.34618784324));
#2657 = CARTESIAN_POINT('',(157.77777777777,45.70428367899,
    104.9526574328));
#2658 = CARTESIAN_POINT('',(157.77777777777,46.273181393583,
    101.16744807367));
#2659 = CARTESIAN_POINT('',(157.77777777777,46.656396720952,
    97.728700758362));
#2660 = CARTESIAN_POINT('',(157.77777777777,47.076008920119,
    94.192244091723));
#2661 = CARTESIAN_POINT('',(157.77777777777,47.456667457493,
    90.647825433637));
#2662 = CARTESIAN_POINT('',(157.77777777777,47.756470397304,
    87.822519452604));
#2663 = CARTESIAN_POINT('',(157.77777777777,48.058666332358,
    83.398882551343));
#2664 = CARTESIAN_POINT('',(157.77777777777,48.309330533334,
    80.087309572381));
#2665 = CARTESIAN_POINT('',(157.77777777777,48.531179668416,
    76.472416122533));
#2666 = CARTESIAN_POINT('',(157.77777777777,48.683749346204,
    72.9309306663));
#2667 = CARTESIAN_POINT('',(157.77777777777,48.90292299161,
    69.379304107458));
#2668 = CARTESIAN_POINT('',(157.77777777777,48.69357935952,
    65.782463255019));
#2669 = CARTESIAN_POINT('',(157.77777777777,49.481835294852,
    62.264074235179));
#2670 = CARTESIAN_POINT('',(157.77777777777,48.851693513512,
    58.695785733993));
#2671 = CARTESIAN_POINT('',(157.77777777777,49.151089235332,
    55.138644061429));
#2672 = CARTESIAN_POINT('',(157.77777777777,49.065516431829,
    51.574912500015));
#2673 = CARTESIAN_POINT('',(157.77777777777,49.284563300194,
    48.009739790624));
#2674 = CARTESIAN_POINT('',(157.77777777777,48.413955544511,
    44.43452183399));
#2675 = CARTESIAN_POINT('',(157.77777777777,49.124082176623,
    40.873342958553));
#2676 = CARTESIAN_POINT('',(157.77777777777,48.232390194118,
    37.227937702973));
#2677 = CARTESIAN_POINT('',(157.77777777777,48.25002181237,
    33.814722145094));
#2678 = CARTESIAN_POINT('',(157.77777777777,48.04558339157,
    30.004199890095));
#2679 = CARTESIAN_POINT('',(157.77777777777,47.860915882474,
    26.489070051711));
#2680 = CARTESIAN_POINT('',(157.77777777777,47.670520337061,
    22.928070892024));
#2681 = CARTESIAN_POINT('',(157.77777777777,47.203169388168,
    19.223541145198));
#2682 = CARTESIAN_POINT('',(157.77777777777,46.275337332395,
    15.921803390963));
#2683 = CARTESIAN_POINT('',(157.77777777777,44.609153433895,
    12.524026835435));
#2684 = CARTESIAN_POINT('',(157.77777777777,42.467481477442,
    9.290126293381));
#2685 = CARTESIAN_POINT('',(157.77777777777,39.582792652492,
    7.281101187112));
#2686 = CARTESIAN_POINT('',(157.77777777777,35.82601931622,
    5.885507706046));
#2687 = CARTESIAN_POINT('',(157.77777777777,31.442469967675,
    5.154536862724));
#2688 = CARTESIAN_POINT('',(157.77777777777,26.195477237628,
    2.384373401985));
#2689 = CARTESIAN_POINT('',(157.77777777777,30.358126003388,
    1.48712146262));
#2690 = CARTESIAN_POINT('',(157.77777777777,34.719913097835,
    1.942638596109));
#2691 = CARTESIAN_POINT('',(157.77777777777,38.525545491734,
    2.891479646886));
#2692 = CARTESIAN_POINT('',(157.77777777777,42.157989306536,
    4.517625366392));
#2693 = CARTESIAN_POINT('',(157.77777777777,45.514982675051,
    6.757083137571));
#2694 = CARTESIAN_POINT('',(157.77777777777,47.867448032729,
    9.584172216227));
#2695 = CARTESIAN_POINT('',(157.77777777777,49.68619153329,
    12.893863083155));
#2696 = CARTESIAN_POINT('',(157.77777777777,51.077394523437,
    16.197477671313));
#2697 = CARTESIAN_POINT('',(157.77777777777,51.608726432256,
    19.71303374483));
#2698 = CARTESIAN_POINT('',(157.77777777777,51.917777403957,
    23.346671796922));
#2699 = CARTESIAN_POINT('',(157.77777777777,51.938938195388,
    26.886170900681));
#2700 = CARTESIAN_POINT('',(157.77777777777,52.371768480992,
    30.492489170308));
#2701 = CARTESIAN_POINT('',(157.77777777777,52.729168977947,
    34.025005760323));
#2702 = CARTESIAN_POINT('',(157.77777777777,53.039524490483,
    37.578208286201));
#2703 = CARTESIAN_POINT('',(157.77777777777,53.419548065269,
    41.120871656406));
#2704 = CARTESIAN_POINT('',(157.77777777777,53.636391590259,
    44.609055942966));
#2705 = CARTESIAN_POINT('',(157.77777777777,53.79668138643,
    48.532922919368));
#2706 = CARTESIAN_POINT('',(157.77777777777,53.912433461745,
    51.675221739917));
#2707 = CARTESIAN_POINT('',(157.77777777777,53.997812159517,
    55.293014171917));
#2708 = CARTESIAN_POINT('',(157.77777777777,54.049577819835,
    58.978106218377));
#2709 = CARTESIAN_POINT('',(157.77777777777,54.047053372293,
    62.021316092042));
#2710 = CARTESIAN_POINT('',(157.77777777777,54.044638135048,
    66.236277524727));
#2711 = CARTESIAN_POINT('',(157.77777777777,53.842881789302,
    69.622581492204));
#2712 = CARTESIAN_POINT('',(157.77777777777,54.201354726695,
    73.231941110418));
#2713 = CARTESIAN_POINT('',(157.77777777777,53.632955458457,
    76.788654687335));
#2714 = CARTESIAN_POINT('',(157.77777777777,53.372173520791,
    80.348553239022));
#2715 = CARTESIAN_POINT('',(157.77777777777,53.849380041635,
    83.97405707675));
#2716 = CARTESIAN_POINT('',(157.77777777777,53.75844897879,
    87.486789022838));
#2717 = CARTESIAN_POINT('',(157.77777777777,52.861524224896,
    91.064344408552));
#2718 = CARTESIAN_POINT('',(157.77777777777,53.215419402971,
    94.590201682848));
#2719 = CARTESIAN_POINT('',(157.77777777777,52.968437170059,
    98.04433620592));
#2720 = CARTESIAN_POINT('',(157.77777777777,53.051375509843,
    101.53497449182));
#2721 = CARTESIAN_POINT('',(157.77777777777,52.584739272767,
    104.91499452269));
#2722 = CARTESIAN_POINT('',(157.77777777777,52.277281919155,
    108.80667906159));
#2723 = CARTESIAN_POINT('',(157.77777777777,51.404366626668,
    111.70121984815));
#2724 = CARTESIAN_POINT('',(157.77777777777,50.93131425258,
    115.41889662026));
#2725 = CARTESIAN_POINT('',(157.77777777777,50.255061910558,
    118.47051626836));
#2726 = CARTESIAN_POINT('',(157.77777777777,49.875540197738,
    121.71912501277));
#2727 = CARTESIAN_POINT('',(157.77777777777,45.228250242741,
    127.20297427797));
#2728 = CARTESIAN_POINT('',(157.77777777777,50.829128704155,
    126.96249165336));
#2729 = CARTESIAN_POINT('',(157.77777777777,55.939171919249,
    133.68374792325));
#2730 = CARTESIAN_POINT('',(157.77777777777,49.505450324278,
    135.7094916581));
#2731 = CARTESIAN_POINT('',(157.77777777777,47.548920911961,
    129.48555528058));
#2732 = CARTESIAN_POINT('',(157.77777777777,44.797109746046,
    131.35198126716));
#2733 = CARTESIAN_POINT('',(157.77777777777,42.276751650296,
    133.45160295747));
#2734 = CARTESIAN_POINT('',(157.77777777777,38.978637537688,
    135.79815938797));
#2735 = CARTESIAN_POINT('',(157.77777777777,35.286819257346,
    136.96531926439));
#2736 = CARTESIAN_POINT('',(157.77777777777,31.237637683103,
    135.87809972019));
#2737 = CARTESIAN_POINT('',(157.77777777777,28.994980858085,
    131.98942715193));
#2738 = CARTESIAN_POINT('',(157.77777777777,37.386957417482,
    132.84728604247));
#2739 = CARTESIAN_POINT('',(157.77777777777,39.71131085547,
    133.50002741488));
#2740 = CARTESIAN_POINT('',(157.77777777777,42.217807133233,
    129.91732853836));
#2741 = CARTESIAN_POINT('',(157.77777777777,42.687954034256,
    125.61289599992));
#2742 = CARTESIAN_POINT('',(165.88888888888,39.2329004856,
    130.44683700635));
#2743 = CARTESIAN_POINT('',(165.88888888888,42.622602548989,
    131.73011775182));
#2744 = CARTESIAN_POINT('',(165.88888888888,44.938659083239,
    130.89055397857));
#2745 = CARTESIAN_POINT('',(165.88888888888,44.936819280694,
    127.95607266703));
#2746 = CARTESIAN_POINT('',(165.88888888888,46.045123263804,
    125.31463243645));
#2747 = CARTESIAN_POINT('',(165.88888888888,46.320206435564,
    122.69450428098));
#2748 = CARTESIAN_POINT('',(165.88888888888,46.790175009196,
    120.21576263195));
#2749 = CARTESIAN_POINT('',(165.88888888888,46.727729834837,
    117.85329571991));
#2750 = CARTESIAN_POINT('',(165.88888888888,47.15926666496,
    115.39907727728));
#2751 = CARTESIAN_POINT('',(165.88888888888,47.365295141068,
    113.11196375345));
#2752 = CARTESIAN_POINT('',(165.88888888888,47.823017082938,
    110.71930526788));
#2753 = CARTESIAN_POINT('',(165.88888888888,48.193285059217,
    108.22685658602));
#2754 = CARTESIAN_POINT('',(165.88888888888,48.582715725175,
    106.29218795028));
#2755 = CARTESIAN_POINT('',(165.88888888888,49.050064347175,
    102.05777337991));
#2756 = CARTESIAN_POINT('',(165.88888888888,49.458421455284,
    101.59924292365));
#2757 = CARTESIAN_POINT('',(165.88888888888,49.884879762214,
    98.718399252835));
#2758 = CARTESIAN_POINT('',(165.88888888888,50.285655426128,
    96.489871124041));
#2759 = CARTESIAN_POINT('',(165.88888888888,50.721269003634,
    94.088347520691));
#2760 = CARTESIAN_POINT('',(165.88888888888,50.955626735226,
    91.73248294096));
#2761 = CARTESIAN_POINT('',(165.88888888888,51.669407097548,
    89.36663451922));
#2762 = CARTESIAN_POINT('',(165.88888888888,51.161554983838,
    86.995608486425));
#2763 = CARTESIAN_POINT('',(165.88888888888,52.178481522792,
    84.625780750881));
#2764 = CARTESIAN_POINT('',(165.88888888888,52.066742437028,
    82.254043028443));
#2765 = CARTESIAN_POINT('',(165.88888888888,52.337426816831,
    79.882873809919));
#2766 = CARTESIAN_POINT('',(165.88888888888,52.161020301381,
    77.511948338369));
#2767 = CARTESIAN_POINT('',(165.88888888888,53.337685079481,
    75.152803259171));
#2768 = CARTESIAN_POINT('',(165.88888888888,52.395610056774,
    72.770741168812));
#2769 = CARTESIAN_POINT('',(165.88888888888,53.545064197972,
    70.513331847718));
#2770 = CARTESIAN_POINT('',(165.88888888888,53.448824475343,
    67.942242676237));
#2771 = CARTESIAN_POINT('',(165.88888888888,53.689573240773,
    65.675829378441));
#2772 = CARTESIAN_POINT('',(165.88888888888,53.783641141267,
    63.258784159172));
#2773 = CARTESIAN_POINT('',(165.88888888888,53.883714246369,
    60.781817239013));
#2774 = CARTESIAN_POINT('',(165.88888888888,54.002323555237,
    58.785624074659));
#2775 = CARTESIAN_POINT('',(165.88888888888,54.179593530562,
    56.024849834379));
#2776 = CARTESIAN_POINT('',(165.88888888888,54.506187572566,
    53.650205454123));
#2777 = CARTESIAN_POINT('',(165.88888888888,54.845146867835,
    51.449608796565));
#2778 = CARTESIAN_POINT('',(165.88888888888,55.340931216603,
    48.378068824068));
#2779 = CARTESIAN_POINT('',(165.88888888888,55.85598213279,
    45.576216643524));
#2780 = CARTESIAN_POINT('',(165.88888888888,56.766388558799,
    41.446617890383));
#2781 = CARTESIAN_POINT('',(165.88888888888,58.015160343427,
    37.447995995829));
#2782 = CARTESIAN_POINT('',(165.88888888888,60.154574268549,
    36.780847159405));
#2783 = CARTESIAN_POINT('',(165.88888888888,60.367265878899,
    40.293787872691));
#2784 = CARTESIAN_POINT('',(165.88888888888,60.214477253704,
    43.245204571118));
#2785 = CARTESIAN_POINT('',(165.88888888888,60.005747019798,
    46.063375621716));
#2786 = CARTESIAN_POINT('',(165.88888888888,59.764591743717,
    48.746936692592));
#2787 = CARTESIAN_POINT('',(165.88888888888,59.53643723743,
    51.333554806621));
#2788 = CARTESIAN_POINT('',(165.88888888888,59.447154601022,
    53.658049746643));
#2789 = CARTESIAN_POINT('',(165.88888888888,59.277988732889,
    56.251937805591));
#2790 = CARTESIAN_POINT('',(165.88888888888,59.14402044258,
    58.662893323391));
#2791 = CARTESIAN_POINT('',(165.88888888888,59.219930673499,
    61.011517361743));
#2792 = CARTESIAN_POINT('',(165.88888888888,59.043721545796,
    63.500984168755));
#2793 = CARTESIAN_POINT('',(165.88888888888,58.891529045749,
    65.852266340363));
#2794 = CARTESIAN_POINT('',(165.88888888888,58.59781987115,
    68.283050938206));
#2795 = CARTESIAN_POINT('',(165.88888888888,58.385177259267,
    70.681999171291));
#2796 = CARTESIAN_POINT('',(165.88888888888,58.197535866629,
    73.105586579337));
#2797 = CARTESIAN_POINT('',(165.88888888888,57.923486528747,
    75.582342209904));
#2798 = CARTESIAN_POINT('',(165.88888888888,57.763925811564,
    77.583606713887));
#2799 = CARTESIAN_POINT('',(165.88888888888,57.544493794737,
    80.316703251938));
#2800 = CARTESIAN_POINT('',(165.88888888888,57.356733445608,
    82.764627938885));
#2801 = CARTESIAN_POINT('',(165.88888888888,57.141582031877,
    85.180173243006));
#2802 = CARTESIAN_POINT('',(165.88888888888,56.923244163213,
    88.042749720204));
#2803 = CARTESIAN_POINT('',(165.88888888888,56.667157059274,
    89.681946169019));
#2804 = CARTESIAN_POINT('',(165.88888888888,56.501636494957,
    92.273114302129));
#2805 = CARTESIAN_POINT('',(165.88888888888,55.936511670514,
    94.599952291219));
#2806 = CARTESIAN_POINT('',(165.88888888888,55.977964465999,
    96.989279583986));
#2807 = CARTESIAN_POINT('',(165.88888888888,55.431187737839,
    99.342992654771));
#2808 = CARTESIAN_POINT('',(165.88888888888,54.776948534076,
    101.70515010965));
#2809 = CARTESIAN_POINT('',(165.88888888888,54.238557970228,
    104.01592902441));
#2810 = CARTESIAN_POINT('',(165.88888888888,54.344068829611,
    106.37943504153));
#2811 = CARTESIAN_POINT('',(165.88888888888,52.926624563547,
    108.85058496164));
#2812 = CARTESIAN_POINT('',(165.88888888888,51.818833561924,
    111.52085562239));
#2813 = CARTESIAN_POINT('',(165.88888888888,50.733784372043,
    114.26889989756));
#2814 = CARTESIAN_POINT('',(165.88888888888,50.2768956299,116.7833077446
    ));
#2815 = CARTESIAN_POINT('',(165.88888888888,50.221917240906,
    119.03261790525));
#2816 = CARTESIAN_POINT('',(165.88888888888,50.540448279744,
    122.1089686518));
#2817 = CARTESIAN_POINT('',(165.88888888888,50.731043424017,
    124.94628636034));
#2818 = CARTESIAN_POINT('',(165.88888888888,50.266473410644,
    128.69660842019));
#2819 = CARTESIAN_POINT('',(165.88888888888,52.49325823542,
    131.20427944003));
#2820 = CARTESIAN_POINT('',(165.88888888888,59.073472365259,
    131.8860433941));
#2821 = CARTESIAN_POINT('',(165.88888888888,56.00349584603,
    135.16309308139));
#2822 = CARTESIAN_POINT('',(165.88888888888,50.928180543875,
    132.50914628293));
#2823 = CARTESIAN_POINT('',(165.88888888888,50.228410703438,
    127.62945141945));
#2824 = CARTESIAN_POINT('',(165.88888888888,48.470671418323,
    128.45327679141));
#2825 = CARTESIAN_POINT('',(165.88888888888,46.857931317652,
    131.42441238179));
#2826 = CARTESIAN_POINT('',(165.88888888888,45.271219925597,
    133.21897557168));
#2827 = CARTESIAN_POINT('',(165.88888888888,42.988319837003,
    134.05974151279));
#2828 = CARTESIAN_POINT('',(165.88888888888,40.464093793089,
    134.46514529784));
#2829 = CARTESIAN_POINT('',(165.88888888888,38.001915366761,
    134.23521165579));
#2830 = CARTESIAN_POINT('',(165.88888888888,35.251464434249,
    133.24854260072));
#2831 = CARTESIAN_POINT('',(165.88888888888,36.108645568161,
    130.46537815671));
#2832 = CARTESIAN_POINT('',(165.88888888888,39.2329004856,
    130.44683700635));
#2833 = CARTESIAN_POINT('',(165.88888888888,42.622602548989,
    131.73011775182));
#2834 = CARTESIAN_POINT('',(165.88888888888,44.938659083239,
    130.89055397857));
#2835 = CARTESIAN_POINT('',(173.33333333333,40.80724241812,
    128.64454738977));
#2836 = CARTESIAN_POINT('',(173.33333333333,42.090130323935,
    127.87200920049));
#2837 = CARTESIAN_POINT('',(173.33333333333,44.07991169432,
    128.44157272263));
#2838 = CARTESIAN_POINT('',(173.33333333333,46.170357606063,
    128.87382038938));
#2839 = CARTESIAN_POINT('',(173.33333333333,47.622405992719,
    129.03432560637));
#2840 = CARTESIAN_POINT('',(173.33333333333,49.357188543775,
    128.68488474306));
#2841 = CARTESIAN_POINT('',(173.33333333333,50.006022074331,
    127.70339382075));
#2842 = CARTESIAN_POINT('',(173.33333333333,50.657463692991,
    126.35337078587));
#2843 = CARTESIAN_POINT('',(173.33333333333,50.956852333094,
    125.03878049305));
#2844 = CARTESIAN_POINT('',(173.33333333333,51.456244053081,
    123.64238974185));
#2845 = CARTESIAN_POINT('',(173.33333333333,51.576455082427,
    122.2351614562));
#2846 = CARTESIAN_POINT('',(173.33333333333,51.805027828257,
    121.00448458318));
#2847 = CARTESIAN_POINT('',(173.33333333333,51.987327384458,
    118.95980022414));
#2848 = CARTESIAN_POINT('',(173.33333333333,52.025747231115,
    119.9019139413));
#2849 = CARTESIAN_POINT('',(173.33333333333,52.139090882456,
    116.12128030225));
#2850 = CARTESIAN_POINT('',(173.33333333333,52.202460841345,
    115.31771929049));
#2851 = CARTESIAN_POINT('',(173.33333333333,52.292696267729,
    113.70495844034));
#2852 = CARTESIAN_POINT('',(173.33333333333,52.285680334088,
    112.30244630987));
#2853 = CARTESIAN_POINT('',(173.33333333333,52.659783534476,
    110.83053194413));
#2854 = CARTESIAN_POINT('',(173.33333333333,52.447467117134,
    109.39531738274));
#2855 = CARTESIAN_POINT('',(173.33333333333,53.142044726456,
    107.91359265369));
#2856 = CARTESIAN_POINT('',(173.33333333333,52.725554329677,
    106.45437516258));
#2857 = CARTESIAN_POINT('',(173.33333333333,53.140191542164,
    104.98555762584));
#2858 = CARTESIAN_POINT('',(173.33333333333,53.275822597315,
    103.5137948154));
#2859 = CARTESIAN_POINT('',(173.33333333333,53.821616680369,
    102.03667546937));
#2860 = CARTESIAN_POINT('',(173.33333333333,53.072040646555,
    100.53703652911));
#2861 = CARTESIAN_POINT('',(173.33333333333,54.409935209753,
    99.069198471011));
#2862 = CARTESIAN_POINT('',(173.33333333333,53.568232307118,
    97.401612634265));
#2863 = CARTESIAN_POINT('',(173.33333333333,53.987571389018,
    96.203546308811));
#2864 = CARTESIAN_POINT('',(173.33333333333,53.850787264553,
    94.655389560692));
#2865 = CARTESIAN_POINT('',(173.33333333333,54.016218825922,
    93.208453317406));
#2866 = CARTESIAN_POINT('',(173.33333333333,54.108582697543,
    91.906970728383));
#2867 = CARTESIAN_POINT('',(173.33333333333,54.263415814448,
    89.737053930445));
#2868 = CARTESIAN_POINT('',(173.33333333333,54.451190738923,
    88.848630080559));
#2869 = CARTESIAN_POINT('',(173.33333333333,54.718311883391,
    87.256054643763));
#2870 = CARTESIAN_POINT('',(173.33333333333,55.045418475308,
    85.230322642034));
#2871 = CARTESIAN_POINT('',(173.33333333333,55.507054956535,
    84.072824448142));
#2872 = CARTESIAN_POINT('',(173.33333333333,56.16224340256,
    83.090972092624));
#2873 = CARTESIAN_POINT('',(173.33333333333,57.075820380178,
    85.305620633209));
#2874 = CARTESIAN_POINT('',(173.33333333333,57.421140474782,
    87.149978896368));
#2875 = CARTESIAN_POINT('',(173.33333333333,57.219872579705,
    89.956218443964));
#2876 = CARTESIAN_POINT('',(173.33333333333,57.328828975163,
    91.139917330706));
#2877 = CARTESIAN_POINT('',(173.33333333333,57.384195178225,
    92.525221135283));
#2878 = CARTESIAN_POINT('',(173.33333333333,57.404403994715,
    94.040919687027));
#2879 = CARTESIAN_POINT('',(173.33333333333,57.330111569311,
    95.497924490753));
#2880 = CARTESIAN_POINT('',(173.33333333333,57.25377626951,
    96.885656154258));
#2881 = CARTESIAN_POINT('',(173.33333333333,57.055820532144,
    98.533989900591));
#2882 = CARTESIAN_POINT('',(173.33333333333,56.953350067131,
    99.631537094982));
#2883 = CARTESIAN_POINT('',(173.33333333333,56.939657415103,
    100.99321333544));
#2884 = CARTESIAN_POINT('',(173.33333333333,56.741990021046,
    102.42738161465));
#2885 = CARTESIAN_POINT('',(173.33333333333,56.71960019077,
    103.64224034602));
#2886 = CARTESIAN_POINT('',(173.33333333333,56.582965281302,
    105.09109485867));
#2887 = CARTESIAN_POINT('',(173.33333333333,56.525850989699,
    106.42436923714));
#2888 = CARTESIAN_POINT('',(173.33333333333,56.400024854185,
    107.82424871353));
#2889 = CARTESIAN_POINT('',(173.33333333333,56.283389790803,
    109.15287571357));
#2890 = CARTESIAN_POINT('',(173.33333333333,56.171309273578,
    110.54692298001));
#2891 = CARTESIAN_POINT('',(173.33333333333,56.045328502023,
    112.14119883063));
#2892 = CARTESIAN_POINT('',(173.33333333333,55.900122610829,
    113.61523359103));
#2893 = CARTESIAN_POINT('',(173.33333333333,55.763202749684,
    114.75249004414));
#2894 = CARTESIAN_POINT('',(173.33333333333,55.63507157936,
    115.88239439724));
#2895 = CARTESIAN_POINT('',(173.33333333333,55.494084042244,
    117.276453111));
#2896 = CARTESIAN_POINT('',(173.33333333333,55.349068333036,
    119.2543626369));
#2897 = CARTESIAN_POINT('',(173.33333333333,55.145828238116,
    120.53792738284));
#2898 = CARTESIAN_POINT('',(173.33333333333,55.069406972773,
    122.01993304452));
#2899 = CARTESIAN_POINT('',(173.33333333333,54.680903829864,
    123.45419933672));
#2900 = CARTESIAN_POINT('',(173.33333333333,54.907240625725,
    124.9381956543));
#2901 = CARTESIAN_POINT('',(173.33333333333,54.78127483463,
    126.3995796157));
#2902 = CARTESIAN_POINT('',(173.33333333333,54.624332449027,
    128.01854971168));
#2903 = CARTESIAN_POINT('',(173.33333333333,55.136491585096,
    129.44657318646));
#2904 = CARTESIAN_POINT('',(173.33333333333,56.686951231505,
    130.49496193636));
#2905 = CARTESIAN_POINT('',(173.33333333333,59.288454239323,
    130.85478149142));
#2906 = CARTESIAN_POINT('',(173.33333333333,61.349285085869,
    130.95294486805));
#2907 = CARTESIAN_POINT('',(173.33333333333,61.52083076054,
    131.97683107033));
#2908 = CARTESIAN_POINT('',(173.33333333333,60.031604972527,
    133.23138688587));
#2909 = CARTESIAN_POINT('',(173.33333333333,57.845619566437,
    133.40354314754));
#2910 = CARTESIAN_POINT('',(173.33333333333,56.239649488614,
    132.09409905862));
#2911 = CARTESIAN_POINT('',(173.33333333333,55.090352562137,
    129.83325037523));
#2912 = CARTESIAN_POINT('',(173.33333333333,53.526204985998,
    127.90103809439));
#2913 = CARTESIAN_POINT('',(173.33333333333,51.037751445453,
    127.53625011687));
#2914 = CARTESIAN_POINT('',(173.33333333333,50.297043491749,
    127.75432861555));
#2915 = CARTESIAN_POINT('',(173.33333333333,49.7508285741,
    129.85946808157));
#2916 = CARTESIAN_POINT('',(173.33333333333,48.38453224424,
    131.41644577993));
#2917 = CARTESIAN_POINT('',(173.33333333333,47.29159204512,
    132.3282056509));
#2918 = CARTESIAN_POINT('',(173.33333333333,46.081529509962,
    132.39075253833));
#2919 = CARTESIAN_POINT('',(173.33333333333,44.462370384249,
    132.24175053818));
#2920 = CARTESIAN_POINT('',(173.33333333333,43.056017018829,
    132.24628900545));
#2921 = CARTESIAN_POINT('',(173.33333333333,41.626378094745,
    132.27276219349));
#2922 = CARTESIAN_POINT('',(173.33333333333,40.10678976618,
    131.47721740905));
#2923 = CARTESIAN_POINT('',(173.33333333333,39.642029486767,
    130.56405200599));
#2924 = CARTESIAN_POINT('',(173.33333333333,39.913828417103,
    129.43555511902));
#2925 = CARTESIAN_POINT('',(173.33333333333,40.80724241812,
    128.64454738977));
#2926 = CARTESIAN_POINT('',(173.33333333333,42.090130323935,
    127.87200920049));
#2927 = CARTESIAN_POINT('',(173.33333333333,44.07991169432,
    128.44157272263));
#2928 = CARTESIAN_POINT('',(180.76666666666,46.709274742795,
    130.68741263409));
#2929 = CARTESIAN_POINT('',(180.76666666666,46.088598232505,
    130.77919748055));
#2930 = CARTESIAN_POINT('',(180.76666666666,45.2044076846,
    129.96788202548));
#2931 = CARTESIAN_POINT('',(180.76666666666,44.99825694015,
    129.5297355353));
#2932 = CARTESIAN_POINT('',(180.76666666666,44.724288108274,
    129.06366472321));
#2933 = CARTESIAN_POINT('',(180.76666666666,44.03552426113,
    128.80477188961));
#2934 = CARTESIAN_POINT('',(180.76666666666,44.273758333604,
    128.75904689237));
#2935 = CARTESIAN_POINT('',(180.76666666666,44.640113385034,
    128.93698362245));
#2936 = CARTESIAN_POINT('',(180.76666666666,44.998730121844,
    129.09732838766));
#2937 = CARTESIAN_POINT('',(180.76666666666,45.092876242219,
    129.33531766952));
#2938 = CARTESIAN_POINT('',(180.76666666666,45.64762650464,
    129.63185855961));
#2939 = CARTESIAN_POINT('',(180.76666666666,45.982587471104,
    129.64365841336));
#2940 = CARTESIAN_POINT('',(180.76666666666,46.329310009602,
    130.89840394914));
#2941 = CARTESIAN_POINT('',(180.76666666666,46.851648937146,
    127.66690006488));
#2942 = CARTESIAN_POINT('',(180.76666666666,47.2281516326,
    131.44824308305));
#2943 = CARTESIAN_POINT('',(180.76666666666,47.662850372807,
    130.81566555576));
#2944 = CARTESIAN_POINT('',(180.76666666666,48.042786242102,
    131.37918827185));
#2945 = CARTESIAN_POINT('',(180.76666666666,48.598997824771,
    131.6286505829));
#2946 = CARTESIAN_POINT('',(180.76666666666,48.503051605466,
    131.98388026161));
#2947 = CARTESIAN_POINT('',(180.76666666666,49.204753164397,
    132.27612249006));
#2948 = CARTESIAN_POINT('',(180.76666666666,49.277982758165,
    132.65661276121));
#2949 = CARTESIAN_POINT('',(180.76666666666,50.128100163561,
    132.99829158327));
#2950 = CARTESIAN_POINT('',(180.76666666666,50.391362601983,
    133.36359053399));
#2951 = CARTESIAN_POINT('',(180.76666666666,50.816296075956,
    133.74228014942));
#2952 = CARTESIAN_POINT('',(180.76666666666,50.840309182697,
    134.1421310841));
#2953 = CARTESIAN_POINT('',(180.76666666666,52.082996265096,
    134.59245947395));
#2954 = CARTESIAN_POINT('',(180.76666666666,51.199595236392,
    135.01060381502));
#2955 = CARTESIAN_POINT('',(180.76666666666,52.62450224829,
    135.75897058054));
#2956 = CARTESIAN_POINT('',(180.76666666666,52.684087564826,
    135.79375237805));
#2957 = CARTESIAN_POINT('',(180.76666666666,53.558911142724,
    136.35254287143));
#2958 = CARTESIAN_POINT('',(180.76666666666,53.838069844169,
    136.79936912027));
#2959 = CARTESIAN_POINT('',(180.76666666666,54.25504062622,
    136.99999753253));
#2960 = CARTESIAN_POINT('',(180.76666666666,54.582969683547,
    138.56822162606));
#2961 = CARTESIAN_POINT('',(180.76666666666,54.937969266494,
    138.07728750171));
#2962 = CARTESIAN_POINT('',(180.76666666666,55.188457153934,
    138.65565286763));
#2963 = CARTESIAN_POINT('',(180.76666666666,55.58224889549,
    139.92841420034));
#2964 = CARTESIAN_POINT('',(180.76666666666,55.839341144001,
    139.98481177413));
#2965 = CARTESIAN_POINT('',(180.76666666666,56.114337879086,
    140.56666603912));
#2966 = CARTESIAN_POINT('',(180.76666666666,56.246438273371,
    139.70430412748));
#2967 = CARTESIAN_POINT('',(180.76666666666,56.577456120187,
    139.48657068562));
#2968 = CARTESIAN_POINT('',(180.76666666666,57.042647217679,
    138.38481756411));
#2969 = CARTESIAN_POINT('',(180.76666666666,57.473201813233,
    138.1366015693));
#2970 = CARTESIAN_POINT('',(180.76666666666,57.899149957018,
    137.88443365965));
#2971 = CARTESIAN_POINT('',(180.76666666666,58.369487285803,
    137.35002372724));
#2972 = CARTESIAN_POINT('',(180.76666666666,58.806987331487,
    136.96462727435));
#2973 = CARTESIAN_POINT('',(180.76666666666,59.340014323673,
    136.74390287608));
#2974 = CARTESIAN_POINT('',(180.76666666666,59.789708343861,
    136.1677227239));
#2975 = CARTESIAN_POINT('',(180.76666666666,59.900273145149,
    136.62293095471));
#2976 = CARTESIAN_POINT('',(180.76666666666,59.742352353597,
    136.60411077824));
#2977 = CARTESIAN_POINT('',(180.76666666666,59.469584532846,
    136.4445210161));
#2978 = CARTESIAN_POINT('',(180.76666666666,59.247903504596,
    136.62492277907));
#2979 = CARTESIAN_POINT('',(180.76666666666,58.940772398911,
    136.40796677893));
#2980 = CARTESIAN_POINT('',(180.76666666666,58.678493161162,
    136.37576337905));
#2981 = CARTESIAN_POINT('',(180.76666666666,58.409701390241,
    136.22263503768));
#2982 = CARTESIAN_POINT('',(180.76666666666,57.900545273268,
    136.21735337858));
#2983 = CARTESIAN_POINT('',(180.76666666666,57.722809950679,
    135.97148157658));
#2984 = CARTESIAN_POINT('',(180.76666666666,57.273262631751,
    135.85739170885));
#2985 = CARTESIAN_POINT('',(180.76666666666,57.02325495291,
    135.24503361961));
#2986 = CARTESIAN_POINT('',(180.76666666666,56.595589098193,
    135.50318012964));
#2987 = CARTESIAN_POINT('',(180.76666666666,56.163144728168,
    135.73148892412));
#2988 = CARTESIAN_POINT('',(180.76666666666,55.739341321551,
    135.0541553735));
#2989 = CARTESIAN_POINT('',(180.76666666666,55.323636308187,
    134.39899001943));
#2990 = CARTESIAN_POINT('',(180.76666666666,54.940781762079,
    134.15278543159));
#2991 = CARTESIAN_POINT('',(180.76666666666,54.522942509448,
    133.74548801698));
#2992 = CARTESIAN_POINT('',(180.76666666666,54.275129920389,
    133.33107574971));
#2993 = CARTESIAN_POINT('',(180.76666666666,53.432629261105,
    132.86970934756));
#2994 = CARTESIAN_POINT('',(180.76666666666,53.285570564523,
    132.38224210637));
#2995 = CARTESIAN_POINT('',(180.76666666666,53.362025938064,
    131.87346404518));
#2996 = CARTESIAN_POINT('',(180.76666666666,52.243691047692,
    131.38228758798));
#2997 = CARTESIAN_POINT('',(180.76666666666,51.614218283867,
    131.01017048866));
#2998 = CARTESIAN_POINT('',(180.76666666666,50.206227571073,
    130.8003245753));
#2999 = CARTESIAN_POINT('',(180.76666666666,49.600427696398,
    130.81510031305));
#3000 = CARTESIAN_POINT('',(180.76666666666,49.033323937823,
    130.39203105089));
#3001 = CARTESIAN_POINT('',(180.76666666666,48.984978661991,
    130.02955859679));
#3002 = CARTESIAN_POINT('',(180.76666666666,49.224884774465,
    130.0804989167));
#3003 = CARTESIAN_POINT('',(180.76666666666,49.135625614325,
    130.5809140702));
#3004 = CARTESIAN_POINT('',(180.76666666666,48.895397626412,
    131.07017877504));
#3005 = CARTESIAN_POINT('',(180.76666666666,48.729333930842,
    131.6497538964));
#3006 = CARTESIAN_POINT('',(180.76666666666,49.000384646332,
    131.77380893394));
#3007 = CARTESIAN_POINT('',(180.76666666666,48.747508570457,
    131.5962902452));
#3008 = CARTESIAN_POINT('',(180.76666666666,48.63293551751,
    131.24280427595));
#3009 = CARTESIAN_POINT('',(180.76666666666,48.57574185855,
    131.13049397484));
#3010 = CARTESIAN_POINT('',(180.76666666666,48.310674889186,
    130.82819236184));
#3011 = CARTESIAN_POINT('',(180.76666666666,47.972480808054,
    130.68437385711));
#3012 = CARTESIAN_POINT('',(180.76666666666,48.107279193155,
    131.0753241654));
#3013 = CARTESIAN_POINT('',(180.76666666666,48.053594076174,
    130.5502082976));
#3014 = CARTESIAN_POINT('',(180.76666666666,48.034409104746,
    130.0817513863));
#3015 = CARTESIAN_POINT('',(180.76666666666,48.138314076253,
    130.76841066611));
#3016 = CARTESIAN_POINT('',(180.76666666666,47.700441443079,
    130.82668750603));
#3017 = CARTESIAN_POINT('',(180.76666666666,47.317196460977,
    130.48638664571));
#3018 = CARTESIAN_POINT('',(180.76666666666,46.709274742795,
    130.68741263409));
#3019 = CARTESIAN_POINT('',(180.76666666666,46.088598232505,
    130.77919748055));
#3020 = CARTESIAN_POINT('',(180.76666666666,45.2044076846,
    129.96788202548));
#3021 = CARTESIAN_POINT('',(185.64444444444,49.162985863686,
    128.75971693783));
#3022 = CARTESIAN_POINT('',(185.64444444444,49.153265400153,
    128.29874365485));
#3023 = CARTESIAN_POINT('',(185.64444444444,49.286394267138,
    128.22736105932));
#3024 = CARTESIAN_POINT('',(185.64444444444,49.022621478843,
    127.83542302322));
#3025 = CARTESIAN_POINT('',(185.64444444444,49.225493204512,
    127.53827281729));
#3026 = CARTESIAN_POINT('',(185.64444444444,49.800066409527,
    127.24045744372));
#3027 = CARTESIAN_POINT('',(185.64444444444,49.990340873958,
    126.97913694276));
#3028 = CARTESIAN_POINT('',(185.64444444444,50.016868134998,
    126.7001913129));
#3029 = CARTESIAN_POINT('',(185.64444444444,50.281483204932,
    126.51132573759));
#3030 = CARTESIAN_POINT('',(185.64444444444,50.751700085268,
    126.33609603903));
#3031 = CARTESIAN_POINT('',(185.64444444444,50.897651335263,
    126.15579259041));
#3032 = CARTESIAN_POINT('',(185.64444444444,51.235860592723,
    126.27187668731));
#3033 = CARTESIAN_POINT('',(185.64444444444,51.580577619621,
    125.35131759019));
#3034 = CARTESIAN_POINT('',(185.64444444444,51.794335614895,
    128.32217352082));
#3035 = CARTESIAN_POINT('',(185.64444444444,52.1311650469,
    125.29290629261));
#3036 = CARTESIAN_POINT('',(185.64444444444,52.423823323414,
    126.07121527825));
#3037 = CARTESIAN_POINT('',(185.64444444444,52.764567532299,
    125.83763252436));
#3038 = CARTESIAN_POINT('',(185.64444444444,52.951626424358,
    125.88522182461));
#3039 = CARTESIAN_POINT('',(185.64444444444,53.701291499993,
    125.85090395622));
#3040 = CARTESIAN_POINT('',(185.64444444444,53.829633383892,
    125.87615652766));
#3041 = CARTESIAN_POINT('',(185.64444444444,54.259531501381,
    125.82886805461));
#3042 = CARTESIAN_POINT('',(185.64444444444,54.297525289603,
    125.81661324786));
#3043 = CARTESIAN_POINT('',(185.64444444444,54.630155829532,
    125.78411264897));
#3044 = CARTESIAN_POINT('',(185.64444444444,54.914389629316,
    125.73939231233));
#3045 = CARTESIAN_POINT('',(185.64444444444,55.44801798104,
    125.67570882189));
#3046 = CARTESIAN_POINT('',(185.64444444444,55.270063071494,
    125.56939872219));
#3047 = CARTESIAN_POINT('',(185.64444444444,56.429445947945,
    125.49056726536));
#3048 = CARTESIAN_POINT('',(185.64444444444,56.082099128864,
    125.14163873819));
#3049 = CARTESIAN_POINT('',(185.64444444444,56.635909445161,
    125.38286252814));
#3050 = CARTESIAN_POINT('',(185.64444444444,56.523325252768,
    125.20098428986));
#3051 = CARTESIAN_POINT('',(185.64444444444,56.946526073612,
    125.10697832079));
#3052 = CARTESIAN_POINT('',(185.64444444444,57.247884565143,
    125.22340848439));
#3053 = CARTESIAN_POINT('',(185.64444444444,57.628619325212,
    124.21217541463));
#3054 = CARTESIAN_POINT('',(185.64444444444,57.970113288314,
    124.91390449585));
#3055 = CARTESIAN_POINT('',(185.64444444444,58.41285149737,
    124.74201602288));
#3056 = CARTESIAN_POINT('',(185.64444444444,58.673213247973,
    123.99357741249));
#3057 = CARTESIAN_POINT('',(185.64444444444,59.059344760004,
    124.17714317165));
#3058 = CARTESIAN_POINT('',(185.64444444444,59.36535938159,
    123.96578648458));
#3059 = CARTESIAN_POINT('',(185.64444444444,59.777431090197,
    124.26237106783));
#3060 = CARTESIAN_POINT('',(185.64444444444,60.097937162557,
    124.38182711705));
#3061 = CARTESIAN_POINT('',(185.64444444444,60.436297212276,
    124.73275355434));
#3062 = CARTESIAN_POINT('',(185.64444444444,60.703290643172,
    124.87819498809));
#3063 = CARTESIAN_POINT('',(185.64444444444,61.008212284057,
    124.94850675906));
#3064 = CARTESIAN_POINT('',(185.64444444444,61.234923364385,
    125.3370591341));
#3065 = CARTESIAN_POINT('',(185.64444444444,61.536069984534,
    125.64973320236));
#3066 = CARTESIAN_POINT('',(185.64444444444,61.606057331342,
    125.9274700103));
#3067 = CARTESIAN_POINT('',(185.64444444444,61.74419658368,
    126.66597168231));
#3068 = CARTESIAN_POINT('',(185.64444444444,61.773517592326,
    126.73030009693));
#3069 = CARTESIAN_POINT('',(185.64444444444,61.647771248644,
    127.14358120362));
#3070 = CARTESIAN_POINT('',(185.64444444444,61.640612449983,
    127.5991500278));
#3071 = CARTESIAN_POINT('',(185.64444444444,61.297180956541,
    127.68706886469));
#3072 = CARTESIAN_POINT('',(185.64444444444,61.094661058154,
    128.04755485591));
#3073 = CARTESIAN_POINT('',(185.64444444444,60.711832853761,
    128.18560796814));
#3074 = CARTESIAN_POINT('',(185.64444444444,60.350006254454,
    128.37177758051));
#3075 = CARTESIAN_POINT('',(185.64444444444,60.282853426625,
    128.3657208487));
#3076 = CARTESIAN_POINT('',(185.64444444444,59.727372768296,
    128.55180291532));
#3077 = CARTESIAN_POINT('',(185.64444444444,59.526386394678,
    128.44120415768));
#3078 = CARTESIAN_POINT('',(185.64444444444,59.051413860889,
    128.81437221116));
#3079 = CARTESIAN_POINT('',(185.64444444444,58.793340325445,
    128.45494443517));
#3080 = CARTESIAN_POINT('',(185.64444444444,58.521672959903,
    128.11126415038));
#3081 = CARTESIAN_POINT('',(185.64444444444,58.238938178538,
    128.44813517398));
#3082 = CARTESIAN_POINT('',(185.64444444444,57.945561977688,
    128.50341161124));
#3083 = CARTESIAN_POINT('',(185.64444444444,57.638554332968,
    128.38574585246));
#3084 = CARTESIAN_POINT('',(185.64444444444,57.322861081456,
    128.31681583182));
#3085 = CARTESIAN_POINT('',(185.64444444444,56.950823746771,
    128.25128942497));
#3086 = CARTESIAN_POINT('',(185.64444444444,56.965259773933,
    128.19077737875));
#3087 = CARTESIAN_POINT('',(185.64444444444,56.374247638522,
    128.20921948598));
#3088 = CARTESIAN_POINT('',(185.64444444444,55.786572699409,
    128.13767278813));
#3089 = CARTESIAN_POINT('',(185.64444444444,55.99037377117,
    128.17687434872));
#3090 = CARTESIAN_POINT('',(185.64444444444,55.463247675028,
    128.21554247086));
#3091 = CARTESIAN_POINT('',(185.64444444444,55.527797444623,
    128.30627232242));
#3092 = CARTESIAN_POINT('',(185.64444444444,54.931516981405,
    128.32088608267));
#3093 = CARTESIAN_POINT('',(185.64444444444,54.718022073619,
    128.57708172214));
#3094 = CARTESIAN_POINT('',(185.64444444444,54.378628819016,
    128.78462093743));
#3095 = CARTESIAN_POINT('',(185.64444444444,53.929166570332,
    128.91674626269));
#3096 = CARTESIAN_POINT('',(185.64444444444,53.666336226349,
    128.90819900443));
#3097 = CARTESIAN_POINT('',(185.64444444444,53.445457774408,
    129.15336355633));
#3098 = CARTESIAN_POINT('',(185.64444444444,53.259211797862,
    129.24296452742));
#3099 = CARTESIAN_POINT('',(185.64444444444,52.799077738248,
    129.41064907786));
#3100 = CARTESIAN_POINT('',(185.64444444444,52.500290146705,
    129.7296661966));
#3101 = CARTESIAN_POINT('',(185.64444444444,52.058774010256,
    129.67318260207));
#3102 = CARTESIAN_POINT('',(185.64444444444,51.692640188865,
    129.71676468864));
#3103 = CARTESIAN_POINT('',(185.64444444444,51.434268029231,
    129.8068343801));
#3104 = CARTESIAN_POINT('',(185.64444444444,51.273876503385,
    130.05185093558));
#3105 = CARTESIAN_POINT('',(185.64444444444,50.799527583377,
    129.34661886986));
#3106 = CARTESIAN_POINT('',(185.64444444444,50.432759775992,
    130.06779298678));
#3107 = CARTESIAN_POINT('',(185.64444444444,50.063177071027,
    130.14585043986));
#3108 = CARTESIAN_POINT('',(185.64444444444,49.625300638996,
    129.50851358706));
#3109 = CARTESIAN_POINT('',(185.64444444444,49.520841215655,
    129.27873703201));
#3110 = CARTESIAN_POINT('',(185.64444444444,49.274881211048,
    129.31472746075));
#3111 = CARTESIAN_POINT('',(185.64444444444,49.162985863686,
    128.75971693783));
#3112 = CARTESIAN_POINT('',(185.64444444444,49.153265400153,
    128.29874365485));
#3113 = CARTESIAN_POINT('',(185.64444444444,49.286394267138,
    128.22736105932));
#3114 = CARTESIAN_POINT('',(188.3,53.154058686113,127.94926924812));
#3115 = CARTESIAN_POINT('',(188.3,53.11122835044,127.82579039845));
#3116 = CARTESIAN_POINT('',(188.3,53.098997813907,127.65389462267));
#3117 = CARTESIAN_POINT('',(188.3,53.150047417664,127.52865834558));
#3118 = CARTESIAN_POINT('',(188.3,53.173689092711,127.39238782252));
#3119 = CARTESIAN_POINT('',(188.3,53.190721595534,127.26289812035));
#3120 = CARTESIAN_POINT('',(188.3,53.260262330932,127.13628738477));
#3121 = CARTESIAN_POINT('',(188.3,53.396853387551,127.02678494621));
#3122 = CARTESIAN_POINT('',(188.3,53.498066941404,126.92135789823));
#3123 = CARTESIAN_POINT('',(188.3,53.585824504121,126.83243357531));
#3124 = CARTESIAN_POINT('',(188.3,53.73208814096,126.76369960519));
#3125 = CARTESIAN_POINT('',(188.3,53.8564022773,126.66185346932));
#3126 = CARTESIAN_POINT('',(188.3,53.984577647985,126.75171087551));
#3127 = CARTESIAN_POINT('',(188.3,54.136487795942,126.19690363857));
#3128 = CARTESIAN_POINT('',(188.3,54.271480321138,126.67288024283));
#3129 = CARTESIAN_POINT('',(188.3,54.414701356957,126.51578566703));
#3130 = CARTESIAN_POINT('',(188.3,54.550554179318,126.53994239161));
#3131 = CARTESIAN_POINT('',(188.3,54.711721791718,126.52511133312));
#3132 = CARTESIAN_POINT('',(188.3,54.780598831097,126.53116502782));
#3133 = CARTESIAN_POINT('',(188.3,54.946697496362,126.53292764378));
#3134 = CARTESIAN_POINT('',(188.3,55.073784239234,126.55018540322));
#3135 = CARTESIAN_POINT('',(188.3,55.256512446956,126.56330934349));
#3136 = CARTESIAN_POINT('',(188.3,55.39926330025,126.57897230442));
#3137 = CARTESIAN_POINT('',(188.3,55.545225289109,126.59346147717));
#3138 = CARTESIAN_POINT('',(188.3,55.658130754612,126.60569640703));
#3139 = CARTESIAN_POINT('',(188.3,55.85981501129,126.61790350358));
#3140 = CARTESIAN_POINT('',(188.3,55.883851998156,126.61829707455));
#3141 = CARTESIAN_POINT('',(188.3,56.11425497882,126.65484958267));
#3142 = CARTESIAN_POINT('',(188.3,56.219729528185,126.59204705741));
#3143 = CARTESIAN_POINT('',(188.3,56.432375833639,126.59305510633));
#3144 = CARTESIAN_POINT('',(188.3,56.554448353136,126.5795453801));
#3145 = CARTESIAN_POINT('',(188.3,56.696931715552,126.53350517482));
#3146 = CARTESIAN_POINT('',(188.3,56.82588242405,126.67046148051));
#3147 = CARTESIAN_POINT('',(188.3,56.962625999259,126.53888541732));
#3148 = CARTESIAN_POINT('',(188.3,57.080785844283,126.55269213717));
#3149 = CARTESIAN_POINT('',(188.3,57.233869752906,126.66693661669));
#3150 = CARTESIAN_POINT('',(188.3,57.363277605801,126.64997428286));
#3151 = CARTESIAN_POINT('',(188.3,57.508906142562,126.69495941075));
#3152 = CARTESIAN_POINT('',(188.3,57.63307557057,126.72286552472));
#3153 = CARTESIAN_POINT('',(188.3,57.767237275557,126.74237337756));
#3154 = CARTESIAN_POINT('',(188.3,57.883859718204,126.80318617416));
#3155 = CARTESIAN_POINT('',(188.3,58.009974569463,126.87682967629));
#3156 = CARTESIAN_POINT('',(188.3,58.111346104622,126.99489741147));
#3157 = CARTESIAN_POINT('',(188.3,58.209863006288,127.08124654025));
#3158 = CARTESIAN_POINT('',(188.3,58.26092161275,127.20413599609));
#3159 = CARTESIAN_POINT('',(188.3,58.330117549941,127.35053664213));
#3160 = CARTESIAN_POINT('',(188.3,58.330375100792,127.4347411516));
#3161 = CARTESIAN_POINT('',(188.3,58.31551954847,127.62534201648));
#3162 = CARTESIAN_POINT('',(188.3,58.304182722643,127.75698501195));
#3163 = CARTESIAN_POINT('',(188.3,58.21237459768,127.8687680648));
#3164 = CARTESIAN_POINT('',(188.3,58.175238874108,128.0261636195));
#3165 = CARTESIAN_POINT('',(188.3,58.078222124389,128.12239224902));
#3166 = CARTESIAN_POINT('',(188.3,58.007393155832,128.23922832812));
#3167 = CARTESIAN_POINT('',(188.3,57.915574017899,128.33251660203));
#3168 = CARTESIAN_POINT('',(188.3,57.751912122946,128.44359160462));
#3169 = CARTESIAN_POINT('',(188.3,57.68496382526,128.50741956087));
#3170 = CARTESIAN_POINT('',(188.3,57.537778388574,128.61404784333));
#3171 = CARTESIAN_POINT('',(188.3,57.443152166507,128.63980992116));
#3172 = CARTESIAN_POINT('',(188.3,57.300535548994,128.74432219243));
#3173 = CARTESIAN_POINT('',(188.3,57.159861957726,128.82834673287));
#3174 = CARTESIAN_POINT('',(188.3,57.019988341159,128.82449812179));
#3175 = CARTESIAN_POINT('',(188.3,56.881221577079,128.85985200207));
#3176 = CARTESIAN_POINT('',(188.3,56.743094173592,128.9042651144));
#3177 = CARTESIAN_POINT('',(188.3,56.608551727443,128.93901536833));
#3178 = CARTESIAN_POINT('',(188.3,56.476733316003,128.96751057775));
#3179 = CARTESIAN_POINT('',(188.3,56.288645706436,128.99495851885));
#3180 = CARTESIAN_POINT('',(188.3,56.20688201613,128.99919313572));
#3181 = CARTESIAN_POINT('',(188.3,56.07160773994,129.03470446505));
#3182 = CARTESIAN_POINT('',(188.3,55.877077263676,129.04240850134));
#3183 = CARTESIAN_POINT('',(188.3,55.786379523417,129.05226371357));
#3184 = CARTESIAN_POINT('',(188.3,55.60651206124,129.0512906958));
#3185 = CARTESIAN_POINT('',(188.3,55.529919346081,129.05980958456));
#3186 = CARTESIAN_POINT('',(188.3,55.377252776275,129.04434009562));
#3187 = CARTESIAN_POINT('',(188.3,55.232570514937,129.0359969274));
#3188 = CARTESIAN_POINT('',(188.3,55.100382930298,129.02543473072));
#3189 = CARTESIAN_POINT('',(188.3,54.943935770755,129.02712735664));
#3190 = CARTESIAN_POINT('',(188.3,54.78544786747,128.97574270172));
#3191 = CARTESIAN_POINT('',(188.3,54.616100391756,128.94484921277));
#3192 = CARTESIAN_POINT('',(188.3,54.491969884443,128.90793925949));
#3193 = CARTESIAN_POINT('',(188.3,54.349599399617,128.8425697266));
#3194 = CARTESIAN_POINT('',(188.3,54.227226855589,128.85391424394));
#3195 = CARTESIAN_POINT('',(188.3,54.094742177699,128.80649949138));
#3196 = CARTESIAN_POINT('',(188.3,53.949788699225,128.76369886944));
#3197 = CARTESIAN_POINT('',(188.3,53.792316843084,128.64319786818));
#3198 = CARTESIAN_POINT('',(188.3,53.680241289805,128.75231281052));
#3199 = CARTESIAN_POINT('',(188.3,53.564791751617,128.47352149066));
#3200 = CARTESIAN_POINT('',(188.3,53.458410640601,128.38863341597));
#3201 = CARTESIAN_POINT('',(188.3,53.376227618559,128.32533493749));
#3202 = CARTESIAN_POINT('',(188.3,53.265078633956,128.21212069633));
#3203 = CARTESIAN_POINT('',(188.3,53.203237433526,128.05279299164));
#3204 = CARTESIAN_POINT('',(188.3,53.154058686113,127.94926924812));
#3205 = CARTESIAN_POINT('',(188.3,53.11122835044,127.82579039845));
#3206 = CARTESIAN_POINT('',(188.3,53.098997813907,127.65389462267));
#3207 = ADVANCED_FACE('',(#3208),#3211,.T.);
#3208 = FACE_BOUND('',#3209,.T.);
#3209 = EDGE_LOOP('',(#3210));
#3210 = ORIENTED_EDGE('',*,*,#149,.T.);
#3211 = PLANE('',#3212);
#3212 = AXIS2_PLACEMENT_3D('',#3213,#3214,#3215);
#3213 = CARTESIAN_POINT('',(188.3,55.666663019549,127.6879624313));
#3214 = DIRECTION('',(1.,0.,0.));
#3215 = DIRECTION('',(0.,0.,1.));
#3216 = ADVANCED_FACE('',(#3217),#3220,.T.);
#3217 = FACE_BOUND('',#3218,.T.);
#3218 = EDGE_LOOP('',(#3219));
#3219 = ORIENTED_EDGE('',*,*,#52,.F.);
#3220 = PLANE('',#3221);
#3221 = AXIS2_PLACEMENT_3D('',#3222,#3223,#3224);
#3222 = CARTESIAN_POINT('',(0.8,36.8813696621,183.44410064548));
#3223 = DIRECTION('',(-1.,-0.,-0.));
#3224 = DIRECTION('',(0.,0.,-1.));
#3225 = ADVANCED_FACE('',(#3226),#3237,.F.);
#3226 = FACE_BOUND('',#3227,.T.);
#3227 = EDGE_LOOP('',(#3228,#3235,#3236));
#3228 = ORIENTED_EDGE('',*,*,#3229,.F.);
#3229 = EDGE_CURVE('',#248,#292,#3230,.T.);
#3230 = CIRCLE('',#3231,6.6);
#3231 = AXIS2_PLACEMENT_3D('',#3232,#3233,#3234);
#3232 = CARTESIAN_POINT('',(125.28047024175,41.289518371382,116.));
#3233 = DIRECTION('',(-4.408062642E-02,-1.383351746212E-02,
    0.998932195982));
#3234 = DIRECTION('',(0.998029641384,4.408062642E-02,4.465124066747E-02)
  );
#3235 = ORIENTED_EDGE('',*,*,#247,.T.);
#3236 = ORIENTED_EDGE('',*,*,#291,.T.);
#3237 = PLANE('',#3238);
#3238 = AXIS2_PLACEMENT_3D('',#3239,#3240,#3241);
#3239 = CARTESIAN_POINT('',(125.28047024175,41.289518371382,116.));
#3240 = DIRECTION('',(-4.408062642E-02,-1.383351746212E-02,
    0.998932195982));
#3241 = DIRECTION('',(0.998029641384,4.408062642E-02,4.465124066747E-02)
  );
#3242 = ADVANCED_FACE('',(#3243),#3248,.T.);
#3243 = FACE_BOUND('',#3244,.T.);
#3244 = EDGE_LOOP('',(#3245,#3246,#3247));
#3245 = ORIENTED_EDGE('',*,*,#365,.T.);
#3246 = ORIENTED_EDGE('',*,*,#3229,.T.);
#3247 = ORIENTED_EDGE('',*,*,#316,.T.);
#3248 = CYLINDRICAL_SURFACE('',#3249,6.6);
#3249 = AXIS2_PLACEMENT_3D('',#3250,#3251,#3252);
#3250 = CARTESIAN_POINT('',(125.28047024175,41.289518371382,116.));
#3251 = DIRECTION('',(-4.408062642E-02,-1.383351746212E-02,
    0.998932195982));
#3252 = DIRECTION('',(0.998029641384,4.408062642E-02,4.465124066747E-02)
  );
#3253 = ADVANCED_FACE('',(#3254),#3264,.F.);
#3254 = FACE_BOUND('',#3255,.T.);
#3255 = EDGE_LOOP('',(#3256,#3263));
#3256 = ORIENTED_EDGE('',*,*,#3257,.F.);
#3257 = EDGE_CURVE('',#501,#499,#3258,.T.);
#3258 = CIRCLE('',#3259,6.85);
#3259 = AXIS2_PLACEMENT_3D('',#3260,#3261,#3262);
#3260 = CARTESIAN_POINT('',(54.697949180935,33.136372977831,144.));
#3261 = DIRECTION('',(-3.186063773269E-02,-5.036785662969E-02,
    0.998222409477));
#3262 = DIRECTION('',(0.998931059523,3.186063773269E-02,
    3.349086568628E-02));
#3263 = ORIENTED_EDGE('',*,*,#498,.F.);
#3264 = PLANE('',#3265);
#3265 = AXIS2_PLACEMENT_3D('',#3266,#3267,#3268);
#3266 = CARTESIAN_POINT('',(54.697949180935,33.136372977831,144.));
#3267 = DIRECTION('',(-3.186063773269E-02,-5.036785662969E-02,
    0.998222409477));
#3268 = DIRECTION('',(0.998931059523,3.186063773269E-02,
    3.349086568628E-02));
#3269 = ADVANCED_FACE('',(#3270),#3274,.T.);
#3270 = FACE_BOUND('',#3271,.T.);
#3271 = EDGE_LOOP('',(#3272,#3273));
#3272 = ORIENTED_EDGE('',*,*,#555,.T.);
#3273 = ORIENTED_EDGE('',*,*,#3257,.T.);
#3274 = CYLINDRICAL_SURFACE('',#3275,6.85);
#3275 = AXIS2_PLACEMENT_3D('',#3276,#3277,#3278);
#3276 = CARTESIAN_POINT('',(54.697949180935,33.136372977831,144.));
#3277 = DIRECTION('',(-3.186063773269E-02,-5.036785662969E-02,
    0.998222409477));
#3278 = DIRECTION('',(0.998931059523,3.186063773269E-02,
    3.349086568628E-02));
#3279 = ADVANCED_FACE('',(#3280),#3290,.F.);
#3280 = FACE_BOUND('',#3281,.T.);
#3281 = EDGE_LOOP('',(#3282,#3283));
#3282 = ORIENTED_EDGE('',*,*,#604,.F.);
#3283 = ORIENTED_EDGE('',*,*,#3284,.F.);
#3284 = EDGE_CURVE('',#607,#605,#3285,.T.);
#3285 = CIRCLE('',#3286,6.85);
#3286 = AXIS2_PLACEMENT_3D('',#3287,#3288,#3289);
#3287 = CARTESIAN_POINT('',(54.697949180935,33.136372977831,144.));
#3288 = DIRECTION('',(-3.186063773269E-02,-5.036785662969E-02,
    0.998222409477));
#3289 = DIRECTION('',(0.998931059523,3.186063773269E-02,
    3.349086568628E-02));
#3290 = PLANE('',#3291);
#3291 = AXIS2_PLACEMENT_3D('',#3292,#3293,#3294);
#3292 = CARTESIAN_POINT('',(54.697949180935,33.136372977831,144.));
#3293 = DIRECTION('',(-3.186063773269E-02,-5.036785662969E-02,
    0.998222409477));
#3294 = DIRECTION('',(0.998931059523,3.186063773269E-02,
    3.349086568628E-02));
#3295 = ADVANCED_FACE('',(#3296),#3318,.T.);
#3296 = FACE_BOUND('',#3297,.T.);
#3297 = EDGE_LOOP('',(#3298,#3299,#3300,#3308,#3315,#3316,#3317));
#3298 = ORIENTED_EDGE('',*,*,#3284,.T.);
#3299 = ORIENTED_EDGE('',*,*,#697,.T.);
#3300 = ORIENTED_EDGE('',*,*,#3301,.T.);
#3301 = EDGE_CURVE('',#698,#3302,#3304,.T.);
#3302 = VERTEX_POINT('',#3303);
#3303 = CARTESIAN_POINT('',(59.992634311605,30.907427195963,
    192.72941242995));
#3304 = LINE('',#3305,#3306);
#3305 = CARTESIAN_POINT('',(61.540626938664,33.3546183463,
    144.22941242995));
#3306 = VECTOR('',#3307,1.);
#3307 = DIRECTION('',(-3.186063773269E-02,-5.036785662969E-02,
    0.998222409477));
#3308 = ORIENTED_EDGE('',*,*,#3309,.F.);
#3309 = EDGE_CURVE('',#3302,#3302,#3310,.T.);
#3310 = CIRCLE('',#3311,6.85);
#3311 = AXIS2_PLACEMENT_3D('',#3312,#3313,#3314);
#3312 = CARTESIAN_POINT('',(53.149956553876,30.689181827494,192.5));
#3313 = DIRECTION('',(-3.186063773269E-02,-5.036785662969E-02,
    0.998222409477));
#3314 = DIRECTION('',(0.998931059523,3.186063773269E-02,
    3.349086568628E-02));
#3315 = ORIENTED_EDGE('',*,*,#3301,.F.);
#3316 = ORIENTED_EDGE('',*,*,#711,.T.);
#3317 = ORIENTED_EDGE('',*,*,#730,.T.);
#3318 = CYLINDRICAL_SURFACE('',#3319,6.85);
#3319 = AXIS2_PLACEMENT_3D('',#3320,#3321,#3322);
#3320 = CARTESIAN_POINT('',(54.697949180935,33.136372977831,144.));
#3321 = DIRECTION('',(-3.186063773269E-02,-5.036785662969E-02,
    0.998222409477));
#3322 = DIRECTION('',(0.998931059523,3.186063773269E-02,
    3.349086568628E-02));
#3323 = ADVANCED_FACE('',(#3324),#3327,.T.);
#3324 = FACE_BOUND('',#3325,.T.);
#3325 = EDGE_LOOP('',(#3326));
#3326 = ORIENTED_EDGE('',*,*,#884,.T.);
#3327 = CYLINDRICAL_SURFACE('',#3328,6.6);
#3328 = AXIS2_PLACEMENT_3D('',#3329,#3330,#3331);
#3329 = CARTESIAN_POINT('',(125.28047024175,41.289518371382,116.));
#3330 = DIRECTION('',(-4.408062642E-02,-1.383351746212E-02,
    0.998932195982));
#3331 = DIRECTION('',(0.998029641384,4.408062642E-02,4.465124066747E-02)
  );
#3332 = ADVANCED_FACE('',(#3333),#3352,.T.);
#3333 = FACE_BOUND('',#3334,.T.);
#3334 = EDGE_LOOP('',(#3335,#3336,#3344,#3351));
#3335 = ORIENTED_EDGE('',*,*,#3309,.T.);
#3336 = ORIENTED_EDGE('',*,*,#3337,.T.);
#3337 = EDGE_CURVE('',#3302,#3338,#3340,.T.);
#3338 = VERTEX_POINT('',#3339);
#3339 = CARTESIAN_POINT('',(57.065887357581,30.690480504696,
    195.13396346274));
#3340 = LINE('',#3341,#3342);
#3341 = CARTESIAN_POINT('',(59.992634311605,30.907427195963,
    192.72941242995));
#3342 = VECTOR('',#3343,1.);
#3343 = DIRECTION('',(-0.771405391955,-5.718083935479E-02,0.633769731742
    ));
#3344 = ORIENTED_EDGE('',*,*,#3345,.F.);
#3345 = EDGE_CURVE('',#3338,#3338,#3346,.T.);
#3346 = CIRCLE('',#3347,4.);
#3347 = AXIS2_PLACEMENT_3D('',#3348,#3349,#3350);
#3348 = CARTESIAN_POINT('',(53.070163119491,30.563037953765,195.));
#3349 = DIRECTION('',(-3.186063773269E-02,-5.036785662969E-02,
    0.998222409477));
#3350 = DIRECTION('',(0.998931059523,3.186063773269E-02,
    3.349086568628E-02));
#3351 = ORIENTED_EDGE('',*,*,#3337,.F.);
#3352 = CONICAL_SURFACE('',#3353,6.85,0.849843527231);
#3353 = AXIS2_PLACEMENT_3D('',#3354,#3355,#3356);
#3354 = CARTESIAN_POINT('',(53.149956553876,30.689181827494,192.5));
#3355 = DIRECTION('',(3.186063773269E-02,5.036785662969E-02,
    -0.998222409477));
#3356 = DIRECTION('',(0.998931059523,3.186063773269E-02,
    3.349086568628E-02));
#3357 = ADVANCED_FACE('',(#3358),#3377,.T.);
#3358 = FACE_BOUND('',#3359,.T.);
#3359 = EDGE_LOOP('',(#3360,#3361,#3369,#3376));
#3360 = ORIENTED_EDGE('',*,*,#3345,.T.);
#3361 = ORIENTED_EDGE('',*,*,#3362,.T.);
#3362 = EDGE_CURVE('',#3338,#3363,#3365,.T.);
#3363 = VERTEX_POINT('',#3364);
#3364 = CARTESIAN_POINT('',(56.842465741305,30.337277658256,
    202.13396346274));
#3365 = LINE('',#3366,#3367);
#3366 = CARTESIAN_POINT('',(57.065887357581,30.690480504696,
    195.13396346274));
#3367 = VECTOR('',#3368,1.);
#3368 = DIRECTION('',(-3.186063773269E-02,-5.036785662969E-02,
    0.998222409477));
#3369 = ORIENTED_EDGE('',*,*,#3370,.F.);
#3370 = EDGE_CURVE('',#3363,#3363,#3371,.T.);
#3371 = CIRCLE('',#3372,4.);
#3372 = AXIS2_PLACEMENT_3D('',#3373,#3374,#3375);
#3373 = CARTESIAN_POINT('',(52.846741503215,30.209835107325,202.));
#3374 = DIRECTION('',(-3.186063773269E-02,-5.036785662969E-02,
    0.998222409477));
#3375 = DIRECTION('',(0.998931059523,3.186063773269E-02,
    3.349086568628E-02));
#3376 = ORIENTED_EDGE('',*,*,#3362,.F.);
#3377 = CYLINDRICAL_SURFACE('',#3378,4.);
#3378 = AXIS2_PLACEMENT_3D('',#3379,#3380,#3381);
#3379 = CARTESIAN_POINT('',(53.070163119491,30.563037953765,195.));
#3380 = DIRECTION('',(-3.186063773269E-02,-5.036785662969E-02,
    0.998222409477));
#3381 = DIRECTION('',(0.998931059523,3.186063773269E-02,
    3.349086568628E-02));
#3382 = ADVANCED_FACE('',(#3383),#3402,.T.);
#3383 = FACE_BOUND('',#3384,.T.);
#3384 = EDGE_LOOP('',(#3385,#3386,#3394,#3401));
#3385 = ORIENTED_EDGE('',*,*,#3370,.T.);
#3386 = ORIENTED_EDGE('',*,*,#3387,.T.);
#3387 = EDGE_CURVE('',#3363,#3388,#3390,.T.);
#3388 = VERTEX_POINT('',#3389);
#3389 = CARTESIAN_POINT('',(54.956142432683,30.217786419061,
    203.27200536122));
#3390 = LINE('',#3391,#3392);
#3391 = CARTESIAN_POINT('',(56.842465741305,30.337277658256,
    202.13396346274));
#3392 = VECTOR('',#3393,1.);
#3393 = DIRECTION('',(-0.854982472162,-5.415981164092E-02,0.51582137131)
  );
#3394 = ORIENTED_EDGE('',*,*,#3395,.F.);
#3395 = EDGE_CURVE('',#3388,#3388,#3396,.T.);
#3396 = CIRCLE('',#3397,2.15);
#3397 = AXIS2_PLACEMENT_3D('',#3398,#3399,#3400);
#3398 = CARTESIAN_POINT('',(52.80844065471,30.149286047935,203.2));
#3399 = DIRECTION('',(-3.186063773269E-02,-5.036785662969E-02,
    0.998222409477));
#3400 = DIRECTION('',(0.998931059523,3.186063773268E-02,
    3.349086568628E-02));
#3401 = ORIENTED_EDGE('',*,*,#3387,.F.);
#3402 = CONICAL_SURFACE('',#3403,4.,0.994559091437);
#3403 = AXIS2_PLACEMENT_3D('',#3404,#3405,#3406);
#3404 = CARTESIAN_POINT('',(52.846741503215,30.209835107325,202.));
#3405 = DIRECTION('',(3.186063773269E-02,5.036785662969E-02,
    -0.998222409477));
#3406 = DIRECTION('',(0.998931059523,3.186063773269E-02,
    3.349086568628E-02));
#3407 = ADVANCED_FACE('',(#3408),#3427,.T.);
#3408 = FACE_BOUND('',#3409,.T.);
#3409 = EDGE_LOOP('',(#3410,#3411,#3419,#3426));
#3410 = ORIENTED_EDGE('',*,*,#3395,.T.);
#3411 = ORIENTED_EDGE('',*,*,#3412,.T.);
#3412 = EDGE_CURVE('',#3388,#3413,#3415,.T.);
#3413 = VERTEX_POINT('',#3414);
#3414 = CARTESIAN_POINT('',(54.75825471541,29.904949612213,
    209.47200536122));
#3415 = LINE('',#3416,#3417);
#3416 = CARTESIAN_POINT('',(54.956142432683,30.217786419061,
    203.27200536122));
#3417 = VECTOR('',#3418,1.);
#3418 = DIRECTION('',(-3.186063773269E-02,-5.036785662969E-02,
    0.998222409477));
#3419 = ORIENTED_EDGE('',*,*,#3420,.F.);
#3420 = EDGE_CURVE('',#3413,#3413,#3421,.T.);
#3421 = CIRCLE('',#3422,2.15);
#3422 = AXIS2_PLACEMENT_3D('',#3423,#3424,#3425);
#3423 = CARTESIAN_POINT('',(52.610552937436,29.836449241088,209.4));
#3424 = DIRECTION('',(-3.186063773269E-02,-5.036785662969E-02,
    0.998222409477));
#3425 = DIRECTION('',(0.998931059523,3.186063773268E-02,
    3.349086568628E-02));
#3426 = ORIENTED_EDGE('',*,*,#3412,.F.);
#3427 = CYLINDRICAL_SURFACE('',#3428,2.15);
#3428 = AXIS2_PLACEMENT_3D('',#3429,#3430,#3431);
#3429 = CARTESIAN_POINT('',(52.80844065471,30.149286047935,203.2));
#3430 = DIRECTION('',(-3.186063773269E-02,-5.036785662969E-02,
    0.998222409477));
#3431 = DIRECTION('',(0.998931059523,3.186063773268E-02,
    3.349086568628E-02));
#3432 = ADVANCED_FACE('',(#3433),#3452,.T.);
#3433 = FACE_BOUND('',#3434,.T.);
#3434 = EDGE_LOOP('',(#3435,#3436,#3444,#3451));
#3435 = ORIENTED_EDGE('',*,*,#3420,.T.);
#3436 = ORIENTED_EDGE('',*,*,#3437,.T.);
#3437 = EDGE_CURVE('',#3413,#3438,#3440,.T.);
#3438 = VERTEX_POINT('',#3439);
#3439 = CARTESIAN_POINT('',(53.977139047014,29.830596584422,
    210.44688721196));
#3440 = LINE('',#3441,#3442);
#3441 = CARTESIAN_POINT('',(54.75825471541,29.904949612213,
    209.47200536122));
#3442 = VECTOR('',#3443,1.);
#3443 = DIRECTION('',(-0.624180938037,-5.941468659541E-02,0.779017362841
    ));
#3444 = ORIENTED_EDGE('',*,*,#3445,.F.);
#3445 = EDGE_CURVE('',#3438,#3438,#3446,.T.);
#3446 = CIRCLE('',#3447,1.4);
#3447 = AXIS2_PLACEMENT_3D('',#3448,#3449,#3450);
#3448 = CARTESIAN_POINT('',(52.578635563683,29.785991691597,210.4));
#3449 = DIRECTION('',(-3.186063773269E-02,-5.036785662969E-02,
    0.998222409477));
#3450 = DIRECTION('',(0.998931059523,3.186063773268E-02,
    3.349086568628E-02));
#3451 = ORIENTED_EDGE('',*,*,#3437,.F.);
#3452 = CONICAL_SURFACE('',#3453,2.15,0.642647319182);
#3453 = AXIS2_PLACEMENT_3D('',#3454,#3455,#3456);
#3454 = CARTESIAN_POINT('',(52.610552937436,29.836449241088,209.4));
#3455 = DIRECTION('',(3.186063773269E-02,5.036785662969E-02,
    -0.998222409477));
#3456 = DIRECTION('',(0.998931059523,3.186063773268E-02,
    3.349086568628E-02));
#3457 = ADVANCED_FACE('',(#3458),#3461,.F.);
#3458 = FACE_BOUND('',#3459,.T.);
#3459 = EDGE_LOOP('',(#3460));
#3460 = ORIENTED_EDGE('',*,*,#3445,.T.);
#3461 = PLANE('',#3462);
#3462 = AXIS2_PLACEMENT_3D('',#3463,#3464,#3465);
#3463 = CARTESIAN_POINT('',(52.578635563683,29.785991691597,210.4));
#3464 = DIRECTION('',(3.186063773269E-02,5.036785662969E-02,
    -0.998222409477));
#3465 = DIRECTION('',(-0.998931059523,-3.186063773268E-02,
    -3.349086568628E-02));
#3466 = ( GEOMETRIC_REPRESENTATION_CONTEXT(3) 
GLOBAL_UNCERTAINTY_ASSIGNED_CONTEXT((#3470)) 
GLOBAL_UNIT_ASSIGNED_CONTEXT((#3467,#3468,#3469)) REPRESENTATION_CONTEXT
('Context #1','3D Context with UNIT and UNCERTAINTY') );
#3467 = ( LENGTH_UNIT() NAMED_UNIT(*) SI_UNIT(.MILLI.,.METRE.) );
#3468 = ( NAMED_UNIT(*) PLANE_ANGLE_UNIT() SI_UNIT($,.RADIAN.) );
#3469 = ( NAMED_UNIT(*) SI_UNIT($,.STERADIAN.) SOLID_ANGLE_UNIT() );
#3470 = UNCERTAINTY_MEASURE_WITH_UNIT(LENGTH_MEASURE(2.E-03),#3467,
  'distance_accuracy_value','confusion accuracy');
#3471 = PRODUCT_RELATED_PRODUCT_CATEGORY('part',$,(#7));
ENDSEC;
END-ISO-10303-21;
