DBRep_DrawableShape

CASCADE Topology V1, (c) Matra-Datavision
Locations 5
1
              1               0               0               0 
              0               1               0               0 
              0               0               1               0 
1
0.9980296413841 -0.0440806264200034 0.0446512406674666 125.456981226574 
0.0440806264200034 -0.0138335174621207 -0.998932195981812 41.3449115903322 
0.0446512406674666 0.998932195981812 -0.0118631588462211             112 
1
0.998931059522553 -0.0318606377326877 0.033490865686284 54.8256186759499 
0.0318606377326877 -0.0503678566296901 -0.998222409476865 33.3382031757972 
0.033490865686284 0.998222409476865 -0.0492989161522428             140 
2  1 -1 0
2  3 -1 0
Curve2ds 108
7 0 0  8 100 15  0.67290907410292378 0.73034752279488513  0.67148357667081959 0.68588587261263312  0.66991510516401342 0.64619822065985166  0.66821600412442372 0.61254385407370349  0.66640489052251484 0.58554354240390971  0.66450501229172743 0.5651282826441113  0.66254176171863466 0.55089147646914916  0.66054200505106164 0.54230248411831949  0.65721799617417087 0.53652687103619801  0.65589821481208788 0.53641465339783001  0.65457722696938558 0.5383259958499772  0.65326026624274602 0.54212566132730444  0.65195225573849158 0.54769655677470475  0.65065773792409387 0.5549437261862934  0.64938082359960847 0.56379478231931268  0.64724585770242082 0.5814809714355933  0.646376960648122 0.58952607183008687  0.64551973632339765 0.59831365671864367  0.64467530933516737 0.607830688556669  0.64384466140000962 0.61806951380275699  0.64302863134416088 0.62902786291869195  0.64222791510351662 0.64070885036944758  0.6400641194366119 0.67492853807716258  0.63873854375353167 0.69892480241221677  0.63746332902703706 0.72522035645630456  0.63623870420108941 0.75397953852607114  0.63506698711328724 0.78539211554646626  0.63395177718750662 0.81965955802064683  0.63289749051685373 0.8569959108501537  0.6308109726698008 0.94281543682891977  0.62941238331561489 1.0063093405017707  0.62782208425962882 1.1011479590137194  0.62646961919101762 1.2104187766870651  0.62564639474983563 1.3403076224956898  0.62535201027194842 1.4886884152155777  0.62571025823678261 1.6104850223743012  0.62881916383301617 1.6731094670862066  0.62951442738370433 1.6805232995949271  0.63030223254625861 1.6845363004737854  0.63117728003467821 1.6863710076646226  0.6321316000055015 1.6871991440705094  0.63315455205780624 1.6881416175557462  0.6342328252332099 1.6902685209458606  0.63644146506909316 1.6988267267012735  0.63757122837896685 1.7050175785347328  0.63872720941553762 1.7138837722938596  0.63989664933182377 1.7259461187898133  0.6410662264145861 1.7415794579033541  0.6422221162663927 1.7610597698225625  0.64335043471897568 1.7846130944939624  0.64606822711216716 1.8542132395628557  0.64760479061043852 1.9057916486251631  0.64900161682063084 1.966876159240408  0.65023834063115549 2.0398666159564169  0.65126442255659633 2.1288175523782358  0.65197190870843524 2.2356603439497045  0.65223569196501863 2.3568805356020994  0.65199994876782663 2.5272652227844707  0.65188790848557832 2.571312099893893  0.65172549427080195 2.6155309249818157  0.6515149391809768 2.6595579930804947  0.65125916336848899 2.7030884842320364  0.65096177408063105 2.7458764634883983  0.65062706565960227 2.7877348809113891  0.64946261703540409 2.9171744959740273  0.64853451218440228 2.9983375016981255  0.64750874480726739 3.0732414697842008  0.64637671402553332 3.1456471761555824  0.64509829586796219 3.2181564378291472  0.64361887372355175 3.2911243657987859  0.64189328164408976 3.3641867245929062  0.63824512421730129 3.5048544378411002  0.63641734474246681 3.5711388594288982  0.63468175496944512 3.6304410747285276  0.63331112771347409 3.6911987006469804  0.63240687269067142 3.76148571560203  0.63186167843969721 3.8402495406915502  0.63148049918174687 3.9174010459691706  0.63103197769186203 4.0502754643711745  0.63090757230394168 4.1171471944953115  0.63085119330560369 4.1841810053725181  0.6308357611402019 4.2519908601689984  0.63084259384395003 4.320996352043327  0.63086140704592253 4.3914227041464509  0.63089031396805406 4.4633007696216875  0.63101326208964914 4.6609576905577796  0.63111889763475792 4.7876809577449526  0.63124871127133741 4.9190871783978123  0.63136521695489156 5.0457367201952357  0.63147024578165589 5.1670315966070834  0.63158209378200014 5.2874052726373089  0.63169722759611135 5.4070757484584471  0.63192857862449525 5.6381912833740104  0.63204539133880822 5.7499230871080673  0.6321644717781767 5.8618650018484724  0.63229315836049482 5.9750432325294796  0.63243029014418084 6.0910404618065908  0.63257452864274444 6.2098418376999236  0.63273238316613578 6.3292340216047291  0.63289877674201955 6.4491972163967768 
 0 9 0.16810384106918008 7 0.27787645743910905 7 0.35474681648143408 7 0.48980470006974031 7 0.63989711016929074 7 0.67579833447756776 7 0.71084554185742965 7 0.76337512282528752 7 0.78135740396354136 7 0.82042365584662724 7 0.85346016229959276 7 0.88758929184564694 7 0.94565919608194005 7 1 9
7 0 0  8 100 15  5.1374624248918348 27.736884768656296  5.0893833500059236 27.922143969953517  5.0375298646857924 28.090107752281149  4.9825142281145913 28.238789766576687  4.9250151794788266 28.368752277590218  4.8656578815914893 28.48202684851087  4.8049930253084892 28.581561322579411  4.7435403872744093 28.670834249714442  4.6414052540288475 28.806854793854285  4.6008560415374813 28.857688561989541  4.5601818468061959 28.906585438842612  4.519447565299437 28.954473335336935  4.4787077644716877 29.002187542053814  4.4380073941038907 29.050422171445959  4.3973817737324037 29.099690530035456  4.3284768145672228 29.185730755858938  4.300145734851383 29.221819145326211  4.2718724070310738 29.258670251413648  4.2436625250096611 29.296337824387038  4.2155176875857681 29.334818702362437  4.1874353984532746 29.37405281130609  4.1594090662013192 29.413923165034493  4.0822664933483663 29.52511866842698  4.0333984239283138 29.597166861125004  3.9845669287235941 29.669702174534873  3.9355827876159628 29.741230541531802  3.8863059406623894 29.80938122643267  3.8366122164807557 29.870604421302293  3.7863452760583742 29.919647308773204  3.6784748059689303 29.981216082682668  3.6003726411803361 30.003030689794716  3.5025365257836238 29.965869115300265  3.3879170337946318 29.757687057664867  3.2656133515332906 29.252408650566334  3.135281592795276 28.424499942251234  2.976114568355908 27.374280741152749  2.7149282164493185 25.807305397841493  2.6639040952409347 25.50677587868606  2.612589522552474 25.207143380570759  2.5612925253013503 24.907428731928594  2.5103107065660373 24.606710805594954  2.4599312455860693 24.304126518807571  2.4104308977620374 23.998870833206571  2.314871356104756 23.38886540344091  2.2687269505404397 23.084433930972118  2.2238421217296032 22.776450777807451  2.1803916927229978 22.464595183835996  2.1385598314459564 22.148615768156883  2.0985539850424271 21.828312065632602  2.0605988829722461 21.503559020295128  1.9714201819589949 20.680984816642194  1.9230957047040802 20.178910518959629  1.880717498250458 19.665408112353749  1.8443802880853224 19.141666204528857  1.8153262914535557 18.610286720600541  1.7967034869158969 18.073290867832402  1.7922631745850066 17.532410596524311  1.805347855000867 16.808917644535335  1.8103566988071085 16.625067091534351  1.816993264016074 16.442137056243876  1.8251948824827469 16.260346742697084  1.8348804209028842 16.079872211683668  1.8459502808130173 15.900846380749861  1.8582863985904494 15.723359024198425  1.9010066076399503 15.165311616096398  1.9348210844147187 14.80356342075655  1.9722173012909234 14.446790116419134  2.0141170063600606 14.08880970018628  2.0622041583042856 13.736429226082787  2.1186370490416926 13.410267479539636  2.1866104610043413 13.142651337190344  2.3437814972767352 12.828769332276933  2.4267581100839117 12.746544975551744  2.5151333649867507 12.8018298882096  2.5983600872705104 12.820960686121619  2.6688685741967597 12.66406687098257  2.7250232437145221 12.347945344556855  2.7690756176753144 12.008436020813116  2.8321781882353445 11.38603610381759  2.8568052459777791 11.056345347535473  2.8759693332272582 10.71908796327234  2.891220453411437 10.378479110314181  2.9036840929377594 10.037087411061657  2.9140612211934593 9.6958349510301041  2.9226282905455614 9.3539972788495387  2.9404822008196625 8.4225448120204991  2.9474399381064385 7.8350292704825959  2.9492333170282872 7.2474069865123711  2.9536829569795167 6.6591117300956002  2.9609404337434633 6.0708203222818584  2.9673357207517368 5.4830174005607626  2.9731605238274841 4.894640610309736  2.9827400218888194 3.7549307360765791  2.9864478011873077 3.2036910905801248  2.9889969311266551 2.6519489876810574  2.9899178021180233 2.1006065195626888  2.9878413577709382 1.5497403982755853  2.9825008858537796 0.99913308567375148  2.9755922461248785 0.44917034640753623  2.9666837695034047 -0.1000004 
 0 9 0.16810384106918008 7 0.27787645743910905 7 0.35474681648143408 7 0.48980470006974031 7 0.63989711016929074 7 0.67579833447756776 7 0.71084554185742965 7 0.76337512282528752 7 0.78135740396354136 7 0.82042365584662724 7 0.85346016229959276 7 0.88758929184564694 7 0.94565919608194005 7 1 9
7 0 0  5 42 11  0.014482922904265116 0  0.014021777208533592 0.046880520200699945  0.013056077514212561 0.093845119133725369  0.011603313402141602 0.14075795485890102  0.009694423579703404 0.18751862582153456  0.0050652338501375738 0.28002035840894024  0.0023544019020205198 0.32577126965686753  -0.00073090393304831025 0.37121770337506788  -0.004151754698524357 0.41632484531017749  -0.011171549431615801 0.50078956774114258  -0.014706808061252019 0.54022165630497021  -0.018452012648674021 0.57937648966392075  -0.022383064316477075 0.61826502413432172  -0.029259447931826443 0.68315335811088951  -0.032116245250339404 0.70928414956031949  -0.035041978250682781 0.73530945817354298  -0.038030260160178742 0.76123772634141496  -0.043052717578372146 0.80386241651288493  -0.045054187160664227 0.82060923042285894  -0.047077873165660478 0.83732188924970874  -0.049122191214644673 0.85400318416076448  -0.052954111254924996 0.88492868519527812  -0.054736641114988771 0.89918043467088071  -0.056532241393776772 0.9134131124953484  -0.058339973844926618 0.92762858040282092  -0.061854822550097666 0.95506824053208561  -0.06356047169286505 0.9682944313118883  -0.065275130105169943 0.98150883275990763  -0.066998069945730876 0.99471297644739654  -0.071525185020975712 1.0292330202676108  -0.074341552622779972 1.0505348386501088  -0.077174668463358742 1.0718203357700991  -0.080021581507960349 1.0930958441295555  -0.088764476115218649 1.1581721104250999  -0.094695733506334534 1.2019600737206442  -0.10064806334024023 1.2457862177281305  -0.10659659000721433 1.2896979490546689  -0.11884227812512904 1.3807790557048765  -0.12513548724997481 1.4279659319922107  -0.13136769789747849 1.475343845374911  -0.13751042007110126 1.5229479265368551  -0.14353849609055658 1.5707963267948966 
 0 6 0.14056128332633477 4 0.27949011623673647 4 0.40273615932682694 4 0.48643098723348871 4 0.54079035692277067 4 0.58738013614546825 4 0.63081812614805421 4 0.70101665376399303 4 0.84557569015323963 4 1 6
7 0 0  10 38 5  0.63252944341480866 6.1677399651941158  0.63255597725641921 6.1891367220901365  0.63263688029014831 6.20633539017396  0.63277213354946904 6.2189588277824646  0.63295970932048462 6.2268882121840878  0.6331956702930478 6.230319878238987  0.63347531502385845 6.229654106616894  0.63379415259705907 6.2253635910691862  0.63414818210305712 6.2179180413073789  0.63453364530726386 6.2077701053367145  0.63515384777165507 6.1891197305620098  0.63536758296408524 6.1823314065315067  0.63558788778106068 6.1750238442314087  0.63581434890136768 6.1672467589351916  0.63604656587954167 6.159047207506589  0.63628414592817517 6.1504695088928898  0.63652669870259804 6.1415551646096143  0.63677383108262653 6.1323427792335163  0.63702514195728999 6.122867980888949  0.63740775453198761 6.1083110221636163  0.63753623267498394 6.1034012635984167  0.63766560010636752 6.0984381543067387  0.63779580428154015 6.0934256043313679  0.63792679143973297 6.0883673455027658  0.63805850660594832 6.0832669314247489  0.63819089358872394 6.0781277374929896  0.63832389498210329 6.0729529608763846  0.6384574521643277 6.0677456205317704  0.63872555843258672 6.057271493857816  0.63886009425487034 6.0520052280561112  0.63899517035131681 6.0467079082653221  0.63913018998650051 6.0414034856708918  0.63926661266219675 6.0360339556817255  0.63940144670958721 6.0307177601787272  0.63953844792472259 6.025305577986253  0.63967431131558028 6.0199275238326964  0.63981049259174338 6.0145251481426758  0.63994670193690761 6.0091086706816554 
 0 11 0.5 9 0.75 9 0.875 9 1 11
7 0 0  7 50 9  0.69165579366257313 7.3621952694095416  0.69152077110635157 7.2908584794270768  0.69138491135341928 7.2195140750787603  0.69124827519981247 7.148330095106096  0.69111095888036123 7.07742729291415  0.69097309406869001 7.0068791365715288  0.69083484787721716 6.9367118088103998  0.69043746104373993 6.7363100186341658  0.69017759236362342 6.6068642092094576  0.68991747616159649 6.4782269775535246  0.68965797271682827 6.3501471475707811  0.68940032715781552 6.2223795119604555  0.68914616523937788 6.0946836478725093  0.68864689467736084 5.8383329967625697  0.68840187380089102 5.7097612946652498  0.68816333121928375 5.5811893797610566  0.68793196961215408 5.452618608023136  0.68770804839378996 5.3240478234133422  0.6874914085914019 5.1954750095401421  0.68705060127006157 4.9253793285111271  0.68682784043117084 4.7842225593617727  0.68661302774944344 4.6425042696276932  0.68642254234860567 4.5012471594520793  0.68625805531446649 4.3596805442357374  0.68613204005323458 4.2183871661374059  0.68596427545137373 3.9360267635768187  0.68592258906146852 3.7925870493729543  0.68593052282679434 3.6525063895929102  0.68593851006158313 3.5115647888467714  0.6859596381484262 3.373178152827415  0.68597179510767337 3.2339050574973798  0.68596799364330996 3.0134444338092501  0.68596261299055061 2.9347474492865486  0.68595067386890995 2.8542964858338218  0.68592958111203706 2.7722568928359541  0.6858966496772998 2.689001363603905  0.68584910464578552 2.6051099353747111  0.68567335902598725 2.3787772088911119  0.68551492702610772 2.2402595523437103  0.68529929199317519 2.0975875226371525  0.68498209649851427 1.9529476289174621  0.6845918711135287 1.816141442135331  0.68404661217299301 1.6724257194101997  0.68269808580836744 1.4140868813458751  0.68196226068688126 1.2982412276516284  0.68098394404489793 1.1781277341666621  0.679870037539407 1.0639957329866634  0.67825867625400238 0.93964182262115203  0.67593610483317645 0.82476142939923192  0.67290907410292378 0.73034752279488513 
 0 8 0.074361783208856669 6 0.21347581201655669 6 0.35345183815002457 6 0.50753100381247829 6 0.66095058017518782 6 0.74327122680651747 6 0.88344721737022192 6 1 8
7 0 0  7 50 9  5.6490102511951443 -0.1000004  5.6449387394121535 0.1639778337599222  5.6408437480927685 0.42794844903729379  5.636735144433545 0.69193679683962828  5.6326217528506293 0.95596152837407922  5.628511354979751 1.2200345950474409  5.624410689676222 1.4841612484661479  5.6126829018810254 2.2425586362073302  5.6050897317040276 2.7369418465159923  5.5975776899830132 3.2314547520429082  5.5901875950220283 3.7260754406152699  5.5829768289993993 4.220786321159717  5.5760182043835966 4.7155736489007598  5.5627211336856606 5.7083632037525307  5.5563858295119672 6.206189343706785  5.5504318383885005 6.7043550423602154  5.5448832264400272 7.2031123574821345  5.5397411013237505 7.7025235817674957  5.5349864611148307 8.2024620386588705  5.5257408503653913 9.2531585401591592  5.5213025435418555 9.8021495184841712  5.5172993198566864 10.354001945443303  5.5145537760973387 10.913953903026885  5.5131662642922041 11.487123769516574  5.5137758755417883 12.079340699238013  5.5194945086585978 13.311050292624465  5.5247327633072087 13.962004784419259  5.5325042339360575 14.627375110809252  5.5403889207154187 15.291586282666044  5.5488984760072801 15.946850079551472  5.5569637388367354 16.592055141616445  5.5682879942940886 17.577479231361075  5.57206333526742 17.921433526020355  5.5755288115540074 18.265254403917162  5.5785479380289766 18.608975787492994  5.5809785123744362 18.95264246890892  5.5826726150794679 19.296310110045592  5.5848456548804535 20.225359069052576  5.5836281678185458 20.797038802238305  5.5796988239945087 21.388524978741088  5.5711196332872621 22.018730851135139  5.5594017878119608 22.690177706974449  5.5405782597322295 23.385815200351946  5.4913706880738617 24.648809767823785  5.4638336310390061 25.220209382511872  5.4262900132365424 25.782842185968477  5.384736582277406 26.357138646045172  5.3226701336118518 26.87561494510074  5.2395578996952823 27.343488552879901  5.1374624248918348 27.736884768656296 
 0 8 0.074361783208856669 6 0.21347581201655669 6 0.35345183815002457 6 0.50753100381247829 6 0.66095058017518782 6 0.74327122680651747 6 0.88344721737022192 6 1 8
7 0 0  7 50 9  0.63239712721760666 6.4657639734822094  0.63334976318990055 6.3869613131957408  0.6343300077632984 6.3122128975138088  0.63534121792265463 6.2421688370421453  0.6363850525604382 6.1773903853625054  0.63746147247673246 6.1183499390326626  0.63856874037923494 6.0654310375864098  0.64102212710471373 5.9648837532926837  0.64237940596753973 5.9195880154512874  0.64375663290343765 5.8836601095755494  0.6451368232989505 5.8572220834639568  0.64650463249546397 5.8398990731472935  0.6478463557892058 5.8308193028886475  0.64936532643986844 5.828249702342764  0.64957989853487241 5.8280753100565468  0.64979363368821763 5.8280863503778519  0.65000652404936654 5.8282783419114192  0.65021856494528529 5.8286468798136246  0.65042975488044263 5.8291876357924872  0.65201792519514323 5.8345388206835214  0.65335781280438687 5.8463839451987338  0.6546634914553997 5.864226607035862  0.65593932651301712 5.887158722053929  0.65719010173870374 5.9144997565476469  0.65842146842540039 5.945771643208225  0.66115056652701543 6.0239485916373159  0.66267387278131618 6.0737337948466852  0.66420696644672161 6.1294843010537559  0.66574765533526836 6.1903930376923446  0.66729476134293852 6.2556153503066536  0.66884693297802689 6.3241907362952787  0.67196201825699831 6.4663553970142642  0.67352406435916268 6.5399037600022085  0.67509069091818197 6.6150501778954958  0.67666136025264068 6.6909052332264549  0.678235638092756 6.766629005221815  0.67981366932594067 6.8414239584434524  0.68250708656412129 6.9656950066350705  0.6836320134480296 7.0165939347219632  0.68477286397071524 7.0668486062974063  0.68593024484220178 7.1162104011693232  0.68710369737503907 7.1644800319126531  0.68829169748430308 7.2115075438693532  0.69067065216479118 7.3020790322453868  0.69186215080748803 7.3455692576594336  0.6930650250671605 7.3877704021422019  0.69427798638520977 7.4284516142206192  0.69549965791499646 7.4673113367622728  0.69672864824387004 7.5042448635408254  0.69796362511519938 7.5396118958014302 
 0 8 0.11238006241443096 6 0.24298624358007459 6 0.26456717465337409 6 0.40593236482049061 6 0.58111027051243314 6 0.75628821876595953 6 0.87921782038029139 6 1 8
7 0 0  7 50 9  6.0499999999999972 0.99548237255281435  5.8666146826035783 1.0941299730514189  5.6783062849578796 1.1867544087058255  5.4845022520207918 1.2721869965664272  5.2849655009986423 1.3488318615696095  5.0797944213461976 1.4146659365377496  4.8694228747666619 1.4672389621792163  4.4049802050027065 1.546017067068068  4.1490651865116268 1.5666433102763686  3.8905377968235455 1.5618942269520659  3.6326428348966755 1.530565135730557  3.3782072415623401 1.4739046636438415  3.1296400995249729 1.3956147461205219  2.8491589320737569 1.2863573557321928  2.8095606782028892 1.2704107282157042  2.7701391960032913 1.2540274542290053  2.7308952274799134 1.2372239147898643  2.6918289323888849 1.2200161621411496  2.6529398882375079 1.2024199197508298  2.3606401608800809 1.0667430192975438  2.1148920266960047 0.93315200556874345  1.8760983304630656 0.78776836240991344  1.64328973942375 0.63392720171351868  1.4154566781075246 0.47410619296300816  1.1914582269880327 0.31007581424070096  0.69548135633037589 -0.064074499296218335  0.41896888130074217 -0.28024489553376242  0.14085556382282505 -0.50173320390839748  -0.13859108001312848 -0.72531339368667958  -0.41927102796740456 -0.94827402127481086  -0.70101481604159233 -1.1687276896818215  -1.2668859364137555 -1.6014668069752496  -1.5508554108307817 -1.8136376514612851  -1.8359433702982284 -2.0200427978219908  -2.1221119140164859 -2.219271554190525  -2.4093459902095242 -2.409836762210571  -2.6977486061766234 -2.590044449914783  -3.1909766888805842 -2.875803265717046  -3.3972644680122288 -2.9887334425449446  -3.6067997971519294 -3.0959421904637301  -3.8197224194204895 -3.1968537215010713  -4.0359612546843824 -3.2911306695164515  -4.2552343995557509 -3.378674090201168  -4.694989037292352 -3.5391587505854281  -4.9155811965475396 -3.6122150741714067  -5.1385809943994545 -3.6786616115335131  -5.3637670169824236 -3.7384198179192234  -5.5909136069496359 -3.7914642974303776  -5.8197634230991655 -3.8378236763273108  -6.0499999999999972 -3.8775814763329839 
 0 8 0.11238006241443096 6 0.24298624358007459 6 0.26456717465337409 6 0.40593236482049061 6 0.58111027051243314 6 0.75628821876595953 6 0.87921782038029139 6 1 8
7 0 0  5 42 11  2.6605498553057068 0  2.6606187720001664 0.0036948511366880336  2.66068651250092 0.0073905178253928488  2.6607530741164354 0.011086997797724244  2.6608184542089468 0.014784287075821917  2.6613676035879443 0.046418748351938072  2.661784986090316 0.07440097591090325  2.6621336862653848 0.10242725505323862  2.6624128841015384 0.13049506200329702  2.6628924146597726 0.19493035589780119  2.663045783247572 0.23132374032022632  2.6630810191732142 0.26777431052253081  2.6629979061364253 0.30427397108405241  2.6625972606105215 0.37719502111166198  2.662280741973321 0.41361626734909168  2.6618483090474445 0.45006812727759743  2.661301573207103 0.48654121575031678  2.6601101200110442 0.55255138775869062  2.6595039764746637 0.58208456996293434  2.6588259404905159 0.61162039811614988  2.6580776722230013 0.64115401500886704  2.6564520015049133 0.69994174216527671  2.6555758136088965 0.72919603311187298  2.6546345374059737 0.75843912714243922  2.6536303572744337 0.78766689234113252  2.651561867456282 0.84441570047457704  2.650504261875863 0.87193889986641915  2.649394920992048 0.89944204951699924  2.6482360101229911 0.92692240567210882  2.6450897696923636 0.99853717069894654  2.6430273925930372 1.0426319496717138  2.6408522359197182 1.0866513987079376  2.638574398030828 1.1305896108769131  2.6340109721216898 1.2150182560873106  2.6317386433555239 1.2555213700111285  2.629395359416602 1.2959475010844259  2.6269892585224461 1.3362951857830476  2.6221458196798615 1.4155549705683779  2.6197118855596422 1.4544720236955433  2.617233971340994 1.4933164178420451  2.6147192608409977 1.5320900698572326  2.6121747964367916 1.5707963267948966 
 0 6 0.011846019632094529 4 0.10133397397297006 4 0.21700375066853117 4 0.33217314276761023 4 0.42537475827801013 4 0.5177374935656085 4 0.60482400346677889 4 0.7448959687963983 4 0.87450689014369598 4 1 6
7 0 0  10 38 5  0.69098324808098632 7.0124755034629231  0.69103209123928666 7.0374397558456501  0.69103695356734651 7.0609606295310652  0.69099677068357879 7.0827936677402414  0.69091108396997902 7.1026959916248718  0.69078019470031626 7.1204344501262868  0.69060522935337565 7.1357956887095675  0.69038812598200783 7.14859629966233  0.69013155149172856 7.1586912164529837  0.68983875970002162 7.1659785148535589  0.68935072019915067 7.1726089175900976  0.68917989879476105 7.1741023439282694  0.68900139364002244 7.1748715897129527  0.68881568787614555 7.1749120059031943  0.68862328544717888 7.1742217064249241  0.68842470657554711 7.1728015074507754  0.68822048324729779 7.1706548668008159  0.68801115468574781 7.1677878232006602  0.68779726283631371 7.1642089356747327  0.68747039034585222 7.1577893664185304  0.68736042689719945 7.1554742879183006  0.68724952542966267 7.1529853706780671  0.68713775355906126 7.1503241341194119  0.68702517858168366 7.1474922337355977  0.6869118674780208 7.1444914611052193  0.68679788690818111 7.1413237438740724  0.68668330321640891 7.1379911457744534  0.68656818242751638 7.1344958666091065  0.68633699807068116 7.1271846179134153  0.68622093700874676 7.1233687553133427  0.68610444448155927 7.1193937461291315  0.68598771230279021 7.115267535104306  0.68587044280055509 7.110977323123441  0.68575339387187917 7.1065546806682134  0.68563572101776926 7.1019652328567284  0.68551825407730727 7.0972427834828586  0.68540069202370568 7.0923760871785158  0.6852831468243914 7.0873700231189778 
 0 11 0.5 9 0.75 9 0.875 9 1 11
7 0 0  8 58 9  0.25026575276301261 69.75346606426622  0.25152174246497133 69.827666887797733  0.25287310617174258 69.898323286476113  0.25431942458266998 69.963915521738471  0.25584434038628762 70.024573167364082  0.25746393896254516 70.074795549723078  0.25914764562460613 70.118912386608812  0.26088253043816423 70.15386425475856  0.26372949807106771 70.197183181405208  0.26482903363229926 70.210592320041698  0.26593713273128738 70.220904787423493  0.2670511711206433 70.228195215479488  0.26816890392883852 70.232551724083876  0.26928855123850726 70.234066687610806  0.2704088400238524 70.232828932197123  0.27293846933439608 70.223995554034104  0.27434749956220539 70.214841216936179  0.27575370769107033 70.201617555682333  0.27715496870801948 70.184480069088806  0.27854947552291109 70.163584202415024  0.27993581755167279 70.13909044472868  0.28131308038649028 70.111166872744931  0.28352580365327457 70.06073307655673  0.28437314653271312 70.040090370641749  0.28522260655139359 70.018090185186921  0.28607383631666056 69.994756935005299  0.28692652968307203 69.970110287931192  0.28778042175239943 69.944165164820163  0.28863528887362733 69.916931739549  0.29034701967605553 69.8598854324256  0.29120207442938362 69.830137514135103  0.29205705054466458 69.799146937604505  0.2929128334130609 69.766890181159155  0.29377025617517122 69.733344947989451  0.29463009972103082 69.698490166150791  0.29549309269011131 69.662305988563631  0.29722112398819195 69.587484341868475  0.29808324756620952 69.548998756465309  0.29894621524092152 69.509341878775416  0.29981002799804135 69.46856037311403  0.30067475477344707 69.42672272614027  0.30154053245318208 69.38391924685709  0.30240756587345446 69.340262066611359  0.30454536464813187 69.231036764283985  0.30581561404464186 69.164697599021864  0.30708215729146948 69.097952602893344  0.30833970910443331 69.031391137365276  0.30958771255060241 68.965806474151407  0.31083137354627938 68.902352369090636  0.31207843493623505 68.842156701538286  0.31468015298200708 68.724315355395106  0.31603764250251726 68.667074721536764  0.31740687919963695 68.614029011337593  0.31878883089839699 68.565428832675636  0.32018255072199747 68.521454342910644  0.32158517197490394 68.482217208161316  0.32299197668647717 68.447744466914983  0.32439645454962318 68.417961918270763 
 0 9 0.18916448934117955 7 0.30618816303761898 7 0.45343555293908433 7 0.54437883533052112 7 0.63536582864426439 7 0.72576435162626773 7 0.8578644682523674 7 1 9
7 0 0  8 58 9  6.9000000000000004 6.2155969370665103  6.6726661952281816 5.9645651862002316  6.4269905547611152 5.7266595057675307  6.1629033657969234 5.506306689637988  5.8833941305597062 5.3059160295946537  5.585267031480539 5.1307544155690836  5.2743492182240779 4.9781892783802704  4.9531331891506944 4.8462657167419909  4.4250198567152337 4.6594201299397007  4.2208231086790935 4.5941950657507746  4.014847185071706 4.534094097509338  3.8076235168472157 4.4779582076767968  3.5996121027992656 4.4246350321689834  3.3911831663948346 4.3730468677584602  3.1826081882133974 4.3222233589398833  2.7116507589076764 4.207222095113317  2.4493281417340005 4.1429968874307033  2.1875966177226744 4.0769407994266347  1.9269004355931836 4.0077002109150426  1.6676117370717516 3.9342923307194297  1.4100138012286951 3.8561650158033429  1.1542797336136092 3.7732744021196121  0.74367357793772448 3.6323891102781301  0.58649794375436493 3.5765778593435504  0.42898736584572195 3.5189040731716452  0.27119930215372506 3.4595988476123662  0.11318100035479994 3.3989668955685728  -0.045030502140131885 3.337386546996048  -0.20340837818565305 3.2753097489034855  -0.52053983824001904 3.1511845592417953  -0.67895778256098671 3.0892524103229273  -0.83738068275864375 3.0279083385589214  -0.99599140014850707 2.967649643865609  -1.1549648184677188 2.9090282061116182  -1.314467843875047 2.85265048511837  -1.4746594049508854 2.7991775206600829  -1.7956800109884072 2.6997947724305287  -1.9559639335808621 2.6539439941027143  -2.1165554845529511 2.6125431280107168  -2.2774769809389932 2.5762523051196009  -2.438759792729289 2.5456212568291026  -2.6004443428701256 2.5210893149736311  -2.7625801072637732 2.502985411822269  -3.1629008532716374 2.4747853855123934  -3.4012470732681073 2.4723871264721273  -3.6393591953768367 2.483755469312011  -3.8762432776977249 2.5088340209982496  -4.1117192354943999 2.5453694115319072  -4.3465981031651486 2.5884068016616797  -4.582133838501993 2.6319993158867554  -5.0733407913392412 2.7173882182546061  -5.3295385404594384 2.7590295390132882  -5.5877250117504644 2.7942213618092504  -5.8479807689081689 2.8199482491150216  -6.1100631885420142 2.8342746092304498  -6.3734041224039162 2.8363036149402272  -6.6371165632363702 2.8259922813091385  -6.8999999999999995 2.8039812252333784 
 0 9 0.18916448934117955 7 0.30618816303761898 7 0.45343555293908433 7 0.54437883533052112 7 0.63536582864426439 7 0.72576435162626773 7 0.8578644682523674 7 1 9
7 0 0  11 42 5  -0.5266953400854737 -0.072075115010260121  -0.5171512888393619 -0.073571859245168444  -0.50746357634179495 -0.075062884013876605  -0.49786468811497248 -0.076511500514537534  -0.48826306461054536 -0.077933082461336234  -0.4785801040009634 -0.079339602641346027  -0.46882115990760831 -0.080729425935844687  -0.45902880591200829 -0.082095855429544826  -0.44922151006548999 -0.083436675007139541  -0.4393757341787568 -0.084755678643955501  -0.42946434401605582 -0.086055923369993473  -0.40957383212883969 -0.088610456013096153  -0.39958581909833074 -0.089865929933255248  -0.38955513112642354 -0.091099550846198765  -0.37948185035421583 -0.092311258145267985  -0.36936605893133234 -0.093500991225399677  -0.35920783899472042 -0.094668689479205911  -0.34900727269629317 -0.095814292301977966  -0.33876444217372109 -0.096937739086520772  -0.32847942957564102 -0.098038969227511305  -0.31815231704391655 -0.099117922118484164  -0.28704492608318899 -0.10228776722362837  -0.26613776380381676 -0.10431171605233745  -0.24506159412567824 -0.106246072925185  -0.22381631128534415 -0.10809052712620917  -0.20240180952601036 -0.10984476794231617  -0.18081798308119149 -0.11150848465613185  -0.15906472619572315 -0.1130813665553758  -0.13714193310375053 -0.11456310292286817  -0.11504949804755814 -0.1159533830452478  -0.092787315264511311 -0.11725189620676398  -0.025491206453685234 -0.12087120266497238  0.020026226722877211 -0.12291659274854409  0.066425886457672126 -0.12458705870477461  0.1127713722440338 -0.1259042451354451  0.16162382740578593 -0.12680517744446576  0.20829799612563635 -0.12740182112846346  0.25920400813406919 -0.12753299605662077  0.3077864219804396 -0.12735134715489965  0.35880416657997888 -0.12674664707337208  0.40982173587112869 -0.12577527021916085  0.46184682386092002 -0.12440808357841908 
 0 12 0.00051465692754735549 10 0.001029313855094711 10 0.002058627710189422 10 0.0041172554203788439 12
7 0 0  9 34 5  0.26389188766897798 70.197769576679036  0.26377899407732336 70.197787883058297  0.26366610048623779 70.197806189439746  0.26355320689538853 70.197824495814771  0.26344031330449885 70.19784280219973  0.26332741971320967 70.197861108576049  0.26321452612123769 70.197879414955594  0.26310163252826163 70.197897721337071  0.26298873893396002 70.197916027716161  0.26276295174209419 70.197952640476771  0.26265005789309065 70.197970946899943  0.26253716603273314 70.197989252992699  0.26242426865911544 70.198007559997237  0.26231137818175543 70.198025865857389  0.26219848333925799 70.198044172452128  0.26208558992761172 70.198062478795421  0.26197269633731235 70.198080785177524  0.26174690915199317 70.198117397936159  0.26163401555696936 70.198135704317849  0.26152112177600784 70.198154010724636  0.26140822948500442 70.198172316899687  0.2612953326465195 70.198190623797572  0.26118244299231097 70.198208929546155  0.26106954759893097 70.198227236213597  0.26095665427523801 70.198245542551021  0.26073086710081994 70.198282155309485  0.26061797351188071 70.19830046168471  0.26050507992167032 70.198318768073619  0.26039218633024314 70.198337074440332  0.26027929273831091 70.198355380830719  0.26016639914579492 70.19837368720529  0.26005350555334095 70.198391993586057  0.25994061196108437 70.198410299965985  0.2598277183694338 70.198428606345502 
 0 10 0.001029313855094711 8 0.002058627710189422 8 0.0030879415652841332 8 0.0041172554203788439 10
7 0 0  11 42 5  -0.51231108207256093 -0.079656630587152374  -0.46678577485539979 -0.078093602778363996  -0.42150423628359668 -0.076872275775801691  -0.37736344094931068 -0.075948557675396336  -0.33090020653213542 -0.075519482579499628  -0.29192958427293259 -0.075064968218688605  -0.24114273861170435 -0.075506948862020987  -0.20546898126763175 -0.075642191476995899  -0.15763308174273727 -0.076630804340995617  -0.11768879792305943 -0.077646993266081127  -0.075421252684203133 -0.079091546170503249  -0.012898480658403044 -0.081741585139195466  0.007692773455205618 -0.08270193881699113  0.028026506407264624 -0.08373256496278926  0.048225281816222917 -0.084839165883874634  0.068424152292407572 -0.086030649001285528  0.088695576065627363 -0.087312953046585109  0.10901717613823078 -0.088685932542289111  0.1292823419572762 -0.090143300557304587  0.14935367361264865 -0.091675629746875778  0.16915926855523722 -0.09327641166846741  0.19866814198107069 -0.095788555735598746  0.20846326565701842 -0.09664382267204541  0.21822251475750487 -0.097517507708751866  0.22795118217417026 -0.098410143365650501  0.23765456079638356 -0.099322262161827241  0.24733794351703142 -0.10025439661767922  0.2570066232247441 -0.1012070792520201  0.26666589281222997 -0.10218084258517575  0.27632104516910155 -0.10317621913633003  0.28597737318680538 -0.10419374142533812  0.30530296632515797 -0.1062741425181882  0.31509784520366718 -0.10735320019307214  0.32421626009194432 -0.10837080945927721  0.33458813280825001 -0.10956594771277497  0.34421936702652639 -0.11069378853383217  0.35299963927350436 -0.11173868552778793  0.36277131780110355 -0.11292722463569253  0.37325323893579898 -0.1142285131416875  0.38211051044909339 -0.11535486618590256  0.39105351220484408 -0.11650486634568404  0.40033582599797984 -0.1177224088324936 
 0 12 0.028839298819490052 10 0.043258948229235081 10 0.050468772934107592 10 0.057678597638980103 12
7 0 0  4 5 2  0.31829319020080549 68.587192263734565  0.31945024496579699 68.572819111214258  0.3206072804929806 68.558446197669809  0.32176435449578084 68.544072806173702  0.32292140926077284 68.529699653653509 
 0 5 0.057678597638980103 5
1 0 0 0 1 
7 0 0  11 462 47  0.25982771836943386 70.19842860634553  0.25997678585387157 70.221051336463319  0.26013441073514848 70.24386394531669  0.26030142725433675 70.266885212003871  0.26047856339153153 70.290104451645234  0.26066691886057042 70.313552233373258  0.2608673185303203 70.337199150013234  0.2610809993914725 70.361062172222987  0.26130907490404348 70.385116877285284  0.26155289897282813 70.409352693053648  0.26181395773134208 70.433746500903936  0.26223402206803137 70.470535231863352  0.26237878944583359 70.482831133937395  0.26252852141741734 70.49515675200557  0.26268345214024896 70.507508484928323  0.26284383388212162 70.519882428816132  0.26300993994667932 70.532274383129035  0.26318206794843707 70.544679849980326  0.263360543385603 70.557094013679333  0.26354572356794359 70.569511714751357  0.26373800184725044 70.58192740546238  0.26396278848302701 70.595886058053125  0.26398788246299604 70.597436894334649  0.26401309497372283 70.598987593666564  0.26403842686990375 70.60053814405596  0.26406387901938194 70.602088533714536  0.26408945229953884 70.603638750498249  0.26411514760219928 70.605188782555743  0.26414096582824026 70.60673861776327  0.26416690789241459 70.608288244083255  0.2641929747198532 70.609837649415667  0.26424535977631458 70.612935993825033  0.26427167851939404 70.614484961066012  0.26429812218625065 70.616033587747026  0.26432469398794745 70.617581988977349  0.2643513967766225 70.619130256424569  0.26437823153840817 70.620678374892748  0.26440519799951173 70.622226256756008  0.26443229610278596 70.623773827408513  0.26445952711258552 70.625321086683741  0.26448689310679757 70.62686808040398  0.26456939462509671 70.631507962356935  0.26462493504335233 70.634599831076684  0.26468102109014646 70.637690079348758  0.26473765893301004 70.640778462977281  0.26479485468486619 70.643864728104418  0.26485261440308766 70.646948611088533  0.26491094409128391 70.650029838814021  0.26496984969677312 70.653108128201083  0.2650293371133326 70.656183186770846  0.26508941217887577 70.659254712150997  0.26527141767314194 70.668457752912005  0.26539512854358854 70.67457774460712  0.26552125951637923 70.680679891249326  0.26564985624286191 70.68676159383061  0.26578096367093357 70.692820139531264  0.26591462591260057 70.698852709654602  0.26605088611942179 70.704856388968508  0.26618978634916596 70.710828173463852  0.26633136744043079 70.716764979582905  0.26647566888139179 70.722663652317976  0.26721096788470128 70.751950260843486  0.26784333994696002 70.774717933035973  0.26852227239358917 70.796617987553745  0.26924977977121289 70.817428103488822  0.27002724143712248 70.836916849302384  0.27085505076997574 70.854850644365101  0.27173223723549006 70.87100493251711  0.27265618750479087 70.885180170434737  0.27362261660230874 70.897219369978572  0.27462596482409141 70.907020080856569  0.27591903497541848 70.916407274853171  0.27617959123211167 70.918141447987679  0.2764420090552418 70.919731970789172  0.2767061838140501 70.921177466848548  0.27697201229899626 70.922477882962525  0.27723945090423013 70.923633593435596  0.27750849244569853 70.924644649455317  0.27777910641154507 70.925510911123951  0.27805123016217043 70.926232428291087  0.27832482508582784 70.926809348213567  0.27887481886133691 70.927674223945317  0.27915121893808448 70.927962192784037  0.27942895977517557 70.928105841347019  0.27970797110127454 70.92810541481083  0.27998818029166295 70.92796125503564  0.28026951635218872 70.927673797557759  0.28055191239139893 70.927243567535342  0.28083530658861766 70.926671171372107  0.28111964165036718 70.925957287920369  0.28140486276127763 70.925102655491955  0.28226301655351033 70.922118861873955  0.28283843957873128 70.919569809649644  0.28341675478109807 70.916467261870537  0.28399753526321286 70.912818401311569  0.28458035937771309 70.908631289998937  0.28516483377190815 70.90391484455283  0.28575060211188386 70.898678765565464  0.28633732901509817 70.892933466002532  0.28692467172129094 70.886690009056565  0.28751227510481725 70.879960079273914  0.28839363540464907 70.869153929921978  0.28868741412989268 70.865433334942182  0.28898114641776018 70.861595731999444  0.28927479640962744 70.857642691345276  0.28956832891999873 70.853575809824108  0.28986170845905895 70.849396707751566  0.29015489913379433 70.845107022742226  0.29044786543751389 70.840708408707798  0.29074057391803226 70.836202531264831  0.29103299573264269 70.831591067271475  0.29147116725987648 70.824518020691102  0.29161714963362506 70.822134359064052  0.29176303335468479 70.819724962568586  0.2919088986213707 70.81728986220736  0.29205454432246108 70.814829796363654  0.29220024638676412 70.812343943540753  0.29234574667037183 70.809833737138078  0.29249120162064668 70.807298424722163  0.29263653855411415 70.804738731488598  0.29278177522938376 70.802154667721098  0.29307203514278496 70.796938286667597  0.2932170586765922 70.794305964188226  0.29336197311607193 70.791649709830466  0.29350677590970625 70.788969720715045  0.29365146462673541 70.786266190901742  0.29379603695575729 70.783539311578423  0.29394049070654704 70.7807892708108  0.29408482380818313 70.778016253801283  0.29422903431058217 70.775220442674367  0.29437312038349711 70.772402016620447  0.29509292005121918 70.758197692616406  0.29566674083737854 70.746475211977653  0.29623843177309578 70.734404949335556  0.29680790499694493 70.721997343402379  0.29737509142300056 70.709261939339441  0.29793993698799676 70.696207293075858  0.29850239942908052 70.682840874748393  0.29906244556941486 70.669168968845511  0.29962004913548917 70.65519657351274  0.30017518908535296 70.640927296927828  0.30100417815145503 70.619081229896764  0.30127988769982239 70.611725514959787  0.30155497489511202 70.604296372041233  0.30182943777533283 70.596793971976894  0.3021032745326383 70.589218389166362  0.30237648341859702 70.581569598637174  0.30264906264718311 70.573847473530407  0.30292101029992946 70.56605178208234  0.30319232422940062 70.558182185073633  0.30346300196379744 70.550238232948942  0.30386805993439409 70.538209928182056  0.30400291945813718 70.534181763615265  0.30413761884514895 70.530134799426577  0.30427215771285909 70.526068958394589  0.30440653563227243 70.521984155831078  0.30454075212915488 70.517880299957909  0.30467480668268676 70.513757291407714  0.30480869872666871 70.50961502375668  0.30494242764863472 70.505453383058551  0.30507599279042791 70.50127224818219  0.30527609377653669 70.494971111821755  0.30534275300745906 70.492865830137106  0.30540937103044496 70.490755627498018  0.30547594773651066 70.488640485986011  0.30554248301419612 70.486520387384417  0.30560897675599902 70.484395313958288  0.30567542884946997 70.482265247377271  0.30574183918706083 70.480130169877469  0.30580820765736472 70.477990063283102  0.30587453415136479 70.475844909640387  0.30600710296647399 70.471544472189692  0.3060733460231837 70.469389214805176  0.30613954684451633 70.467228876955147  0.30620570483252091 70.465063425986301  0.30627181961262095 70.462892837533786  0.3063378909681474 70.460717092480778  0.30640391877793116 70.458536177017677  0.3064699029506896 70.456350079145224  0.30653584336207501 70.454158788508266  0.3066017397899537 70.451962293672906  0.30693100009336244 70.440953730315684  0.3071936981461057 70.432063368087697  0.30745566327817131 70.423088596804604  0.30771684282231959 70.414027998598712  0.30797719289110193 70.404881146222692  0.3082366646637294 70.39564828961241  0.30849518346067989 70.386329796282453  0.30875264479505982 70.376926141146228  0.30900893069170082 70.367438472966825  0.3092639285258148 70.357869000818638  0.3097710989193721 70.338570347602371  0.31002327326477364 70.328841223975743  0.31027390947356848 70.319034170506612  0.31052289708426223 70.309151720705259  0.31077011154684225 70.299195378055359  0.31101544875436971 70.289165465014435  0.31125887357681253 70.279060819247476  0.31150045494916107 70.268877290859251  0.31174038413729105 70.258604647880929  0.31197899680164548 70.24822215004356  0.31227630521826732 70.235061591855029  0.31233571909124525 70.232420361460015  0.31239509388064468 70.229769450085797  0.31245443917398169 70.227108238615983  0.31251376555882221 70.224436047110416  0.3125730847624496 70.221752130741308  0.31263240979118123 70.219055675991967  0.3126917550699071 70.216345796458086  0.3127511365815076 70.21362152911513  0.31281057200645196 70.210881830168162  0.3128849580759217 70.207436506425793  0.31289983983682107 70.20674640885882  0.31291472647671215 70.206055259225352  0.31292961832921506 70.205363038631774  0.31294451572454524 70.204669727424303  0.31295941899828417 70.203975307185544  0.3129743284793523 70.203279757909812  0.31298924450328586 70.202583061226463  0.31300416740034415 70.201885197415606  0.31301909750414353 70.201186147638353  0.31304150396788111 70.200135765104463  0.31304897455816127 70.199785342024612  0.31305644719733799 70.199434609012599  0.31306392196327121 70.199083561858188  0.3130713988080413 70.198732202506747  0.31307887764255721 70.198380535225297  0.31308635840801313 70.198028562380046  0.31309384116386157 70.197676280832411  0.31310132615909225 70.197323677633022  0.31310881391708328 70.19697072629738  0.31312379670621882 70.196264039179468  0.31313129139101081 70.19591032052692  0.31313878938316908 70.195556225274146  0.31314629069951716 70.195201751523499  0.31315379535764598 70.194846898193234  0.31316130337385417 70.194491662911986  0.31316881476606823 70.194136044903559  0.31317632955063923 70.19378004182677  0.31318384774510516 70.19342365256081  0.3131913693663031 70.193066875236241  0.31322899469176085 70.191281040721123  0.31325915002710142 70.189846140402238  0.31328936142885577 70.188404907450717  0.31331962980306183 70.186957244328667  0.3133499559744885 70.18550305683425  0.31338034068008336 70.184042252593358  0.31341078457713339 70.182574742999378  0.31344128823515122 70.181100441170273  0.31347185214235723 70.179619263720284  0.31350247670152126 70.178131129500073  0.31365590435434137 70.170655283582747  0.31377962215028543 70.164562042928381  0.31390433668189088 70.15835121080849  0.31403004913870081 70.152018405852246  0.31415674268525834 70.145559836626404  0.31428438429721495 70.138972243580952  0.31441292661420533 70.132252843759474  0.31454230977228975 70.125399272027778  0.31467246325706733 70.11840952594072  0.31480330773941839 70.11128190746382  0.31500048151521243 70.100381496653725  0.31506635727944909 70.09671319601334  0.31513237343120731 70.093009883731966  0.31519851874650434 70.089271393973434  0.31526478162367566 70.085497575162634  0.31533115013569257 70.081688287127832  0.31539761209589934 70.077843400720965  0.31546415510775966 70.073962794447851  0.31553076663037183 70.07004635409956  0.31559743403104201 70.06609396986309  0.3156974999545189 70.060111317869129  0.31573086704242531 70.058108088866035  0.31576423678714882 70.056095824964842  0.3157976337221956 70.054074558554063  0.31583100556430371 70.05204416003383  0.31586440301541846 70.050004783075551  0.31589781714645881 70.047956335233749  0.31593119329242247 70.04589864873796  0.31596459508192182 70.043832017775841  0.31599798702810639 70.041756260020506  0.31606476669714706 70.037586592686353  0.31609815334971553 70.03549267605392  0.31613153481920453 70.033389669738526  0.3161649090223585 70.031277565237829  0.31619827384207172 70.029156352586583  0.31623162717521724 70.027026022217257  0.31626496698062567 70.024886564392745  0.31629829132749215 70.022737971735538  0.31633159844271086 70.020580238523038  0.3163648867596488 70.018413362748646  0.31653122778930448 70.007533280348113  0.31666397850709727 69.998682967971448  0.3167963091001551 69.989686396412054  0.3169281668742896 69.980544490851059  0.31705947389102601 69.971258844492695  0.31719012515974176 69.961831197155746  0.31732001082228256 69.952263133477246  0.31744903392148338 69.942556186291839  0.31757711152044032 69.932712215360851  0.31770416332084417 69.922733647945364  0.31789308051651882 69.907567459995249  0.31795577632874295 69.902479008199592  0.318018185413529 69.897357815160532  0.31808029780875785 69.892204196326517  0.31814210377833041 69.88701847279917  0.318203593852248 69.881800974499427  0.31826475887656858 69.876552045511517  0.31832559005206423 69.871272047052386  0.31838607898347809 69.865961362567333  0.31844621772059301 69.860620401248084  0.31856577988838186 69.849878803788656  0.31862520355362361 69.844478200994487  0.3186842602129159 69.839048067876021  0.31874294260972685 69.833588938586672  0.31880124391358022 69.82810133831353  0.3188591570231249 69.822585703583485  0.31891667466426105 69.817042420551843  0.31897378983975416 69.81147191123074  0.31903049622126012 69.805874695111456  0.31908678804247526 69.800251356585662  0.31925440114718739 69.783304324333855  0.31936446039185884 69.771903695131542  0.31947278971317217 69.760404667585902  0.31957934632618645 69.748811729566739  0.31968409164257239 69.737129634260029  0.31978699114457898 69.725363384159763  0.31988801427234126 69.713518219283685  0.31998713429555858 69.701599600210145  0.3200843282004302 69.689613196353278  0.32017957656416479 69.677564869871503  0.3204594371851488 69.641252247866689  0.32063816491694785 69.616820322764724  0.32080891904086378 69.59221323760238  0.32097162771628207 69.567482232401929  0.32112627086586359 69.54268103265305  0.32127287588047121 69.517865508593502  0.321411513016223 69.493093396418843  0.32154229048480459 69.468424083469571  0.32166534923672147 69.443918455216462  0.32178085743671642 69.41963880590103  0.32191604143200803 69.38965131302831  0.32194261814238573 69.383671918248282  0.32196873775652174 69.37771162281804  0.32199440332922485 69.371771427319999  0.32201961798083972 69.365852338457913  0.32204438489251158 69.359955367267659  0.32206870731157533 69.354081531405583  0.32209258854682199 69.348231852804062  0.32211603197166699 69.342407359609226  0.32213904102262675 69.336609084897376  0.32216726374400811 69.329395312949671  0.32217288137817646 69.327954256046795  0.32217847191442645 69.326514975412792  0.32218403617943892 69.325077296061764  0.32218957351556515 69.323641404463871  0.32219508331461744 69.32220748166138  0.3222005663953878 69.320775362325804  0.32220602440225327 69.319344678665502  0.3222114576670575 69.317915371532592  0.32221686435218755 69.316487904521523  0.32222762758038964 69.313635981138248  0.32223298383768884 69.312211594119006  0.32223831488522076 69.310788769630221  0.32224362087025948 69.309367495389651  0.32224890193968342 69.307947759432835  0.32225415824093795 69.306529549265832  0.32225938992076458 69.305112853081155  0.32226459712664179 69.303697658364356  0.32226978000542106 69.302283953181586  0.3222749387043683 69.300871725222322  0.32229034270292123 69.296639436646544  0.32230051586677172 69.293823774236174  0.32231059398436868 69.291013882073642  0.32232057815336412 69.288209668806545  0.32233046944869731 69.285411045369784  0.3223402689193991 69.282617924068632  0.32234997759292272 69.279830219749499  0.32235959647031659 69.277047848575975  0.3223691265306608 69.274270729077429  0.32237856872774789 69.271498781420831  0.32242534504919762 69.25766451336095  0.32246137521649532 69.2466786001918  0.32249607419386039 69.235769198002544  0.32252949597058594 69.22493177669007  0.32256168930139584 69.214162233744261  0.32259269819377384 69.203456863401755  0.32262256237877851 69.192812323205501  0.32265131780131084 69.182225603657599  0.32267899709177339 69.171693994859481  0.32270563005221087 69.161215055555687  0.32274405117391763 69.145572343143925  0.3227566035577808 69.140370717645382  0.3227689046319383 69.135181434135134  0.32278095764904258 69.13000423404138  0.32279276576724064 69.124838870025002  0.32280433205082171 69.119685106299102  0.32281565946877705 69.114542718169844  0.32282675089696911 69.109411492569222  0.32283760911575554 69.104291227560012  0.32284823681190605 69.099181732694873  0.32286383646031119 69.09153337689078  0.32286898085446825 69.08898653627277  0.32287405682263082 69.086442600429706  0.32287912114670142 69.083900203203441  0.32288402619573214 69.081362834094591  0.32288903159447102 69.078824339654432  0.32289383043429726 69.076291927436401  0.32289866063446104 69.073760024757561  0.32290340692325031 69.071231292992294  0.32290810604874703 69.068704873903926  0.3229173957720633 69.063656960740957  0.32292198703631392 69.061135451198254  0.32292652444123326 69.058616383385541  0.32293100783811679 69.056099749470349  0.32293543719488405 69.053585539601315  0.32293981259048515 69.051073741149949  0.32294413422236434 69.048564339626211  0.32294840239828271 69.046057317777837  0.32295261754367816 69.043552656317658  0.32295678019628116 69.041050333440239  0.32297733426104019 69.02855029166038  0.32299294481243468 69.018587353380184  0.32300775826860356 69.008660127886102  0.32302178769583556 68.998767671875996  0.32303499571397165 68.988910420031445  0.32304734504013893 68.979089029899995  0.32305884144007829 68.969303277649971  0.32306952908906095 68.959552038215506  0.32307944435321251 68.949834291118634  0.32308858005756247 68.940149980983662  0.32310533657239093 68.920846953513418  0.32311295616979285 68.911228199472589  0.32311982175118698 68.901642468681004  0.32312598508204182 68.892086222577149  0.32313132415399465 68.882567879367528  0.32313619010056138 68.873069289912451  0.32314008130869765 68.863613132219626  0.32314350433510497 68.854179207592921  0.32314616549358699 68.84477781462526  0.32314819799557798 68.835404822097345  0.32315097125825615 68.816716273747076  0.3231517152410241 68.807400645823861  0.32315182810969145 68.798113215675869  0.32315132111508249 68.788853527054812  0.32315020522535359 68.779621116043131  0.3231484911245075 68.770415510913253  0.32314618921412319 68.761236232274811  0.32314330961178461 68.752082792962682  0.32313986215221402 68.742954698093158  0.32313585638660125 68.733851445050377  0.32312219197565512 68.70661468035668  0.32311088637016305 68.688554172099344  0.32309745927499167 68.670586924071955  0.32308198117030862 68.652708786299144  0.3230645187892166 68.634915549497592  0.32304513538995611 68.617202959341085  0.32302389104131118 68.599566733295617  0.32300084289247355 68.582002574387602  0.32297604545784703 68.564506187997537  0.32294955089010824 68.547073296181239  0.32292140926077278 68.529699653653509 
 0.85824697147654805 12 3.5286043474876445 10 4.8637830354931921 10 5.0306803714938857 10 5.1975777074945793 10 5.5313723794959664 10 6.1989617234987406 10 8.8693190995098377 10 9.5369084435126119 10 10.204497787515386 10 11.539676475520933 10 12.207265819523705 10 12.541060491525093 10 12.87485516352648 10 14.210033851532028 10 14.877623195534802 10 15.21141786753619 10 15.378315203536882 10 15.545212539537577 10 16.212801883540351 10 16.880391227543125 10 17.047288563543816 10 17.089012897543988 10 17.109875064544077 10 17.130737231544163 10 17.214185899544511 10 17.547980571545899 10 17.714877907546594 10 17.798326575546941 10 17.881775243547288 10 18.215569915548674 10 18.382467251549365 10 18.549364587550059 10 18.883159259551448 10 19.550748603554222 10 19.717645939554913 10 19.759370273555085 10 19.80109460755526 10 19.884543275555608 10 20.218337947556996 10 20.385235283557691 10 20.468683951558038 10 20.552132619558385 10 20.885927291559771 10 21.219721963561156 10 21.553516635562545 10 22.221105979565319 12
1 0 0 0 1 
7 0 1  3 90 91  -1.2731711937702528 2.245735925911454  -1.3335297813104603 2.3868881892357905  -1.2975094080244105 2.5279423748033807  -1.2793435407733398 2.7046711043779368  -1.1086405875426522 2.775710129014108  -1.0031567037607658 2.8147842291302823  -0.86342652306259993 2.819203738978743  -0.67782005164193038 2.7637992354555649  -0.57908141348906383 2.7142255378571747  -0.46680238848671252 2.7000134005017316  -0.36856461348989455 2.4896965866329879  -0.26133368317724148 2.4869187243317725  -0.21295443466996744 2.3001633590362758  0.021240764824483449 2.2148087932585341  -0.0066890500741862979 2.0940154388304535  0.11082501925943689 1.9778367358736375  0.18281448946126488 1.8600122526740179  0.2599050786299415 1.7259981712821428  0.32977189007306151 1.6404026529905948  0.3955790182374983 1.5017101184425883  0.45719617112786182 1.3753037261692711  0.5144124075586376 1.2411764468694173  0.56780581298522748 1.0776943891014312  0.61751437828726807 0.95306687747191887  0.66488478587265831 0.80195437666053948  0.70768913616822715 0.7032326193148819  0.75834671848608082 0.49794572251531122  0.77659335887040015 0.43491015868565341  0.91419229529535073 0.24321104107283986  0.93422991208998951 0.11756306776162262  0.98604783695148512 -0.028431074859405214  1.0214046254795335 -0.17022296917763668  1.0882665326369079 -0.30759154836834313  1.0994219079272227 -0.45969987661312217  1.1781462376941647 -0.58091477351076293  1.0909909476566213 -0.73233455017268057  1.1852350227331669 -0.90141909076003657  1.2096476122219997 -1.0090972815998711  1.1936556007506738 -1.2401852133836826  1.3348553906404561 -1.2804676279093954  1.2230284471788195 -1.5723031985697347  1.2662352784092832 -1.5665353868561525  1.2217799993356664 -1.8687723084163892  1.3323750575402755 -1.8695610395729574  1.192071547799884 -2.097724033282141  1.2020216844269669 -2.2016037013149301  1.1558923072407765 -2.3290713112812114  1.1253158689319207 -2.4247265082470193  1.0729965849229472 -2.6433684398235826  0.99597957555366179 -2.6986277867053161  0.89506094668135461 -2.8417196628667369  0.7410296322193517 -2.8755259570545775  0.57981449533943419 -2.8989969104432447  0.42819941576416909 -2.8243144600777512  0.36940138810697931 -2.7440395437074585  0.20945098262907891 -2.6595287681594897  0.12875749639462697 -2.5705153787730097  0.044743358988853288 -2.4046906746609977  -0.037442042501595552 -2.3047620111831506  -0.11281804492605829 -2.164975581919613  -0.16957001194572285 -2.0267621218082539  -0.24823873373924243 -1.8851353058005742  -0.31361590794909944 -1.743237702260295  -0.36465850455459758 -1.6097706755785097  -0.41205357073246773 -1.4750789920282159  -0.43836638922584825 -1.2461872773517797  -0.54264291715131208 -1.2182870440257147  -0.50766868631367856 -0.97776696224355675  -0.56416313772638205 -0.85424430374779092  -0.58885869910756128 -0.73681449661909681  -0.62284793515075876 -0.57260261034559079  -0.64421932542697391 -0.4531458836381077  -0.78177389003627695 -0.30622108617125576  -0.75577661565429821 -0.16612424875572884  -0.80474787460559583 -0.028583334588027753  -0.88552587078331157 0.10448462578376194  -0.84300835033710086 0.28460750086528463  -0.90552171025552752 0.30201923570324851  -0.97618449804494389 0.55233905739674327  -0.99140135335261448 0.67091555519651536  -1.0101412307342059 0.77730189080939738  -1.0815651816493528 0.93652777310573754  -1.0707705518700834 1.0795773423868127  -1.0769969233730308 1.2177082817741578  -1.2009259548127602 1.3924799289238834  -1.2044979212201952 1.5154621198912253  -1.2489196499453783 1.6568115787312294  -1.294856659919617 1.7771145631220833  -1.2014512907383335 1.9594913487132359  -1.2669853724392226 2.0908082429829662 
 0 1 1 1 2 1 3 1 4 1 5 1 6 1 7 1 8 1 9 1 10 1 11 1 12 1 13 1 14 1 15 1 16 1 17 1 18 1 19 1 20 1 21 1 22 1 23 1 24 1 25 1 26 1 27 1 28 1 29 1 30 1 31 1 32 1 33 1 34 1 35 1 36 1 37 1 38 1 39 1 40 1 41 1 42 1 43 1 44 1 45 1 46 1 47 1 48 1 49 1 50 1 51 1 52 1 53 1 54 1 55 1 56 1 57 1 58 1 59 1 60 1 61 1 62 1 63 1 64 1 65 1 66 1 67 1 68 1 69 1 70 1 71 1 72 1 73 1 74 1 75 1 76 1 77 1 78 1 79 1 80 1 81 1 82 1 83 1 84 1 85 1 86 1 87 1 88 1 89 1 90 1
1 0 0 1 0 
1 0 90 1 0 
1 1 0 0 1 
7 0 1  3 90 91  0.26130681682474233 2.5126043334364851  0.13782796715707946 2.5554346691093102  -0.034067808628833518 2.5676652056422355  -0.15930408572049259 2.5166156018850927  -0.29557460877371966 2.4929739268385589  -0.42506431094832919 2.4759414240150832  -0.55167504652536081 2.4064006886170972  -0.66117748508959551 2.2698096319979157  -0.76660453306102738 2.1685960781453062  -0.85552885598633566 2.0808385154283826  -0.92426282610242083 1.9345748785893733  -1.0261089619719428 1.810260742249163  -0.93625155578826025 1.6820853715648596  -1.4910587927236065 1.5301752236075501  -1.0150821884659962 1.3951826984113183  -1.1721767642680732 1.2519616625920875  -1.1480200396878217 1.1161088402317318  -1.1628510981792601 0.9549412278312559  -1.1567974034800415 0.8860641884526359  -1.155034787517863 0.71996552318744733  -1.1377770280767692 0.59287878031521046  -1.1246530878022867 0.41015057259386367  -1.1089901268777425 0.26739971929920614  -1.0945009541300976 0.12143773043995765  -1.0822660242642712 0.0085322649371093462  -1.0700589277165591 -0.19315199174030795  -1.069665356748331 -0.21718897860629482  -1.0331128486229915 -0.4475919592706461  -1.0959153738901932 -0.55306650863586526  -1.0949073249693129 -0.76571281408983083  -1.108417051196497 -0.88778533358613743  -1.1544572564745721 -1.030268696002544  -1.0175009507824342 -1.1592194045007673  -1.1490770139734536 -1.2959629797098486  -1.1352702941231598 -1.4141228247334254  -1.0210258146095157 -1.5672067333569686  -1.0379881484398368 -1.6966145862511155  -0.99300302054366796 -1.8422431230124658  -0.96509690657455849 -1.9664125510205039  -0.94558905373119728 -2.1005742560079526  -0.88477625713430541 -2.2171966986543765  -0.81113275500105431 -2.3433115499140058  -0.69306501982147495 -2.4446830850721852  -0.60671589104802592 -2.5431999867383368  -0.48382643520156421 -2.594258593200621  -0.33742578916262289 -2.6634545303914408  -0.2532212796996447 -2.6637120812429274  -0.062620414813537195 -2.6488565289203478  0.069022580651150633 -2.6375197030937372  0.18080563349951717 -2.5457115781310549  0.33820118820074185 -2.5085758545583303  0.43442981772469125 -2.4115591048397036  0.55126589682234339 -2.3407301362827369  0.64455417073733656 -2.2489109983491886  0.75562917332902657 -2.0852491033961229  0.81945712957312367 -2.0183008057110285  0.92608541203284744 -1.871115369024551  0.95184748986267209 -1.7764891469572532  1.0563597611307785 -1.63387252944419  1.1403843015717712 -1.4931989381762847  1.13653569048995 -1.3533253216098018  1.1718895707721515 -1.2145585575291165  1.2163026831005936 -1.0764311540422042  1.2510529370318864 -0.94188870789346879  1.2795481464515888 -0.81007029645311945  1.3069960875543813 -0.62198268688639757  1.3112307044276292 -0.54021899658018668  1.3467420337552767 -0.4049447203906098  1.3544460700398702 -0.21041424412661769  1.3643012822778928 -0.11971650386749388  1.3633282645069471 0.060150958309442615  1.3718471532595515 0.13674367346867911  1.3563776643275673 0.28941024327451714  1.3480344961052708 0.43409250461230187  1.3374722994264232 0.56628008925188311  1.3391649253423168 0.72272724879473316  1.2877802704238945 0.88121515207907919  1.2568867814772204 1.0505626277933473  1.2199768281976731 1.1746931351065228  1.1546072953059365 1.3170636199328953  1.1659518126483022 1.4394361639602806  1.1185370600889826 1.5719208418503712  1.0757364381469756 1.7168743203245853  0.9552354368845215 1.8743461764650391  1.0643503792265108 1.9864217297443787  0.78555905936619297 2.1018712679325304  0.70067098467666256 2.2082523789479751  0.63737250619823271 2.2904354009907024  0.52415826503550988 2.4015843855938641  0.36483056034111883 2.463425586023277 
 0 1 1 1 2 1 3 1 4 1 5 1 6 1 7 1 8 1 9 1 10 1 11 1 12 1 13 1 14 1 15 1 16 1 17 1 18 1 19 1 20 1 21 1 22 1 23 1 24 1 25 1 26 1 27 1 28 1 29 1 30 1 31 1 32 1 33 1 34 1 35 1 36 1 37 1 38 1 39 1 40 1 41 1 42 1 43 1 44 1 45 1 46 1 47 1 48 1 49 1 50 1 51 1 52 1 53 1 54 1 55 1 56 1 57 1 58 1 59 1 60 1 61 1 62 1 63 1 64 1 65 1 66 1 67 1 68 1 69 1 70 1 71 1 72 1 73 1 74 1 75 1 76 1 77 1 78 1 79 1 80 1 81 1 82 1 83 1 84 1 85 1 86 1 87 1 88 1 89 1 90 1
7 0 0  4 8 3  0.32336256112658002 77.73055284373676  0.32317613280476337 77.589615420594839  0.32256315449465178 77.448251928541325  0.32126386398544016 77.332849716622178  0.31782043086767392 77.151445880671403  0.31561781520882115 77.088858867516805  0.31320896470219345 77.057038279824354  0.31056620441908089 77.053730590247909 
 0 5 0.48817615063976688 3 1 5
7 0 0  4 8 3  0 9.0319213895242587  0.091433785786897828 9.4658786017960388  0.19950372576054121 9.8008612189725852  0.30678809085242109 10.136541231926218  0.51697004156754867 10.903164596248679  0.61912786441779255 11.333945559964791  0.71429375030227438 11.803576375234282  0.80772796685614701 12.27936434240911 
 0 5 0.48817615063976688 3 1 5
7 0 0  8 170 25  0.31056620441908089 77.053730590247923  0.31011615318778574 77.053167304286575  0.30966012775187268 77.053307694779079  0.30919798376212865 77.054143345618201  0.30872953424408095 77.055667108397415  0.30825454864120272 77.057873178912942  0.30777274657075743 77.060757340948385  0.30728378629228176 77.064317377341993  0.306046796891557 77.074870885954439  0.30528952696919365 77.082695855978926  0.3045142483908625 77.092019133611345  0.30371925319185961 77.102852780523591  0.30290231517353128 77.11523034485775  0.30206068990327506 77.129206861226251  0.30119111471453897 77.144858850711742  0.29944250372155512 77.178665758033659  0.29859152634181269 77.196146556122272  0.29773758673122708 77.214634668571009  0.29688126854991942 77.234046154216273  0.29602302895449889 77.254305177292764  0.29516319859806323 77.275344007433389  0.29430198163019827 77.297103019669365  0.29196144452523393 77.357962412916606  0.29047909808201849 77.398370389671683  0.28899358996712177 77.440476093231254  0.28750601746316867 77.484034950866985  0.28601706905475544 77.528827926087104  0.28452683395320172 77.574656498993278  0.2830347536269191 77.621341049493154  0.27958363851994916 77.73071572943438  0.2778608807658125 77.786344257937685  0.27627156529113772 77.837922351753804  0.27480119772836914 77.885768236117045  0.27340675111851814 77.931060939655808  0.27208167264164362 77.974050799359262  0.27080569299207341 78.015273261781246  0.26867515426407484 78.084139716573446  0.26780071336537975 78.112417319144114  0.26692703985954302 78.140713392691183  0.26605439375667467 78.169083608778848  0.26518308333316964 78.197615496879749  0.2643134651317085 78.22642844437469  0.26344594396125709 78.25567369655279  0.26103841317280585 78.338786833432252  0.25952935524936654 78.393102914948557  0.25805340475602218 78.449901727804104  0.25662842314946049 78.509536498915921  0.25528117281276425 78.573973718612834  0.25405060864573081 78.644705117429979  0.25298061046076659 78.722076979276039  0.25154518546934002 78.865584993251375  0.25098497426181099 78.932350988549615  0.250543686458437 79.004008487778833  0.25021038137589047 79.085033559039942  0.25001011748280377 79.172836517770691  0.24996101035083942 79.261090066793969  0.25000089059552111 79.346830389876644  0.25017138820034179 79.492724884582586  0.25029961912438553 79.559404044783875  0.25045810667000995 79.622496878103107  0.25063511719762804 79.682706337864573  0.25082218279341978 79.740702312908624  0.25101410126933299 79.797121627591665  0.25120893616308276 79.852568041786085  0.2518580243966656 80.03203581978282  0.25231676763869376 80.153644545700473  0.25275716247201246 80.279745815618512  0.25312657027934954 80.403188020215325  0.25341594202392365 80.525478573025651  0.25363953644016468 80.650350229255366  0.25380226221911656 80.773923442160097  0.25405901587591523 81.01928488114649  0.25415299646865214 81.140412513303332  0.25424321643947972 81.262526975151673  0.25432141506842981 81.384891679554144  0.25440230794649343 81.508009589587445  0.25450803656126419 81.632748812265845  0.25464570357546912 81.758979121068819  0.25496661241708191 81.963592952720248  0.25510980901482611 82.04045907477736  0.25528060582066797 82.118226069826733  0.25548147793704107 82.196859243642791  0.25571380694117701 82.276273967605846  0.25597788088510509 82.356335678702223  0.2562728942956522 82.436859879524164  0.25709865278957017 82.642633881708946  0.25766790162218384 82.768105425323398  0.25831899129413893 82.894180746622197  0.25902033147851627 83.019071934814633  0.25975229346357664 83.142151455687369  0.26052852452416198 83.264151693737048  0.26138576702681388 83.385972950426023  0.26325042845333374 83.621880111632706  0.26441943519829825 83.757215635826753  0.26575621604854793 83.892715098221274  0.26728259400496579 84.013741844025759  0.26886476567123896 84.110662096164106  0.27046335688786866 84.177577861471079  0.2721325460248869 84.213534455067702  0.27337211172510395 84.235385648123682  0.27375666589899816 84.240834201356122  0.27413712751864 84.244853675591671  0.27450807167965124 84.247485539944719  0.27486585880975123 84.248869869628123  0.27520812157961877 84.249183665819729  0.27553362046838109 84.24860942611636  0.27604415310477126 84.246459331494052  0.2762396743091845 84.245295403048459  0.27642915270749541 84.243855840976011  0.27661294715140605 84.242173851266784  0.27679141903232346 84.240277933151049  0.27696493228136027 84.238191879099105  0.27713385336933383 84.23593477482143  0.27823985873197526 84.219725411503504  0.27905102748714156 84.201370950596896  0.27976846280941081 84.180074083509751  0.2804208573792667 84.157033723926133  0.28102919132053145 84.133031232253359  0.28160673220036575 84.108430415622081  0.28215903502926881 84.083177527886207  0.28410598184899022 83.985344674707477  0.28550942178948313 83.900471831870561  0.28696077041554763 83.800071137109754  0.28843676753136877 83.683151824377632  0.28991978505221072 83.551956997961724  0.29137134333497416 83.411246050930288  0.29273897194324566 83.26962266338073  0.29519174764608214 83.004077510501361  0.296373479085276 82.86898171651427  0.2975293879879517 82.734108410200577  0.29858741222065999 82.599000237230157  0.29960139373599981 82.464065642244066  0.3005341589892353 82.329043801597933  0.30140154523137858 82.194044018817436  0.30266425639271649 81.980278585625982  0.30310487275024683 81.901531736489289  0.30352340654723781 81.82279191189302  0.3039220674381693 81.744050748972128  0.30430270212777338 81.66530385516144  0.30466679437103406 81.586550808195653  0.30501546497318738 81.507795156109353  0.30588989913151432 81.301624704924976  0.30637953602196627 81.174794853220391  0.30688002174768203 81.048176573273707  0.30726768564071372 80.924015701271173  0.30761240394368394 80.801862739086147  0.30804071728435156 80.680305273733822  0.30853908768435706 80.559599065337594  0.30978216476801934 80.315564161568702  0.31053851659748416 80.193438503565858  0.31140908201704343 80.065459309878037  0.31253941716255074 79.941867222443449  0.31381202681570791 79.822529779509878  0.31506373406635557 79.699213481850379  0.31631533600152889 79.57014367489414  0.31874787278951744 79.295192469638152  0.31931491868149553 79.211509288781428  0.31970891332484985 79.152768199573956  0.31997558875003962 79.107025728381927  0.32043970788131104 79.038585344998779  0.32087487767752043 78.952119481741192  0.32133718044915494 78.832849003251738  0.32217256406469008 78.546854203785202  0.32241889156805403 78.444573769562453  0.3226181493020861 78.344503018758331  0.32294121303219031 78.236049682184515  0.32302115991514568 78.133368783792932  0.32334272082877014 78.024063097273597  0.32356024412585604 77.879998658865262  0.32336256112658002 77.73055284373676 
 0 9 0.0055754498321542679 7 0.013889705805239131 7 0.021705819838057031 7 0.035099392616802186 7 0.052623263007853499 7 0.064835776721834562 7 0.086615154746243123 7 0.099508119761861302 7 0.11173115853882359 7 0.13936047927011869 7 0.16653932258134424 7 0.18259318367802338 7 0.20744798940623443 7 0.23079703888445371 7 0.2411317955406285 7 0.24789366894381049 7 0.28654018596729508 7 0.39123845227397314 7 0.49945799266117696 7 0.56259941156389259 7 0.66476304261993313 7 0.76940627202526524 7 0.90235445923865487 7 1 9
7 0 0  8 170 25  0.80772796685614712 12.27936434240911  0.82363943051551292 12.360389080759658  0.83950882561841178 12.441614654163867  0.85535038303403144 12.522971563777778  0.8711785920331665 12.604387999857449  0.8870083398440739 12.685789636514006  0.90285518362177086 12.767098862254896  0.91873575483077352 12.8482334463115  0.95842731637393763 13.049701871770738  0.98230083613923835 13.169633917807728  1.006343091618793 13.288713160878238  1.0306205145627561 13.406621146997976  1.0552117321898202 13.522908586184125  1.0802075671872209 13.636995352455356  1.1057110377107326 13.748170483831801  1.1563983396890865 13.956577796419893  1.1808037953667498 14.051270338987369  1.2050649125048061 14.139026547436698  1.2291949590561255 14.219231236013302  1.2532092828393 14.291297295808825  1.2771253115386465 14.354665694761147  1.3009625527042046 14.408805477654381  1.3654917063048999 14.529311126140886  1.4060868353429872 14.576872460010289  1.4466154944931435 14.593345004401273  1.4871601158550583 14.576516482575045  1.5278081247392366 14.524806377162415  1.5686601383001149 14.437457460640061  1.6098362880640371 14.314627583500487  1.7059672995821291 13.951644522505736  1.7546153869558005 13.7120577560698  1.8001797711529588 13.455598018244958  1.843042034943708 13.188394738976658  1.8843942824163675 12.916786446625192  1.9244528543873969 12.642556423102771  1.9638149538513949 12.365785214311092  2.0311110417693969 11.891691012579562  2.0591948918240504 11.693467314698404  2.0877574872027904 11.493181250410892  2.116847809457405 11.292045089229376  2.1465309192691522 11.091029031992345  2.1768879564487551 10.890861210864433  2.2080161399364058 10.692027689336426  2.2971189901886677 10.142994256758335  2.3560681412031417 9.8017786111061831  2.4177541684570309 9.4728214454605091  2.4819396757167862 9.1543816700618041  2.5493771817322144 8.8512392853532198  2.6199531846346438 8.5646941249849462  2.6921505553853868 8.2912169569049379  2.8146665469259391 7.9205206595105793  2.8693485361139608 7.7781436471328114  2.9248914144257774 7.6516459860362529  2.9829047512146456 7.6048851135794173  3.0410803765506778 7.647608810015778  3.0953829977343363 7.7600673329535423  3.1449313372266419 7.9331301124927354  3.2254783133459686 8.2917925906556995  3.2603682263307876 8.4890678488388929  3.2917772954330373 8.7015736230893239  3.3203942443750942 8.9236567622436134  3.3467680154923816 9.1515078196265485  3.3713077697333675 9.3831610530510865  3.3942828866595693 9.6184944248183459  3.4645127975210697 10.40339456226662  3.5057860866829151 10.964605786972228  3.5414791601263165 11.542692815180304  3.5702363838289517 12.144963458975127  3.5930938486571358 12.769837075685198  3.611892747111789 13.411416453895955  3.6268737768321793 14.066260612512581  3.6525232220603416 15.370263198088903  3.663153814703588 16.017734222885846  3.6734186751621389 16.665311927462312  3.682906930013977 17.31320471019675  3.6923763819448934 17.961064688798192  3.7029435235057928 18.608337243103946  3.7148353857481213 19.254826906001593  3.7379672920420255 20.280864504356181  3.7475653208496178 20.661204305645299  3.7582728784252288 21.04074112169798  3.7701399324793545 21.419369567826788  3.7831652080755358 21.79701692623587  3.7972961876303586 22.173643146020947  3.8124291109134552 22.549240843169322  3.8531492176734443 23.503787525712273  3.8798686059805085 24.081362364480874  3.9089077315333207 24.655776244642873  3.9387925023945134 25.229852476415207  3.9688407952406748 25.804009224419822  3.9996429415009223 26.376837689351362  4.032316934216662 26.947398134617067  4.100433767351233 28.046976828727509  4.1418986588245694 28.674365743554805  4.1874053413485823 29.296741958578821  4.2365999707082551 29.828797744188229  4.28544017596447 30.226212457464257  4.3328166792547442 30.459651985379409  4.3804247986684581 30.519105681872972  4.4155180321838623 30.53685251169864  4.4263331340405143 30.535124275103634  4.4369610248491522 30.525956816617644  4.4472576431037041 30.510016794086219  4.4571322710973904 30.488363231745666  4.46653010238908 30.462153103283313  4.4754269236198443 30.432481186492481  4.4893242700910703 30.379149428919337  4.4946310926663475 30.356873594987004  4.4997599429700168 30.333592553050966  4.5047223675109258 30.309457904887413  4.5095297266419463 30.284595425541198  4.5141931945599829 30.259105063325894  4.518723759305967 30.23306093982378  4.5483281629951229 30.054770978789875  4.5697791560204779 29.888927639718041  4.5885575604173576 29.714826106992824  4.6055047638727284 29.536668170616935  4.6212311831840776 29.357012636273296  4.6361162642594165 29.176775325325043  4.6503084821172846 28.995229074815541  4.700073295647833 28.308205045375722  4.7355709277329829 27.736716498935831  4.7720258309900476 27.079630228996542  4.8088621516750347 26.335265632482354  4.8457666581055534 25.519428727459939  4.8819278364959802 24.664518214586867  4.9161483743783743 23.819796039072322  4.9778049674657341 22.256294630527744  5.0076710457258198 21.472499674853911  5.0371737684426874 20.699563215469478  5.0642722852939031 19.934709833206689  5.0904237157887238 19.17858753838906  5.1145394786070932 18.429848766100299  5.1369972156245769 17.688693401448798  5.1696293040428776 16.527042416537373  5.1809983360716565 16.101917895620552  5.191775359607929 15.679051132404629  5.2020134571373839 15.257786124115405  5.2117558797290489 14.837462438410345  5.221036047035291 14.417415213378563  5.2298775472918217 13.996975157540831  5.2519122886531608 12.893465416182176  5.2640192127465646 12.210924499633066  5.276619768224009 11.528194508510524  5.2855968090504986 10.843976156224532  5.2931900447234055 10.159194507729724  5.3035686824020116 9.4753478945365917  5.3164235100496411 8.7924189305041054  5.3509992092541498 7.413919286046907  5.3732024468090511 6.7198647678629886  5.3995672632142462 6.020110071083713  5.436174349927847 5.3287170008965052  5.4796952731732329 4.660226254496842  5.5256181799974344 4.0471149808934319  5.576151925842848 3.5507930918320807  5.6830308595331802 2.7985433367341548  5.7149851860134948 2.8005270195460024  5.7355846193100044 2.7811144115897037  5.7517243101745841 2.8373909447593668  5.777176903348515 2.8339907426217956  5.8061378305795666 2.9886939457925426  5.8403371874849119 3.4250212691620479  5.9240945572947865 4.9132155494407588  5.9549024947122842 5.5334849673247275  5.9852036212793056 6.1788925396099481  6.0250690074790398 6.7832043095951811  6.0634896587617693 7.4490648855350514  6.1080072558955401 8.0460587740919536  6.1862316639059509 8.571766181112789  6.2831853071795862 9.0319213895242587 
 0 9 0.0055754498321542679 7 0.013889705805239131 7 0.021705819838057031 7 0.035099392616802186 7 0.052623263007853499 7 0.064835776721834562 7 0.086615154746243123 7 0.099508119761861302 7 0.11173115853882359 7 0.13936047927011869 7 0.16653932258134424 7 0.18259318367802338 7 0.20744798940623443 7 0.23079703888445371 7 0.2411317955406285 7 0.24789366894381049 7 0.28654018596729508 7 0.39123845227397314 7 0.49945799266117696 7 0.56259941156389259 7 0.66476304261993313 7 0.76940627202526524 7 0.90235445923865487 7 1 9
7 0 0  8 65 10  0.67319204624225581 72.610079570100552  0.67276753854008253 72.548180314050754  0.67222393837794614 72.487689201154751  0.67156048088533171 72.428704632088284  0.67076719918847727 72.37176911564633  0.66982492441037178 72.317869268743095  0.6687052856707566 72.268435816412037  0.66737071008612436 72.225343591805853  0.66513545246415606 72.177128891388293  0.66445627085479375 72.164832872116733  0.66373035976831263 72.154126162953958  0.66295279057290946 72.145251321704364  0.66212047823848019 72.138540154662834  0.66123287486812898 72.134351221784598  0.66029317543114541 72.132989794072031  0.6585883481158521 72.135790153046642  0.65784202522012902 72.138581707712603  0.65708029023268799 72.143039555885764  0.65631221599810163 72.149107273728731  0.65554675749579649 72.15664276501299  0.65479272578632652 72.165441331748454  0.65405877612137275 72.175250757591058  0.65102643051567388 72.220508775076652  0.64906256307479093 72.262260653547671  0.64737110996097624 72.305568610439948  0.64594778598571878 72.34982842698102  0.64473180558140786 72.393530664442935  0.64369705224042728 72.437083827732806  0.64279963289517417 72.480783482690924  0.64059289272984066 72.609834303197601  0.6394833039743566 72.701219412321464  0.63902670660042826 72.799208939586734  0.63883082673500446 72.898098125165035  0.63935530281919939 72.99515379411767  0.64117153688819595 73.086988851138983  0.64395153961231333 73.166161994214306  0.64855888061845024 73.254228315978196  0.64988108633441866 73.275326822306241  0.65119570067158217 73.293381961912871  0.65250527007924497 73.309003214322047  0.65381690266567882 73.322543353995172  0.6551390829350292 73.334195592101366  0.65648253229896947 73.343954448555465  0.65868543794570877 73.355881937408981  0.65952294769304265 73.359540557755196  0.66037750250141392 73.362300141518801  0.6612463072398117 73.363988757976884  0.66212392715488377 73.364395035549279  0.66300214304890959 73.363266761809356  0.66386990477393026 73.360349431331088  0.66584303669054612 73.34906133246389  0.66690921286117455 73.33908149546923  0.66788677280732678 73.325847994269239  0.66875992782419746 73.309722089037237  0.66952249579194489 73.291161300087424  0.67017790117569132 73.270719407874722  0.67073917502552116 73.249046452994918  0.67268500288875588 73.161016915096369  0.67356449218056569 73.08815378599509  0.67403854629951221 73.010890305798412  0.67423365206855268 72.931257837703996  0.6742316596860003 72.850728151189458  0.67406978272552387 72.770213422012333  0.67374059813614862 72.690066232210199  0.67319204624225581 72.610079570100552 
 0 9 0.12843580446631622 7 0.1798467656271045 7 0.21759230201457988 7 0.34211362707569631 7 0.56835692344900601 7 0.65925587418039711 7 0.71318859182670047 7 0.7853812457014635 7 1 9
7 0 0  8 65 10  1.1954288860872777 8.978740156119315  1.2120355864504035 8.630732839644697  1.2324117670734078 8.2887007003161823  1.2564936861853375 7.9505900665196396  1.2845042614752415 7.6164161659816036  1.3169530700921726 7.2882631257692791  1.3546363486451858 6.9702839722905408  1.3986369932033398 6.6687006312939356  1.4710143308427446 6.2809662551145964  1.4928835247809613 6.1748473583997097  1.5161390390807572 6.07367628482341  1.5409363339254316 5.9786198425244601  1.5673750984874664 5.8915628196863032  1.5954873170577455 5.8150223024641265  1.6252069004925076 5.7519093801392023  1.6791457438041641 5.6703020073193242  1.7027647873861442 5.6443495586989512  1.7268980867106847 5.6283649251457755  1.751284511255091 5.6231165325292682  1.7756663053397825 5.6287978813828818  1.7997847084618206 5.6450453968557435  1.8233757835742135 5.6709467346207463  1.9213521485286844 5.8175106333167435  1.9861465644552849 6.0165201629097487  2.043443185842623 6.261429991793829  2.0929755443450468 6.5375135154243731  2.1362233195624079 6.8249255094343892  2.1736951327413658 7.1211913356325756  2.2066474525800461 7.4247090722564186  2.2881541029089911 8.33226289116622  2.3296963082519913 8.9902732805256829  2.3456793437117129 9.6786185580726105  2.3475067104026985 10.383056851375667  2.3121790173529422 11.032247489234575  2.2243934478158489 11.585704297948096  2.1160555265899621 12.090810378963621  1.9508206335046314 12.671190540524154  1.904912524662185 12.813370198361866  1.8604104699293855 12.937981322929691  1.8169678804992426 13.048239257838155  1.7741645200412943 13.145712109231043  1.7315968611824797 13.231032468072156  1.6888311316553961 13.303583724053224  1.6193428649565167 13.393729727053143  1.5930616278646139 13.421809718780347  1.5663651457377077 13.44346725799323  1.5393259340065146 13.457394409788503  1.5120941486243411 13.462015554500622  1.4849035439626996 13.455575964743346  1.4580773896102477 13.43648974534003  1.3971480592439194 13.361035210985028  1.3642667768894339 13.293397681081164  1.3341565554623671 13.204257084344906  1.3073027540826649 13.096918670461671  1.2838989675384624 12.975047748565235  1.2638470262860884 12.842669687237763  1.2467569964500615 12.704169914509805  1.1879196475843663 12.148461966187435  1.1623391632514024 11.703191918998225  1.1499535578712616 11.244267089180088  1.1468436065506795 10.782920832540514  1.1504230284560659 10.325836547807025  1.1594384868135077 9.8751476766272237  1.173969588908766 9.4284377035687523  1.1954288860872777 8.978740156119315 
 0 9 0.12843580446631622 7 0.1798467656271045 7 0.21759230201457988 7 0.34211362707569631 7 0.56835692344900601 7 0.65925587418039711 7 0.71318859182670047 7 0.7853812457014635 7 1 9
7 0 0  7 20 4  0.69347885072753879 79.021967102966073  0.69337503467053219 78.91051825797409  0.69314772713795947 78.814992093377029  0.69286699105532501 78.732616746824235  0.69257616552556789 78.660313087158656  0.6922918658290611 78.594694714416747  0.69200398342361324 78.532067959828581  0.69082754687161296 78.304031473875014  0.68991514149675592 78.15952890998436  0.68891548133288105 78.020190804001189  0.68791700638819497 77.878008822719906  0.686962884785563 77.741262357408687  0.68591016929411308 77.60744630263315  0.68325993340821034 77.327599308201513  0.68164916743586745 77.188737233850361  0.67983021106470098 77.079706688202009  0.67798408954680212 77.008491494872317  0.67638308352750132 76.955164925709994  0.67489912996670598 76.911568828674504  0.67304890664478301 76.869874573852272 
 0 8 0.1514267516843521 6 0.54262970917417974 6 1 8
7 0 0  7 20 4  0 15.148969054388285  0.05833572268472538 15.233058104805846  0.1049272845407825 15.420553048152998  0.14315254506649741 15.651911081915289  0.17584507849676975 15.889802146875942  0.20529417380307288 16.119108927115864  0.23324483469345367 16.346926850013645  0.33233769175036798 17.262989286852928  0.3912648273808107 17.949671320623604  0.45035299502964687 18.639552101537021  0.49959984913659294 19.338694693469279  0.54505846100852473 20.044924576616598  0.59210660717999508 20.747473444479354  0.70409595963691973 22.264564015715667  0.76860693552647164 23.048755173726473  0.83848602887217827 23.708477288906444  0.90393279821740879 24.233505914515575  0.95931587422984643 24.651642127679434  1.0096415877004481 25.022467289720446  1.0701688654093422 25.441020285803972 
 0 8 0.1514267516843521 6 0.54262970917417974 6 1 8
7 0 0  6 12 3  0.64362925245334723 82.584575769654307  0.64502850369285747 82.601276402352184  0.64647562903802613 82.618094032811868  0.64798683351009534 82.635254252105767  0.64954794271689953 82.65271866967106  0.65113379532628335 82.67037672276642  0.65434560348748982 82.706368627358984  0.65598890020413025 82.724860651508067  0.65752254112524422 82.742639235491652  0.65917911470621682 82.761988678311269  0.66063294820525453 82.780116536419499  0.66209392759993624 82.798995695197362 
 0 7 0.49624390163955967 5 1 7
7 0 0  6 12 3  4.2638011757479015 0  4.3062262579513444 0.11293288447364162  4.351529296844185 0.21058832938453556  4.3996576178227 0.2892537311652158  4.4501488219866987 0.34429796298167287  4.5020808829778112 0.37229875991467098  4.6067498988959503 0.37405463887563156  4.6595380166927063 0.3470412316632856  4.710881442522993 0.29192250131571068  4.7598192957124015 0.21303396021025497  4.8058624204414429 0.11431883789173293  4.8489590265677043 0 
 0 7 0.49624390163955967 5 1 7
1 0 0 0 1 
7 0 0  11 22 3  0.28862626007953279 10.125672546005426  0.28778878903924066 10.106010452316983  0.28695128886463678 10.086765932792431  0.2861137244107454 10.067974784953275  0.28527606955656848 10.049669072283011  0.28443830149805766 10.03189011718746  0.28360037673014682 10.014658735378919  0.28276235018589391 9.9980300998345673  0.28192409614979508 9.9820225198373098  0.28108576942235802 9.9667021717202999  0.28024733700733001 9.952119812273823  0.27857030600227523 9.9244891636439672  0.27773173074901947 9.9114441944464833  0.27689300676614931 9.8992222953743223  0.27605440950992621 9.8878497933350324  0.27521574328160325 9.8773904482341717  0.27437710591588094 9.8678845421592811  0.27353863153559965 9.8593719654596246  0.27270029080895791 9.8519061800155292  0.27186217477698221 9.845529174684593  0.27102433250663266 9.8402899128552885  0.27018682685281126 9.8362343644924959 
 2.1495070157811771 12 3.9576377812565475 10 5.765768546731918 12
1 0 0 0 1 
7 0 0  7 8 2  0.28862626243302808 10.125672755101267  0.28901276585445695 10.134771472242866  0.28939615859280715 10.142194503523397  0.28977205521825833 10.147823618644017  0.29013048873081104 10.151460993629556  0.29047748344968177 10.153397798026738  0.29080126971069747 10.153523433801018  0.2911483899483126 10.15328155103013 
 1.0331471443716861e-06 8 0.89441217230111347 8
1 0 0 1 0 
7 0 0  11 52 6  0.27018682685281148 9.8362343644924923  0.26986067031474475 9.8346549797946654  0.26953472856188415 9.8333955415752889  0.26920905594516281 9.8324231238089848  0.26888365581078272 9.8317081357605911  0.26855849159716377 9.8312238023226666  0.26823349793957335 9.8309456444320666  0.2679085917636172 9.8308509593610705  0.26758368339197353 9.8309183011777677  0.26725868763811883 9.8311269610138581  0.26693353491061284 9.8314564475139665  0.26644550601021438 9.8321007269628691  0.26628278124513888 9.832340387615826  0.26612000076618808 9.832602464966298  0.26595716024633309 9.8328843715117973  0.26579425827858794 9.8331834164111811  0.26563129637927174 9.8334968054394345  0.26546827898341724 9.8338216410508466  0.26530521345003882 9.8341549223096205  0.26514211005718619 9.8344935449500959  0.26497898200572312 9.8348343013360253  0.26465270882831299 9.8355134596262168  0.26448955478737579 9.8358517725425649  0.26432646261603471 9.8361852770321914  0.26416330844438873 9.8365105386587661  0.26400026944771865 9.8368234427201529  0.26383738019521191 9.8371198471145664  0.26367453786847328 9.8373955020457213  0.26351181529765 9.8376455198848873  0.26334943542151956 9.8378644274791416  0.26318728806768776 9.8380468786434907  0.26270171298711381 9.8384655672211476  0.26237906192531724 9.838573301002409  0.2620593537938623 9.8384577278015559  0.26174279056608352 9.8380635703604646  0.26142734392999323 9.8373207916774739  0.26112040980022694 9.8361312362723723  0.26081881012964564 9.8344185668738913  0.26052813917015361 9.8320365668062752  0.26025089390697015 9.8288569347992052  0.25999257086575073 9.8247311596737923  0.259523697164809 9.8144382857511303  0.25931313610140544 9.8082673965000193  0.25913126564547956 9.8010021664524203  0.25898334805524537 9.7925943614650084  0.25887281817498237 9.7831217433266762  0.25879937169489314 9.7727838934567259  0.2587594055585194 9.7618146407681401  0.2587480675093019 9.7503988250645293  0.25876107206422433 9.7386653875612144  0.25879497293365983 9.7267346907252161  0.25884674697692944 9.7146255309702934 
 0 12 0.25 10 0.375 10 0.5 10 0.75 10 1 12
1 0 0 0 1 
7 0 0  11 422 43  0.29946956496975419 10.216191828906416  0.29936785503008434 10.19984524244061  0.29926546678042021 10.183493383971253  0.29916236155653131 10.167134047211288  0.29905850097787762 10.150765071603209  0.29895383003569392 10.134383594195295  0.2988483019050866 10.117986872621767  0.29874188111941791 10.101572688900221  0.29863452467684565 10.085138878279086  0.29852616894637229 10.068682537471036  0.29841674367009274 10.052199936281646  0.29825091789413904 10.027432185007386  0.29819536132857494 10.019168955519341  0.29813951632348806 10.010898038274698  0.29808337652474792 10.002619075801814  0.298026936896508 9.994331772068259  0.29797019394352436 9.9860359180762917  0.29791314565279625 9.97773140031188  0.29785579110663524 9.9694181910063318  0.29779812981873072 9.9610963213210866  0.29774016074691972 9.9527658364659111  0.2976527411526117 9.9402571820048795  0.29762352362786798 9.9360854754575207  0.29759422818520304 9.9319116172357713  0.29756485443833952 9.9277356063474471  0.29753540191211564 9.9235574384935674  0.29750587006181917 9.9193771063709981  0.29747625832180402 9.91519460109863  0.29744656611960363 9.9110099123151016  0.29741679292329332 9.9068230295611261  0.29738693826261181 9.9026339426444352  0.29732706527118652 9.8942513426741137  0.2972970470469985 9.8900578331417552  0.29726694604245951 9.88586208788813  0.29723676463170834 9.8816641736396313  0.29720649720298975 9.8774639431810485  0.29717615085182875 9.8732615902965417  0.29714572213113183 9.8690570346929221  0.29711520607057623 9.8648501550014576  0.29708461601498182 9.8606413162096427  0.29705393275795772 9.8564300325963643  0.29677703368584857 9.818508718351195  0.29652548109197097 9.7846582075851067  0.29626828087805429 9.7506619375825032  0.29600522028927734 9.7165184034098573  0.29573608101461091 9.68222691890678  0.29546063082391072 9.6477876938619218  0.29517862732271183 9.6132027639454858  0.29488983405480462 9.5784777900802158  0.29459404908147446 9.5436247430273013  0.29429114626558511 9.5086654898488803  0.29390362519369134 9.464879000305876  0.29382567633156609 9.4561173291442806  0.29374728287718876 9.447351850335842  0.29366844537053721 9.4385831838634253  0.29358916490194997 9.4298120092010933  0.29350944316646899 9.4210390700966826  0.29342928253447764 9.4122651798208299  0.29334868610384496 9.403491225888974  0.29326765776922087 9.3947181752701994  0.29318620227826264 9.3859470792259678  0.29308385605043413 9.3749870781678926  0.29306336057672439 9.3727952832301202  0.29304283842342177 9.3706036558369945  0.29302229057622536 9.3684123060694713  0.29300171678301945 9.3662212166795769  0.29298111656319042 9.3640303468292831  0.29296049030857396 9.3618397454870568  0.29293983888298941 9.3596495100692767  0.29291916210384428 9.3574596303738673  0.29289845849140816 9.3552699626794453  0.29285700280750504 9.3508916040622694  0.29283625089225218 9.348702929107743  0.29281547468191538 9.3465147430565878  0.2927946739596925 9.3443270308994997  0.29277384850922905 9.3421397779660591  0.29275299812248917 9.3399529701008266  0.29273212258888809 9.3377665934243108  0.29271122170741487 9.3355806345933221  0.29269029527565832 9.3333950805722257  0.29266934309782994 9.3312099187946487  0.29260640874467225 9.3246555736292596  0.29256434871689363 9.3202875278883823  0.29252218337301039 9.3159209041943196  0.2924799112044042 9.3115556103005677  0.29243753071549744 9.3071915573676289  0.29239504042715103 9.3028286599619499  0.29235243887222778 9.2984668360626674  0.29230972460022386 9.2941060070471728  0.29226689617344781 9.2897460977125874  0.29222395216948388 9.2853870362524678  0.29200864722189845 9.2635956263647046  0.29183453106352358 9.2461749362278756  0.2916584506238255 9.2287621603205583  0.29148031268710872 9.2113532739425548  0.29130001868827143 9.1939444281347935  0.29111746313954934 9.1765318218378695  0.29093253383996215 9.1591117166304823  0.29074511303704187 9.1416805420180545  0.29055507867776048 9.1242350384662476  0.29036230491703363 9.1067723861313663  0.29006883908210118 9.0805492068935507  0.2899702997187506 9.0718032876383372  0.28987102647332208 9.0630522143608605  0.28977100279926982 9.0542957371929429  0.28967021196054388 9.0455336500972248  0.28956863691302803 9.0367657896987978  0.28946626020275129 9.0279920346166129  0.28936306384503802 9.0192123042247161  0.28925902922140867 9.0104265579475236  0.28915413696282311 9.0016347941427792  0.28899548178103152 8.9884381767970183  0.28894237719840915 8.9840378070582556  0.28888905059725567 8.9796359453435937  0.28883549938428027 8.9752325978459897  0.2887817208729852 8.9708277716556069  0.28872771227769828 8.9664214747403914  0.28867347072149169 8.962013715955873  0.28861899322765427 8.9576045050525774  0.28856427672719476 8.9531938526533281  0.28850931805346886 8.9487817702810997  0.28842651189115392 8.9421615203641132  0.28839884847228986 8.9399544137252818  0.28837112319152586 8.937746953860449  0.28834333591932454 8.9355391571097051  0.28831548593241801 8.9333309960428799  0.28828757252944193 8.9311224565798195  0.28825959557693004 8.9289135767800634  0.28823155526869043 8.9267044143451955  0.28820345127774932 8.9244949680665417  0.28817528241854773 8.922285157684156  0.28811881524594973 8.9178649321722325  0.28809051681393971 8.9156545033307886  0.28806215313775863 8.913443760941643  0.28803372381548858 8.9112327081636167  0.28800522844381282 8.9090213487778804  0.28797666661418952 8.9068096871875841  0.28794803791838719 8.9045977284125577  0.28791934194211793 8.9023854781042591  0.28789057827089648 8.9001729425230511  0.28786174648574403 8.8979601285610919  0.28760164360495855 8.8780423650499039  0.28736605472527121 8.8603203311071876  0.28712586408887397 8.842584662761297  0.28688084263104535 8.8248408252193506  0.28663074613218653 8.8070947969107696  0.28637530855887994 8.7893530051576647  0.28611423377712752 8.7716226829639332  0.28584718646953544 8.7539121604812991  0.28557378060870603 8.7362308681164489  0.28529356115945415 8.7185890873951539  0.28471838320001525 8.6834064096818242  0.2844234246758654 8.6658655122972803  0.28412054057664277 8.6483859801688432  0.28380907383208726 8.6309793875528467  0.28348823363634984 8.6136577030928105  0.28315704883444631 8.5964331159822027  0.28281430166661176 8.5793183111350757  0.28245843349847749 8.5623278462418178  0.28208741160380091 8.5454815742643735  0.28169854341912731 8.5288113408448325  0.28128181084445625 8.5121156189411238  0.28127539437223065 8.511858819614746  0.28126897262130507 8.5116020758799547  0.28126254556665919 8.511345387485898  0.28125611321488153 8.5110887554934269  0.28124967558779274 8.5108321815427335  0.28124323269973311 8.5105756670233959  0.2812367845431285 8.5103192123928295  0.28123033106540407 8.5100628163228169  0.28122387215312256 8.5098064750001345  0.28121094306961492 8.5092938876409594  0.28120447293067674 8.5090376429253354  0.28119799717356087 8.5087814472148438  0.28119151577599644 8.5085253005299606  0.28118502871829021 8.5082692029309701  0.28117853597683362 8.5080131544218798  0.2811720375326906 8.5077571550677611  0.28116553336246136 8.5075012048817449  0.28115902344617399 8.507245303911974  0.28115250776176448 8.5069894521878791  0.28113294334091132 8.5062220448641703  0.28111987724324738 8.5057106374878053  0.28110678783365972 8.5051994284336114  0.28109367495483351 8.5046884187610505  0.28108053845408781 8.5041776097776598  0.28106737818262129 8.5036670030256474  0.28105419399657189 8.5031566003074879  0.28104098575580039 8.5026464036505853  0.28102775332502306 8.5021364153443653  0.28101449657295174 8.5016266379096379  0.28097465297260193 8.5000979465382525  0.28094799277464205 8.4990796730613152  0.28092123376949707 8.4980622762819831  0.28089437500961956 8.4970457821150109  0.28086741561364376 8.4960302200046378  0.28084035475939589 8.4950156225728648  0.28081319169290447 8.4940020260922715  0.28078592571905042 8.4929894699695456  0.28075855620946133 8.4919779972072558  0.28073108259708479 8.4909676540674308  0.28064834794339472 8.4879401626673729  0.28059277306433816 8.4859265507223434  0.28053677567422602 8.4839180477227583  0.28048035265166416 8.4819150956070963  0.28042350179452197 8.4799181819767622  0.28036622178546988 8.4779278368793758  0.28030851216844282 8.4759446299161176  0.28025037331165165 8.4739691669738662  0.2801918063843275 8.4720020873161328  0.28013281332188428 8.4700440603928566  0.27995456375335853 8.4641992276961773  0.27983403687211 8.4603416703781704  0.27971183759915902 8.4565286838576128  0.27958799926243311 8.4527662784009472  0.2794625662490568 8.4490608040245068  0.27933559323901386 8.4454188561585664  0.27920714449850903 8.441847183356666  0.27907729323265751 8.438352598575273  0.27894612099694222 8.434941892367938  0.27881371716859987 8.4316217494743828  0.27841310109307543 8.4219525042067218  0.27814148424538582 8.4158945861321577  0.27786610168921932 8.4102769015141146  0.27758784458477376 8.4051484665843414  0.27730770591119241 8.4005527758140666  0.27702676786994718 8.3965254873021973  0.27674619164916708 8.3930923920386444  0.27646720885841347 8.3902677147306406  0.27619111401382807 8.3880527948138877  0.2759192573879235 8.3864351954154905  0.27561976011360584 8.3852574253153591  0.27558657071328962 8.3851354790149308  0.27555347211985021 8.3850223977762184  0.27552046707913652 8.3849181262032033  0.27548755834254479 8.384822605223393  0.27545474868111902 8.384735772551128  0.27542204086626321 8.3846575620484085  0.27538943769078328 8.3845879044310436  0.27535694195042293 8.3845267266389261  0.27532455645686205 8.3844739522876726  0.27526001160414115 8.3843850505381248  0.27522785202546945 8.3843489232130057  0.27519580974155905 8.3843210387735319  0.27516388211263898 8.3843013159832971  0.27513208251414306 8.3842896636809012  0.27510040225775029 8.3842859955791429  0.27506884797773873 8.3842902167012081  0.2750374322304972 8.3843022256085895  0.27500613855241896 8.3843219277816257  0.27497498906704942 8.3843492132798794  0.27488194475315841 8.3844535033687393  0.27482045595435578 8.3845529477098886  0.27475949585222731 8.3846815494854265  0.27469905316526511 8.384838573173468  0.27463911732108354 8.3850233066600239  0.27457967840878522 8.3852350604393813  0.27452072711888448 8.3854731661533819  0.27446225469733848 8.385736975919615  0.2744042528864753 8.3860258608833131  0.27434671387592346 8.3863392103998269  0.27417546299014478 8.3873508715964018  0.27406311727638005 8.3881207963263851  0.27395253392260283 8.3889814586620943  0.27384366022616097 8.3899283890540612  0.27373644868987701 8.390957367987923  0.27363085589928549 8.3920644029169935  0.27352684156524376 8.3932457087987267  0.27342436771532269 8.3944976923246752  0.27332339805171618 8.3958169397454618  0.27322389745987297 8.397200208379326  0.27292970011890461 8.4015328484661573  0.27273930775228705 8.4046650534252318  0.27255438017637951 8.4080164203229799  0.27237465553727996 8.411564978287803  0.27219987153012365 8.4152912133781772  0.27202975881614888 8.4191780656884418  0.2718640379657864 8.4232110734346151  0.27170241698978959 8.4273786250757983  0.27154458657620589 8.4316722808527036  0.27139021009527692 8.4360871248679228  0.27121999240381794 8.4411889819963886  0.27120112732208118 8.4417577322481261  0.27118230949269084 8.4423283576274386  0.27116353815954081 8.442900857028043  0.27114481255362338 8.443475230278862  0.27112613189198542 8.4440514782629492  0.27110749537951673 8.444629602752622  0.27108890220656334 8.445209606595407  0.27107035155145498 8.4457914935430516  0.27105184257836878 8.4463752683785085  0.27102414036896488 8.4472537710729281  0.27101491651305504 8.4475470783353508  0.27100570276065622 8.4478408596144483  0.27099649900022482 8.448135115882053  0.27098730512270019 8.4484298481426929  0.27097812101501351 8.4487250573461665  0.27096894656916098 8.4490207445107934  0.27095978167205292 8.4493169105897206  0.27095062621466065 8.4496135565828769  0.27094148008542257 8.4499106834659177  0.27092320626246502 8.4505059009783263  0.27091407830620279 8.4508040025032738  0.27090496156990956 8.4511025004908031  0.27089584533516697 8.4514018303040643  0.27088675906979914 8.4517007836243216  0.27087764610777332 8.4520016706798557  0.27086858206752373 8.4523014060907595  0.27085949755536221 8.4526028082222897  0.27085043245640217 8.4529042569363302  0.27084137206284858 8.4532063448565111  0.27079610896382134 8.4547193482275595  0.27076001765303742 8.4559381625111527  0.27072403843674592 8.457165516778387  0.2706881644623283 8.4584015422352099  0.27065238910180761 8.4596463729549498  0.27061670594627651 8.46090014577711  0.2705811088131112 8.4621630004411514  0.27054559173851678 8.4634350794445314  0.27051014898377695 8.4647165281663046  0.27047477503099171 8.4660074947788555  0.27036884369425224 8.4699094013374392  0.27029847669321755 8.4725493413315629  0.2702283209757127 8.4752291470887027  0.27015833706385739 8.4779500404660872  0.27008848847536654 8.4807132615735412  0.27001874158636457 8.4835200620307543  0.26994906549983239 8.4863716981334267  0.26987943190776148 8.4892694241409039  0.26980981495896078 8.4922144854332622  0.26974019112282932 8.4952081117820892  0.26953123492042291 8.5043383080603618  0.26939181793898714 8.5106241972211407  0.26925211775005503 8.5171188641563695  0.26911199962615712 8.5238316650065205  0.26897136123918841 8.530771474798339  0.26883012961075986 8.5379465523575284  0.26868825823037268 8.5453644209103921  0.26854572436383556 8.553031764852097  0.26840252652735475 8.5609543421413896  0.268258682149282 8.5691369128202535  0.26782531191214576 8.5944757242190679  0.26753394892334209 8.6124230471059864  0.26724040922846048 8.6314548226417322  0.26694523361072675 8.6515836292737607  0.26664915870738198 8.6728031272186019  0.26635305993626279 8.695086627671639  0.26605790589969469 8.7183862339489586  0.26576472062897977 8.7426327289344847  0.26547455009051668 8.7677363860037989  0.26518842931855097 8.7935888778378786  0.2647668052179874 8.8333052507836936  0.26462752340781942 8.8467003165932994  0.26448962465651171 8.860236199751423  0.26435322975723802 8.8738964835533221  0.26421845560920953 8.8876639017269294  0.26408541417381493 8.9015204715497092  0.26395421156455601 8.9154476497812549  0.26382494727973449 8.9294265122441097  0.26369771356883098 8.9434379561689195  0.26357259494024105 8.9574629260798222  0.26338820423727738 8.9784925309467134  0.26332728854687765 8.985501090778655  0.2632669302968339 8.9925059959508502  0.26320713854489031 8.9995049185818843  0.26314792184011054 9.0064955563166826  0.26308928821906102 9.013475639439827  0.2630312452032621 9.0204429381232227  0.26297379979436564 9.0273952695161181  0.26291695847242724 9.0343305049867286  0.26286072719087261 9.0412465772425996  0.26279120742012929 9.0498652151049193  0.26277734193242697 9.0515876200446765  0.26276351499621564 9.0533086710772643  0.26274972669356744 9.0550283371958944  0.26273597710612301 9.0567465876984841  0.26272226631087764 9.0584633921324009  0.26270859438573685 9.0601787203598843  0.2626949614035371 9.0618925424937267  0.26268136743734527 9.0636048289512114  0.26266781255661065 9.0653155504152583  0.26264078110220712 9.0687338053012514  0.26262730427473291 9.0704413689821717  0.26261386934713071 9.0721469958133234  0.2626004649888472 9.0738519798698913  0.26258710407681002 9.0755548296778592  0.26257377852158365 9.0772564554407982  0.26256048555698275 9.0789571631849793  0.2625472331638109 9.0806560266718268  0.26253401294577594 9.0823539926610053  0.26252082862387954 9.0840506244697306  0.26248137829552259 9.0891370582497419  0.26245521557207147 9.0925233238158807  0.26242918687932587 9.0959052021330002  0.26240328888933656 9.0992829843856811  0.26237751841216994 9.1026569500707275  0.26235187239407015 9.1060273667281013  0.26232634791963372 9.1093944902900557  0.26230094220975436 9.1127585647142126  0.26227565262319519 9.1161198222970938  0.26225047665560752 9.1194784834574687  0.26202489421541031 9.149684944035835  0.26183149506697595 9.1763824186668206  0.26164398582657061 9.2030351948453539  0.26146161933325729 9.2297085355277577  0.26128395417223887 9.2564376288312129  0.26111073559955911 9.2832370418509491  0.26094181752380935 9.3101077332910727  0.26077711297360456 9.3370422300845881  0.26061656361045693 9.3640283995154618  0.2604601219037424 9.3910520723700834  0.2601553635037448 9.4451451246221438  0.26000704673001268 9.4722145190222857  0.2598627477613506 9.4992920155214513  0.25972242346781788 9.5263625231283466  0.25958602615653137 9.5534116208802917  0.25945350194459382 9.5804262859390583  0.25932479122787855 9.6073951516549663  0.25919982973976696 9.6343082842145478  0.25907854944200881 9.6611566594142495  0.25896087932911532 9.6879317130285152  0.25884674697692928 9.714625530970288 
 0.70222080916965324 12 1.780995885490388 10 2.3203834236507555 10 2.5900771927309392 10 2.8597709618111229 10 5.0173211144525922 10 5.5567086526129597 10 5.691555537153052 10 5.8264024216931434 10 6.0960961907733271 10 7.174871267094062 10 7.7142588052544294 10 7.9839525743346131 10 8.1187994588747046 10 8.2536463434147969 10 9.3324214197355317 10 10.411196496056267 10 10.428052356623779 10 10.444908217191291 10 10.478619938326313 10 10.546043380596359 10 10.680890265136451 10 10.950584034216634 10 11.489971572377002 10 11.557395014647048 10 11.624818456917094 10 11.759665341457186 10 12.029359110537369 10 12.568746648697736 10 12.636170090967783 10 12.669881812102805 10 12.703593533237829 10 12.838440417777921 10 13.108134186858104 10 13.647521725018471 10 14.726296801339206 10 15.265684339499574 10 15.535378108579756 10 15.602801550849803 10 15.670224993119849 10 15.805071877659941 10 16.883846953980676 10 17.962622030301411 12
1 0 0 1 0 
1 2.9682787332635132 1.2000000000000028 1 0 
1 0 1.5707963267948966 1 0 
2 0 0 0.98501869923585761 0.17244756349597712 0.17244756349597715 -0.98501869923585772 4.8499999999999996
1 0 4.7123889803846897 1 0 
2 0 0 -0.9122146240256872 0.40971267946412671 0.40971267946412671 0.9122146240256872 6.4000000000000004
8 0 35.729639019064507
1 0 0.85824697147654805 1 0 
7 0 0  10 29 4  0.46184552083269687 -0.12440888619042964  0.44341957508678043 -0.11712893619884224  0.42512999002784468 -0.10860176594118909  0.40572372589970973 -0.098346937480793178  0.38657051811605264 -0.086714356232193035  0.36645574502295192 -0.073050864100175139  0.34643225382886655 -0.057971615497459869  0.32735847815029284 -0.04193684672285089  0.30763166440405904 -0.024121842789958735  0.28856880489137471 -0.0051992462808063949  0.26055652659905587 0.0249071129404041  0.25134100025801892 0.035220733533912744  0.24226137751772753 0.04579187148500892  0.23333166222310553 0.056599876631651586  0.22456585821800154 0.067624098811516153  0.2159779693477592 0.078843887862688047  0.20758199945611905 0.090238593622802801  0.19939195238816348 0.1017875659298737  0.19142183198809931 0.11347015462167624  0.17594945221303587 0.13706126445050115  0.16840474691770538 0.14904853670549756  0.16133944717360416 0.160587658278013  0.15368709418356261 0.17406086714405258  0.14809047358917835 0.18355370175800004  0.14004535243994923 0.19910135236011076  0.13512952036135001 0.2083064892870268  0.12833795526921984 0.22222216078629961  0.12287884362103882 0.23376987805999122  0.11743666517566631 0.24579775112303698 
 0 11 17.864819509532254 9 26.79722926429838 9 35.729639019064507 11
7 0 0  1 2 2  1.8798653007068198 6.2831853071768435  1.9055733860895276 4.7123889803848122 
 0 2 1.5710066855129505 2
7 0 0  10 47 6  0.11743638487406499 0.24579749086768776  0.11012320788140743 0.24185346139276442  0.10222379739805926 0.23763328510237322  0.094881976953484284 0.23374704018546019  0.087528105414422019 0.22988827903213244  0.079758015468289492 0.22583953840953061  0.071742477499052368 0.221691250030535  0.063828573282244033 0.21762815818171458  0.055994363924568885 0.21363735107821685  0.047818236474807874 0.20949201261153244  0.031430390788437977 0.20123798970428608  0.023145896666579638 0.19709022404665721  0.014775593910219471 0.19292306297658829  0.0063242451635323266 0.18873786528571015  -0.0022033869293123492 0.18453598976550378  -0.010802539724137 0.18031879520770033  -0.019468450576774186 0.17608764040371827  -0.028196356843046392 0.17184388414526991  -0.036981495878783771 0.16758888522386164  -0.063494323361869623 0.15479423684558941  -0.081370420103318589 0.14622907089897372  -0.09940292833054698 0.13764160906174075  -0.11754846969409592 0.12904432795945753  -0.13576475442866517 0.12044907637253782  -0.15401058135309775 0.11186707523666742  -0.17224583787042327 0.10330891764223063  -0.19043149996777609 0.094784568834906643  -0.20852963221649823 0.086303366215187347  -0.24447714332760803 0.069444672462170176  -0.26232460352429376 0.061067987473793515  -0.2800062703567488 0.052754100600411968  -0.2974826458194883 0.044513148068874145  -0.31471423190727205 0.036355266106048813  -0.33166153061449949 0.028290590938781415  -0.34828504393597604 0.020329258793939119  -0.36454527386616031 0.012481405898373226  -0.38040272239972317 0.0047571684789441326  -0.41123306066279536 -0.010423802953928632  -0.42612350615512817 -0.017830834417081644  -0.44114237073472884 -0.025455916208578733  -0.4535622787121546 -0.031685327940651688  -0.46998114132260188 -0.040461668686022273  -0.47902611528640548 -0.045030907746289442  -0.49468413942799477 -0.053704909524604418  -0.50437092885278623 -0.059040062802340539  -0.51614531637669825 -0.06580610578389974  -0.52669534752329483 -0.07207509071094699 
 0 11 0.19637583568911882 9 0.39275167137823763 9 0.78550334275647526 9 1.178255014134713 9 1.5710066855129505 11
8 0 35.729639019064507
1 0 22.221105979565319 1 0 
7 0 0  9 42 6  0.40033559790253309 -0.11772232866439729  0.39573104592789476 -0.11638751850685761  0.3919610416854073 -0.11515905955388429  0.3888014274393693 -0.11424583041305283  0.37898080182641747 -0.11062741303574812  0.38135760345531933 -0.111375986876627  0.37205201628389273 -0.10782262820152147  0.36928413830397505 -0.10645537060350427  0.36437431074417026 -0.10422413386642231  0.35511795220728182 -0.09970275741871415  0.35045459680979107 -0.097299923388066048  0.3457643756438209 -0.094757694291199845  0.34105559906995481 -0.092078820868692193  0.33633657744869921 -0.089266053861114761  0.33161562114072607 -0.086322144009049279  0.326901040506482 -0.083249842053066847  0.32220114590662563 -0.080051898733744825  0.30817045129178283 -0.070089396907487847  0.29890482230559995 -0.062962026033862056  0.28977126180549712 -0.055397349331298425  0.28077679959328755 -0.047402627265341848  0.27190875154716143 -0.038962931169445159  0.26315187695823566 -0.03006009080784202  0.25450553586752639 -0.020691641938390574  0.24600084640254583 -0.010889773875475208  0.22943483782579732 0.0094092197697817279  0.2213618024846902 0.019902419168847347  0.21338855142682744 0.030958476643971198  0.20616357461201601 0.04139750300480978  0.19771584740451692 0.05455947703989316  0.19129078209788894 0.065179993548899695  0.18398160724686449 0.077847594934232878  0.177325100294636 0.090160777364132319  0.16443087460437009 0.11541753501425639  0.15827156951566909 0.12822885230529082  0.15237960804853662 0.14126085466686386  0.14676780257381375 0.15447416464779881  0.1414559275224512 0.16780559321873742  0.13645437860079923 0.18120414422410408  0.13175780566539724 0.19464971080816382  0.12734871925865712 0.20815446381536939  0.12321107080432436 0.22174693216493857 
 0 10 4.4662048773830634 8 8.9324097547661268 8 17.864819509532254 8 26.79722926429838 8 35.729639019064507 10
7 0 0  1 2 2  0.030175452829858125 6.2831853071775683  0.030917346348953774 4.7123889803850911 
 0 2 1.570796501994556 2
7 0 0  10 38 5  0.12321078523270257 0.22174683415169982  0.10930859852161141 0.21564098097866885  0.094741539945960018 0.20920235768988904  0.080273955053788384 0.2027672805188791  0.064230173103520041 0.1955979558747509  0.049372954341889125 0.18891211380654893  0.032609514361167095 0.18134664689234178  0.016584567224530035 0.17406831439218717  -0.00015369510094342471 0.16643905211959273  -0.017009698695860082 0.15872117091284277  -0.051188625413869732 0.1430080580083905  -0.068494707154757112 0.13502018438614211  -0.085977452344843372 0.12691962138253929  -0.10359738643902376 0.11872485858955799  -0.12131551527847131 0.11045424740068864  -0.13909332509263181 0.10212600101363427  -0.15689278249683852 0.093758194427139951  -0.17467633449458506 0.085368764443955927  -0.19240690847578606 0.076975509668626277  -0.22768891595989482 0.060216671348959236  -0.24523915479731526 0.051851706032817364  -0.26266942928659559 0.043515142326405264  -0.2799415871172955 0.035225398348962829  -0.29701221379990411 0.027003561966810589  -0.31383632335119188 0.018871590186563803  -0.33037104898277569 0.010850508549145498  -0.3465793337863749 0.0029586105230191354  -0.36243362142183183 -0.004790343101956791  -0.39340547218474498 -0.019987506540198513  -0.40853587519873902 -0.027442329688578952  -0.42320727061280927 -0.034700419373158584  -0.4377339414842733 -0.041923771904302527  -0.45126831842008658 -0.048677074199273196  -0.46505358560149068 -0.055602997521056872  -0.47732978975536289 -0.06179401565342766  -0.48970084831458777 -0.068073502514232234  -0.50120719363330568 -0.07394821174241599  -0.51231107409701404 -0.079656618897258835 
 0 11 0.392699125498639 9 0.785398250997278 9 1.1780973764959171 9 1.570796501994556 11
1 35.729639019064507 0 0 1 
7 0 0  11 182 19  2.3020043702821726 0.4999999999999723  2.2971951198160454 0.66061972483591747  2.2921686688717995 0.82096336595260599  2.286902305714114 0.98101008707783499  2.2813704003138899 1.1407267613775911  2.2755443311164267 1.3000663366494711  2.2693922214604494 1.4589667856562016  2.2628784859099369 1.617350641730334  2.2559631861639402 1.775125119482041  2.2486011968991422 1.9321828207898146  2.2407411812320888 2.0884030259123767  2.228115973430592 2.3212788418103028  2.2237683737552305 2.3986616898140984  2.2192741511606275 2.4757857966921497  2.2146254383189059 2.5526340550923403  2.2098138405308827 2.6291887526937217  2.2048303497608059 2.7054317573116777  2.1996652587852275 2.7813447021771767  2.1943080752056825 2.8569091710021897  2.1887474355944718 2.9321068832598178  2.1829710195334497 3.0069198792876666  2.1709599079132182 3.1557415317321236  2.1647262135619596 3.2297370866856161  2.1582446911621491 3.3033797172759503  2.1515121996954756 3.3765095182719147  2.144514830383232 3.4490853643363923  2.1372400889206018 3.5210584053654044  2.129681148101227 3.592320029780339  2.1218303130972931 3.6627715462680976  2.1136769103966069 3.7323552427534299  2.1052163766338725 3.8009660502037041  2.0788944080472014 4.0036572094770992  2.0600930812902205 4.1345924973099573  2.0399941986085048 4.2606862386791775  2.0185727752723182 4.3813518229038841  1.9958297600349628 4.4961200023837771  1.9717992301056289 4.6046821814842147  1.9465535557484113 4.7069186235847091  1.9202040192066443 4.8029077849007473  1.8928943725805853 4.8929129832909037  1.8647848193539363 4.9773426106218404  1.8216434466443381 5.0963488401980328  1.8071012598919196 5.1347418120448607  1.7924070248782766 5.1719407306590606  1.7776076785599191 5.2079476854644824  1.7626842639675677 5.2429226710277916  1.7476291237823693 5.2769886773701868  1.7324691182047069 5.310180787601789  1.7172261470115047 5.3425491600876214  1.7018981068615469 5.3742012089288167  1.6865015176189029 5.4051857386090214  1.6555812947685844 5.4659767432602333  1.6400578325968371 5.4957825935203823  1.6244790338591617 5.5250678165625038  1.6088521010540542 5.5538990348606436  1.5931835288163529 5.5823400467207343  1.5774792077602637 5.6104514045859748  1.5617445282847799 5.6382899931813792  1.5459844844246586 5.6659086078618239  1.5302037776572548 5.6933555327535093  1.5144069207436626 5.7206741190645909  1.4669811831586714 5.80235885172588  1.4353183829931555 5.8564512282026397  1.403624834257601 5.9105213521507221  1.3720023654533535 5.9646493245533714  1.3402982502709941 6.0192891598454112  1.308820249918303 6.0738979935999273  1.2772432581647255 6.1289692305330927  1.2457961584616337 6.1837894092832206  1.214339700206029 6.2381990000678043  1.1828972889611038 6.2915582615491878  1.1199684201808711 6.3948119474234115  1.0884811750385255 6.4447042517716691  1.0569638545352886 6.4921524943844826  1.0252980076846407 6.5363630532198513  0.99371748742338328 6.5760184686182157  0.96163511826760506 6.6109116700063231  0.92985168853395228 6.6374312677078695  0.89764064506714492 6.6578052760578341  0.8650348121585929 6.6650777274952242  0.83399070588507807 6.662160334953966  0.80069632741825614 6.6446064056570142  0.79873667692610328 6.6435206450319679  0.79677544873445372 6.6423810576644273  0.79481214759532615 6.6411868415254256  0.79284620306756026 6.6399370427458102  0.79087696952282049 6.6386305556250003  0.78890372613768156 6.6372661226188567  0.78692567690193871 6.6358423343532911  0.78494195061158722 6.6343576296118449  0.7829516008735824 6.6328102953448607  0.77895561133301039 6.6295866379830706  0.77694969800168934 6.6279098781736794  0.77493554654923791 6.6261668558450912  0.77291450212690149 6.6243589514165029  0.7708699573408776 6.6224630274907215  0.76882545579046546 6.6205076482043079  0.76677696701091513 6.6184863642678913  0.76470295172696501 6.6163699592259846  0.76262976271596816 6.6141903643513196  0.7605414426476379 6.6119255016511067  0.75424586700032425 6.6048884198241611  0.75000502228491051 6.5998701391471037  0.74571945414998442 6.5945088617790599  0.74138861103678366 6.5887880012021585  0.73701231896745723 6.5826904882980015  0.7325907815382775 6.5761987713139307  0.72812457992863167 6.5692948159099149  0.72361467289135906 6.561960105105662  0.71906239676128492 6.5541756393299426  0.71446946544904744 6.5459219363826575  0.70057498043592514 6.5196932216097041  0.69115654208666644 6.5002636427367477  0.68160413232719275 6.4786112344136049  0.6719108803513909 6.4551052458744076  0.66217386332503458 6.4280811352332474  0.65227404473656281 6.4001712919660649  0.64242846913020546 6.3675973003865431  0.63253239981740739 6.333025607767623  0.62267021819893953 6.2950754283356511  0.61285831296441795 6.25405327945876  0.58366721740228045 6.1214168532812474  0.56453155040191783 6.0202657088354377  0.54596147257203209 5.9059166220595465  0.52818959245541341 5.7785105014006621  0.51144990475296537 5.6378926590816949  0.49596060272394188 5.4853243148631297  0.48187841478294396 5.3222662113220043  0.46929285877718252 5.1501483643441199  0.45824516506470336 4.971431773772105  0.44870503283160501 4.7882317568157848  0.43959241711181446 4.5797894192974518  0.43860240347529456 4.556596489502426  0.43763475125261025 4.5333754973859444  0.436689313671285 4.5101310448115282  0.4357659350007323 4.4868677278348192  0.43486445054085326 4.4635901365738526  0.43398468663669365 4.4403028553790209  0.43312646066325239 4.4170104626531819  0.43228958103831333 4.393717531007062  0.43147384721361159 4.3704286271497246  0.42988425214586529 4.3238679967520461  0.42911038230374249 4.3005962571070526  0.42835676980489229 4.2773201177131019  0.42762569699043279 4.2541303768429497  0.42691469467325549 4.2309584226711605  0.42622265571539081 4.2077791660918775  0.42555071104080966 4.1846415205166236  0.42489857770900685 4.161547534530218  0.42426417540439509 4.1384389646706135  0.42364871588540898 4.1153657580158747  0.42185616780042529 4.0461822919906218  0.42073324586681804 4.0001222361226256  0.41967981741879212 3.9541107264901294  0.41869345126216856 3.9081352836647278  0.41777190163962258 3.8621846573147316  0.41691310824168848 3.8162488263028815  0.41611519619191051 3.7703189985509811  0.41537647606296774 3.7243876111898375  0.41469544386248786 3.6784483304251503  0.41407078104312395 3.6324960516341958  0.41236250140435027 3.4945885946632091  0.41144414058950413 3.4025808592673457  0.4107362109031108 3.3104682057842481  0.4102301867989197 3.2182273906083521  0.40991676134983485 3.1258451756302099  0.40978865429326772 3.0333161717005734  0.40984177113645515 2.940640766243249  0.41007233029285001 2.8478231700646734  0.41047196603658237 2.7548696505891708  0.41102720600787979 2.6617870513060171  0.41314792648448734 2.3821710858657807  0.4151658864422918 2.1952668889579128  0.41772706468955534 2.0079373231799003  0.42077905572734947 1.8202357376939806  0.42427442529492726 1.6322185959575355  0.42816907153649392 1.4439479348957558  0.43242188725148661 1.2554831514730811  0.43699511180906742 1.0668669342392885  0.44185476137400614 0.87811015765210054  0.44697052602564252 0.68918055675927692  0.45231452240525372 0.49999999999997136 
 0.85824697147654805 12 3.5286043474876445 10 4.8637830354931921 10 6.1989617234987406 10 8.8693190995098377 10 10.204497787515386 10 11.539676475520933 10 14.210033851532028 10 16.880391227543125 10 17.047288563543816 10 17.214185899544511 10 17.547980571545899 10 18.215569915548674 10 19.550748603554222 10 19.717645939554913 10 19.884543275555608 10 20.218337947556996 10 20.885927291559771 10 22.221105979565319 12
1 6.2831853071795862 0 0 1 
1 0 0 0 1 
1 0 52.393133537653902 1 0 
1 0 0 1 0 
7 0 0  9 34 5  0 2.1495070157811775  0.13440670685754982 2.1495070157812477  0.26878964413498146 2.1495070157809577  0.4031752009101327 2.1495070157814662  0.53769217288117221 2.1495070157810456  0.67195244802942222 2.1495070157810297  0.80646190846942289 2.1495070157814617  0.94082868773192341 2.1495070157809786  1.0752425076175949 2.1495070157812322  1.3440560895478577 2.1495070157811487  1.4784628701920401 2.1495070157811917  1.6128696424173901 2.1495070157810949  1.7472764081253105 2.1495070157812237  1.8816831692186318 2.1495070157811687  2.0160899275981037 2.1495070157811997  2.1504966851667286 2.1495070157812175  2.2849034438257005 2.1495070157812082  2.6881237287803521 2.1495070157811189  2.9569372438182411 2.1495070157811602  3.2257507520780551 2.1495070157809599  3.494564255047159 2.1495070157812286  3.7633777542129154 2.1495070157809604  4.0321912510620086 2.1495070157811682  4.301004747082537 2.1495070157810976  4.5698182437609818 2.1495070157811491  5.3762587402329753 2.1495070157812206  5.9138849814641592 2.1495070157810652  6.451514440857081 2.1495070157813418  6.989137810835488 2.1495070157810616  7.5267657256848235 2.1495070157811633  8.0643959799385847 2.1495070157812717  8.6020179526515612 2.1495070157811029  9.1396473364609534 2.1495070157812015  9.6772741576012749 2.149507015781178 
 0 10 0.11180139239424614 8 0.22360278478849227 8 0.44720556957698454 8 0.89441113915396908 10
8 0 0.89441113915396908
1 0 1.0331471443716861e-06 1 0 
1 9.6772741576012749 0 0 1 
7 0 0  14 28 3  -2.6160346805257948 -7.3182669628743957  -2.2847368967223098 -7.2182722289901315  -1.9540916328846405 -7.1168756087614486  -1.6241380111354362 -7.0140752601133505  -1.2946275926663655 -6.9099404749918225  -0.96585985248743367 -6.8044011559298019  -0.63751721987532106 -6.6978000466484584  -0.30945842293701853 -6.5900922884313671  0.018155081650114088 -6.4813767730544942  0.34538996624032786 -6.3721455504846487  0.67255487559989746 -6.2623954231265744  0.99983763269438131 -6.151757462606863  1.3273974724385595 -6.0409568753639391  1.6551650340905775 -5.9294531595005084  2.311096237497932 -5.7050653289490976  2.6392387108310937 -5.5921759947816296  2.967763571698709 -5.478396154953356  3.2953140533045184 -5.3640983375233731  3.6266764392469493 -5.247289433366797  3.9490210505397565 -5.1326911917237847  4.2871718947628024 -5.0107011718698482  4.6030588305694868 -4.8956934071628693  4.9412553719063919 -4.7706704058880973  5.2606346472657926 -4.6512980668282777  5.5896274134418515 -4.5269051420377675  5.9129912910629967 -4.4035570872422847  6.2362497815944851 -4.2795356305784749  6.5579418602565767 -4.1558538496624955 
 -0.88872965758982436 15 3.9499074212108134 13 8.7885445000114508 15
7 0 0  10 29 4  1.1102230246251565e-15 5.7657685467319171  0.2637515444780556 5.7657685467321578  0.52367565942437966 5.7657685467309321  0.77989083243505086 5.7657685467339714  1.0331733749966177 5.7657685467288298  1.2830588263472336 5.7657685467354227  1.5306500801736862 5.7657685467288982  1.7755313043086622 5.7657685467337654  2.0183455705052511 5.7657685467311977  2.2591721803996099 5.7657685467320103  2.7373966158745042 5.7657685467319357  2.974789203535154 5.7657685467317394  3.2106942904373916 5.7657685467324011  3.4453365958972375 5.7657685467311044  3.678934681276032 5.7657685467328559  3.91170220202646 5.7657685467311035  4.143849159740947 5.7657685467323985  4.375583154197729 5.7657685467317252  4.6071106354083753 5.7657685467319721  5.3016931961781522 5.7657685467319322  5.764748879813876 5.7657685467318798  6.2294548854511422 5.7657685467319064  6.6974646152237876 5.765768546731791  7.170468794970982 5.7657685467323052  7.6502331032022175 5.7657685467315725  8.1386398286786363 5.7657685467320805  8.6377335564793736 5.7657685467317448  9.14977088269098 5.7657685467320752  9.6772741576012749 5.7657685467319189 
 0 11 0.25 9 0.5 9 1 11
8 0 1
1 0 0 0 1 
7 0 0  7 8 2  0.89722705550809279 4.7123889803846897  0.89910924299044759 4.7159782988683334  0.90101922832365577 4.7184059589895329  0.90311769712259371 4.7197256322862957  0.90536135211994795 4.7198558887470927  0.90827133524627834 4.7188357055325536  0.91163723656102214 4.7163468874185828  0.9173228239083554 4.7123889803846888 
 1.0331471443716861e-06 8 0.89441217230111347 8
1 0.89441113915396908 0 0 1 
8 0 0.89441113915396908
7 0 0  1 2 2  0 0.70222080916965324  22.44441542326582 0.70222080916965324 
 0 2 0.89441113915396908 2
8 0 0.89441113915396908
1 0 0.89441217230111347 1 0 
7 0 0  9 10 2  0.32254535570209653 4.7123889803846915  0.28991444158526397 4.8942440716576927  0.25771965804472763 5.0736685670402952  0.2259478240363785 5.2507359257050528  0.19453910066281427 5.4257796353430594  0.16345773474087474 5.5989989517365224  0.13260274164087923 5.7709566715337335  0.10191273030992572 5.941994932729366  0.071302158396932547 6.1125904707281196  0.040691712365129806 6.283185307179588 
 0 10 1 10
1 0 1 1 0 
7 0 0  10 11 2  0 17.962622030301407  2.2729600352981403 17.962622030299826  4.5267917447329591 17.962622030307518  6.7661728608615963 17.962622030290156  8.9968709872804222 17.962622030311959  11.221896957645043 17.96262203029957  13.448060920512457 17.962622030293982  15.677963505816029 17.962622030310904  17.91771709407212 17.962622030295819  20.171454410051151 17.962622030302985  22.444415423265816 17.962622030301407 
 0 11 1 11
8 0 1
1 1 0 0 1 
1 22.44441542326582 0 0 1 
7 0 0  11 242 25  4.9541212538003796 0.49999999999997163  4.9494208397252377 0.64818278172739507  4.9446628385373952 0.79627430837724267  4.9398335941320033 0.94425037361504494  4.9349558751169278 1.0921612163294627  4.9299234931679186 1.2398314237995065  4.9249194645891796 1.3876022214183892  4.9196847382509503 1.5350375986021678  4.9143837979434881 1.6824375644037044  4.9089533221759032 1.8297056905628861  4.9033956228450606 1.9768638770151337  4.8920176247172051 2.2709622948491415  4.8861970684105689 2.4179007671036867  4.8802388817999045 2.5647344179122449  4.8741374563784756 2.7114599044332039  4.8678871171756066 2.8580681701818591  4.8614818856767377 3.0045447747053409  4.8549155362840501 3.1508670082208656  4.848181946851013 3.2969977916181734  4.8412757427069932 3.4428763613832909  4.8341932346950935 3.5884057398441533  4.8251187548782299 3.7696948030934037  4.8232927975034672 3.8059214095212095  4.8214557590118012 3.84211457864129  4.8196076357232123 3.8782718177611448  4.8177484400229895 3.9143903726270661  4.8158782003013467 3.9504672273500456  4.8139969610236371 3.9864991045005005  4.8121047826658501 4.0224824650098672  4.8102017417621381 4.0584135082547714  4.8082879308764861 4.0942881719978468  4.8044389863565744 4.1659160928449293  4.802504096720857 4.2016640613328269  4.8005568327639825 4.2373876929206293  4.7986053139295546 4.27290127396647  4.7966330898569947 4.3085885670085782  4.7946595219656194 4.3439709997022664  4.7926684400582023 4.3794584386766671  4.7906691274201378 4.4147986908917209  4.7886573882326111 4.4501056084277559  4.7866341627957656 4.485345755685632  4.7805286669361235 4.5908915378715891  4.7764106533600499 4.6610194559401217  4.7722430058898864 4.7309263233980454  4.7680233970328274 4.8006299103064727  4.763749181647654 4.8701498221143247  4.7594174559311186 4.939506451128703  4.7550251163549708 5.008719927930839  4.7505689186613465 5.0778090728666134  4.7460455368026686 5.1467903474535923  4.7414516219244307 5.2156768058645522  4.7321161007167261 5.3532772868429817  4.7273743852980861 5.4219903104529692  4.7225560040095669 5.4906357783960944  4.7176551786628558 5.5591864304727618  4.7126732570692162 5.6277039783619429  4.7076009032531019 5.6961271072691426  4.7024363498688215 5.7644557558756944  4.6971801671725402 5.8327337414113396  4.6918170450936749 5.9008617015272398  4.6863484774668116 5.9688554695689797  4.6751848684673805 6.1045097460882944  4.6694900566799822 6.1721706288853175  4.6636764105040065 6.2396318006546378  4.6577376230810916 6.3068566190932422  4.6516668860857013 6.373804736580694  4.6454567810891669 6.4404313342213975  4.6390990844170243 6.5066861091671813  4.6325844849734175 6.5725120143717328  4.6259022155814389 6.6378437516816016  4.6190395973590608 6.7026060174595905  4.6049233976071768 6.830816985211893  4.5976697979942864 6.8942665105211702  4.5902053989608458 6.956973661533481  4.5825123543477053 7.0188442539866367  4.5745691953488983 7.0797727124080891  4.5663495908487928 7.1396417528560292  4.557820443912501 7.1983199638783031  4.5489388240257158 7.2556518775885577  4.5396472346663588 7.3114351237800816  4.5298667158691437 7.3653792590219513  4.5142975640635221 7.4428716656933425  4.5089572555566244 7.4681367920400143  4.5034755390111672 7.4926579535488118  4.4977596426851081 7.5167515329316128  4.4919244060552543 7.5396488607421386  4.4858156373048308 7.5619475095514916  4.479578121675722 7.5827122769370723  4.4731192953174617 7.6022305449749732  4.4665027788002263 7.6200089106918529  4.4597244745690361 7.6359284229144881  4.4458895140286998 7.6636135694473912  4.4388323395971154 7.6753816507212083  4.431653718957608 7.6848800804729311  4.424374961366019 7.6919344386882065  4.4170202377478329 7.6964025449800788  4.4096163971364888 7.6981843763868607  4.4021927991801162 7.6972304030907237  4.3947811627424684 7.6935483417947061  4.3874154305455306 7.6872083269933489  4.3801316499220633 7.6783464999682245  4.3711769245363632 7.6643721445126989  4.369393484378099 7.6614324404873617  4.36761813704421 7.6583510639224963  4.365851479145701 7.655131449053866  4.3640941160206959 7.6517773039768153  4.362346661692607 7.6482926106107563  4.3606097389327756 7.6446816247513194  4.3588839791864968 7.6409488760108033  4.3571700226422152 7.6370991678708888  4.3554685181806363 7.6331375776474477  4.3520917286262693 7.6250013353659831  4.3504164982389284 7.6208269511418312  4.3487541077339973 7.6165490035679868  4.3471042515793776 7.6121701391445855  4.3454666431919637 7.6076929509925035  4.343841014979847 7.6031199790969612  4.3422271182896717 7.5984537099848648  4.3406247234591948 7.5936965770705589  4.3390336197747521 7.5888509603538985  4.337453615499129 7.5839191866340796  4.332746382573073 7.5688722148999448  4.3296518919125235 7.5585053926444328  4.3265996288555595 7.5478212737727635  4.3235883360663676 7.5368372919339111  4.3206169087369339 7.5255701176295169  4.3176843673730261 7.5140356724890056  4.3147898306603487 7.5022491436691432  4.3119324882407355 7.4902249980980162  4.3091115735710313 7.4779769968771728  4.3063263367196569 7.465518209551778  4.2980753781646044 7.4275466663087837  4.2927143841001163 7.401438629574443  4.2874873265354854 7.3746360464415259  4.28238835788384 7.3472264929758149  4.2774114567699044 7.3192861860514062  4.2725503305092554 7.2908794644444228  4.26779825480991 7.262057558461338  4.2631478505998333 7.2328566476181679  4.2585907980972948 7.2032952069170486  4.2541174880009445 7.1733706412027258  4.2486163903889755 7.1354763497126203  4.2475207408449069 7.1278733837838217  4.2464293570154128 7.1202450149273  4.2453420961111767 7.1125910194610338  4.2442588389870517 7.1049112929876985  4.2431794071915094 7.0972052796897147  4.2421035356617551 7.0894717843173938  4.2410309000539383 7.0817091654660169  4.2399611998000308 7.0739159116557326  4.2388942959189109 7.0660915988643893  4.2367665126739249 7.050384862156295  4.2357055558318653 7.0425018849348024  4.2346473132093667 7.0345881803494983  4.2335915705667038 7.0266426305544023  4.2325381200481464 7.0186641184611425  4.2314867600841222 7.0106515275701664  4.2304372955136387 7.002603742183636  4.2293895374584869 6.9945196471855988  4.2283433034306297 6.986398128229939  4.2272984172560228 6.9782380716073638  4.2241672928445091 6.9536389497515376  4.2220845707880565 6.9370810760531842  4.2200051995109247 6.92035574270834  4.2179279161540961 6.9034541525287807  4.2158515385112718 6.8863677117708715  4.2137749649048004 6.8690880299441721  4.2116971743550282 6.8516069200690088  4.2096172263921003 6.8339163983949573  4.2075342612263738 6.8160086846514494  4.2054474996238591 6.7978762018670809  4.19917372968614 6.7427823256855444  4.1949731610173195 6.7051250487750229  4.1907488198336829 6.6664815093363394  4.1864960480977915 6.6267983018288801  4.1822111664368773 6.5860270854121046  4.1778913938002065 6.5441248176878801  4.1735347669700884 6.5010539885655936  4.1691400602540751 6.4567828539911778  4.1647067049981352 6.4112856698044425  4.1602347092408536 6.3645429254929571  4.1467043133594386 6.220538883064588  4.1375314807605656 6.1195007561296162  4.1282106015655655 6.0133228696351733  4.1187542652261486 5.901997938323424  4.1091816792508586 5.785621842522497  4.0995173482343796 5.6643962437919182  4.0897898817247587 5.5386276935897207  4.0800309302898654 5.4087232341284999  4.0702742504611731 5.2751824923135988  4.0605548979585695 5.1385862659667128  4.0460853754649495 4.9300792714031978  4.0412804325794855 4.8599749727812949  4.036498145995588 4.7893486681531545  4.0317429580499864 4.7182849244369756  4.0270192884264793 4.6468718769250525  4.0223314942257584 4.5752001917929972  4.0176838299899273 4.5033620286752054  4.0130804077702242 4.4314500031532891  4.0085251571611709 4.3595561493374468  4.0040217853573186 4.2877708823672798  3.9973497131149016 4.1803875002698287  3.9951395188437968 4.1446417728574438  3.9929435879730564 4.1089560027024961  3.9907623362894245 4.0733409848453572  3.9885961617383963 4.037807085397092  3.9864454444903528 4.0023642415416321  3.9843105468474049 3.9670219615275681  3.982191813349838 3.9317893246829434  3.9800895706767223 3.8966749813968593  3.9780041277216855 3.8616871531366748  3.9749015994583123 3.8094068720848919  3.9738716737543518 3.7920129322518101  3.9728461316553032 3.7746554311701015  3.9718248842234058 3.7573323283366613  3.9708079405079992 3.7400434140265268  3.9697954391674455 3.7227915080095211  3.9687875187877641 3.7055800258458191  3.9677841550002877 3.6884095716332266  3.9667850914943865 3.6712762155327319  3.9657899929761111 3.6541741148981162  3.9638079017654118 3.6200361600150841  3.9628208546253836 3.6029994196298869  3.9618376858732889 3.5859931681679722  3.9608582801813581 3.5690157226277486  3.959882527025806 3.5520654651733015  3.9589103205950846 3.5351408430781515  3.9579415599108438 3.5182403687973909  3.9569761487002668 3.5013626198937056  3.9560139955049065 3.4845062390986667  3.9550550136059814 3.4676699342717319  3.9388048404070997 3.1817731848267199  3.9243012282068874 2.917516711283096  3.9102482742875768 2.6530037990344684  3.8965755721786803 2.3868999600979266  3.8832980951017744 2.119338506915093  3.8704389388490372 1.8507743798982774  3.8580097665577417 1.5815452165029924  3.8460138736393032 1.3118092766085661  3.834450975488243 1.0416230107709203  3.823317003868957 0.77101422907615802  3.8126063820645988 0.49999999999997308 
 0.70222080916965324 12 2.8597709618111229 10 5.0173211144525922 10 5.5567086526129597 10 6.0960961907733271 10 7.174871267094062 10 8.2536463434147969 10 9.3324214197355317 10 10.411196496056267 10 10.950584034216634 10 11.489971572377002 10 11.624818456917094 10 11.759665341457186 10 12.029359110537369 10 12.568746648697736 10 12.703593533237829 10 12.838440417777921 10 13.108134186858104 10 13.647521725018471 10 14.726296801339206 10 15.265684339499574 10 15.535378108579756 10 15.670224993119849 10 15.805071877659941 10 17.962622030301411 12
1 0 6.2831853071795862 1 0 
1 0.42213906957539638 0.49999999999997158 1 0 
1 0 0.30053422679340969 1 0 
1 0 0 1 0 
1 6.2831853071795862 0 0 1 
1 0 0 0 1 
1 0 4.7123889803846897 1 0 
2 0 0 0.80783775231848776 -0.58940492526701338 -0.58940492526701338 -0.80783775231848776 6.4000000000000004
1 0 6.2831853071795862 1 0 
1 3.7719146696994708 0.49999999999997158 1 0 
1 0 3.7670323298794051 1 0 
1 0 0 1 0 
1 6.2831853071795862 0 0 1 
1 0 0 0 1 
1 0 7.0124652918465955 1 0 
1 0 0 1 0 
1 6.2831853071795862 0 0 1 
1 0 0 0 1 
1 0 2.3034809125215694 1 0 
1 0 0 1 0 
1 6.2831853071795862 0 0 1 
1 0 0 0 1 
1 0 6.1116807717858546 1 0 
1 0 0 1 0 
1 6.2831853071795862 0 0 1 
1 0 0 0 1 
1 0 1.2221148403681348 1 0 
2 0 0 1 0 -0 1 1.3
1 6.2831853071795862 0 0 1 
1 0 0 0 1 
Curves 54
7 0 0  8 100 15  126.97045139429827 35.565475873142063 139.75328462564377  126.70317062577872 35.431405458265516 139.92509071303976  126.40908221825259 35.301505364684658 140.07845768479962  126.09050077332957 35.181854591150589 140.21158339052329  125.75091697297128 35.078343082735557 140.32526629772252  125.39468980469931 34.995656846846238 140.42179738669381  125.0265803222439 34.937083320519001 140.50438327183613  124.65162594707411 34.904452269201968 140.57675385060892  124.0283742826571 34.894252659704172 140.68527585471995  123.7809152772665 34.901500947614913 140.72534452969376  123.53323005675986 34.920224683656933 140.76362317609392  123.28629992051496 34.950464248494228 140.80108455846343  123.04104795096724 34.992125643351827 140.83860429208747  122.79832586076763 35.045006302918367 140.87691201036063  122.5589044249266 35.108823585804188 140.91655166696171  122.1585983192039 35.235361611046613 140.98677159598938  121.99568012152288 35.292686488434462 141.01650320146783  121.83495056063708 35.355090867626998 141.04716526096684  121.6766205003439 35.422449531213275 141.07881915310352  121.52087401250181 35.494641751462943 141.11146816341594  121.36786837703019 35.571551290326219 141.14505748436295  121.21773408190936 35.653066399433889 141.17947421532418  120.81202239436479 35.89020166601707 141.27616935969863  120.56347695378724 36.054758232410762 141.33960564733965  120.32437419256949 36.232691509456252 141.40413150532197  120.0947570377043 36.424128661634207 141.46825492472823  119.87506008374142 36.629190507308103 141.5296234864955  119.66595822265751 36.847999606622039 141.58471506684992  119.46827947191009 37.080887957716335 141.62831236960474  119.07705737558766 37.604318477235005 141.67993183314152  118.81482187167779 37.998850024579568 141.69566149021216  118.51664079868038 38.509491480344899 141.65237365180096  118.26305359831585 39.174089530880877 141.44198238361707  118.10869901559421 39.912472288997357 140.93957789106355  118.05350192599032 40.710462076648312 140.11939927610374  118.12067341939678 41.733448270214502 139.08518819914065  118.70359321869061 43.248792475977837 137.56324572998241  118.83395513444461 43.539133790623112 137.27216827370341  118.9816686024235 43.823908929575801 136.98267740012679  119.14574000650221 44.100147835357497 136.6937079147032  119.32467500103159 44.365320172830479 136.40423672267576  119.51647851083877 44.617335329197665 136.11328282907985  119.71865473122691 44.854542414002722 135.81990733874321  120.13277470045496 45.29165649639463 135.23357731637194  120.34460532105632 45.492531055897516 134.94094980324653  120.56135176541338 45.677572869334533 134.64476448040287  120.780621749717 45.846476857197921 134.34459045392848  120.99991745273493 45.999295867724612 134.04006658284715  121.21664679994868 46.136371682579828 133.73088253842519  121.42820650980799 46.258315089275619 133.41680671244035  121.93779258353136 46.527488193427999 132.61956769794557  122.22589823945717 46.656657155038864 132.13145893463837  122.48780315386841 46.757065782073866 131.63035538483427  122.71968886834171 46.833618777173726 131.11734634864499  122.91207922936177 46.889033543240913 130.59465600262956  123.04473288283168 46.924440705597725 130.06343016652048  123.09419224344101 46.94000676195499 129.52436981731552  123.04999039396755 46.928497086445084 128.79799357334366  123.028982841046 46.922757037151129 128.61293998821643  122.99853017577537 46.914095912365703 128.42835066131869  122.95905109643321 46.902394292919276 128.24446185345914  122.91109313159174 46.887529620606891 128.06147227760533  122.85533264011839 46.86937619818832 127.8795430988838  122.79257481117546 46.847805189387906 127.69879793458014  122.57424069413831 46.768110534172436 127.12941577586872  122.40022103457548 46.698207032887709 126.75863375108428  122.20788965136263 46.612902798109495 126.3918106060451  121.99563387978749 46.506874262042494 126.02261284398097  121.75593047524295 46.372378507269197 125.65741558517747  121.47853882316601 46.197377670485075 125.31624105618249  121.15499030826685 45.958954848726862 125.0307596281351  120.47096079074407 45.318636169237578 124.67749009133463  120.12825213921252 44.954864293707487 124.57501725707371  119.80282905677102 44.521994390497483 124.61000656476455  119.54583644627647 44.082165016191254 124.61172641655557  119.37628862950088 43.693132969118061 124.44179569311903  119.27406470744319 43.378141873250065 124.11646324605454  119.20259359657756 43.130891151841482 123.77001314298867  119.11849581722417 42.774522368173194 123.13830176545966  119.09516980698908 42.635010582537845 122.80529726176461  119.08459874480072 42.526464842148286 122.4657097161174  119.08170521378787 42.440512738027095 122.12341879494534  119.08298634574064 42.371014643974469 121.78075626927233  119.08651382111047 42.314063716568256 121.43850601471895  119.09193386901016 42.267985895163889 121.09590401150237  119.11498664180924 42.174390566295003 120.1631770030753  119.13479330651714 42.140866068429467 119.57544320548776  119.15913336337583 42.138265438105861 118.98823084288551  119.18097817904214 42.119799932579582 118.40001497746952  119.20067108406045 42.084479894573505 117.81147459910173  119.22164258412506 42.054241919406003 117.223550028464  119.24323017427091 42.027416706657561 116.63512542350291  119.28660849209287 41.985644967965371 115.49553298122683  119.30838831966265 41.970983663303713 114.94446215111216  119.33110788329934 41.963280023040411 114.39302614678715  119.35486074391007 41.965363656441021 113.84217133864495  119.38040521739734 41.985480706449913 113.2921221786099  119.40807993122245 42.02522309590799 112.74269788429933  119.43722845216234 42.074335744899336 112.19411365033309  119.46842724764055 42.135363373770282 111.64657773208998 
 0 9 0.16810384106918008 7 0.27787645743910905 7 0.35474681648143408 7 0.48980470006974031 7 0.63989711016929074 7 0.67579833447756776 7 0.71084554185742965 7 0.76337512282528752 7 0.78135740396354136 7 0.82042365584662724 7 0.85346016229959276 7 0.88758929184564694 7 0.94565919608194005 7 1 9
8 0 1
7 0 0  5 42 11  119.39928194017781 42.020859997484607 112.94333085736545  119.40207916302663 42.024409547895132 112.88718668825824  119.40850183886229 42.030615050434285 112.83113818403915  119.41854840744918 42.039355031825536 112.77560526485604  119.43211747007869 42.050402629797098 112.72096208548513  119.46577128885778 42.076413640134284 112.61471605501509  119.48578011420612 42.091331365344118 112.56308029092817  119.50891192334802 42.107974998218261 112.51292079396576  119.53496328862659 42.126050512495965 112.46445458428745  119.58925078566914 42.162339992824194 112.37648270152751  119.61690843448876 42.180308037996049 112.33658289298202  119.64656298530289 42.198991612390181 112.29824404035408  119.67807293193034 42.218206573239158 112.26153744911721  119.73388003878813 42.251085350679666 112.20272873419367  119.75724664336687 42.264551628094424 112.17972036756399  119.78136868508007 42.278134850191996 112.15750362509092  119.80620742810804 42.291786575514521 112.13609127225477  119.84830023866451 42.314343813962488 112.10211510287074  119.86516122260798 42.323235722319801 112.08908047824552  119.88229889634484 42.332125213952288 112.0763922980431  119.89970343987036 42.341000535828996 112.06405317991062  119.9325027518563 42.357435552400801 112.04179128929982  119.94782921119049 42.365001971645597 112.03177523623135  119.96333866567811 42.372542725479647 112.02201890591705  119.97902519691256 42.3800510613707 112.01252379660653  120.00966799142243 42.394484660317652 111.9946835282484  120.02460186176305 42.401415004138002 111.98630403494056  120.03967987362141 42.408306305199595 111.97815409005523  120.05489734040141 42.415153528613075 111.97023490298366  120.09505984058353 42.432938352977843 111.95012469394939  120.12022209217844 42.443797127375575 111.93830756703713  120.14571677835758 42.454507784134556 111.92710147668586  120.17152418050689 42.465051301149643 111.91651188913859  120.25137242935155 42.496741608254204 111.88601900882271  120.30636172251079 42.517289303346331 111.86813255215922  120.36241972702129 42.536899628271875 111.85293512246584  120.41936309051283 42.555441487659692 111.84048574961366  120.538553152491 42.591376060757 111.82054745617279  120.60089614561764 42.608603905547092 111.81345513627683  120.66377469121868 42.624378150370674 111.80964296952465  120.72691582764259 42.638619159186753 111.80918853119903  120.79001794597806 42.651305732265115 111.81214877299197 
 0 6 0.14056128332633477 4 0.27949011623673647 4 0.40273615932682694 4 0.48643098723348871 4 0.54079035692277067 4 0.58738013614546825 4 0.63081812614805421 4 0.70101665376399303 4 0.84557569015323963 4 1 6
7 0 0  7 50 9  130.48549059778225 37.980251228789143 112.07519464832379  130.4601738684907 37.956134220727748 112.3380039105317  130.43468129229663 37.931964464324309 112.6007970559107  130.40904356850274 37.907792948666874 112.86360152337063  130.38328922790714 37.88366479903965 113.12643786796431  130.3574446328029 37.859619276922963 113.38931976088737  130.33153397697828 37.835689779993281 113.65225398947855  130.25702394570126 37.767405747762204 114.40722848481398  130.20829856817949 37.723387900247324 114.89938045014274  130.15952678029936 37.68000484068191 115.3916689920795  130.11086988440539 37.637450842782357 115.8840819832988  130.06256134209053 37.595990515192469 116.37661578043848  130.01490598238342 37.555950035489708 116.86927459245531  129.92129275200517 37.479150794200429 117.85793090500853  129.87535133766715 37.442411808550858 118.35375313020496  129.83062460361577 37.407638728609875 118.84999610263512  129.78724430227894 37.374902428737414 119.34691894493162  129.74525907383565 37.344170200104031 119.84458570979656  129.70463911088788 37.315324622370333 120.34286664385634  129.6219877381366 37.258319555508308 121.39024964025556  129.58022008084467 37.230444564906549 121.93759832603969  129.53994270302059 37.204609863338085 122.48790553640944  129.50422669036365 37.184464288727135 123.04660100288714  129.47338537146248 37.170268726844093 123.61882601433378  129.44975750998154 37.164805030707122 124.21055768443918  129.41830164713264 37.173718590421828 125.44231926954066  129.41048544902546 37.188522838600896 126.09382969870657  129.41197303002392 37.214780677547012 126.76034053982663  129.41347063654698 37.241999989820847 127.42570474452003  129.41743215282992 37.272532871513576 128.08226662409018  129.41971158268882 37.30147332591492 128.72866273749972  129.4189988081207 37.341334511069007 129.71566074853791  129.41798993572834 37.354483102484835 130.06012027800875  129.41575135042066 37.366222245530274 130.40437246517195  129.41179645850701 37.375882643098358 130.74842052781699  129.40562181449374 37.382764187722351 131.09227739476884  129.3967071210848 37.38613596157586 131.43596570588781  129.36375481737267 37.383704180266577 132.36451998060161  129.33404881739517 37.369973772750441 132.9353098065373  129.29361724872064 37.34287601161882 133.52526883743838  129.2341430934712 37.293074105208674 134.15283423312133  129.16097583378684 37.227974257172413 134.82086860021809  129.05873978243625 37.129733630375746 135.51137777945897  128.80589108906895 36.889524837576523 136.76123829168509  128.66792387879042 36.759268404296151 137.32535668856454  128.48448950841811 36.588298576506375 137.8781287281777  128.27563203863915 36.409720454345717 138.44134966615945  127.97350179762539 36.149559147690276 138.94344506844303  127.53801965622065 35.850173170176113 139.3884559739187  126.97045139429827 35.565475873142063 139.75328462564377 
 0 8 0.074361783208856669 6 0.21347581201655669 6 0.35345183815002457 6 0.50753100381247829 6 0.66095058017518782 6 0.74327122680651747 6 0.88344721737022192 6 1 8
7 0 0  7 50 9  119.37445237320357 42.07264319296651 111.74166955947604  119.55307161800869 42.179269196827981 111.7510282135725  119.73687318461255 42.280095479866183 111.76053523554869  119.92648068306212 42.373979845640768 111.77020232642612  120.12220198681453 42.459338573928001 111.78002114012629  120.32402923273693 42.534146420720703 111.7899632834707  120.53163882110658 42.595936618228308 111.79998031618082  120.99164883213386 42.695103527359592 111.8216528147766  121.24613861891376 42.726988640107891 111.83332443025724  121.50436866939458 42.733640677158022 111.84481165982348  121.76315436855324 42.713713210738305 111.85595532784974  122.01961859289955 42.66832892126908 111.86664402058142  122.27119171047615 42.601079597362713 111.87681408613491  122.5559987074754 42.504302658015121 111.88804178046817  122.59623097528865 42.490118574207337 111.88962071425648  122.63630631654085 42.475490517976191 111.89118657496391  122.67622325925629 42.460434820139703 111.89273952378966  122.71598092724105 42.444967508757927 111.8942797440307  122.75557904008303 42.42910430913301 111.89580744108184  123.0533609740894 42.30645704010351 111.90724942993329  123.30458990082495 42.183841407092345 111.91663757760003  123.54940464788089 42.049139180886954 111.92557530314795  123.78862372119782 41.905724640929087 111.93414545344947  124.02314407600413 41.756117313755915 111.94242250028854  124.25402532976261 41.602136079373572 111.95047839060024  124.76573122381544 41.250248256193274 111.96818576861561  125.05135114649507 41.046497530685699 111.97796792993731  125.33880620876397 40.837505137666902 111.98775848362401  125.62768537535982 40.626481870824911 111.99758375566543  125.91776775180215 40.41613186942017 112.00747144623054  126.20879993338009 40.208333044994362 112.01743637903186  126.79287842318723 39.800999961728202 112.03756957372694  127.08576206734345 39.601573226438916 112.04773214664067  127.37950454715883 39.407955336160995 112.0580130606923  127.67400504736986 39.221553805727851 112.06842735882579  127.96918214239224 39.04385354201041 112.07899201135648  128.26506299861393 38.876551248772238 112.0897317135466  128.77007873077278 38.61283937023525 112.1083649571478  128.98100252150562 38.509123075230853 112.11623625379433  129.1949119945092 38.411265253809482 112.12432043179781  129.4119209079129 38.319847239079053 112.13263056152616  129.63194325781987 38.23520290368235 112.14116747139134  129.85469327830685 38.157418659797017 112.14991974784938  130.30074728089838 38.016490025480508 112.16765148299507  130.52416684997868 37.953235552293719 112.17663451781591  130.74969417858884 37.896689937592051 112.18580346963108  130.97710478200722 37.846921882195723 112.19514938382567  131.20617231355453 37.803946807767858 112.20466248579473  131.43664121728139 37.76772477485396 112.21433094533646  131.66819938065569 37.738158400921478 112.22413964104527 
 0 8 0.11238006241443096 6 0.24298624358007459 6 0.26456717465337409 6 0.40593236482049061 6 0.58111027051243314 6 0.75628821876595953 6 0.87921782038029139 6 1 8
8 0 1
7 0 0  5 42 11  130.3593563081395 37.861517797699747 113.36937439916922  130.3597902558999 37.861920787777443 113.36496056815808  130.36020337441954 37.862329715302444 113.36054492051308  130.360595631835 37.862744568338293 113.356127583633  130.36096699768657 37.863165334836289 113.35170868735081  130.36396479856188 37.866815163640624 113.31389607585561  130.36541832317786 37.870375091296559 113.2804223057494  130.36566539499952 37.874266620066429 113.2469234638027  130.36469900557304 37.878484750812135 113.21345765097362  130.35969833877272 37.88889280613499 113.13694760709598  130.35484930717462 37.895298560473087 113.09396511048563  130.34796774741775 37.902231554383505 113.05126667728973  130.33906808819694 37.909681721862221 113.00898229898378  130.31734321319419 37.92556243454608 112.925683167347  130.30453505301381 37.933988564140961 112.88466309318949  130.28978937655444 37.942908087197495 112.84431109470094  130.27315443099585 37.952311080629407 112.80475162911614  130.23975650375365 37.970179680067638 112.73482948903229  130.22362300873419 37.978481949978587 112.7041515919243  130.20632878705536 37.987088652058468 112.67413444466669  130.18791410524699 37.995993837862514 112.64483786591927  130.14911167340281 38.014305497378004 112.58805503432404  130.12874300562598 38.023706714966067 112.56055471879237  130.10736418179994 38.033388441609368 112.5338718093366  130.08502451448831 38.043343578279092 112.50805648679895  130.03985871704154 38.063200961303323 112.45967495883255  130.0171331255161 38.073073727165152 112.43700731663262  129.99364575325288 38.083175843808171 112.41518976700198  129.9694436936438 38.093499763359986 112.39425657258805  129.90457882813342 38.120985441229827 112.34203972324384  129.86285956780097 38.138485887928994 112.31220739157718  129.81962330264651 38.156502826996174 112.28486741565118  129.77508346197473 38.174994659857951 112.26011732983545  129.68723408623268 38.211414714106354 112.21759001607033  129.64408056697147 38.229282020535926 112.19943003644457  129.60016496161148 38.247473413168322 112.18360496911654  129.55565499852804 38.265943705747461 112.17015235099782  129.46720383959004 38.302746413842577 112.14838146812949  129.42328904497759 38.321064678822566 112.13991385780575  129.37912026286574 38.339550740498133 112.13370554174362  129.33484062572884 38.358154251339556 112.12975966957595  129.29058729505175 38.376820659570754 112.12806536794065 
 0 6 0.011846019632094529 4 0.10133397397297006 4 0.21700375066853117 4 0.33217314276761023 4 0.42537475827801013 4 0.5177374935656085 4 0.60482400346677889 4 0.7448959687963983 4 0.87450689014369598 4 1 6
7 0 0  8 58 9  47.724828643064868 39.322912926297249 140.07533521900123  47.96032671218213 39.079570407090543 140.07057323168527  48.213707407202151 38.849915008121449 140.06707262937076  48.484892109249074 38.638367875327035 140.06505398293953  48.770813822431222 38.447238770308751 140.06453594684777  49.074488555475483 38.28188704141035 140.06588520375755  49.390183554614197 38.139499142376366 140.06877681457476  49.715474457155779 38.018044234347272 140.07303092885704  50.249280888325195 37.848356810055904 140.08150661662359  50.455443806056124 37.789753527938316 140.08512981751517  50.663212387116381 37.736321918892173 140.0890652169133  50.872094585120578 37.686888093908344 140.09323787842683  51.081669486657184 37.640287081479222 140.09757558599759  51.291603357220097 37.595431298536653 140.10201281092014  51.50165750447232 37.551343464925644 140.10649262360013  51.975963000199272 37.451551630298432 140.11659595794617  52.240156167913469 37.395798354611202 140.122215136356  52.503820192075665 37.338198620552916 140.12772425812867  52.766556632753641 37.2773870600724 140.13304171298194  53.028026660545827 37.212370772320718 140.13810658702741  53.287965790938635 37.142589570293808 140.14288217295055  53.546202572466918 37.067994152663609 140.14736051084665  53.961088184988952 36.940441471158557 140.15416657426678  54.119964974883693 36.889737145715841 140.15667908814018  54.279238728386289 36.837184267381481 140.15911099860043  54.438844309373849 36.783011690564962 140.16147177410619  54.598724315576 36.727522081173269 140.16377485430777  54.758829078574877 36.671091916610919 140.16603765004695  54.919116663805113 36.614171485779906 140.1682815433571  55.240066189260396 36.500370950441472 140.17278331317317  55.400388955509428 36.44359618825797 140.17503567945204  55.560696977124607 36.38740861576634 140.17731720327384  55.721156264948903 36.332310474964935 140.17965852516923  55.88192303284459 36.278858236613338 140.18209270922529  56.043143697693267 36.227662600232414 140.18465524308567  56.204954879395849 36.179388494104266 140.18738403795049  56.528960747785973 36.090410328939818 140.19323583417787  56.690608918664275 36.049747802513131 140.19634348782478  56.852415357672776 36.013537079436794 140.19968082006264  57.01438024963273 35.982437828268289 140.20328112204933  57.176516520021309 35.956999802677906 140.20717254555518  57.338849834971633 35.937662841448798 140.21137810296293  57.501418601272718 35.924756868476969 140.21591566726769  57.902255871524702 35.909361444532053 140.22793252487114  58.140427633370372 35.914561311184585 140.23579671454053  58.377904492150485 35.933495849828248 140.2443317426208  58.613695457081185 35.966077100050136 140.25350154102182  58.847696103237944 36.01004995980594 140.26318898985124  59.080882539927416 36.060494237592799 140.27317698314837  59.314706550544038 36.111513580914377 140.28321434252851  59.802528684126294 36.212400863554727 140.30387486894833  60.057057969221695 36.262130786768907 140.31450802533377  60.313789849932313 36.305486038543457 140.32488983248706  60.572905793449422 36.339459108374811 140.33487433075427  60.834228260374097 36.362110115116323 140.34435797189505  61.097219745294723 36.372525724178743 140.35327751552308  61.360995628714448 36.370634766419563 140.3616011358867  61.624335228054314 36.357038470933141 140.36932020855059 
 0 9 0.18916448934117955 7 0.30618816303761898 7 0.45343555293908433 7 0.54437883533052112 7 0.63536582864426439 7 0.72576435162626773 7 0.8578644682523674 7 1 9
8 0 0.0041172554203788439
7 0 0  3 4 2  50.279728937933363 37.842438141563399 140.08217981872531  50.02571835671182 37.942096231827357 140.22360489723974  49.771707775490356 38.057600817285227 140.42136410802195  49.517697194268827 38.190753094079703 140.68240685702787 
 0 4 0.0041172554203788439 4
8 0 0.057678597638980103
7 0 0  3 4 2  60.479973162651007 36.317940052453352 140.33082235408324  60.769236853898946 36.309664731723856 140.52201289304887  61.058500545146927 36.291742847879441 140.66850362254422  61.34776423639488 36.265140384576014 140.7741346221753 
 0 4 0.057678597638980103 4
7 1 0  14 366 29  48.965231305060058 38.00351899396464 133.14799810694322  1 48.965328397902091 38.003383646919119 133.15382412316239  1.0000000000000164 48.965425924142622 38.003248894403569 133.15964831176692  0.99999999999995881 48.965523883198472 38.003114735190906 133.16547067433314  0.99999999999993361 48.965622274401326 38.002981168054852 133.17129121240473  1.0000000000006073 48.965721097274624 38.002848191767406 133.1771099275922  0.99999999999817746 48.965820350995088 38.002715805103513 133.18292682139884  1.0000000000034877 48.965920035256779 38.002584006834027 133.18874189546653  0.9999999999951914 48.966020149106875 38.00245279573447 133.19455515129067  1.0000000000050251 48.966120692276057 38.002322170575951 133.20036659049441  0.99999999999594025 48.966221663883047 38.002192130133061 133.20617621460801  1.0000000000025266 48.966323063509407 38.002062673178088 133.21198402521912  0.99999999999882871 48.966424890444166 38.001933798484586 133.21779002388439  1.0000000000003604 48.96652714412734 38.001805504825555 133.22359421217533  0.99999999999996414 48.971660128938083 37.995421063200872 133.51365635253777  1.0000000000002485 48.977710659080259 37.990551480352828 133.79357536499828  0.99999999999904898 48.984716290193298 37.986935652255447 134.06933630587551  1.0000000000024125 48.992622792642749 37.984458588532192 134.34111748751525  0.99999999999553113 49.001386124227615 37.983022116094176 134.60909327058715  1.0000000000063052 49.010971723051924 37.982543296630269 134.87343447635078  0.99999999999303879 49.021353800430369 37.982952844096381 135.13430879980112  1.0000000000060902 49.032514633785681 37.984193542206036 135.39188122162102  0.99999999999579525 49.044443859481255 37.986218661919054 135.64631442152776  1.0000000000022231 49.057137765820521 37.988990378932662 135.89776919020213  0.99999999999918321 49.070598585792162 37.992478191170008 136.14640484247548  1.0000000000001237 49.084833790101555 37.996657336270928 136.39237962954599  1.000000000000087 49.099855379949084 38.00150720908114 136.63585115183923  0.99999999999990918 49.123591080007309 38.009761064172913 136.99753958134286  1.0000000000001192 49.131704309182169 38.012676423286081 137.1175160185673  0.99999999999914924 49.140020974828801 38.01575415725447 137.23692558535052  1.0000000000025582 49.148543669064068 38.0189929717993 137.35578783278243  0.99999999999481115 49.157275468963277 38.022391977587681 137.47412236092205  1.0000000000078824 49.166219936231926 38.025950690238339 137.59194881871969  0.99999999999059286 49.175381117764815 38.02966903031183 137.70928690410796  1.0000000000090381 49.184763544850973 38.033547323324306 137.82615636393169  0.99999999999294076 49.194372234126263 38.037586299731387 137.94257699396277  1.0000000000044644 49.204212686608173 38.041787094943999 138.05856863895258  0.99999999999777389 49.214290888522619 38.046151249315287 138.17415119253138  1.0000000000008036 49.224613310707781 38.05068070814972 138.28934459731971  0.99999999999986167 49.235186908972331 38.055377821697796 138.40416884483869  0.99999999999994171 49.251435231393224 38.062679106888922 138.57588154092844  1.0000000000001226 49.256917930307125 38.065154424560561 138.63303181414986  0.99999999999904965 49.262463558395631 38.067674442142795 138.69009741903807  1.0000000000029132 49.268074532751726 38.070238590663038 138.74708086671043  0.99999999999399491 49.273754476806118 38.072845754722856 138.80398463320347  1.0000000000093399 49.279505718515836 38.075495794125395 138.86081121286591  0.9999999999884337 49.285328621873354 38.078189834680849 138.91756314772755  1.0000000000117533 49.291222212678534 38.080929742295829 138.97424303323209  0.99999999999003741 49.297185561410373 38.083717194396357 139.03085350029903  1.0000000000071032 49.303219383445196 38.086552762802775 139.08739717435554  0.99999999999572342 49.309327319882904 38.089435422102973 139.14387661112053  1.0000000000021834 49.315516359241187 38.092362897635205 139.20029420981811  0.99999999999904965 49.321795862838421 38.095333267141434 139.2566521037231  1.0000000000003544 49.334553446791332 38.101363193229695 139.36925195327294  0.99999999999941769 49.341027413031014 38.10442422814512 139.42549409767986  1.0000000000033766 49.347599337012632 38.10753376057886 139.48168071215829  0.99999999999006273 49.354272098015166 38.11069429781903 139.53781401173219  1.0000000000206557 49.361048670891236 38.113908428798197 139.59389617599115  0.9999999999668594 49.367932126509444 38.117178824085343 139.64992934910677  1.0000000000425924 49.374925631044867 38.120508235901333 139.70591563984192  0.99999999995535382 49.382032446934318 38.123899498094453 139.76185712148876  1.0000000000384466 49.389255931783957 38.127355526172636 139.81775583199661  0.9999999999728848 49.396599539436494 38.130879317267805 139.8736137737919  1.0000000000153899 49.404066819079944 38.134473950169109 139.9294329139737  0.99999999999327649 49.411661415880459 38.138142585296904 139.98521518414347  1.0000000000019997 49.419387070605467 38.141888464719699 140.04096248052497  0.99999999999980027 49.462225426942155 38.162741806402984 140.34459317847572  1.000000000000002 49.499870590495327 38.18136292563328 140.59185888827054  1.0000000000010441 49.540563306728913 38.201889835584183 140.83877059973148  0.99999999999608236 49.584706622599896 38.224661681696226 141.0855573725334  1.0000000000091218 49.632756381909701 38.250066141525345 141.3323565263079  0.99999999998425948 49.685231290057317 38.278548838650188 141.57919627569197  1.0000000000213336 49.742713106931753 38.310613480752117 141.82598587754796  0.99999999997668643 49.805846976707549 38.346814984965988 142.07251417497639  1.0000000000207916 49.875351904573797 38.387747853093686 142.31845742252261  0.99999999998486644 49.9520513886389 38.434032059792855 142.5633972761749  1.0000000000088536 50.036934217418477 38.486298716413827 142.80684983375187  0.99999999999600986 50.131255441061803 38.545177773451691 143.04830660837132  1.0000000000012355 50.23668752648814 38.611290024439256 143.28728832086662  0.9999999999998529 50.446401139531694 38.741792895430102 143.70395519636321  0.99999999999995948 50.545209922161909 38.802982253010626 143.88302682588494  1.0000000000006599 50.652821201840283 38.868994310789958 144.06001076286583  0.99999999999798161 50.770003645244486 38.939775646615082 144.23394587879892  1.000000000003912 50.897496876209892 39.015096813883552 144.4037400423291  0.99999999999433942 51.036013764949203 39.094525194227039 144.56831367139239  1.0000000000065614 51.186186305826013 39.177369507372639 144.72669580329972  0.99999999999369138 51.348468863199784 39.262638343155501 144.87808938611158  1.0000000000050981 51.523019601328244 39.349040682695765 145.02191661622595  0.9999999999965562 51.709587956145555 39.4350419734049 145.15784928182867  1.0000000000018945 51.907443042788429 39.518974925377208 145.28582319190221  0.99999999999919986 52.115384934228913 39.599189794178486 145.40602990479269  1.0000000000002185 52.331887783410252 39.674214517407492 145.51887309262031  0.99999999999999534 52.749821466567944 39.802592038179256 145.71704568561452  0.99999999999994593 52.949542338367344 39.857500843035908 145.80405796674438  1.0000000000004738 53.153581659697842 39.906753382742124 145.88619750808977  0.99999999999839584 53.360734547445553 39.950169039095883 145.96431140653581  1.0000000000036591 53.578706592522515 39.987987469181313 146.04098241832259  0.9999999999937611 53.781253833739399 40.015795654930329 146.10867998284408  1.0000000000082652 54.01237440201448 40.041673997053351 146.18317742546347  0.99999999999133549 54.216947633163777 40.054435150903629 146.24547325812912  1.0000000000072868 54.444546821053734 40.064544859460547 146.31432329353942  0.99999999999503997 54.659427957289687 40.064228958776042 146.37696507831473  1.0000000000027385 54.880180924529611 40.057698982330351 146.44089168687609  0.99999999999878841 55.098683879833082 40.043185812503324 146.50339653645281  1.0000000000004099 55.316820500814075 40.021215190121396 146.56549036745091  0.99999999999990807 55.730512636311275 39.964968785564487 146.68285666720254  1.0000000000000937 55.92629840681937 39.932050936195942 146.73823504230214  0.9999999999995427 56.121010300432694 39.892967501441028 146.79324810696323  1.0000000000012121 56.314498154287918 39.847729590655632 146.84788697227543  0.99999999999778888 56.506663882784487 39.796341401865632 146.90207887493136  1.0000000000029448 56.697442556939627 39.738798988664456 146.95567803258109  0.9999999999970981 56.886790689569025 39.675088263064026 147.00846009183471  1.0000000000020843 57.074679567207852 39.60518286204811 147.06011880232865  0.99999999999902101 57.261091467158735 39.529042503987533 147.11026353455009  1.0000000000001388 57.446016601164523 39.446612462949062 147.15841627872683  1.0000000000002041 57.629448623924453 39.357824787015232 147.20400674093815  0.99999999999981615 57.811376547639739 39.26260188844455 147.24636417237772  1.0000000000000631 57.991770901467987 39.16086313215586 147.28470455167732  1.0000000000000058 58.271178237429787 38.991572462102837 147.33691194898543  0.99999999999997058 58.371300451908823 38.928537711808865 147.35417293793313  1.0000000000002667 58.470777749399474 38.863296928017107 147.36951639678003  0.99999999999907219 58.570167743698256 38.796380970124787 147.38370183238484  1.0000000000021345 58.667849241917899 38.726396930420606 147.39401105998809  0.99999999999637756 58.766435975761603 38.655862219723147 147.40471753613747  1.0000000000047533 58.862782723341802 38.582111375161489 147.41045181201875  0.99999999999506517 58.958196738566421 38.506730785098547 147.41385661222014  1.0000000000040976 59.05361824682295 38.430990146244525 147.41643535086274  0.99999999999726086 59.145545583180002 38.352202970954039 147.41237469843568  1.0000000000014895 59.23700698556631 38.273627084252659 147.40779109404053  0.99999999999932565 59.326757988735693 38.193390389783659 147.39862824957589  1.0000000000002653 59.415964798117571 38.110983634375046 147.38575606789709  0.99999999999990585 59.54171319162343 37.99067904800394 147.36095023039167  1.0000000000000779 59.576891181794942 37.956588099464838 147.35331668347325  0.99999999999945843 59.612488082524806 37.921636682026751 147.34485132178557  1.0000000000016567 59.64853208685934 37.885770754481015 147.33548535437589  0.99999999999650768 59.68503126894862 37.84895350521326 147.32514668510791  1.000000000005584 59.721975968047424 37.811164286890971 147.31376035906865  0.99999999999289835 59.759341171457208 37.772397551205209 147.30124900699877  1.0000000000073583 59.797088899009701 37.732661783521102 147.28753329277183  0.99999999999371814 59.835170585661018 37.691978437654853 147.27253235688474  1.0000000000044216 59.873529466047231 37.650380870503625 147.25616426439993  0.99999999999746625 59.912102957312271 37.607913276820227 147.23834644864323  1.0000000000011442 59.950825043225215 37.564629623866722 147.21899615835116  0.99999999999962152 59.98962865748576 37.520592586153974 147.19803090244253  1.0000000000000726 60.067267477429397 37.431152374105494 147.1527068898796  0.99999999999993527 60.106081991604334 37.385744895415307 147.12833262256987  1.0000000000002325 60.144932689160342 37.339771472949714 147.10224861904135  0.9999999999995155 60.183485222390168 37.293173086196568 147.07421135522779  1.0000000000006433 60.221890074885572 37.246238377473929 147.04418769418683  0.99999999999961808 60.260141854709666 37.199034954459115 147.01224143671999  0.99999999999956779 60.298066082721064 37.151541611337933 146.9783359343466  1.0000000000014528 60.335569403537903 37.103883564364757 146.94235610135368  0.99999999999787637 60.372660722626591 37.056239300755699 146.90425908008436  1.0000000000021374 60.409299721887528 37.008666332990288 146.86410160661555  0.99999999999837652 60.445383651883688 36.961205119819567 146.82188500328223  1.0000000000009559 60.480886182514695 36.914057796803363 146.77750364298885  0.99999999999956357 60.515771212877276 36.86726432064647 146.73105450419962  1.0000000000001517 60.618435127816312 36.728313524846342 146.58543790643574  0.99999999999957878 60.684230711115951 36.637579306644497 146.48003844341517  1.0000000000021672 60.747064287952142 36.549547143796865 146.36640419250102  0.99999999999383293 60.806688533963325 36.465025752687062 146.24479719331498  1.0000000000125926 60.862920133376036 36.384782931000885 146.11564426652984  0.99999999998003331 60.915635634721227 36.309506519668659 145.97952652259937  1.0000000000254019 60.964766809529806 36.239773551907277 145.83716869773832  0.99999999997369149 61.010295513228414 36.176027589834554 145.68942831219343  1.0000000000223099 61.052248049455777 36.118564247897829 145.53728465725416  0.99999999998453537 61.090689036209213 36.06752490411516 145.3818276038248  1.0000000000086606 61.125714775555913 36.022898598032562 145.22424623943235  0.99999999999619882 61.1574461253241 35.984532116408836 145.06581732799717  1.0000000000012061 61.186020873982393 35.952148265844208 144.90789359639362  0.99999999999979883 61.224982209518004 35.911341046700713 144.6701428653594  1.0000000000000506 61.237572576650507 35.898827587090082 144.58881072382468  0.99999999999994515 61.249418278484946 35.887739999526723 144.5078290128543  1.0000000000001892 61.260572775943956 35.877997534900366 144.4271396954357  0.99999999999919886 61.271082218356881 35.869529521565056 144.34669254594789  1.0000000000022324 61.280986229444999 35.862274237729501 144.26644459085855  0.99999999999570111 61.290318694397492 35.856177783289766 144.18635954909158  1.0000000000060905 61.299108545407179 35.851192952478634 144.10640727287878  0.99999999999337352 61.307380549037369 35.847278105504749 144.02656318800206  1.0000000000056579 61.315156091737251 35.844396041257156 143.94680773469653  0.99999999999619149 61.322453966958051 35.842512869048193 143.86712580793488  1.000000000001998 61.329291161084498 35.841596881098504 143.7875061982119  0.99999999999921518 61.33568364011348 35.841617424535755 143.70794103198034  1.0000000000002089 61.347610631758897 35.843470122783799 143.54890939261171  0.99999999999973599 61.353122335672204 35.845306830332269 143.46944215107149  1.0000000000014198 61.358361219905845 35.848000339122294 143.39002239249595  0.9999999999957917 61.362796512908645 35.851623562622287 143.31063341063427  1.0000000000089468 61.367367914330465 35.855936808501959 143.23129896994843  0.99999999998533795 61.371393609584125 35.861157113500077 143.15200152706146  1.0000000000191602 61.374716098128573 35.867216184442832 143.07274064634146  0.9999999999796394 61.377853552525075 35.873909868338131 142.99353335155593  1.0000000000177416 61.380719056687255 35.881324613890563 142.91437866317875  0.99999999998736067 61.383011850661347 35.889513688845717 142.83527141043442  1.0000000000072256 61.385063169588733 35.898257309306842 142.75622486006785  0.99999999999684286 61.3867442765251 35.907682095867571 142.6772364767597  1.0000000000009144 61.388087334597479 35.917690599008075 142.59831033149948  0.99999999999993949 61.391140139766478 35.949446009505074 142.36172475344762  0.99999999999982148 61.391868216801456 35.972914977651158 142.20425371291705  1.0000000000014659 61.391363378478083 35.998475319705044 142.04706032705934  0.99999999999528266 61.389693829418398 36.025936025284956 141.89015776242877  1.000000000010437 61.386922227862058 36.055121193437095 141.73354864848795  0.99999999998228284 61.38310614584902 36.085868831846163 141.5772263505911  1.0000000000239939 61.378298529241725 36.118029656102344 141.42117624268778  0.99999999997357192 61.372548157886527 36.151465888860059 141.26537698053946  1.0000000000239002 61.365900105717706 36.186050059169048 141.10980177415595  0.99999999998225075 61.35839620079949 36.221663801578764 140.95441966122149  1.0000000000106983 61.350075485534816 36.258196655489812 140.7991967794681  0.99999999999492151 61.34097467666308 36.295544864282114 140.64409763998987  1.0000000000017706 61.331128625445267 36.333610174609674 140.48908639985282  0.99999999999963463 61.313088974351345 36.399715156981934 140.22431718710791  1.000000000000238 61.305250639381541 36.427442701447212 140.11453377727679  0.99999999999901656 61.297066899427371 36.455450290315298 140.00476175799136  1.0000000000025624 61.288548919922803 36.483707452560793 139.89498468242235  0.99999999999499478 61.279707905253026 36.512184224851936 139.78518580458339  1.000000000007828 61.270555098456022 36.540851151462405 139.67534807930147  0.99999999998996236 61.261101781776567 36.569679284412146 139.56545416227038  1.0000000000105991 61.251359275813982 36.598640183281724 139.45548640996577  0.99999999999077915 61.241338940621056 36.62770591541706 139.34542687976085  1.0000000000065983 61.231052174509735 36.656849055739471 139.23525732979266  0.99999999999612221 61.220510415146208 36.686042686894076 139.12495921909232  1.0000000000018683 61.209725138706986 36.715260399152477 139.0145137074791  0.99999999999926514 61.19870786041993 36.744476290465904 138.90390165563136  1.0000000000002336 61.181851271212523 36.788259304429197 138.73770460975675  0.99999999999979172 61.176177537617498 36.802846456131661 138.682258741776  1.0000000000013982 61.170450433103056 36.817423155226351 138.62676344536098  0.99999999999559963 61.16467150256161 36.831986099574394 138.57121608192838  1.0000000000096867 61.158842336189593 36.846531951231505 138.51561395003981  0.99999999998362676 61.152964569458334 36.861057336419599 138.45995428544325  1.0000000000220262 61.147039883136564 36.875558845584933 138.40423426099039  0.99999999997601841 61.141070003306545 36.890033033300696 138.34845098677124  1.0000000000212781 61.135056701280234 36.904476418402588 138.29260150993372  0.99999999998460154 61.129001793753922 36.918885483830977 138.23668281488344  1.0000000000090279 61.122907142614096 36.933256676784659 138.18069182310111  0.99999999999579692 61.116774655122001 36.947586408596237 138.1246253932791  1.0000000000014815 61.110606283776733 36.961871054815099 138.06848032123978  0.99999999999965339 61.098201769012313 36.99034285551113 137.95602635870472  1.000000000000399 61.091967476906483 37.004531656704714 137.89971770284032  0.99999999999801192 61.085661904802201 37.018655987532284 137.84332434953436  1.0000000000056797 61.079549362837824 37.032758369670866 137.78683209622235  0.99999999998811107 61.072863121314796 37.046754863508362 137.73028217007314  1.0000000000197076 61.066658039839183 37.060696262381732 137.67359744084726  0.9999999999733431 61.060649589651867 37.074600489383805 137.6168029286882  1.0000000000296512 61.054140259182695 37.088432786251317 137.5599452533919  0.99999999997290889 61.047767622988843 37.102201769223591 137.50297145193946  1.0000000000202132 61.041816601104841 37.11593072451511 137.44586078060595  0.99999999998787004 61.035335186607519 37.129595933647707 137.38868298408809  1.0000000000056415 61.029191168173355 37.143212684067265 137.33136742935935  0.99999999999815647 61.022949029498605 37.156778261649841 137.27394612315931  1.0000000000002807 60.991861260016336 37.224361679378227 136.98624707521492  0.99999999999931244 60.967133030599079 37.277645963014614 136.75421108958216  1.0000000000026372 60.942525630831518 37.330248551182983 136.52012069238509  0.9999999999930822 60.918004891692519 37.382282494988736 136.28376833924531  1.0000000000137381 60.893524562811059 37.433873157230039 136.04491591692414  0.99999999997835765 60.869026122975825 37.485158944585741 135.80329447354885  1.0000000000276605 60.844437471380573 37.536292756248123 135.55860436951806  0.99999999997101074 60.819670497464173 37.587444149058989 135.31051584666699  1.0000000000250355 60.794617532177853 37.63880221915543 135.05867001868228  0.99999999998219991 60.769146677453428 37.690579200022114 134.80268027955515  1.0000000000103173 60.743096017056111 37.743014777145163 134.54213413308608  0.99999999999525446 60.71626670609318 37.796381119023522 134.27659544097159  1.0000000000016227 60.688414941206581 37.850988624772832 134.00560709123064  0.99999999999966116 60.658501966772576 37.908619715677766 133.72166171769905  1.0000000000000062 60.657760271296219 37.910048072661326 133.71462552782941  1.0000000000000364 60.657017718662104 37.91147746501872 133.7075855084147  0.99999999999968858 60.656274303802668 37.91290789867778 133.70054165158766  1.00000000000109 60.655530021667985 37.91433937956689 133.69349394946565  0.99999999999755296 60.654784867174044 37.915771913613362 133.6864423941993  1.0000000000039435 60.654038835287714 37.917205506746207 133.67938697787977  0.99999999999522526 60.653291920915883 37.918640164892196 133.67232769268773  1.0000000000044751 60.652544119021826 37.920075893980581 133.66526453068968  0.99999999999668621 60.651795424526526 37.92151269993829 133.65819748407523  1.00000000000197 60.65104583237607 37.922950588694093 133.65112654492287  0.99999999999903966 60.650295337504957 37.924389566175542 133.64405170539359  1.0000000000003963 60.649543934851735 37.925829638310837 133.6369729575994  0.99999999999985523 60.648415461604998 37.927991397386457 133.62634896171187  1.0000000000001437 60.648039075594134 37.928712258929629 133.62280665069915  0.99999999999905964 60.647662460663696 37.929433396418332 133.61926335963847  1.0000000000028579 60.647285616149716 37.930154810613466 133.61571908755104  0.99999999999387046 60.646908541409658 37.9308765022759 133.61217383341463  1.0000000000102391 60.646531235747304 37.931598472166677 133.60862759628208  0.9999999999861412 60.646153698570956 37.932320721046366 133.60508037510525  1.0000000000153573 60.6457759291267 37.933043249676423 133.60153216894088  0.99999999998612166 60.645397926864277 37.933766058817021 133.59798297676596  1.0000000000100973 60.645019691024679 37.934489149229819 133.5944327975939  0.99999999999426692 60.644641221024784 37.935212521675076 133.59088163044095  1.000000000002341 60.644262516158911 37.93593617691414 133.58732947430187  0.99999999999950828 60.643883575792394 37.93666011570766 133.58377632819102  0.99999999999985878 60.643314810988144 37.937746450371137 133.57844512257526  1.0000000000003457 60.643125163678931 37.938108633006969 133.57666780628929  0.99999999999728217 60.642935457224318 37.938470886820689 133.57489024215639  1.0000000000085028 60.642745691600624 37.938833211908239 133.57311242997585  0.99999999998183942 60.642555866590065 37.939195608366894 133.57133436978975  1.0000000000294575 60.642365982346 37.939558076291554 133.56955606118555  0.99999999996220101 60.642176038436176 37.939920615780636 133.56777750444306  1.000000000039146 60.641986035205484 37.940283226928159 133.56599869896689  0.9999999999669833 60.641795972123745 37.940645909832831 133.56421964509025  1.0000000000226426 60.641605849498603 37.941008664589091 133.5624403423144  0.99999999998758071 60.641415666957847 37.941371491294689 133.56066079077129  1.0000000000051981 60.641225424592797 37.941734390045205 133.55888099018921  0.99999999999856326 60.641035122233347 37.942097360937389 133.55710094051284  1.0000000000000782 60.640749578625446 37.942641925632557 133.55443049213048  1.0000000000002003 60.640654382404847 37.94282346525727 133.5535402803655  0.99999999999810896 60.640559171176285 37.943005022953734 133.55265000625263  1.0000000000060389 60.640463944872863 37.943186598734151 133.55175966985794  0.99999999998703137 60.640368703600039 37.9433681926105 133.55086927098711  1.0000000000210496 60.64027344715678 37.943549804595172 133.54997880993761  0.99999999997304867 60.640178175787526 37.943731434699892 133.54908828624229  1.000000000027782 60.640082889198652 37.943913082937314 133.54819770042849  0.99999999997674871 60.63998758764204 37.944094749318985 133.54730705193336  1.0000000000157325 60.639892270902763 37.94427643385756 133.54641634120344  0.99999999999159683 60.639796939103398 37.944458136564776 133.54552556789795  1.0000000000033016 60.639701592161657 37.944639857453005 133.54463473218914  0.99999999999927613 60.639606230097478 37.944821596534247 133.54374383397496  0.99999999999987244 60.639463164287982 37.945094232463887 133.54240739291635  1.0000000000003675 60.639415471897053 37.945185115658404 133.54196189693997  0.99999999999695899 60.639367775731472 37.945276003405752 133.54151638533125  1.0000000000098861 60.63932007574585 37.945366895707444 133.54107085811211  0.99999999997794764 60.639272372034988 37.945457792564994 133.54062531522655  1.0000000000376572 60.639224664433023 37.945548693979966 133.54017975676581  0.9999999999487641 60.639176953167585 37.945639599953793 133.53973418259901  1.0000000000564928 60.639129237974387 37.945730510488119 133.53928859287038  0.99999999994919964 60.639081519102312 37.94582142558432 133.53884298744109  1.0000000000371716 60.639033796353175 37.945912345244068 133.53839736641493  0.99999999997819622 60.638986069852905 37.946003269468754 133.53795172972298  1.0000000000098588 60.638938339533347 37.946094198259985 133.53750607739764  0.99999999999690947 60.638890605420926 37.946185131619238 133.53706040942293  1.0000000000004028 60.638818998548288 37.946321538512464 133.53639188399049  1.0000000000000822 60.638795128639764 37.946367008619262 133.53616903826742  0.99999999999851774 60.638771257784533 37.946412479868634 133.53594618863312  1.0000000000048277 60.638747385967598 37.946457952260793 133.53572333508441  0.99999999998985467 60.638723513223653 37.946503425795882 133.53550047762602  1.0000000000160947 60.638699639488166 37.946548900474163 133.53527761625116  0.99999999997958511 60.638675764858057 37.946594376295756 133.53505475096634  1.0000000000212323 60.638651889211602 37.946639853260898 133.53483188176619  0.99999999998173916 60.638628012675674 37.946685331369757 133.53460900865258  1.0000000000129212 60.638604135139254 37.946730810622519 133.53438613162626  0.99999999999263567 60.638580256682616 37.946776291019404 133.53416325068403  1.0000000000032143 60.638556377257522 37.946821772560568 133.53394036582898  0.99999999999906453 60.638532496886974 37.946867255246225 133.5337174770583  1.0000000000000713 60.638496674899777 37.946935480991719 133.53338313803067  1.0000000000001035 60.638484734000485 37.946958223193043 133.53327169070877  0.99999999999902167 60.638472792858664 37.946980965680595 133.53316024241039  1.0000000000029106 60.63846085149008 37.947003708454275 133.53304879312816  0.99999999999429501 60.638448909860948 37.947026451514368 133.53293734287558  1.000000000008417 60.638436968029481 37.947049194860448 133.53282589163297  0.99999999999016254 60.63842502591222 37.947071938493195 133.53271443942367  1.0000000000093126 60.638413083610004 37.947094682411823 133.53260298622419  0.99999999999279454 60.638401141019365 37.94711742661719 133.53249153205485  1.0000000000045715 60.638389198230158 37.9471401711086 133.53238007690001  0.9999999999976219 60.638377255176628 37.947162915886594 133.53226862077054  1.0000000000010054 60.638365311898852 37.9471856609509 133.53215716365946  0.99999999999966771 60.638353368376691 37.947208406301669 133.53204570557045  1.0000000000000782 60.638329480859795 37.947253897576104 133.53182278743381  0.9999999999999043 60.638319728227849 37.94726564957989 133.53176745134681  1.0000000000004656 60.638291685122624 37.947368836367446 133.53124538207859  0.99999999999878675 60.638336512818292 37.947109314073259 133.53257458215666  1.000000000002164 60.638202920665911 37.947733137307132 133.52939577988946  0.99999999999722 60.638354690130292 37.946953857191481 133.53337624278592  1.0000000000025868 60.638226536161405 37.947536441619924 133.53040971527201  0.99999999999834854 60.638186761612708 37.947707164159205 133.52954178941275  1.0000000000005396 60.63835574127738 37.946845774183501 133.53394089368837  1.0000000000001881 60.638103452604895 37.948022573740808 133.52794447979784  0.9999999999996122 60.638281262576427 37.947149117628101 133.53240114072418  1.000000000000276 60.638172768750252 37.947619212809258 133.53001060973781  0.99999999999988298 60.638188705505442 37.947515764119053 133.53054166204478  1.0000000000000273 60.638201585817896 37.947541332011667 133.5303998272135  1
 -9.2171450757882241 15 -9.1240241738065944 13 -4.5620120869032972 13 -2.2810060434516486 13 -1.1405030217258243 13 0 13 5.0750009584859654 13 8.9553968908404933 13 12.329748515140892 13 15.386445155699843 13 17.106628266921852 13 17.765085454089089 13 18.423542641256329 13 19.740457015590806 13 20.430554441606063 13 21.120651867621323 13 22.50084671965184 13 23.478919786327928 13 23.967956319665973 13 24.456992853004014 13 26.413138986356188 13 26.462816464816235 13 26.487655204046256 13 26.500074573661266 13 26.506284258468774 13 26.509389100872525 13 26.510941522074404 13 26.511717732675343 13 26.512493943276279 15
7 0 1  3 90 91  0.80000000000000004 34.635633736188311 184.7172718392498  0.80000000000000004 34.494481472863974 184.77763042679001  0.80000000000000004 34.353427287296384 184.74161005350396  0.80000000000000004 34.176698557721828 184.72344418625289  0.80000000000000004 34.105659533085657 184.5527412330222  0.80000000000000004 34.066585432969482 184.44725734924032  0.80000000000000004 34.062165923121022 184.30752716854215  0.80000000000000004 34.1175704266442 184.12192069712148  0.80000000000000004 34.16714412424259 184.02318205896862  0.80000000000000004 34.181356261598033 183.91090303396626  0.80000000000000004 34.391673075466777 183.81266525896945  0.80000000000000004 34.394450937767992 183.70543432865679  0.80000000000000004 34.581206303063489 183.65705508014952  0.80000000000000004 34.666560868841231 183.42285988065507  0.80000000000000004 34.787354223269311 183.45078969555374  0.80000000000000004 34.903532926226127 183.33327562622011  0.80000000000000004 35.021357409425747 183.26128615601829  0.80000000000000004 35.155371490817622 183.18419556684961  0.80000000000000004 35.24096700910917 183.11432875540649  0.80000000000000004 35.379659543657176 183.04852162724205  0.80000000000000004 35.506065935930494 182.98690447435169  0.80000000000000004 35.640193215230347 182.92968823792091  0.80000000000000004 35.803675272998333 182.87629483249432  0.80000000000000004 35.928302784627846 182.82658626719228  0.80000000000000004 36.079415285439225 182.77921585960689  0.80000000000000004 36.178137042784883 182.73641150931132  0.80000000000000004 36.383423939584453 182.68575392699347  0.80000000000000004 36.446459503414111 182.66750728660915  0.80000000000000004 36.638158621026925 182.5299083501842  0.80000000000000004 36.763806594338142 182.50987073338956  0.80000000000000004 36.90980073695917 182.45805280852807  0.80000000000000004 37.051592631277401 182.42269602000002  0.80000000000000004 37.188961210468108 182.35583411284264  0.80000000000000004 37.341069538712887 182.34467873755233  0.80000000000000004 37.462284435610528 182.26595440778539  0.80000000000000004 37.613704212272445 182.35310969782293  0.80000000000000004 37.782788752859801 182.25886562274638  0.80000000000000004 37.890466943699636 182.23445303325755  0.80000000000000004 38.121554875483447 182.25044504472888  0.80000000000000004 38.16183729000916 182.1092452548391  0.80000000000000004 38.453672860669499 182.22107219830073  0.80000000000000004 38.447905048955917 182.17786536707027  0.80000000000000004 38.750141970516154 182.22232064614388  0.80000000000000004 38.750930701672722 182.11172558793928  0.80000000000000004 38.979093695381906 182.25202909767967  0.80000000000000004 39.082973363414695 182.24207896105258  0.80000000000000004 39.210440973380976 182.28820833823877  0.80000000000000004 39.306096170346784 182.31878477654763  0.80000000000000004 39.524738101923347 182.3711040605566  0.80000000000000004 39.579997448805081 182.44812106992589  0.80000000000000004 39.723089324966502 182.5490396987982  0.80000000000000004 39.756895619154342 182.7030710132602  0.80000000000000004 39.780366572543009 182.86428615014012  0.80000000000000004 39.705684122177516 183.01590122971538  0.80000000000000004 39.625409205807223 183.07469925737257  0.80000000000000004 39.540898430259254 183.23464966285047  0.80000000000000004 39.451885040872774 183.31534314908492  0.80000000000000004 39.286060336760762 183.3993572864907  0.80000000000000004 39.186131673282915 183.48154268798115  0.80000000000000004 39.046345244019378 183.55691869040561  0.80000000000000004 38.908131783908019 183.61367065742527  0.80000000000000004 38.766504967900339 183.69233937921879  0.80000000000000004 38.62460736436006 183.75771655342865  0.80000000000000004 38.491140337678274 183.80875915003415  0.80000000000000004 38.356448654127981 183.85615421621202  0.80000000000000004 38.127556939451544 183.8824670347054  0.80000000000000004 38.099656706125479 183.98674356263086  0.80000000000000004 37.859136624343321 183.95176933179323  0.80000000000000004 37.735613965847556 184.00826378320593  0.80000000000000004 37.618184158718861 184.03295934458711  0.80000000000000004 37.453972272445355 184.06694858063031  0.80000000000000004 37.334515545737872 184.08831997090653  0.80000000000000004 37.18759074827102 184.22587453551583  0.80000000000000004 37.047493910855493 184.19987726113385  0.80000000000000004 36.909952996687792 184.24884852008515  0.80000000000000004 36.776885036316003 184.32962651626286  0.80000000000000004 36.59676216123448 184.28710899581665  0.80000000000000004 36.579350426396516 184.34962235573508  0.80000000000000004 36.329030604703021 184.4202851435245  0.80000000000000004 36.210454106903249 184.43550199883217  0.80000000000000004 36.104067771290367 184.45424187621376  0.80000000000000004 35.944841888994027 184.5256658271289  0.80000000000000004 35.801792319712952 184.51487119734963  0.80000000000000004 35.663661380325607 184.52109756885258  0.80000000000000004 35.488889733175881 184.64502660029231  0.80000000000000004 35.365907542208539 184.64859856669975  0.80000000000000004 35.224558083368535 184.69302029542493  0.80000000000000004 35.104255098977681 184.73895730539917  0.80000000000000004 34.921878313386529 184.64555193621788  0.80000000000000004 34.790561419116798 184.71108601791877 
 0 1 1 1 2 1 3 1 4 1 5 1 6 1 7 1 8 1 9 1 10 1 11 1 12 1 13 1 14 1 15 1 16 1 17 1 18 1 19 1 20 1 21 1 22 1 23 1 24 1 25 1 26 1 27 1 28 1 29 1 30 1 31 1 32 1 33 1 34 1 35 1 36 1 37 1 38 1 39 1 40 1 41 1 42 1 43 1 44 1 45 1 46 1 47 1 48 1 49 1 50 1 51 1 52 1 53 1 54 1 55 1 56 1 57 1 58 1 59 1 60 1 61 1 62 1 63 1 64 1 65 1 66 1 67 1 68 1 69 1 70 1 71 1 72 1 73 1 74 1 75 1 76 1 77 1 78 1 79 1 80 1 81 1 82 1 83 1 84 1 85 1 86 1 87 1 88 1 89 1 90 1
7 0 0  3 24 22  0.80000000000000004 34.494497819156763 184.76156726665232  3.0888888888888886 31.748882662072852 185.92548471553306  7.37777777777778 28.21279344872962 187.91936069080955  14.222222222222218 27.102198409939334 189.66048438130483  21.666666666666679 23.409602665460973 191.27982645131374  29.777777777777779 18.588737141173915 194.54492180833432  38.888888888888872 18.385629316799267 191.14040699307554  48.666666666666671 16.060329368605096 191.63711930416423  59.666666666666657 12.087451537002844 193.03603239532873  70.222222222222229 9.3537175210043308 188.38891135488856  80.444444444444443 11.423210600896338 172.63715650367666  90.111111111111114 13.4923830418861 168.18873839468711  99.444444444444429 11.025740421355358 161.05955530790465  109.11111111111114 25.221312200997325 156.20812363839491  118.77777777777777 26.405913471296387 143.30703767227186  129.55555555555563 33.7512988524024 142.6213939627869  139.6666666666666 25.503948422941569 139.21869358872343  149.33333333333337 34.483497377713661 135.7287541205539  157.7777777777778 41.878415570442911 129.79703959470834  165.88888888888891 42.44366162746622 131.37631033203922  173.33333333333331 42.207945901363502 128.0956928190638  180.76666666666665 46.044679226235857 130.62868076363446  185.64444444444445 49.177073621906288 128.36367543609518  188.30000000000007 53.116328316963418 127.81772091077075 
 0 4 0.036622222222222223 1 0.068622222222222209 1 0.10951111111111111 1 0.15573333333333336 1 0.19840000000000002 1 0.2552888888888889 1 0.31217777777777783 1 0.37440000000000007 1 0.42417777777777776 1 0.47573333333333334 1 0.52906666666666669 1 0.57351111111111119 1 0.63039999999999996 1 0.68373333333333319 1 0.74595555555555559 1 0.79217777777777776 1 0.83839999999999992 1 0.88106666666666655 1 0.92195555555555542 1 0.95751111111111109 1 1 4
7 0 1  3 90 91  188.30000000000004 53.154058686112919 127.94926924812478  188.30000000000004 53.111228350440093 127.82579039845712  188.30000000000004 53.098997813907168 127.6538946226712  188.30000000000004 53.150047417664311 127.52865834557954  188.30000000000004 53.173689092710845 127.39238782252632  188.30000000000004 53.19072159553432 127.26289812035171  188.30000000000004 53.260262330932306 127.13628738477468  188.30000000000004 53.396853387551488 127.02678494621044  188.30000000000004 53.498066941404097 126.92135789823901  188.30000000000004 53.585824504121021 126.8324335753137  188.30000000000004 53.73208814096003 126.76369960519762  188.30000000000004 53.856402277300241 126.66185346932809  188.30000000000004 53.984577647984544 126.75171087551178  188.30000000000004 54.136487795941854 126.19690363857643  188.30000000000004 54.271480321138085 126.67288024283404  188.30000000000004 54.414701356957316 126.51578566703196  188.30000000000004 54.550554179317672 126.53994239161221  188.30000000000004 54.711721791718148 126.52511133312078  188.30000000000004 54.780598831096768 126.53116502781999  188.30000000000004 54.946697496361956 126.53292764378217  188.30000000000004 55.073784239234193 126.55018540322327  188.30000000000004 55.25651244695554 126.56330934349775  188.30000000000004 55.399263300250198 126.57897230442229  188.30000000000004 55.545225289109446 126.59346147716994  188.30000000000004 55.658130754612294 126.60569640703577  188.30000000000004 55.859815011289712 126.61790350358348  188.30000000000004 55.883851998155698 126.61829707455171  188.30000000000004 56.11425497882005 126.65484958267704  188.30000000000004 56.219729528185269 126.59204705740984  188.30000000000004 56.432375833639234 126.59305510633072  188.30000000000004 56.554448353135541 126.57954538010354  188.30000000000004 56.696931715551948 126.53350517482546  188.30000000000004 56.825882424050171 126.6704614805176  188.30000000000004 56.962625999259252 126.53888541732658  188.30000000000004 57.080785844282829 126.55269213717688  188.30000000000004 57.233869752906372 126.66693661669052  188.30000000000004 57.363277605800519 126.6499742828602  188.30000000000004 57.50890614256187 126.69495941075637  188.30000000000004 57.633075570569908 126.72286552472548  188.30000000000004 57.767237275557356 126.74237337756884  188.30000000000004 57.88385971820378 126.80318617416573  188.30000000000004 58.009974569463409 126.87682967629898  188.30000000000004 58.111346104621589 126.99489741147856  188.30000000000004 58.20986300628774 127.08124654025201  188.30000000000004 58.260921612750025 127.20413599609847  188.30000000000004 58.330117549940844 127.35053664213741  188.30000000000004 58.330375100792331 127.43474115160039  188.30000000000004 58.315519548469751 127.6253420164865  188.30000000000004 58.304182722643141 127.75698501195119  188.30000000000004 58.212374597680459 127.86876806479955  188.30000000000004 58.175238874107734 128.02616361950078  188.30000000000004 58.078222124389107 128.12239224902473  188.30000000000004 58.007393155832141 128.23922832812238  188.30000000000004 57.915574017898592 128.33251660203737  188.30000000000004 57.751912122945527 128.44359160462906  188.30000000000004 57.684963825260432 128.50741956087316  188.30000000000004 57.537778388573955 128.61404784333288  188.30000000000004 57.443152166506657 128.63980992116271  188.30000000000004 57.300535548993594 128.74432219243081  188.30000000000004 57.159861957725688 128.82834673287181  188.30000000000004 57.019988341159205 128.82449812178999  188.30000000000004 56.88122157707852 128.85985200207219  188.30000000000004 56.743094173591608 128.90426511440063  188.30000000000004 56.608551727442872 128.93901536833192  188.30000000000004 56.476733316002523 128.96751057775163  188.30000000000004 56.288645706435801 128.99495851885442  188.30000000000004 56.20688201612959 128.99919313572767  188.30000000000004 56.071607739940013 129.03470446505531  188.30000000000004 55.877077263676021 129.04240850133991  188.30000000000004 55.786379523416898 129.05226371357793  188.30000000000004 55.606512061239961 129.05129069580698  188.30000000000004 55.529919346080725 129.05980958455959  188.30000000000004 55.377252776274887 129.0443400956276  188.30000000000004 55.232570514937102 129.03599692740531  188.30000000000004 55.100382930297521 129.02543473072646  188.30000000000004 54.943935770754671 129.02712735664235  188.30000000000004 54.785447867470324 128.97574270172393  188.30000000000004 54.616100391756056 128.94484921277726  188.30000000000004 54.491969884442881 128.90793925949771  188.30000000000004 54.349599399616508 128.84256972660597  188.30000000000004 54.227226855589123 128.85391424394834  188.30000000000004 54.094742177699032 128.80649949138902  188.30000000000004 53.949788699224818 128.76369886944701  188.30000000000004 53.792316843084365 128.64319786818456  188.30000000000004 53.680241289805025 128.75231281052655  188.30000000000004 53.564791751616873 128.47352149066623  188.30000000000004 53.458410640601429 128.3886334159767  188.30000000000004 53.376227618558701 128.32533493749827  188.30000000000004 53.26507863395554 128.21212069633555  188.30000000000004 53.203237433526127 128.05279299164116 
 0 1 1 1 2 1 3 1 4 1 5 1 6 1 7 1 8 1 9 1 10 1 11 1 12 1 13 1 14 1 15 1 16 1 17 1 18 1 19 1 20 1 21 1 22 1 23 1 24 1 25 1 26 1 27 1 28 1 29 1 30 1 31 1 32 1 33 1 34 1 35 1 36 1 37 1 38 1 39 1 40 1 41 1 42 1 43 1 44 1 45 1 46 1 47 1 48 1 49 1 50 1 51 1 52 1 53 1 54 1 55 1 56 1 57 1 58 1 59 1 60 1 61 1 62 1 63 1 64 1 65 1 66 1 67 1 68 1 69 1 70 1 71 1 72 1 73 1 74 1 75 1 76 1 77 1 78 1 79 1 80 1 81 1 82 1 83 1 84 1 85 1 86 1 87 1 88 1 89 1 90 1
7 0 0  4 8 3  61.430480211233728 33.103123054514597 149.24695330489192  61.395524900893108 33.711037212158416 149.71124146605476  61.280591467747186 34.43761167760141 150.0798133992362  61.036974497270002 35.131663940361591 150.44333573887801  60.391330787688844 36.402702970794365 151.25485053553263  59.978340351653927 36.970941568214158 151.7018889720737  59.52668088166125 37.443577144326497 152.18178833408493  59.031163328577648 37.84955243167957 152.66309246273721 
 0 5 0.48817615063976688 3 1 5
7 0 0  8 170 25  59.031163328577641 37.84955243167957 152.66309246273724  58.946778722709816 37.918688357142109 152.74505658075105  58.8612739534761 37.986136298709823 152.82710096725313  58.774621955399105 38.051950776506054 152.90915788673166  58.686787670765177 38.116181428372393 152.99115678722089  58.597727870225476 38.17887324941735 153.0730241010514  58.507389982016953 38.240066885547343 153.15468245146371  58.415709929802809 38.299798980980256 153.23604926508509  58.183774417166958 38.445046424425811 153.43780251427  58.041786306723793 38.528786591036159 153.55764156602646  57.896421573286702 38.609454876368119 153.67636352364275  57.747359973473642 38.687142599731771 153.79364375246658  57.594184095037107 38.761900602951506 153.90902140509041  57.436379356864066 38.833739250366122 154.02189942135161  57.27333400897605 38.902628428828756 154.13154452833223  56.945469447791552 39.030420171458196 154.33630644592648  56.785911189089859 39.087868694389918 154.42897364391578  56.625797512105066 39.140949151803852 154.51445402649352  56.465237853109869 39.18976066878961 154.59213980693687  56.30431792896853 39.234395460224647 154.66145021963382  56.143099737136829 39.274938830774317 154.72183152008287  55.981621555662144 39.311469174891812 154.77275698489319  55.542770848481361 39.399901646516554 154.88393234830406  55.264830890378462 39.444178636756689 154.92494137220558  54.986298118835307 39.47716211451791 154.93421748106795  54.707378274344116 39.499000399187871 154.90955850915645  54.428200447766628 39.50971619016476 154.84938639018338  54.148781366225315 39.509180086912686 154.75293655283988  53.869016305047325 39.497058401470106 154.62034694909829  53.221932222490459 39.440911378486788 154.23323123814365  52.898915143589576 39.392106371913528 153.98044538827051  52.600918492089136 39.332020134883791 153.71098588345171  52.325224574068081 39.261930866682007 153.43097082180583  52.063765834722901 39.182966500112258 153.14654943662308  51.815313620307954 39.095148006487833 152.85947002817227  51.576067436013744 38.998642347092478 152.56970040842722  51.176591424514022 38.814736519483269 152.07273229804872  51.012633756008697 38.73260816999791 151.8647785186883  50.84881997366432 38.643545188938702 151.65441338830271  50.685198829376475 38.547109279177604 151.44283077579399  50.521828124969289 38.44275889606034 151.23097712955774  50.358774712195327 38.329849247406486 151.01955147748336  50.196114492735703 38.20763229350942 150.80900542695389  49.744702469901092 37.839182738691463 150.22599535191145  49.461754109256212 37.574801684526641 149.86180109575344  49.185013391754168 37.276497279751524 149.50837359148832  48.917829340523838 36.945014523788139 149.16411313176661  48.665219902393275 36.573486304913338 148.83362189110193  48.434489121074527 36.162017307042433 148.51844042581902  48.233864461393729 35.722359224247761 148.21588877991752  47.964722275501252 34.945237244145076 147.79673038036353  47.859682674089562 34.591621964884325 147.63290468059839  47.776941210956949 34.223974550608951 147.48499028023068  47.714446507979453 33.829711296214242 147.41625791360673  47.676897028025692 33.426600362791632 147.43751921986126  47.667689440782404 33.04557251083471 147.53065839028497  47.675166986660209 32.695425576556538 147.68660045976424  47.707135287564114 32.123919159779838 148.01808515917833  47.731178585822306 31.875272071102255 148.20393299261076  47.760895000626881 31.650825746596922 148.40644064618016  47.794084474555262 31.446126281424704 148.61964994866139  47.829159273766209 31.257549245686562 148.83951111353889  47.865143987999922 31.082299684423486 149.06388273900649  47.901675530577997 30.91841211761653 149.29253180796744  48.023379574374793 30.417409336059595 150.05743476183511  48.109393932255088 30.12352371240874 150.60756197079243  48.191967963502329 29.869497678427994 151.17649644596818  48.26123192737802 29.661454528591225 151.77155296310553  48.315489129485691 29.490775457355607 152.39065902695833  48.357413082530861 29.344795953822643 153.02735323593694  48.387924166084353 29.222137607472987 153.67814830627955  48.436065476734115 29.003961530192331 154.97500091624337  48.453686837872262 28.908778561111603 155.6193846571345  48.470603082402477 28.81612868088461 156.26398057576247  48.485265325330573 28.728376373962675 156.90906731136064  48.500432739967479 28.641105982897621 157.55416162445715  48.520256855237072 28.547858943925426 158.19851452984648  48.546069420400464 28.447635304406116 158.8419222631145  48.606239828202852 28.266189035923929 159.86255213137886  48.633089190279904 28.193504386776635 160.24075869688568  48.665113591375231 28.115135317840192 160.61803919899697  48.702777113195168 28.031010261146303 160.99429926648591  48.746338801470664 27.941363389553835 161.36948613591201  48.795852665957192 27.846734616748744 161.74358865162117  48.851167680434777 27.747969597244133 162.11663726574571  49.005997398044393 27.48868919475526 163.06474286722431  49.112731554159446 27.324155730652326 163.63845094438508  49.234810867651085 27.152039148265338 164.2090995855998  49.366312152221781 26.98107721072153 164.7797689622781  49.503555024420564 26.814683611844661 165.35093276214096  49.649098348280383 26.650092691617548 165.92112180094702  49.809831317527596 26.483825376569147 166.48943900811292  50.159455335000082 26.158362852799264 167.5857128225945  50.378644099680905 25.969633532439175 168.21169207468409  50.629290509102731 25.777203447642762 168.83346701447783  50.915486375931089 25.595728160795449 169.36644808378776  51.212143563357309 25.438667101314874 169.76611409783499  51.511879416475367 25.312331263499864 170.00316150904911  51.824852379666282 25.215726280190381 170.06783590238197  52.057270948456974 25.148992333029216 170.08966529386672  52.12937485606254 25.129667223976529 170.08926024943128  52.200711409744756 25.111963904607329 170.08146007526224  52.270263439934403 25.09602849620066 170.06690752392655  52.337348526828535 25.081843009595609 170.0466408167803  52.401522796178462 25.069307590238814 170.02179978206837  52.462553837821439 25.058277625270755 169.9934664323988  52.558278707144588 25.042251373367868 169.94228634501266  52.594938932972084 25.036460839261924 169.92084876522432  52.630466132655386 25.031166473605229 169.89839305962721  52.664927590888617 25.026321238521437 169.87507087409816  52.698391068560646 25.021882884764757 169.85100823861288  52.730924802755048 25.01781395171998 169.8263055672461  52.76259750675009 25.014081767402448 169.80103765817165  52.969973512245353 24.991092960320092 169.62788914482766  53.122067653839025 24.980760255018883 169.46608356181221  53.256586776764514 24.976713599301338 169.29576130953413  53.378910758612506 24.976709046796135 169.1211901478874  53.492973372599643 24.979205438013683 168.94498123174233  53.601262287568566 24.983364400346201 168.76808911094534  53.704819067987884 24.989050348067657 168.5898117303189  54.069871596685658 25.017907842780083 167.91467187519743  54.333016585527623 25.052991993431419 167.3523348043386  54.605144452916697 25.101877847997827 166.70523069138073  54.881893912129328 25.166561690129264 165.97163746724254  55.159959697291271 25.245677761704393 165.16721488847401  55.432126875307063 25.337081202893927 164.32408084379148  55.688557239358545 25.434625353521568 163.49096084679329  56.148452683640386 25.625061933314903 161.94896284170142  56.370027328488241 25.726070637128096 161.17594087090103  56.586760247743911 25.832258427403541 160.41390352156509  56.785139791369858 25.939237280811959 159.65941776690335  56.975261325502473 26.047727260973154 158.91349132139177  57.150154810480913 26.155018956095912 158.17441504480416  57.312789730883466 26.260417451481061 157.44244889264309  57.549548073634334 26.422195897046166 156.29444893923443  57.632163640671244 26.480587952931963 155.87415056726638  57.710638727607069 26.537814788226253 155.45592302608813  57.78538764465673 26.593922021929966 155.03912467026163  57.856756648957493 26.648947621037184 154.62310685871549  57.925023944568871 26.702921900535028 154.20721395474487  57.990399682472614 26.755867523403751 153.79078332601168  58.154356087158916 26.891826110284196 152.6974016980582  58.246163004118856 26.97150227305417 152.02059584229966  58.34000407769004 27.054285418548535 151.34382227094349  58.412691057633793 27.123918187852787 150.66421896914568  58.477325739441028 27.188467225569227 149.98353784719851  58.557634490815701 27.263998690829869 149.30484784714071  58.651078940816923 27.350451367305489 148.62804744491081  58.884155894003605 27.564653403121866 147.26534034302259  59.02597186202847 27.694820638153658 146.58114419606562  59.189202878195275 27.844857130712128 145.8929237860271  59.401140717978208 28.045805757420183 145.21720338801921  59.639755027945554 28.287108276625332 144.5673136986459  59.874450137441485 28.551602949034976 143.97394722802818  60.109125500286652 28.847774055732035 143.4991758003367  60.565226148034498 29.481642019467113 142.79212743098512  60.6715472527803 29.67614289920639 142.80732217445563  60.745421248409663 29.797251464440066 142.79634370273479  60.795422890631876 29.89380297976922 142.85918812464445  60.88244522774616 30.046057214219765 142.86624176760407  60.964039564534957 30.218128265714185 143.03250701996984  61.050721334216533 30.409858387109477 143.48205222235845  61.207355762129367 30.874552654186409 145.00134330705617  61.253542169009791 31.045479029613126 145.63281594827268  61.290902994141931 31.212456175630393 146.28899055097801  61.351477443534833 31.447951347038181 146.90819433936943  61.366467484090158 31.67521191385082 147.58718610453354  61.426760155394305 31.943662999477148 148.2007128611906  61.467545773597983 32.458509120245708 148.75463606825832  61.430480211233728 33.103123054514597 149.24695330489192 
 0 9 0.0055754498321542679 7 0.013889705805239131 7 0.021705819838057031 7 0.035099392616802186 7 0.052623263007853499 7 0.064835776721834562 7 0.086615154746243123 7 0.099508119761861302 7 0.11173115853882359 7 0.13936047927011869 7 0.16653932258134424 7 0.18259318367802338 7 0.20744798940623443 7 0.23079703888445371 7 0.2411317955406285 7 0.24789366894381049 7 0.28654018596729508 7 0.39123845227397314 7 0.49945799266117696 7 0.56259941156389259 7 0.66476304261993313 7 0.76940627202526524 7 0.90235445923865487 7 1 9
7 0 0  8 65 10  127.02350867042308 46.941221712466124 121.13496467293  126.94391347626556 46.978710053352025 120.78359214906232  126.84198844586493 47.020706845110332 120.43727825853415  126.71759016599974 47.067471568051843 120.09396439932864  126.56884984783954 47.117926298111655 119.75356842258982  126.39217332694476 47.169655706849198 119.41798463262245  126.18224106326693 47.218907061448128 119.09108378689227  125.9320081411484 47.26059022471641 118.77871309602587  125.51289733702934 47.299360525733654 118.37260674069964  125.38555078527398 47.307971390035931 118.26087413823079  125.24944245655863 47.313609016253452 118.15366683607644  125.10364823242054 47.315517782206314 118.0521016462784  124.9475896697151 47.312726923927315 117.9580264029284  124.78116403777422 47.304072340111787 117.87394022870686  124.60497039333983 47.28834025088414 117.802766950921  124.2853152717223 47.247294966647608 117.70639827658792  124.14537972877422 47.225611543290078 117.67394276743725  124.002554418629 47.199397921713306 117.65127547392538  123.85854049964405 47.16865648542079 117.63924074461873  123.71501703046189 47.133641147884013 117.63810989623707  123.5736360849363 47.094865860655652 117.6475989849414  123.43602052275745 47.053096300747519 117.66687690762738  122.86745572168888 46.864923740347848 117.78590212093275  122.4992305765233 46.701999938076575 117.96661921664057  122.18208311768326 46.53447557914437 118.19547590982314  121.91520987232204 46.37123378059492 118.457817414666  121.68721354651422 46.218541009618235 118.73336113639238  121.49319729508007 46.077728453798798 119.01943213950848  121.32493116784519 45.948193789090524 119.31405527956518  120.91116738684516 45.614657810223385 120.19970185300048  120.70311949519188 45.426813607819732 120.84663361124738  120.61750748758034 45.341791254572307 121.53075941194025  120.58078001281339 45.316365058612007 122.23397790095123  120.67911927859996 45.479290339484422 122.89045821728534  121.01966316653677 45.869848052474794 123.4649426376176  121.54091367730879 46.243170815980719 123.9987601471193  122.40479011595947 46.689157158227367 124.62405777842163  122.65270368770351 46.799488365403121 124.7788571859103  122.89919387592167 46.893524775350386 124.9157808143008  123.14473813985848 46.973029591914845 125.0380929308152  123.39066924981482 47.039562624180263 125.14744373067826  123.63857805031802 47.094046188211188 125.24454945395651  123.89047480605682 47.136661414578725 125.32888404802024  124.30351961482043 47.185120112187889 125.43802421948318  124.46055269244555 47.198934556975125 125.47325504962603  124.62078171901521 47.208265648937605 125.50213550519068  124.7836826074647 47.212802899619312 125.52332882664359  124.94823634154071 47.212287832407739 125.53520916371407  125.11290182167063 47.206672729805369 125.53595124725045  125.27560714511199 47.196267566233281 125.5238803510629  125.64556937947744 47.162467884127317 125.46420269121285  125.84547741147033 47.135716460771086 125.4049438895169  126.02876990137378 47.104828536285773 125.32336854543074  126.19248646703701 47.072456881728407 125.22269154316108  126.33546796098972 47.040638650692202 125.10655917041568  126.45835647044214 47.010795379306565 124.97904911840297  126.56359531728525 46.983732986237094 124.8446704818324  126.92843804164185 46.888021933761969 124.30314276335493  127.09334228385612 46.841116706651967 123.86402404144783  127.18222743115858 46.816669591542549 123.40819239614598  127.21880976285368 46.812265424476728 122.94790629112897  127.21843619112509 46.82533037735341 122.49049785080288  127.18808426103578 46.853131957927388 122.03837286030046  127.12636215052795 46.892779009809402 121.58901076548089  127.02350867042308 46.941221712466124 121.13496467293 
 0 9 0.12843580446631622 7 0.1798467656271045 7 0.21759230201457988 7 0.34211362707569631 7 0.56835692344900601 7 0.65925587418039711 7 0.71318859182670047 7 0.7853812457014635 7 1 9
7 0 0  7 20 4  130.82728451141358 41.402035855417807 127.40293294102332  130.80781900072486 41.753426869034072 127.49111907877125  130.76519883836747 42.030909288262862 127.68077636604802  130.71256082287348 42.255966014091335 127.91317555898806  130.65803103604401 42.446372170416474 128.15155143968062  130.60472484294905 42.616195104045019 128.38110281616983  130.55074689192756 42.775794384693491 128.60899252245468  130.33016503842748 43.334910345090044 129.5240432082154  130.15908903064178 43.654781310647692 130.20833973957073  129.97165274991528 43.967238258092735 130.89501382380143  129.78443869778653 44.212981638245118 131.59004555605748  129.60554089729317 44.435080489389286 132.292211696256  129.40815674264627 44.657161443410693 132.98987687737559  128.9112375140395 45.159604084492294 134.4936191888664  128.60921889422522 45.433925749906173 135.26912009345619  128.26816457463141 45.71337650679272 135.91836737636743  127.92201679002552 45.940834785932914 136.43183241890998  127.62182816140653 46.11507264678513 136.83958184824934  127.34358686875741 46.267238874724768 137.20063248530698  126.99666999589687 46.422862615787174 137.60647935697901 
 0 8 0.1514267516843521 6 0.54262970917417974 6 1 8
7 0 0  6 12 3  121.47988079826449 35.280962626257207 148.1181710256117  121.74224040567266 35.249551314641955 148.21205919363837  122.0149768184444 35.216955755649906 148.29521139134394  122.29786162396506 35.18333438203188 148.36486915069918  122.58968199445438 35.149089492645238 148.41759978379602  122.88758662367816 35.114781169439674 148.45079181481788  123.48980065390438 35.046790459861363 148.47771123316824  123.79437202364348 35.013103870640805 148.47090599612895  124.09449275900066 34.980642235811047 148.44325432873177  124.38737141554829 34.949636470222572 148.39803227945157  124.6708948573593 34.919894301404653 148.33772783336522  124.94482849386213 34.891259419166332 148.26567462936669 
 0 7 0.49624390163955967 5 1 7
7 1 0  14 28 3  57.825496084306188 26.617350990379933 139.31584249190291  0.99999999999999933 57.493237196373229 26.706099958153153 139.30954621570163  1.0000000000001688 57.161512663784379 26.796288102547663 139.30328440252796  0.99999999999921063 56.83025979121409 26.887913375140787 139.2972414906759  1.0000000000022833 56.499445872631924 26.980924763868483 139.2909598678049  0.99999999999514 56.168942685713375 27.075342365436274 139.28540760012672  1.0000000000080123 55.838660466867942 27.170913269171056 139.27972636038021  0.9999999999895367 55.508560982360777 27.267626337034752 139.27404864252543  1.0000000000109983 55.178524477287183 27.365335109547114 139.26908626602952  0.99999999999064271 54.848416792065862 27.463658550980401 139.26435139420255  1.0000000000063747 54.518260286543743 27.562598751547036 139.25930473059177  0.99999999999666056 54.188073992861156 27.662291469841506 139.25480300651628  1.0000000000011811 53.857621364644174 27.762022810719245 139.25081094561727  0.99999999999989186 53.527122087027536 27.862482547464261 139.24638497961726  0.99999999999980549 52.865973797559228 28.064672711558277 139.23757942968356  1.0000000000005158 52.535358706056122 28.166420569776246 139.23312313515166  0.99999999999665101 52.204478604708967 28.269018048334015 139.22858680451648  1.0000000000100842 51.874781740845634 28.372119561709571 139.22398717953737  0.99999999997889111 51.541660286959626 28.477469561040696 139.21920268635887  1.0000000000338309 51.216548028831042 28.581322725704361 139.2144930887101  0.99999999995677569 50.878970090242383 28.690825457870666 139.20936361095875  1.000000000044946 50.557598368536411 28.796298188805615 139.20449528034965  0.99999999996157285 50.222216279476307 28.908088156974383 139.19913496422052  1.0000000000270477 49.897255979851629 29.017855083246442 139.19389503800699  0.99999999998447597 49.568651384060985 29.130230623774427 139.18836880406772  1.0000000000070746 49.242048584567179 29.243058684413789 139.18272227527299  0.99999999999759892 48.916333574068666 29.356324380067274 139.17688358194974  1.0000000000005012 48.591734598492494 29.469498567084372 139.17086796060147  1
 -0.88872965758982436 15 3.9499074212108134 13 8.7885445000114508 15
7 1 0  7 8 2  54.917424206192756 27.444126293944873 139.26551870792565  1 54.989893597710562 27.42257657263433 139.26646092848429  1.0000000000000024 55.061779736151806 27.399451576737707 139.27685767079359  0.99999999999998745 55.132260353422673 27.375008373299451 139.29672031482562  1.00000000000002 55.199466637027783 27.349873602906012 139.32564287779357  0.99999999999998057 55.264528146814932 27.323889246828877 139.36273188260753  1.0000000000000109 55.32523807075583 27.297899432378887 139.40680110528857  0.99999999999999689 55.39032311530859 27.269660676969607 139.45633788379916  1
 1.0331471443716861e-06 8 0.89441217230111347 8
7 0 0  11 22 3  51.460030034902104 28.50549401040454 139.21784863399193  51.337721332037127 28.544624123851705 139.21605944742291  51.215574048904394 28.584537835853503 139.21114781689462  51.093669453900667 28.624883024861532 139.20468144136765  50.971935620741839 28.665419293534097 139.19793252965272  50.850214313208049 28.705975082835341 139.19197640267529  50.728327869981442 28.746404770093726 139.18779024486767  50.606146089370412 28.786545768971564 139.18635183029517  50.48365311415624 28.826175630469983 139.18873824887069  50.361014316320002 28.864969142899742 139.19622463297833  50.23864318187384 28.902455432707633 139.21038288340677  49.995893209356666 28.973494696739245 139.25597790847709  49.875103442058425 29.007129296910446 139.28768087901679  49.759508598536748 29.037232879749386 139.32861748241902  49.636588154364333 29.066624193557445 139.38574002685684  49.542339891204847 29.083063810559512 139.45855919737335  49.427031874780631 29.105344507486056 139.53830426122718  49.35206667240319 29.101823600422737 139.67645734644151  49.322211340268161 29.085462523856339 139.79937585616284  49.307934158623034 29.062072822393954 139.92982817504321  49.314349841374977 29.032471785927889 140.05493270108164  49.33376505817423 28.998742785632992 140.17757428472257 
 0 12 0.5 10 1 12
7 1 0  13 134 12  57.552356733855788 26.967792027230345 137.82466442276203  1.0000000000000007 57.51709861940077 26.949023306445042 137.97387793392755  1.0000000000002216 57.481801224247661 26.930389744766241 138.12311937448604  0.99999999999900535 57.446447882893665 26.911887692330126 138.27238690726884  1.0000000000026701 57.411019524035538 26.893513311815919 138.42167766386044  0.99999999999477318 57.375494670510982 26.875262578442463 138.57098774443875  1.0000000000079985 57.339849439415815 26.857131279970538 138.72031221808317  0.99999999999016631 57.304057541909238 26.839115016706479 138.86964512228951  1.0000000000098004 57.268090283485684 26.821209201487097 139.01897946360396  0.99999999999208533 57.231916563655268 26.803409059708613 139.16830721692949  1.0000000000051199 57.195502876259383 26.785709629287535 139.31761932616266  0.99999999999742584 57.158813309210387 26.768105760701296 139.46690570370473  1.0000000000009399 57.121809544669013 26.750592116954994 139.61615523077191  0.99999999999979639 57.043463915405873 26.714041539548479 139.92904656798362  1.0000000000002163 57.002063792169423 26.695026033715344 140.09268276981737  0.99999999999900158 56.960007141697794 26.676070398986305 140.25622901037229  1.0000000000028146 56.918164798390819 26.657319067020538 140.419982123625  0.99999999999419908 56.873257778780591 26.638345371715094 140.58296425584348  1.000000000009255 56.83297021674403 26.61988484290487 140.7474749939708  0.99999999998831035 56.783271465656 26.601095174536383 140.90942044671323  1.0000000000117908 56.742831134950769 26.582384317359963 141.07413765429891  0.99999999999049649 56.692851930443503 26.56410712215888 141.23638840057995  1.0000000000060496 56.646343290201578 26.545359401688195 141.39968582652267  0.9999999999970578 56.597083194348883 26.52691571194746 141.56240441490698  1.0000000000009994 56.546974738890853 26.508451509671001 141.72503253077855  0.99999999999983857 56.444199058873977 26.471679260258256 142.04990431131094  1.0000000000000688 56.391569698679127 26.45336180195314 142.21215473367397  1.0000000000000167 56.337642325345769 26.435128748314074 142.37421644188021  0.999999999999578 56.282364490471146 26.416997111828906 142.53607976590754  1.0000000000013425 56.225682206864796 26.398985874042555 142.69773180687167  0.99999999999736655 56.167537594545493 26.381116869379973 142.8591554142306  1.0000000000036924 56.107869756654772 26.363415858036166 143.020323945125  0.99999999999610845 56.046618884454034 26.345913787829637 143.18119180604836  1.0000000000031701 55.983733592391374 26.328648245137259 143.34168077666789  0.99999999999797695 55.919181482265394 26.311665094794741 143.50166211591392  1.0000000000010132 55.852962937285206 26.295020309061389 143.66093445030072  0.99999999999960454 55.785128145483256 26.278781985575534 143.81919744445091  1.0000000000001186 55.658038690382838 26.249911889695476 144.10666931244532  0.9999999999998499 55.599299919670258 26.237143522349246 144.23619328567162  1.0000000000007889 55.539449410908254 26.224727604565366 144.36479261139255  0.99999999999789535 55.478394633387815 26.212675362806579 144.49259679613112  1.0000000000039304 55.4160416584986 26.201004408708329 144.61970568050049  0.99999999999438294 55.352277650299769 26.18973660077819 144.74621238828703  1.0000000000064 55.286969379752676 26.178897924354189 144.87221192019041  0.99999999999407618 55.219970799008841 26.168519856747107 144.99779835114691  1.0000000000044789 55.151132711817638 26.158641685330323 145.12305359307933  0.99999999999724642 55.080307576513995 26.149313245339208 145.24803068137936  1.0000000000013569 55.007342477641274 26.140597545167285 145.37273454709174  0.99999999999947997 54.932053302617106 26.13257274604716 145.4971032335323  1.000000000000145 54.776293016564637 26.118093181308183 145.74488180346768  0.9999999999998026 54.695832778460144 26.11164322744176 145.86827553625082  1.0000000000010194 54.612564136141977 26.106060475284366 145.99112401812019  0.99999999999718336 54.526236654705585 26.101484340404429 146.1131377371139  1.0000000000054976 54.436582806985271 26.098049857074315 146.23406699059822  0.99999999999182621 54.343289483266517 26.095904575960628 146.35366301645277  1.0000000000095637 54.245969457616951 26.095242159135534 146.47156724695347  0.99999999999107747 54.144138376579015 26.096318454423177 146.58726905707019  1.0000000000066527 54.037174922296849 26.099448239121244 146.70016613592884  0.99999999999608313 53.924213887429751 26.105013228600619 146.8096553677924  1.0000000000017484 53.803893985393557 26.11354435361061 146.9150758661072  0.99999999999947986 53.673854305021102 26.125973715681237 147.01521956155793  1.0000000000000431 53.45713211422752 26.153378833762936 147.15336982537525  1.0000000000000553 53.380708922391307 26.164065250389466 147.19769355575235  0.99999999999945333 53.299695480029392 26.176544187620529 147.23973499521489  1.0000000000016904 53.213846872463186 26.191101736820364 147.27855590366613  0.99999999999658451 53.123401295055395 26.207996179754321 147.31276587975881  1.0000000000050839 53.028964593862341 26.227432256476366 147.34076871343345  0.99999999999418088 52.931425499835399 26.249527335149715 147.361009724165  1.0000000000052442 52.831895385042273 26.274274117112263 147.37221009614498  0.99999999999622469 52.731666369527034 26.301504509927781 147.37357422495515  1.0000000000021789 52.632181607170487 26.330859301924693 147.36495608640809  0.99999999999901168 52.535011579247744 26.361768270868005 147.34697064209399  1.0000000000003257 52.441830224031683 26.393445360223449 147.32103629289287  0.99999999999994282 52.27622101140561 26.453022667508865 147.26099744668002  1.0000000000000333 52.202569569349897 26.480991527497515 147.22802975020591  0.99999999999991684 52.132773478917542 26.508807773490783 147.19122500362741  1.0000000000001534 52.06644635639293 26.536422225356656 147.15125725758287  0.99999999999977507 52.00333394856284 26.563771843327437 147.10870263772151  1.0000000000003104 51.943229237534837 26.590799569472942 147.06405427574569  0.99999999999960965 51.885928390522487 26.617464589930087 147.01773028655589  1.0000000000004234 51.831214882632615 26.643746555171081 146.9700746342385  0.99999999999960865 51.77885912112685 26.669647295880868 146.92135072374978  1.000000000000306 51.728620899135421 26.695193571662614 146.8717275619523  0.99999999999980194 51.680242007280498 26.720444390154981 146.82125832494711  1.0000000000001013 51.63341633126803 26.745506433821369 146.76985117430723  0.99999999999996103 51.462988673111596 26.838959422145976 146.57358442860416  1.0000000000001505 51.345995512108601 26.907724226685943 146.41993904213493  0.99999999999922529 51.228739568712378 26.980506642836364 146.25035080054326  1.000000000002226 51.108059122549079 27.059737749909509 146.05831729563374  0.99999999999541211 50.982750365217626 27.146916806600032 145.83945755982671  1.0000000000072546 50.854124311181081 27.242322836053052 145.59150882063437  0.99999999999095812 50.724303235769412 27.345389578131428 145.31477408668732  1.0000000000089933 50.595374307934954 27.454933782182152 145.01245734694282  0.99999999999282718 50.46988436182523 27.568968991434939 144.69050455998806  1.0000000000045557 50.350594903006012 27.684660675547917 144.35723154807678  0.9999999999977589 50.239207131079986 27.798928434560434 144.02264645238691  1.0000000000007954 50.136962581556922 27.909276949624914 143.69632447845296  0.99999999999983757 49.957593714662039 28.111896732253275 143.0893036664819  1.0000000000001357 49.879078299048892 28.205118390339337 142.80638468219962  0.99999999999942601 49.805172725944225 28.296672545727439 142.52501224080518  1.0000000000015483 49.734821887624967 28.387518072701717 142.24194001889776  0.99999999999689249 49.667934121892216 28.477623466898063 141.95675227351791  1.0000000000048901 49.604585175103594 28.566658525977587 141.66996996991037  0.99999999999383637 49.54476161441756 28.654306154063448 141.38215347168222  1.0000000000062585 49.488364273958453 28.740349529674447 141.0936182497469  0.99999999999490963 49.435278373144854 28.824652961134781 140.80446404399015  1.0000000000032518 49.385402996082583 28.907117837571622 140.51470188802747  0.99999999999844413 49.338618674804152 28.987658167710094 140.22434738552082  1.0000000000004872 49.294757869902512 29.066203282952319 139.93343260260585  0.99999999999996125 49.23453618291434 29.178482389340918 139.50562950947986  0.99999999999993883 49.215985226963923 29.21381059847991 139.3691632385906  1.0000000000005667 49.19781751780625 29.248758884295722 139.23261977813559  0.99999999999831957 49.181250892700689 29.282867652330658 139.09577335970383  1.0000000000032696 49.162373443005144 29.317751170437958 138.95939483765764  0.99999999999521605 49.149776469095841 29.349365217227497 138.82167057197671  1.0000000000055638 49.129783286792069 29.385030180608883 138.68571756358688  0.99999999999475708 49.118023257297089 29.415100700147562 138.54764678296607  1.0000000000039873 49.101829163174202 29.448559864063558 138.41091929275709  0.99999999999761668 49.088326286024675 29.479693858492496 138.2734147859768  1.0000000000010438 49.074596921706913 29.51115488599147 138.13608237766903  0.99999999999973921 49.06140078958952 29.542165184446606 137.99865006670942  0.99999999999996514 49.046363287031276 29.578202297497253 137.83757930965356  1.0000000000000893 49.044170924368501 29.583474687351636 137.81397732963237  0.99999999999919942 49.041989398873831 29.588739342278267 137.79037414671933  1.0000000000024043 49.039818553517648 29.593996443930333 137.76676978634964  0.99999999999524136 49.037658231173147 29.599246174003071 137.74316427388618  1.000000000007004 49.035508274884343 29.60448871411759 137.71955763482134  0.99999999999193756 49.033368527453788 29.609724246000781 137.69594989446045  1.0000000000074503 49.031238831964004 29.61495295125464 137.6723410783311  0.99999999999442868 49.029119031228745 29.620175011604555 137.64873121174185  1.0000000000033424 49.027008968276121 29.625390608673534 137.62512032018046  0.99999999999843225 49.024908485992434 29.630599924155639 137.60150842901359  1.0000000000005427 49.022817427341138 29.635803139704247 137.57789556367467  0.99999999999988476 49.020735635251917 29.641000436991412 137.55428174956785  1
 -2.5921050115086905 14 0 12 2.8438490193646722 12 5.6876980387293443 12 8.0568749805533582 12 10.426051922377372 12 11.622301949448254 12 12.691577776409535 12 15.610656588308025 12 18.350555744345549 12 19.63226712329374 12 19.852310411757131 14
2 125.40408447487044 41.328311369377616 113.19871863517818 -0.044080626420003384 -0.013833517462120694 0.99893219598181204 -0.99077785681517305 0.12884318199701666 -0.041936534163138604 -0.12812547295191754 -0.99156848893432925 -0.019385430955710211 6.0499999999999998
2 125.45698122657444 41.34491159033216 112 -0.044080626420003384 -0.013833517462120694 0.99893219598181204 -0.99077785681517305 0.12884318199701666 -0.041936534163138604 -0.12812547295191754 -0.99156848893432925 -0.019385430955710211 4.8499999999999996
2 54.825618675949855 33.33820317579724 140 -0.031860637732687713 -0.050367856629690129 0.9982224094768648 0.89751788857204606 0.43804811775844549 0.050749248481721076 -0.43982557844723269 0.89753937270005835 0.031249559944791457 6.4000000000000004
7 1 0  2 3 2  49.517697194268905 38.190752507117466 140.68240535898872  0.99999999999999867 49.811465609844987 38.077774828334441 140.65608063079441  0.8454478650988777 50.034991029234625 38.293229419956234 140.59800460681981  0.99999999999999867
 0 3 35.729639019064507 3
7 0 0  5 6 2  50.034991286456666 38.293228879871208 140.59800458777835  50.014409519768812 38.276650819784997 140.43915183037629  50.03654038002454 38.215510474156964 140.27926702682231  50.10235616624923 38.108452283397767 140.15155797744833  50.191295184170137 37.976306953053744 140.0861119159047  50.279728937933363 37.842438179708815 140.08217979881937 
 0 6 1.5710066855129505 6
7 1 0  2 3 2  61.34776423639488 36.265140579051 140.77413434896044  0.99999999999999967 61.047659016681628 36.263235243721496 140.78937400263226  0.85711589917579123 60.90818049737522 36.521024323783109 140.85562713262112  0.99999999999999967
 0 3 35.729639019064507 3
7 0 0  5 6 2  60.908180055680532 36.521024143341073 140.85562710941869  60.912706895048657 36.529840870943005 140.69885711153728  60.862875265201545 36.510068731761748 140.53876279261416  60.756614951308016 36.459448501266138 140.4084092472126  60.619195717037073 36.390234747991265 140.33891379789526  60.479973162651021 36.317940060212315 140.33082236680548 
 0 6 1.570796501994556 6
7 1 0  14 366 29  49.701362915674373 38.049782238383557 133.19552357495402  1 49.701357984849864 38.049710616249207 133.20127924069035  1.0000000000000164 49.701353474433169 38.049639510105145 133.20703305492464  0.99999999999995881 49.701349383725685 38.049568918964134 133.21278501912991  0.99999999999993361 49.701345712059378 38.049498841837718 133.21853513484166  1.0000000000006073 49.701342458690618 38.049429277740344 133.22428340345294  0.99999999999817746 49.701339623026954 38.049360225680871 133.23002982661814  1.0000000000034877 49.701337204226235 38.049291684677122 133.23577440559555  0.9999999999951914 49.701335201790442 38.049223653734842 133.24151714214534  1.0000000000050251 49.701333614824158 38.04915613187346 133.24725803749371  0.99999999999594025 49.701332442816316 38.049089118099388 133.25299709334368  1.0000000000025266 49.701331684946062 38.049022611429379 133.2587343110427  0.99999999999882871 49.701331340598372 38.048956610873411 133.26446969215721  1.0000000000003604 49.701331409047874 38.048891115445031 133.2702032381446  0.99999999999996414 49.701355432685823 38.045642187594403 133.55673271456192  1.0000000000002485 49.702365204876358 38.043664921998158 133.83312975373036  0.99999999999904898 49.704286839484965 38.042786303069136 134.10530063213858  1.0000000000024125 49.707056975587321 38.042912645744707 134.37341700550249  0.99999999999553113 49.710622418778478 38.043963408462922 134.63764800729018  1.0000000000063052 49.714939301508565 38.04586999742169 134.89816063519095  0.99999999999303879 49.719972244063044 38.04857457084811 135.15512013691816  1.0000000000060902 49.725693514674873 38.05202884325309 135.40869039717546  0.99999999999579525 49.732082190639119 38.056192889703667 135.65903432295235  1.0000000000022231 49.739123318429442 38.061033950077331 135.90631423082613  0.99999999999918321 49.746807074673157 38.066525233332015 136.15069223223202  1.0000000000001237 49.755127926489607 38.07264472176427 136.39233062047151  1.000000000000087 49.764083792232775 38.079373975275253 136.63139225646978  0.99999999999990918 49.778470906909178 38.090358415810542 136.98636530468784  1.0000000000001192 49.783426295882336 38.094169068677303 137.10408662905388  0.99999999999914924 49.788541645102484 38.098127270894636 137.22122525761546  1.0000000000025582 49.793817640576762 38.1022317602648 137.33780167729327  0.99999999999481115 49.799255378174188 38.106481635720023 137.45383653267984  1.0000000000078824 49.804856363567531 38.110876357343521 137.56935062608824  0.99999999999059286 49.810622512358691 38.115415746333447 137.6843649174433  1.0000000000090381 49.81655614986245 38.120099985054765 137.79890052446484  0.99999999999294076 49.822660011410669 38.124929616975919 137.91297872241958  1.0000000000044644 49.828937241999022 38.129905546734754 138.02662094439864  0.99999999999777389 49.83539139662836 38.135029040080013 138.13984878105796  1.0000000000008036 49.842026440029102 38.140301723915385 138.25268398082218  0.99999999999986167 49.848846746847016 38.145725586271674 138.36514844975045  0.99999999999994171 49.859362278885754 38.15409167134608 138.53332215253951  1.0000000000001226 49.862914974431114 38.156918718448487 138.58929294157346  0.99999999999904965 49.866516040939743 38.159784650039875 138.64517935363992  1.0000000000029132 49.870166019165445 38.162689673864826 138.70098420588434  0.99999999999399491 49.873865499619718 38.165634040186305 138.75671032802876  1.0000000000093399 49.877615251246411 38.16861817109239 138.81236053728705  0.9999999999884337 49.881416191154131 38.171642629088801 138.86793764418067  1.0000000000117533 49.885269273480247 38.174708002017759 138.92344447370064  0.99999999999003741 49.8891753696835 38.177814781510712 138.97888388895595  1.0000000000071032 49.893135219857975 38.18096331198948 139.03425880114219  0.99999999999572342 49.897149526719716 38.184153887421772 139.08957215319174  1.0000000000021834 49.901219271381059 38.18738707287411 139.14482686118981  0.99999999999904965 49.905346323979998 38.190664328024013 139.20002570028777  1.0000000000003544 49.913722528885273 38.197313691414379 139.31031653969939  0.99999999999941769 49.917971354284838 38.200685428312489 139.36540856971072  1.0000000000033766 49.922283298275332 38.204106212240504 139.42044991252931  0.99999999999006273 49.926660867397118 38.207578102020385 139.47544324364537  1.0000000000206557 49.931106678938605 38.211103223467831 139.53039121146298  0.9999999999668594 49.935623461230215 38.214683769393773 139.58529643742517  1.0000000000425924 49.940214053177698 38.218321999603269 139.64016151584516  0.99999999995535382 49.944881404874202 38.222020240895539 139.69498901409207  1.0000000000384466 49.949628576925889 38.225780887065341 139.74978147242436  0.9999999999728848 49.954458741081893 38.229606398900344 139.80454140410939  1.0000000000153899 49.959375179733833 38.233499304184441 139.85927129535838  0.99999999999327649 49.964381286252703 38.237462197694477 139.9139736053485  1.0000000000019997 49.969480564799419 38.241497741202863 139.96865076622404  0.99999999999980027 49.99779804040044 38.263901411569101 140.26650595738678  1.000000000000002 50.022830426819226 38.283687453566642 140.50925762934239  1.0000000000010441 50.050101440869362 38.305196016706383 140.75162717848079  0.99999999999608236 50.079952042178071 38.32867995155037 140.99362300693957  1.0000000000091218 50.11278341921826 38.354423556706017 141.23520260800336  0.99999999998425948 50.149082296971805 38.382748640733425 141.47627215600949  1.0000000000213336 50.189434098824115 38.414019027384569 141.71668165646275  0.99999999997668643 50.23453343404455 38.448643710203108 141.95621929488803  1.0000000000207916 50.285201375898851 38.487078862822777 142.19460862417992  0.99999999998486644 50.342419003349328 38.529828910733031 142.43151222773128  1.0000000000088536 50.407386670645892 38.577446871101273 142.66654549927372  0.99999999999600986 50.481618477372763 38.630534166274792 142.89930417607314  1.0000000000012355 50.567081404659419 38.68974011753162 143.12940926627098  0.9999999999998529 50.742319842974062 38.806241793058504 143.53026465161196  0.99999999999995948 50.826291430015175 38.860664286313906 143.70211758427942  1.0000000000006599 50.91928420850121 38.919217225215469 143.87150715641357  0.99999999999798161 51.022208827754191 38.981890109051669 144.03751735896986  1.000000000003912 51.135954440349678 39.048533367829343 144.19911792034762  0.99999999999433942 51.261366625525291 39.118821512367809 144.35529280723006  1.0000000000065614 51.399170885444093 39.192184408581042 144.50513434699428  0.99999999999369138 51.549862232397352 39.267754548231672 144.64791287274457  1.0000000000050981 51.713585533317008 39.344361233489174 144.78312747929303  0.9999999999965562 51.890035436205324 39.420585638935528 144.91053915996764  1.0000000000018945 52.078408849470875 39.494873759795574 145.03018328256397  0.99999999999919986 52.277447103766555 39.565687301205131 145.14235404409558  1.0000000000002185 52.485609073624659 39.631655608824204 145.24754923164852  0.99999999999999534 52.889088213486154 39.743866834820722 145.43228349857094  0.99999999999994593 53.082530502144564 39.791563987664816 145.51338865926326  1.0000000000004738 53.280974288269427 39.8339926798078 145.5900935097628  0.99999999999839584 53.48109219370685 39.870481993813428 145.66229247538314  1.0000000000036591 53.696716238567952 39.902655573176702 145.73541714950994  0.9999999999937611 53.890241794338166 39.923643185744467 145.79664580353315  1.0000000000082652 54.120622507835449 39.944620769187786 145.86874921251442  0.99999999999133549 54.317602472657917 39.951297456856146 145.92557672510802  1.0000000000072868 54.542670079847454 39.956500829158657 145.99155625741795  0.99999999999503997 54.75259246187823 39.950970518556161 146.05034007168609  1.0000000000027385 54.96952028948769 39.939620442028236 146.11117250955161  0.99999999999878841 55.183917011926113 39.920436474883445 146.1706878925535  1.0000000000004099 55.397937055146798 39.894048792141923 146.23007024954686  0.99999999999990807 55.803457173442304 39.829950893294168 146.34272245271302  1.0000000000000937 55.995223826142848 39.793544897757755 146.39605776019647  0.9999999999995427 56.185705743823313 39.751261954023079 146.44921889971761  1.0000000000012121 56.374677296064135 39.703166000548116 146.50218884937976  0.99999999999778888 56.561964236920282 39.649327027086308 146.55488321668065  1.0000000000029448 56.7474268215745 39.589819972818731 146.60714063816386  0.9999999999970981 56.930951903576947 39.524719556003724 146.65871786913434  1.0000000000020843 57.112450444007109 39.454093306588803 146.70928797651374  0.99999999999902101 57.29185685705685 39.377995069526001 146.75844002636734  1.0000000000001388 57.469126625106355 39.296461251147306 146.80567868458976  1.0000000000002041 57.644228607070204 39.209512075962216 146.85042212002486  0.99999999999981615 57.817128472528083 39.117160125939805 146.89199662678672  1.0000000000000631 57.987759687030866 39.019428430496895 146.92962636009304  1.0000000000000058 58.250645094291123 38.858389173836606 146.98086959137785  0.99999999999997058 58.344546018500004 38.798716033276001 146.99779006051739  1.0000000000002667 58.437651429770305 38.737377260577901 147.01301646400918  0.99999999999907219 58.52993527777349 38.674382540134793 147.02639910618188  1.0000000000021345 58.621327035447969 38.609790267180649 147.03767447541802  0.99999999999637756 58.711787557658226 38.543595515611976 147.04686774828235  1.0000000000047533 58.801168008247579 38.475957826136231 147.05339537548141  0.99999999999506517 58.889346965674079 38.40693114225602 147.05744193493103  1.0000000000040976 58.976051431961594 38.336755996664316 147.05870270177519  0.99999999999726086 59.060881962964245 38.265870902939575 147.05650748222843  1.0000000000014895 59.143651206260536 38.19445616066416 147.05177120327028  0.99999999999932565 59.224308268735136 38.12282553341646 147.04344946482485  1.0000000000002653 59.304281700984959 38.049722041649567 147.03195513237054  0.99999999999990585 59.418220142229181 37.942095475122365 147.00934783478911  1.0000000000000779 59.450029917564407 37.911690457417556 147.00240197499926  0.99999999999945843 59.482141397890103 37.880626703458219 146.99471601632331  1.0000000000016567 59.514571985102201 37.848869675116241 146.98623494233078  0.99999999999650768 59.547325466350998 37.816396650516324 146.97690122590416  1.000000000005584 59.580393460925393 37.783196084124235 146.96665492472744  0.99999999999289835 59.613756867608615 37.749266966876426 146.95543377719068  1.0000000000073583 59.647387311346705 37.714618186235221 146.94317329765346  0.99999999999371814 59.681248590764909 37.679267886353664 146.92980687255994  1.0000000000044216 59.715298124785797 37.643242828105663 146.91526585556596  0.99999999999746625 59.749488400069545 37.606577749255365 146.89947966366793  1.0000000000011442 59.783768417805675 37.569314724505091 146.88237587245169  0.99999999999962152 59.818085140939701 37.531502525632376 146.86388031200033  1.0000000000000726 59.886684741379256 37.454889437512762 146.82395401278154  0.99999999999993527 59.920966865673606 37.416088187552582 146.80252584826817  1.0000000000002325 59.955163575519919 37.376866872580443 146.77952325387764  0.9999999999995155 59.989255350964392 37.337227481839577 146.75500077855463  1.0000000000006433 60.023111154821564 37.297351385953291 146.72863310456472  0.99999999999961808 60.056689651169371 37.257284170527107 146.70044784533096  0.99999999999956779 60.08997716260555 37.217033514938962 146.67056294250554  1.0000000000014528 60.122903461006075 37.176701633865271 146.63887060323714  0.99999999999787637 60.155386908560807 37.136414474344789 146.60522424620933  1.0000000000021374 60.187400053365359 37.096218715585216 146.56968885508169  0.99999999999837652 60.218919970042251 37.056159679515801 146.53233716223133  1.0000000000009559 60.249859052654614 37.016389810875779 146.49298275488513  0.99999999999956357 60.28020663031532 36.976945960928639 146.45174490442236  1.0000000000001517 60.369331494948995 36.859892373279777 146.32227095918279  0.99999999999957878 60.426201713760648 36.783555106590448 146.22831231986231  1.0000000000021672 60.480216769373804 36.709573349264055 146.12672755355334  0.99999999999383293 60.531127068096367 36.638622877082284 146.01769890114252  1.0000000000125926 60.578746798699065 36.571350699031889 145.90156933627836  0.99999999998003331 60.622956018094598 36.508336310437556 145.77883414540986  1.0000000000254019 60.663700249817126 36.45006168997115 145.65012904834686  0.99999999997369149 60.700987598964382 36.396890042023998 145.51621485763312  1.0000000000223099 60.734883378611087 36.3490532823254 145.37795867879936  0.99999999998453537 60.765502253590292 36.306648269368182 145.23631164936114  1.0000000000086606 60.792997895583639 36.269641778998917 145.09228321844901  0.99999999999619882 60.817550154933684 36.237884224499624 144.94691196564659  1.0000000000012061 60.839349744991111 36.211132120417673 144.80123295994593  0.99999999999979883 60.868657827681638 36.177523034481553 144.58026244056776  1.0000000000000506 60.878007893754983 36.167283584964558 144.50466283190835  0.99999999999994515 60.886691527934957 36.158275851016739 144.42935826396254  1.0000000000001892 60.894761057175295 36.150426262309345 144.35427624880529  0.99999999999919886 60.902261115114271 36.143671549395492 144.27935537859412  1.0000000000022324 60.909229508647421 36.137957523387769 144.20454432455008  0.99999999999570111 60.915698086418729 36.133237855379981 144.12980083703255  1.0000000000060905 60.921693604487537 36.129472856237633 144.05509074401812  0.99999999999337352 60.927238595536508 36.126628255942094 143.98038695156575  1.0000000000056579 60.932352234272201 36.124673983393791 143.90566844215465  0.99999999999619149 60.937051206345394 36.123582945812402 143.83091927498666  1.000000000001998 60.941350574477212 36.123329808438484 143.75612758473096  0.99999999999921518 60.945264646479707 36.12388977404499 143.68128458131699  1.0000000000002089 60.952351037904037 36.126584951049871 143.53148251696723  0.99999999999973599 60.955521590056946 36.128722905374929 143.45652395777685  1.0000000000014198 60.958335958244703 36.1316200811996 143.38150101326332  0.9999999999957917 60.960784246941905 36.135298974025254 143.30641385511282  1.0000000000089468 60.962931386246744 36.139623910463442 143.23125441386574  0.99999999998533795 60.964709163014021 36.144737846644347 143.15603066649564  1.0000000000191602 60.966152490885555 36.150565485523522 143.08074429048526  0.9999999999796394 60.967327148562411 36.156966120794813 143.00539242397005  1.0000000000177416 60.968196151714878 36.164014884565852 142.92997995025257  0.99999999998736067 60.96874602267976 36.171736623496152 142.8545120521556  1.0000000000072256 60.969056712189477 36.179959001557982 142.77898684473348  0.99999999999684286 60.969074777616569 36.188790512407998 142.70341074904761  1.0000000000009144 60.968838729197984 36.198145454683676 142.62778519796186  0.99999999999993949 60.967366550622529 36.227770108095022 142.4007702805992  0.99999999999982148 60.965372197856539 36.249588915142176 142.24924583559198  1.0000000000014659 60.962424583730289 36.273310975601504 142.09755855566479  0.99999999999528266 60.958578752268068 36.298778920920753 141.94573137602021  1.000000000010437 60.953885524215771 36.325843855444781 141.79378890783025  0.99999999998228284 60.948391868849441 36.354365413057046 141.64175451095491  1.0000000000239939 60.942141275622177 36.384211813991605 141.48964736645081  0.99999999997357192 60.935174126061135 36.415259921432465 141.33747954944943  1.0000000000239002 60.927528065329085 36.447395298331557 141.18525310148033  0.99999999998225075 60.91923837417724 36.480512264044819 141.03295710349741  1.0000000000106983 60.910338340503571 36.514513951086222 140.88056474815454  0.99999999999492151 60.900859631250761 36.549312361827504 140.72803041275654  1.0000000000017706 60.890832664058792 36.584828425209651 140.57528673170032  0.99999999999963463 60.872813794787838 36.646619355818018 140.31378650917952  1.000000000000238 60.865080295298661 36.672571582580488 140.20517732924404  0.99999999999901656 60.857096647655176 36.698820921637854 140.09640227318974  1.0000000000025624 60.848873507325649 36.725339764007543 139.98744922590097  0.99999999999499478 60.840422018121465 36.752100703843752 139.87830581339711  1.000000000007828 60.831753812310581 36.779076538426075 139.76895940280642  0.99999999998996236 60.822881010464556 36.806240268164061 139.65939710241895  1.0000000000105991 60.813816221619703 36.833565096612872 139.5496057615959  0.99999999999077915 60.804572543146577 36.86102443042688 139.43957197089898  1.0000000000065983 60.7951635608269 36.888591879435815 139.32928206193694  0.99999999999612221 60.785603348825312 36.916241256553683 139.21872210751675  1.0000000000018683 60.775906469692821 36.943946577863528 139.10787792152038  0.99999999999926514 60.766087974364922 36.971682062554997 138.99673505898718  1.0000000000002336 60.751201116074895 37.013292168163289 138.82955069461076  0.99999999999979172 60.746212586166607 37.027163043445441 138.77374383034768  1.0000000000013982 60.741199813233116 37.041031504344787 138.71785622254649  0.99999999999559963 60.736164879683436 37.054894249563702 138.66188580648591  1.0000000000096867 60.731109950058041 37.068747930982553 138.60583045344725  0.99999999998362676 60.726037270030787 37.082589153629414 138.54968797073965  1.0000000000220262 60.720949167993673 37.096414475737532 138.49345610164809  0.99999999997601841 60.715848052970763 37.110220408653483 138.43713252552064  1.0000000000212781 60.710736416922956 37.124003416961123 138.38071485764829  0.99999999998460154 60.705616832597329 37.137759918340286 138.32420064940166  1.0000000000090279 60.700491955225957 37.151486283702411 138.26758738810193  0.99999999999579692 60.695364521391518 37.165178837081768 138.2108724971221  1.0000000000014815 60.690237349663541 37.178833855707346 138.1540533358214  0.99999999999965339 60.679989330943357 37.206061284221988 138.04020106333778  1.000000000000399 60.674867445096737 37.219635253418055 137.9831683972493  0.99999999999801192 60.669759136242646 37.233153006927857 137.9260229359071  1.0000000000056797 60.664639681927177 37.246652026399914 137.8687735811298  0.99999999998811107 60.659557574223811 37.260060571234703 137.81139824119441  1.0000000000197076 60.654489735785205 37.273414439146656 137.75390558897064  0.9999999999733431 60.649422875995583 37.286734050538655 137.69629944457574  1.0000000000296512 60.644374220618339 37.299994153407113 137.638570534563  0.99999999997290889 60.639344331582116 37.313195041377554 137.58071708749182  1.0000000000202132 60.634321287223699 37.326355395155595 137.52274230737262  0.99999999998787004 60.62931300393447 37.339463669488367 137.46464040279483  1.0000000000056415 60.624317658826115 37.352523793423053 137.40641036443867  0.99999999999815647 60.619333973586421 37.365538172997034 137.34805025810053  1.0000000000002807 60.594474989777211 37.430383590399664 137.05558716998905  0.99999999999931244 60.574775198677926 37.48153809945692 136.81949611467471  1.0000000000026372 60.555241368250336 37.532051487111708 136.58114309714514  0.9999999999930822 60.535839434352638 37.582017152586985 136.3403566667522  1.0000000000137381 60.516523411922719 37.631541381715991 136.09693450060578  0.99999999997835765 60.497234959894691 37.680744199783703 135.85064300703817  1.0000000000276605 60.47790180445233 37.729760886226352 135.60121733338488  0.99999999997101074 60.458435018453194 37.77874415132932 135.34836177556713  1.0000000000250355 60.438725159943758 37.82786697482824 135.09175059226212  0.99999999998219991 60.418637266393937 37.877326106418423 134.83102922112775  1.0000000000103173 60.398004707996101 37.927346228268092 134.56581589894114  0.99999999999525446 60.376621897177664 37.978184779370252 134.29570368459494  1.0000000000016227 60.354235856404394 38.030137441914533 134.02026288536419  0.99999999999966116 60.329934787569755 38.084900587749864 133.73190216495311  1.0000000000000062 60.329332084709634 38.086257823799308 133.72475671635604  1.0000000000000364 60.328728529163605 38.087616003358193 133.7176075331185  0.99999999999968858 60.32812411562017 38.088975132109411 133.7104546078387  1.00000000000109 60.32751883892039 38.090335215732871 133.70329793293092  0.99999999999755296 60.326912693603724 38.091696259914102 133.69613750116659  1.0000000000039435 60.326305674696314 38.093058270329962 133.68897330475389  0.99999999999522526 60.32569777656937 38.094421252668482 133.68180533663784  1.0000000000044751 60.325088994336454 38.095785212605549 133.67463358895611  0.99999999999668621 60.324479322400201 38.097150155828224 133.66745805458919  1.00000000000197 60.323868755737145 38.098516088014868 133.6602787258457  0.99999999999903966 60.323257288936375 38.099883014849539 133.65309559539855  1.0000000000003963 60.322644916802389 38.101250942013209 133.64590865573328  0.99999999999985523 60.321724992664514 38.103304341775676 133.63512252124693  1.0000000000001437 60.321418123579917 38.103989059904926 133.63152618890416  0.99999999999905964 60.321111026093384 38.104674030305866 133.6279289014135  1.0000000000028579 60.320803699548016 38.105359253708855 133.62433065791097  0.99999999999387046 60.320496143202938 38.106044730843031 133.62073145728024  1.0000000000102391 60.320188356458871 38.106730462440147 133.61713129888685  0.9999999999861412 60.31988033852047 38.107416449227372 133.61353018134304  1.0000000000153573 60.31957208881937 38.108102691938647 133.60992810424656  0.99999999998612166 60.319263606564782 38.108789191299437 133.60632506610509  1.0000000000100973 60.318954891152011 38.109475948044143 133.60272106644871  0.99999999999426692 60.318645941842938 38.110162962899295 133.59911610399658  1.000000000002341 60.318336757981001 38.110850236597166 133.59551017800717  0.99999999999950828 60.318027338867985 38.111537769866601 133.59190328744313  0.99999999999985878 60.317562856299922 38.112569460223824 133.58649150337371  1.0000000000003457 60.317407969790992 38.11291342208748 133.58468733397427  0.99999999999728217 60.317253024205122 38.113257449121875 133.58288292309166  1.0000000000085028 60.317098019466016 38.113601541418639 133.5810782705764  0.99999999998183942 60.316942955459325 38.113945699072232 133.57927337637747  1.0000000000294575 60.316787832148385 38.11428992217165 133.57746824025645  0.99999999996220101 60.316632649368223 38.114634210814714 133.57566286227387  1.000000000039146 60.316477407128943 38.114978565087128 133.57385724208703  0.9999999999669833 60.316322105241248 38.115322985088817 133.57205137981455  1.0000000000226426 60.316166743706177 38.115667470905485 133.5702452751278  0.99999999998758071 60.316011322372688 38.116012022634841 133.5684389280639  1.0000000000051981 60.31585584119064 38.116356640366163 133.56663233840985  0.99999999999856326 60.315700300055404 38.116701324193549 133.56482550609371  1.0000000000000782 60.315466898300123 38.117218449216622 133.56211489342226  1.0000000000002003 60.315389082706666 38.117390840771534 133.5612112951695  0.99999999999810896 60.315311252088556 38.117563248885183 133.56030763619182  1.0000000000060389 60.315233406452094 38.117735673569484 133.55940391651583  0.99999999998703137 60.315155545744837 38.117908114835693 133.55850013603697  1.0000000000210496 60.315077670034668 38.118080572695767 133.55759629489603  0.99999999997304867 60.314999779186188 38.118253047161431 133.55669239285626  1.000000000027782 60.314921873352283 38.118425538243564 133.55578843016625  0.99999999997674871 60.314843952340794 38.118598045955274 133.55488440654943  1.0000000000157325 60.314766016307686 38.118770570306374 133.55398032220859  0.99999999999159683 60.314688065114801 38.118943111310209 133.55307617697855  1.0000000000033016 60.314610098829299 38.119115668977209 133.55217197092924  0.99999999999927613 60.314532117402827 38.119288243319673 133.55126770400841  0.99999999999987244 60.314415122553925 38.119547129863648 133.54991121231492  1.0000000000003675 60.31437612048726 38.119633429550071 133.54945903320092  0.99999999999695899 60.314337114624657 38.119719733409603 133.54900683885162  1.0000000000098861 60.314298105000326 38.119806041444022 133.54855462931886  0.99999999997794764 60.314259091529451 38.119892353654038 133.54810240448109  1.0000000000376572 60.314220074365359 38.119978670042627 133.54765016454678  0.9999999999487641 60.314181053270772 38.120064990608704 133.54719790921138  1.0000000000564928 60.314142028545078 38.120151315357248 133.54674563883597  0.99999999994919964 60.314102999863955 38.12023764428573 133.5462933530537  1.0000000000371716 60.314063967517946 38.120323977399309 133.54584105217074  0.99999999997819622 60.314024931285012 38.120410314696663 133.54538873596798  1.0000000000098588 60.313985891301108 38.120496656180912 133.54493640457039  0.99999999999690947 60.313946847496361 38.120583001852772 133.54448405791604  1.0000000000004028 60.313888276094829 38.120712526644496 133.54380551507984  1.0000000000000822 60.313868751341047 38.120755702622496 133.54357933032077  0.99999999999851774 60.313849225646322 38.120798879647481 133.54335314176387  1.0000000000048277 60.313829698975688 38.120842057721539 133.54312694936269  0.99999999998985467 60.313810171404647 38.120885236840678 133.54290075321828  1.0000000000160947 60.313790642798892 38.120928417012301 133.54267455315068  0.99999999997958511 60.313771113355671 38.120971598226355 133.5424483494254  1.0000000000212323 60.313751582831735 38.121014780495102 133.54222214171031  0.99999999998173916 60.313732051477501 38.121057963806798 133.54199593035688  1.0000000000129212 60.313712519077214 38.121101148171469 133.54176971504972  0.99999999999263567 60.313692985784215 38.121144333582563 133.54154349602481  1.0000000000032143 60.313673451509374 38.121187520044018 133.54131727313677  0.99999999999906453 60.313653916292921 38.121230707554375 133.54109104645596  1.0000000000000713 60.313624612035966 38.121295490394303 133.54075170070732  1.0000000000001035 60.313614843710148 38.12131708493672 133.54063858450405  0.99999999999902167 60.313605075156147 38.121338679741207 133.54052546735247  1.0000000000029106 60.313595306336424 38.121360274809049 133.54041234923028  0.99999999999429501 60.31358553733412 38.121381870137462 133.54029923019519  1.000000000008417 60.313575768004526 38.121403465731291 133.54018611013393  0.99999999999016254 60.31356599855323 38.121425061583871 133.54007298922386  1.0000000000093126 60.313556228736886 38.121446657702869 133.5399598672378  0.99999999999279454 60.313546458797603 38.12146825408103 133.539846744416  1.0000000000045715 60.313536688532167 38.12148985072416 133.53973362054791  0.9999999999976219 60.313526918083852 38.121511447628485 133.53962049578561  1.0000000000010054 60.313517147368664 38.121533044796031 133.5395073700397  0.99999999999966771 60.313507376426543 38.121554642226023 133.53939424335147  1.0000000000000782 60.313487834058876 38.121597837611333 133.53916798806264  0.9999999999999043 60.313479769688819 38.121609118254582 133.53914869417201  1.0000000000004656 60.313457451635315 38.121706265882445 133.53834907504555  0.99999999999878675 60.313491946829906 38.121462503461508 133.54064450726631  1.000000000002164 60.313387265728053 38.122049856451795 133.53540340865374  0.99999999999722 60.313505318223235 38.121315303175436 133.54213089356287  1.0000000000025868 60.313404695554524 38.121866439274868 133.53724516807426  0.99999999999834854 60.313373321782677 38.12202544740321 133.53586708112795  1.0000000000005396 60.313504856865841 38.121213061610604 133.54329430996791  1.0000000000001881 60.313307170020146 38.122326926872304 133.53334381815912  0.9999999999996122 60.313445865641938 38.121497605966688 133.54086649516432  1.000000000000276 60.313360515708396 38.121945509053823 133.53694394971478  0.99999999999988298 60.3133725693881 38.121846308179755 133.5379047533493  1.0000000000000273 60.313357771700716 38.121873861182948 133.53779175335427  1
 -9.2171450757882241 15 -9.1240241738065944 13 -4.5620120869032972 13 -2.2810060434516486 13 -1.1405030217258243 13 0 13 5.0750009584859654 13 8.9553968908404933 13 12.329748515140892 13 15.386445155699843 13 17.106628266921852 13 17.765085454089089 13 18.423542641256329 13 19.740457015590806 13 20.430554441606063 13 21.120651867621323 13 22.50084671965184 13 23.478919786327928 13 23.967956319665973 13 24.456992853004014 13 26.413138986356188 13 26.462816464816235 13 26.487655204046256 13 26.500074573661266 13 26.506284258468774 13 26.509389100872525 13 26.510941522074404 13 26.511717732675343 13 26.512493943276279 15
1 6.9000000000000004 0 0 0 1 0 
2 0 52.393133537653902 0 0 1 0 1 0 0 0 0 -1 6.9000000000000004
7 1 0  2 3 2  54.917424206192756 27.444126293944873 139.26551870792565  1 54.888250115936508 27.370498374965219 139.70088327074021  0.74884668091553563 54.763359412782634 26.946737509146363 139.67551515262969  1
 0 3 0.89441113915396908 3
7 1 0  14 28 3  57.683952067025224 26.116293628174198 139.72683063673367  0.99999999999999933 57.349659510630367 26.205555253697057 139.72066481915562  1.0000000000001688 57.015971826313546 26.296237063278038 139.7145899665133  0.99999999999921063 56.682928032666098 26.388342142212537 139.70860747985355  1.0000000000022833 56.350282277142909 26.481793406202634 139.70270562272484  0.99999999999514 56.01833136691117 26.576670369794819 139.69689788054112  1.0000000000080123 55.68676954964679 26.672620780156915 139.69115672067718  0.9999999999895367 55.355454201919052 26.769684915744033 139.68547962331678  1.0000000000109983 55.024549919989447 26.867769204131118 139.67986712051155  0.99999999999064271 54.694006581777359 26.966380346304859 139.67429272182954  1.0000000000063747 54.363515765476784 27.065511700159302 139.66874624811669  0.99999999999666056 54.032877493083468 27.165525554356901 139.66323959679775  1.0000000000011811 53.701956987730206 27.265692918128384 139.65773168306032  0.99999999999989186 53.37080543411826 27.366555542500297 139.65225147601569  0.99999999999980549 52.708060439432522 27.569646116925362 139.64134584902718  1.0000000000005158 52.376487969329915 27.671879951593162 139.63592139534427  0.99999999999665101 52.044503696700801 27.774990525952052 139.63052803614679  1.0000000000100842 51.713475414085053 27.878649201261414 139.62519284545584  0.99999999997889111 51.378555203729988 27.984693050377054 139.61985378471286  1.0000000000338309 51.052717164958061 28.088817477972594 139.61470775366942  0.99999999995677569 50.71084223293655 28.199816948447285 139.6093967650018  1.000000000044946 50.391441251408473 28.304555916772149 139.60448719614072  0.99999999996157285 50.049419093880594 28.418581521205578 139.59932419970838  1.0000000000270477 49.726383332718363 28.527566037510521 139.59451283819803  0.99999999998447597 49.393576213639349 28.641255923395782 139.58962702203746  1.0000000000070746 49.066426959553823 28.754082136447721 139.58487821125004  0.99999999999759892 48.73936042718163 28.867583912099757 139.58016612795635  1.0000000000005012 48.413870008287311 28.980796522671774 139.57548975950419  1
 -0.88872965758982436 15 3.9499074212108134 13 8.7885445000114508 15
7 0 0  6 7 2  51.460030034902104 28.50549401040454 139.21784863399193  51.451229148680028 28.483706601361959 139.33467279971563  51.43235452586665 28.43003056799969 139.44495215539987  51.404281497779586 28.346597372030072 139.53635148730962  51.369735326285969 28.241426842168181 139.59838982870647  51.332530031396807 28.126194944194442 139.6255246208805  51.296458285465064 28.012829804863081 139.61865317835523 
 0 7 1 7
7 1 0  7 8 2  54.763359412782634 26.946737509146363 139.67551515262969  1 54.775381268421199 26.944808809154761 139.67580154121404  1.0000000000000024 54.787594495790607 26.943480850256687 139.67613189529277  0.99999999999998745 54.801022241461688 26.942739864816303 139.67652931510636  1.00000000000002 54.815386832097126 26.942568932326232 139.67698033319093  0.99999999999998057 54.834012635004925 26.94308101303951 139.67759492932032  1.0000000000000109 54.855558030549496 26.944276914168441 139.67833373477964  0.99999999999999689 54.891904867083319 26.946571448539171 139.67960960692764  1
 1.0331471443716861e-06 8 0.89441217230111347 8
7 1 0  2 3 2  55.39032311530859 27.269660676969607 139.45633788379916  1 55.066344513496425 27.317383891565093 139.70388754951574  0.77287925186248352 54.891904867083319 26.946571448539171 139.67960960692764  1
 0 3 0.89441113915396908 3
7 0 0  11 22 3  51.296458285465064 28.012829804863081 139.61865317835523  51.204727846507346 28.029067291701995 139.61654468744621  51.113172150621885 28.046710763357922 139.61756267582712  51.021974683201584 28.065978427417267 139.62166860821407  50.931323685491456 28.087067272460782 139.62879731403061  50.841410096421235 28.11015315805826 139.63885963376993  50.752425513421251 28.135390931480138 139.651745069729  50.664560150219543 28.162914539546929 139.66732443277857  50.578000794346522 28.192837141027159 139.68545249363879  50.49292876504051 28.225251218490193 139.70597062953374  50.409517870735321 28.260228690613815 139.72870947474613  50.246346863032812 28.335413357739792 139.7782736622699  50.166589494894751 28.375620377595194 139.80509788294756  50.088821616411423 28.41849671828437 139.83378672290883  50.013198572661018 28.464078864380809 139.86415394119132  49.939886235347551 28.51237274084469 139.8959971482418  49.868989494637596 28.563396222762616 139.9291272969233  49.80067532525181 28.617111331933167 139.96332374006462  49.735026539714333 28.6735043199192 139.99838815671393  49.672165040896473 28.732519933739511 140.0341009950352  49.612172834829437 28.794104289030269 140.07025024773981  49.555127232650243 28.858186363853228 140.10661946271577 
 0 12 0.5 10 1 12
7 0 0  6 7 2  49.33376505817423 28.998742785632992 140.17757428472257  49.376723081877756 28.9860679580454 140.16776842684942  49.418070348050136 28.968723862293665 140.15693376409536  49.457154187999919 28.946902403313519 140.14521898926219  49.493366031198292 28.920914024700359 140.1327986212616  49.526170127984187 28.89117482549732 140.11986506999702  49.555127232650243 28.858186363853228 140.10661946271577 
 0 7 1 7
7 1 0  13 134 12  57.25290020159558 26.960923935566527 137.76070046282243  1.0000000000000007 57.219606211217474 26.942992800933954 137.90966484699049  1.0000000000002216 57.18625138199215 26.925192750257711 138.05866682998291  0.99999999999900535 57.152824421281316 26.90751909057067 138.20770555342008  1.0000000000026701 57.119311632812334 26.889966982858116 138.3567791932598  0.99999999999477318 57.085696916724494 26.872531442042042 138.50588495983487  1.0000000000079985 57.051961769485658 26.855207337009066 138.65501909779792  0.99999999999016631 57.018085284014504 26.837989390570026 138.8041768861838  1.0000000000098004 56.984044149531336 26.820872179508278 138.95335263835619  0.99999999999208533 56.949812651711689 26.803850134531725 139.10253970203934  1.0000000000051199 56.915362672551986 26.786917540312437 139.2517304593097  0.99999999999742584 56.880663690469262 26.770068535459547 139.40091632658931  1.0000000000009399 56.845682780239102 26.753297112534455 139.55008775465618  0.99999999999979639 56.771658304576633 26.718275228018591 139.86286573734938  1.0000000000002163 56.732563449619057 26.70004319855575 140.02647113804778  0.99999999999900158 56.692904152185832 26.681861565859403 140.1899456063704  1.0000000000028146 56.653402241969587 26.66390430183306 140.35349210526414  0.99999999999419908 56.611552830611018 26.645591529232771 140.51634009517792  1.000000000009255 56.572740496160328 26.628196540771398 140.68014972218072  0.99999999998831035 56.527962935073383 26.609598024299697 140.84219431364178  1.0000000000117908 56.487900729219405 26.592358171579036 141.00573530111438  0.99999999999049649 56.443084706775238 26.574199434867094 141.16795331014077  1.0000000000060496 56.398849415599322 26.556462637311345 141.3304486770086  0.9999999999970578 56.353170806528631 26.538654394865027 141.49265649754386  1.0000000000009994 56.306455534827855 26.52090761293886 141.65471077466958  0.99999999999983857 56.210729385321315 26.48553114279057 141.97848326694404  1.0000000000000688 56.161723998355185 26.467902370169714 142.1401996419211  1.0000000000000167 56.11151831606562 26.450347169514011 142.30175358508063  0.999999999999578 56.06005954673801 26.432881632718999 142.46313959734272  1.0000000000013425 56.007294495951299 26.415524252858734 142.62434437422337  0.99999999999736655 55.95316701508596 26.398296557363494 142.78534749471726  1.0000000000036924 55.897618492173649 26.381223955392223 142.94611766593968  0.99999999999610845 55.840591385500034 26.364336799688338 143.10660452364516  1.0000000000031701 55.782035799425735 26.34767166254537 143.26672598852596  0.99999999999797695 55.721919103017093 26.331272826293439 143.42635117833919  1.0000000000010132 55.660238590931158 26.315193987921393 143.58527887586612  0.99999999999960454 55.597037186995287 26.299500178141269 143.74321155266728  1.0000000000001186 55.478592201508164 26.271581725898468 144.03011440549341  0.9999999999998499 55.423742708013869 26.259204173741963 144.15963147379136  1.0000000000007889 55.367838093781046 26.247163116080145 144.28822781912515  0.99999999999789535 55.310818317056892 26.235474684314024 144.41596870088833  1.0000000000039304 55.25258888827338 26.22415213860614 144.54297762721359  0.99999999999438294 55.19302445065847 26.213210830985879 144.66939712340857  1.0000000000064 55.131980498556288 26.202671642121349 144.79536235558899  0.99999999999407618 55.06930776702405 26.192563278120147 144.92098435137879  1.0000000000044789 55.00486382832743 26.182923812904214 145.04633955936055  0.99999999999724642 54.938516428629441 26.173801862686677 145.17146248907886  1.0000000000013569 54.870133100421 26.165257778066646 145.2963381733598  0.99999999999947997 54.799551584373319 26.157365240149566 145.42089119469463  1.000000000000145 54.65349960685684 26.14306205271442 145.66904484023399  0.9999999999998026 54.578036927304787 26.136657647757566 145.79262484271069  1.0000000000010194 54.499937090745675 26.131067834733201 145.91566495522747  0.99999999999718336 54.418954668854639 26.126432150734388 146.03785256705612  1.0000000000054976 54.334839134829217 26.122877209780334 146.15894105839251  0.99999999999182621 54.247299456663988 26.120536209532315 146.27870549266348  1.0000000000095637 54.155965275608764 26.119590043428772 146.39680448461326  0.99999999999107747 54.060370413816571 26.120285810751824 146.51271633799419  1.0000000000066527 53.959938344218955 26.122927268653683 146.62579961914764  0.99999999999608313 53.853903144251476 26.127870520759593 146.73541041259449  1.0000000000017484 53.741053343843689 26.13559698859412 146.84089057661251  0.99999999999947986 53.619139966931591 26.146974462696114 146.94112339612428  1.0000000000000431 53.415379502207294 26.172379534465257 147.07974434915351  1.0000000000000553 53.34371652021418 26.18228977658984 147.12408093717141  0.99999999999945333 53.267768668371893 26.193882883346145 147.16613401852391  1.0000000000016904 53.187269333716245 26.207433607122983 147.20499489724727  0.99999999999658451 53.102457306082286 26.223186662849564 147.23925947248941  1.0000000000050839 53.013926062478632 26.241334783152645 147.26731567806186  0.99999999999418088 52.922524137674777 26.261988099472919 147.28760835694879  1.0000000000052442 52.829294058527196 26.285139705220203 147.29887400609502  0.99999999999622469 52.735437319720589 26.310632257196236 147.30033782972168  1.0000000000021789 52.642292878354546 26.338130471309434 147.29186553602966  0.99999999999901168 52.551316645112998 26.367104368842895 147.27406231550378  1.0000000000003257 52.464049449446797 26.39682812930441 147.24831143618795  0.99999999999994282 52.308775011483704 26.452831883165377 147.18852893481204  1.0000000000000333 52.239779617178449 26.479114812628207 147.15570219819369  0.99999999999991684 52.174374203480234 26.505274265190074 147.11902571572256  1.0000000000001534 52.112184409421062 26.531267866937064 147.07916311197417  0.99999999999977507 52.05298669759533 26.557031009750119 147.03668975505721  1.0000000000003104 51.996603765908489 26.58250362745256 146.99210165583588  0.99999999999960965 51.942853478952841 26.607642883873773 146.94582155046623  1.0000000000004234 51.891534041421529 26.632427118836183 146.89819959896022  0.99999999999960865 51.842428135856515 26.656856398344811 146.84950613602567  1.000000000000306 51.795308747206938 26.680955014931833 146.79991390623454  0.99999999999980194 51.749929396447655 26.704781284440756 146.74946721984739  1.0000000000001013 51.705981505739686 26.728449985249316 146.69803546188777  0.99999999999996103 51.545668298765428 26.816935052042155 146.50114186496177  1.0000000000001505 51.436273707507432 26.881719459911096 146.34778040988567  0.99999999999922529 51.32661454234087 26.950284056315763 146.1786141948381  1.000000000002226 51.213262613867144 27.025209863469239 145.98651178352304  0.99999999999541211 51.095634605947509 27.107725593292937 145.76716782151871  1.0000000000072546 50.974863169962433 27.198084445611336 145.51857431096153  0.99999999999095812 50.852897077054536 27.29575133519041 145.24113267211311  1.0000000000089933 50.73195224155463 27.399510148684218 144.93809710980528  0.99999999999282718 50.614356865301247 27.507465540878172 144.61555981131312  1.0000000000045557 50.502478569354437 27.616982756835444 144.28195202753409  0.9999999999977589 50.398276919579267 27.725040748243799 143.9472101081636  1.0000000000007954 50.302570854004941 27.829395487171997 143.62084115074339  0.99999999999983757 50.134391657522855 28.021438347642739 143.01232486991498  1.0000000000001357 50.06094659968381 28.109617625425837 142.72931646593878  0.99999999999942601 49.991895566891756 28.196151415045364 142.44809272687067  1.0000000000015483 49.92623263117828 28.281985594728496 142.16526667859239  0.99999999999689249 49.86388793757439 28.367089641486317 141.88041442205773  1.0000000000048901 49.804953077196409 28.451137923771164 141.59409494791615  0.99999999999383637 49.749428297987116 28.533820478923108 141.30690173908209  1.0000000000062585 49.697223679562981 28.614931544692642 141.01915800215775  0.99999999999490963 49.648228058001145 28.694350123021927 140.73094856348209  1.0000000000032518 49.602341140911818 28.771992863782557 140.44226265994317  0.99999999999844413 49.559445913192761 28.847785564873913 140.15310305000924  1.0000000000004872 49.519380088490884 28.921665594681713 139.86349806443303  0.99999999999996125 49.464582794627745 29.027241096953695 139.43774405818908  0.99999999999993883 49.447714821765601 29.060461438205223 139.301954559781  1.0000000000005667 49.431426670815185 29.09325757438522 139.16606691167308  0.99999999999831957 49.415769913260576 29.125530492883541 139.03006083210605  1.0000000000032696 49.400357157601952 29.157797132987429 138.89407344552436  0.99999999999521605 49.386456902425415 29.188328820483907 138.75762143765897  1.0000000000055638 49.371146556028563 29.220978916065718 138.6218359650272  0.99999999999475708 49.358969185814821 29.249779305022411 138.48492580351081  1.0000000000039873 49.345070976327492 29.281015677127836 138.34882195269824  0.99999999999761668 49.332807422860952 29.310343648169219 138.21217338415497  1.0000000000010438 49.320483193579719 29.339933312966149 138.07565799495876  0.99999999999973921 49.30861315168417 29.369116194988596 137.93906143376256  0.99999999999996514 49.295066384875369 29.403043782911684 137.77898289007251  1.0000000000000893 49.293090856047428 29.40800790380155 137.75552658879866  0.99999999999919942 49.291124574276672 29.412965103014294 137.73206940260971  1.0000000000024043 49.289167387293134 29.417915548111601 137.70861137938505  0.99999999999524136 49.287219142835518 29.422859406658869 137.68515256688505  1.000000000007004 49.285279688624634 29.427796846215884 137.66169301308628  0.99999999999193756 49.283348872410208 29.432728034348916 137.6382327656469  1.0000000000074503 49.281426541904729 29.437653138618657 137.61477187261323  0.99999999999442868 49.279512544859017 29.442572326589097 137.59131038163619  1.0000000000033424 49.277606728992552 29.447485765823238 137.5678483407041  0.99999999999843225 49.275708942044929 29.4523936238838 137.54438579756516  1.0000000000005427 49.273819031745745 29.45729606833401 137.52092280010811  0.99999999999988476 49.271936845828392 29.462193266736797 137.49745939615602  1
 -2.5921050115086905 14 0 12 2.8438490193646722 12 5.6876980387293443 12 8.0568749805533582 12 10.426051922377372 12 11.622301949448254 12 12.691577776409535 12 15.610656588308025 12 18.350555744345549 12 19.63226712329374 12 19.852310411757131 14
2 54.809688357083509 33.313019247482394 140.49911120473843 -0.031860637732687713 -0.050367856629690129 0.9982224094768648 0.89751788857204606 0.43804811775844549 0.050749248481721076 -0.43982557844723269 0.89753937270005835 0.031249559944791457 6.9000000000000004
2 0 52.693667764447312 0 0 1 0 1 0 0 0 0 -1 6.9000000000000004
1 6.9000000000000004 52.393133537653902 0 0 1 0 
2 54.825618675949855 33.33820317579724 140 -0.031860637732687713 -0.050367856629690129 0.9982224094768648 -0.78723454065887288 -0.61409543063097727 -0.05611220964966547 0.61583007214399654 -0.78762293078394163 -0.020085844429213653 6.4000000000000004
2 54.809688357083509 33.313019247482394 140.49911120473843 -0.031860637732687713 -0.050367856629690129 0.9982224094768648 -0.78723454065887288 -0.61409543063097727 -0.05611220964966547 0.61583007214399654 -0.78762293078394163 -0.020085844429213653 6.9000000000000004
2 0 55.097941578794725 0 0 1 0 1 0 0 0 0 -1 4
1 6.9000000000000004 52.693667764447312 0 -0.76983676964960868 0.63824082296219131 0 
2 0 62.11040687064132 0 0 1 0 1 0 0 0 0 -1 4
1 4 55.097941578794725 0 0 1 0 
2 0 63.412721853412847 0 0 1 0 1 0 0 0 0 -1 2.1000000000000001
1 4 62.11040687064132 0 -0.82483861258486046 0.56536825449354899 0 
2 0 69.523584464879164 0 0 1 0 1 0 0 0 0 -1 2
1 2.1000000000000001 63.412721853412847 0 -0.016362111133428808 0.99986613169926775 0 
2 0 70.525365220857253 0 0 1 0 1 0 0 0 0 -1 1.3
1 2 69.523584464879164 0 -0.57277759575290044 0.81971081840093285 0 
Polygon3D 0
PolygonOnTriangulations 0
Surfaces 25
9 0 0 0 1 3 3 24 90 22 91 0.80000000000000004 34.635633736188311 184.7172718392498  0.80000000000000004 34.494481472863974 184.77763042679001  0.80000000000000004 34.353427287296384 184.74161005350396  0.80000000000000004 34.176698557721828 184.72344418625289  0.80000000000000004 34.105659533085657 184.5527412330222  0.80000000000000004 34.066585432969482 184.44725734924032  0.80000000000000004 34.062165923121022 184.30752716854215  0.80000000000000004 34.1175704266442 184.12192069712148  0.80000000000000004 34.16714412424259 184.02318205896862  0.80000000000000004 34.181356261598033 183.91090303396626  0.80000000000000004 34.391673075466777 183.81266525896945  0.80000000000000004 34.394450937767992 183.70543432865679  0.80000000000000004 34.581206303063489 183.65705508014952  0.80000000000000004 34.666560868841231 183.42285988065507  0.80000000000000004 34.787354223269311 183.45078969555374  0.80000000000000004 34.903532926226127 183.33327562622011  0.80000000000000004 35.021357409425747 183.26128615601829  0.80000000000000004 35.155371490817622 183.18419556684961  0.80000000000000004 35.24096700910917 183.11432875540649  0.80000000000000004 35.379659543657176 183.04852162724205  0.80000000000000004 35.506065935930494 182.98690447435169  0.80000000000000004 35.640193215230347 182.92968823792091  0.80000000000000004 35.803675272998333 182.87629483249432  0.80000000000000004 35.928302784627846 182.82658626719228  0.80000000000000004 36.079415285439225 182.77921585960689  0.80000000000000004 36.178137042784883 182.73641150931132  0.80000000000000004 36.383423939584453 182.68575392699347  0.80000000000000004 36.446459503414111 182.66750728660915  0.80000000000000004 36.638158621026925 182.5299083501842  0.80000000000000004 36.763806594338142 182.50987073338956  0.80000000000000004 36.90980073695917 182.45805280852807  0.80000000000000004 37.051592631277401 182.42269602000002  0.80000000000000004 37.188961210468108 182.35583411284264  0.80000000000000004 37.341069538712887 182.34467873755233  0.80000000000000004 37.462284435610528 182.26595440778539  0.80000000000000004 37.613704212272445 182.35310969782293  0.80000000000000004 37.782788752859801 182.25886562274638  0.80000000000000004 37.890466943699636 182.23445303325755  0.80000000000000004 38.121554875483447 182.25044504472888  0.80000000000000004 38.16183729000916 182.1092452548391  0.80000000000000004 38.453672860669499 182.22107219830073  0.80000000000000004 38.447905048955917 182.17786536707027  0.80000000000000004 38.750141970516154 182.22232064614388  0.80000000000000004 38.750930701672722 182.11172558793928  0.80000000000000004 38.979093695381906 182.25202909767967  0.80000000000000004 39.082973363414695 182.24207896105258  0.80000000000000004 39.210440973380976 182.28820833823877  0.80000000000000004 39.306096170346784 182.31878477654763  0.80000000000000004 39.524738101923347 182.3711040605566  0.80000000000000004 39.579997448805081 182.44812106992589  0.80000000000000004 39.723089324966502 182.5490396987982  0.80000000000000004 39.756895619154342 182.7030710132602  0.80000000000000004 39.780366572543009 182.86428615014012  0.80000000000000004 39.705684122177516 183.01590122971538  0.80000000000000004 39.625409205807223 183.07469925737257  0.80000000000000004 39.540898430259254 183.23464966285047  0.80000000000000004 39.451885040872774 183.31534314908492  0.80000000000000004 39.286060336760762 183.3993572864907  0.80000000000000004 39.186131673282915 183.48154268798115  0.80000000000000004 39.046345244019378 183.55691869040561  0.80000000000000004 38.908131783908019 183.61367065742527  0.80000000000000004 38.766504967900339 183.69233937921879  0.80000000000000004 38.62460736436006 183.75771655342865  0.80000000000000004 38.491140337678274 183.80875915003415  0.80000000000000004 38.356448654127981 183.85615421621202  0.80000000000000004 38.127556939451544 183.8824670347054  0.80000000000000004 38.099656706125479 183.98674356263086  0.80000000000000004 37.859136624343321 183.95176933179323  0.80000000000000004 37.735613965847556 184.00826378320593  0.80000000000000004 37.618184158718861 184.03295934458711  0.80000000000000004 37.453972272445355 184.06694858063031  0.80000000000000004 37.334515545737872 184.08831997090653  0.80000000000000004 37.18759074827102 184.22587453551583  0.80000000000000004 37.047493910855493 184.19987726113385  0.80000000000000004 36.909952996687792 184.24884852008515  0.80000000000000004 36.776885036316003 184.32962651626286  0.80000000000000004 36.59676216123448 184.28710899581665  0.80000000000000004 36.579350426396516 184.34962235573508  0.80000000000000004 36.329030604703021 184.4202851435245  0.80000000000000004 36.210454106903249 184.43550199883217  0.80000000000000004 36.104067771290367 184.45424187621376  0.80000000000000004 35.944841888994027 184.5256658271289  0.80000000000000004 35.801792319712952 184.51487119734963  0.80000000000000004 35.663661380325607 184.52109756885258  0.80000000000000004 35.488889733175881 184.64502660029231  0.80000000000000004 35.365907542208539 184.64859856669975  0.80000000000000004 35.224558083368535 184.69302029542493  0.80000000000000004 35.104255098977681 184.73895730539917  0.80000000000000004 34.921878313386529 184.64555193621788  0.80000000000000004 34.790561419116798 184.71108601791877  
3.0888888888888886 32.036176478566496 186.24641926878186  3.0888888888888886 31.775674452509413 185.85352762126934  3.0888888888888886 31.35442168383295 185.89237853933903  3.0888888888888886 31.429384239373253 185.47147352096633  3.0888888888888886 31.076689873386034 185.37963884242416  3.0888888888888886 31.265276272610169 184.91570841589615  3.0888888888888886 31.479071085385314 184.62161127692471  3.0888888888888886 31.670468683656512 184.55324791976059  3.0888888888888886 31.898143290665111 184.2025024067066  3.0888888888888886 32.448565697444593 183.94314481487206  3.0888888888888886 31.92553531595194 183.67010293065468  3.0888888888888886 32.853765145737732 183.45232716676756  3.0888888888888886 32.438769426667328 183.07894682115221  3.0888888888888886 32.953953177949487 183.2876404429758  3.0888888888888886 33.12483518736024 182.75610986742802  3.0888888888888886 33.392425976547656 182.64884627521252  3.0888888888888886 33.66102437426953 182.42818755395876  3.0888888888888886 33.865498718423858 182.23869601193925  3.0888888888888886 34.35458430969755 182.04266893730022  3.0888888888888886 34.56043148199921 181.84931452459742  3.0888888888888886 34.839057248273356 181.65947136500267  3.0888888888888886 35.125395250397595 181.47096410263768  3.0888888888888886 35.213597989931522 181.28585605823952  3.0888888888888886 35.554682036907224 181.10289811789031  3.0888888888888886 35.702171718671003 180.92790707530787  3.0888888888888886 36.269271525946856 180.74310762181591  3.0888888888888886 35.993600541158202 180.62305128488313  3.0888888888888886 36.816263457890329 180.30313908979124  3.0888888888888886 36.713166492398379 180.76313889728982  3.0888888888888886 37.166181689890578 180.47519996909861  3.0888888888888886 37.374666964572555 180.40435271755393  3.0888888888888886 37.644557950436571 180.24314179850987  3.0888888888888886 37.935157166463902 180.3080913878884  3.0888888888888886 38.162930659077553 180.037789547096  3.0888888888888886 38.561763951040795 180.23877972702209  3.0888888888888886 38.835340662447983 179.38561895016997  3.0888888888888886 38.960205314375528 179.75128144554958  3.0888888888888886 39.511819475743039 179.72895084985367  3.0888888888888886 39.277185335931165 179.50159427820552  3.0888888888888886 40.265435629994442 180.33663312687628  3.0888888888888886 39.640749127057418 179.61062001371792  3.0888888888888886 40.92084280116444 179.93423263225762  3.0888888888888886 40.187093853802132 179.74910602039824  3.0888888888888886 41.491312117833488 180.62540820585127  3.0888888888888886 41.119066365024665 179.95781272827688  3.0888888888888886 41.674518481190603 180.32171108097461  3.0888888888888886 41.989927718113307 180.42784922864573  3.0888888888888886 42.430498681720245 180.69887289338786  3.0888888888888886 42.261427724049604 180.96631281198592  3.0888888888888886 42.888305266164345 181.24192370116089  3.0888888888888886 42.854420017010369 181.52739938168517  3.0888888888888886 43.175449562928868 181.74007339220518  3.0888888888888886 43.163519289593722 182.00863043764801  3.0888888888888886 43.360466593926013 182.28462680792779  3.0888888888888886 42.985661194704939 182.93030913762831  3.0888888888888886 42.818586464247083 182.79377929401551  3.0888888888888886 42.302245087754244 183.00675368620782  3.0888888888888886 42.383206985683415 183.17260088268841  3.0888888888888886 41.881814370318452 183.35484679056296  3.0888888888888886 41.617472164822047 183.42563077914539  3.0888888888888886 41.313549058993758 183.90423337662881  3.0888888888888886 41.001541347391566 184.00773665259825  3.0888888888888886 40.677282803285884 184.20614564193721  3.0888888888888886 40.278283197678242 184.41851177064561  3.0888888888888886 39.913109742864918 184.57071290030808  3.0888888888888886 40.191825638978678 184.76954053044571  3.0888888888888886 39.156251149056338 184.37472948509381  3.0888888888888886 39.499295778524917 184.88975584768241  3.0888888888888886 39.078826200471319 184.75040791430601  3.0888888888888886 38.667015346386201 184.81497674861257  3.0888888888888886 38.472393654712647 184.81326239774904  3.0888888888888886 38.029306829393235 184.94461760739208  3.0888888888888886 37.728010920020992 184.27915149543671  3.0888888888888886 37.39170465463873 184.73398647075769  3.0888888888888886 37.041702562464486 184.75018073481573  3.0888888888888886 36.665324602542263 184.62610059981697  3.0888888888888886 36.598408865935248 185.34424593277717  3.0888888888888886 35.506362465772675 185.17614803670415  3.0888888888888886 35.873772166723228 185.12845804023669  3.0888888888888886 35.417434415021162 185.40046290819552  3.0888888888888886 34.90168160528188 185.5847500719002  3.0888888888888886 34.699885667129934 185.51318373262609  3.0888888888888886 34.404476451305563 185.85190447449173  3.0888888888888886 34.09332982301968 186.11058789008783  3.0888888888888886 33.924798304707544 185.5921166611663  3.0888888888888886 33.539357237415395 185.82953034845275  3.0888888888888886 33.235705771220111 185.76870011020711  3.0888888888888886 32.768047153775193 185.70677926047901  3.0888888888888886 32.789601671618144 186.48125688888967  3.0888888888888886 32.404565527389082 186.21451066552606  
7.37777777777778 28.816601522939528 187.73290322823814  7.37777777777778 28.131216196624223 188.0075873260914  7.37777777777778 27.935294382941311 187.75291161225357  7.37777777777778 27.041665512727665 187.6124271522398  7.37777777777778 27.496710088677656 187.30705274048259  7.37777777777778 27.486313411048364 186.80030297750108  7.37777777777778 27.930027719742679 186.32992372048633  7.37777777777778 28.243523782372801 185.89181850383548  7.37777777777778 28.746870913501361 185.45133058359232  7.37777777777778 28.894424530024317 185.0229155627577  7.37777777777778 30.116281791264214 184.58999221157197  7.37777777777778 29.45459388435814 184.1742559976272  7.37777777777778 30.789881965473437 183.69708399059826  7.37777777777778 30.566199734074335 183.45249191775173  7.37777777777778 31.028308958200238 182.86214971957787  7.37777777777778 31.309173092871241 182.49420000225649  7.37777777777778 31.619589932277933 182.0728271513259  7.37777777777778 31.997885277380931 181.67147051650736  7.37777777777778 32.093149435266575 181.27050424886841  7.37777777777778 32.496566956603353 180.87556556397865  7.37777777777778 32.848247757134125 180.48379724924843  7.37777777777778 33.151647997824249 180.09682348288223  7.37777777777778 33.73035199690532 179.71340629056385  7.37777777777778 34.025539931264014 179.33541675127142  7.37777777777778 34.60565141199946 178.95672500941151  7.37777777777778 34.602558589195908 178.60067526532248  7.37777777777778 35.824134780279586 178.18613954131243  7.37777777777778 35.524693701726356 178.04234754824907  7.37777777777778 36.470292036803912 176.9767248380374  7.37777777777778 36.6103785979181 176.85219010072879  7.37777777777778 37.20552196965135 176.50286780503353  7.37777777777778 37.708168540498434 176.30493764766135  7.37777777777778 38.224602623005147 175.90067972954617  7.37777777777778 38.809516698179266 175.95063831071428  7.37777777777778 39.262317688156209 175.5133648015655  7.37777777777778 39.775456517590229 176.51714949734023  7.37777777777778 40.513371272767721 176.09752083986081  7.37777777777778 40.701173352977442 176.17986276948994  7.37777777777778 41.840355283272665 176.56800667533815  7.37777777777778 41.502787791009254 175.76505624767427  7.37777777777778 43.106971897796456 176.91586362711183  7.37777777777778 42.407275525598919 176.86941797677241  7.37777777777778 44.200118669972724 177.51515073196933  7.37777777777778 43.323738284743762 176.94827744580488  7.37777777777778 44.834699523128847 178.30909670771857  7.37777777777778 44.902670391715688 178.52129642396022  7.37777777777778 45.32142975897564 179.08807361352373  7.37777777777778 45.580365889524991 179.58552262715742  7.37777777777778 46.015729939995516 180.11751225948854  7.37777777777778 45.669309754880878 180.64500791771644  7.37777777777778 45.940091187511321 181.16051481481472  7.37777777777778 45.645219760218019 181.67544588303127  7.37777777777778 45.611455129033267 182.11253445081445  7.37777777777778 44.926470090806497 182.50806452128711  7.37777777777778 45.055522667385908 182.45798982249744  7.37777777777778 44.301659323840504 183.2298029157466  7.37777777777778 44.159065724378742 183.45159966265422  7.37777777777778 43.002704267438688 183.47603035148813  7.37777777777778 42.680003829481656 183.19443308848645  7.37777777777778 42.091897158116943 183.09266049093935  7.37777777777778 41.608999649345378 181.79640820852381  7.37777777777778 41.181589206109223 181.2209399870496  7.37777777777778 40.813616553818228 180.45836107466386  7.37777777777778 40.567613729314033 179.85419224207939  7.37777777777778 40.216290158686959 179.49922581311648  7.37777777777778 38.993704605791031 179.28528633720813  7.37777777777778 39.354235555289989 179.91483984906819  7.37777777777778 38.024330481222314 179.48334827147647  7.37777777777778 37.631841161868117 179.93084467217051  7.37777777777778 37.148878700997088 180.20849180601903  7.37777777777778 36.56814602945505 180.62772313839633  7.37777777777778 36.25212653096856 180.85509335451579  7.37777777777778 35.854244293802516 182.22424130757682  7.37777777777778 35.527747820123977 182.18439561401976  7.37777777777778 35.243268571013701 182.64050362308501  7.37777777777778 35.013782997020691 183.27976789350572  7.37777777777778 34.419065723267053 182.76949477638766  7.37777777777778 35.030852796686155 183.78670295274975  7.37777777777778 33.947055658952571 184.34875258612712  7.37777777777778 33.804220158524537 184.58842892510677  7.37777777777778 33.688515465129221 184.9949358331188  7.37777777777778 33.206110039735975 185.57190559051713  7.37777777777778 32.800779009011954 185.77794935309524  7.37777777777778 32.350368384017813 185.98875914494059  7.37777777777778 31.899717477595733 187.10999580262978  7.37777777777778 31.441489518343268 187.2550151966457  7.37777777777778 30.925917255196516 187.7194774272117  7.37777777777778 30.627485817212488 188.07046897596129  7.37777777777778 29.525947597582807 187.35265679320892  7.37777777777778 29.046063281608056 187.75893898221454  
14.222222222222218 27.773223557727114 189.0302428302885  14.222222222222218 27.217353112464014 189.68035799749802  14.222222222222218 25.970554452052827 190.21123146754832  14.222222222222218 25.368870766309104 190.51655679074068  14.222222222222218 24.067856676766471 189.64635908988586  14.222222222222218 24.576583554650885 189.03422177270281  14.222222222222218 24.949667916557345 188.24274587218343  14.222222222222218 25.565866645162505 187.13080975551267  14.222222222222218 25.92861546187623 186.58893794396019  14.222222222222218 26.323356651247742 185.88616175995824  14.222222222222218 26.351805264560042 185.19780129956243  14.222222222222218 27.736896231138864 184.40225183308362  14.222222222222218 27.320141360100795 183.90242382742974  14.222222222222218 28.490517788787564 182.31781972623463  14.222222222222218 28.845223589412772 182.15240028672247  14.222222222222218 29.396705277840503 181.20215497742151  14.222222222222218 29.889898286348568 180.48745859410377  14.222222222222218 30.354895186515662 179.73188100978476  14.222222222222218 30.96092249517157 179.00513064936348  14.222222222222218 31.417544407385751 178.28760438231754  14.222222222222218 31.903898686482162 177.57672903321287  14.222222222222218 32.49224709117491 176.87376314026881  14.222222222222218 32.921020968078665 176.17429921530038  14.222222222222218 33.559100035174794 175.47515569534124  14.222222222222218 34.029279851217069 174.77730934993465  14.222222222222218 35.009676264939628 174.06216741869198  14.222222222222218 35.090387128965901 173.38367415822253  14.222222222222218 36.364368400542091 172.54871075074652  14.222222222222218 36.819417997726944 172.36869841392135  14.222222222222218 37.950942343921056 171.6617125027457  14.222222222222218 38.683476732522287 171.20456422965935  14.222222222222218 39.532635930920812 170.79135729219482  14.222222222222218 40.346172903872272 170.59530006409878  14.222222222222218 41.113804558951323 170.30160161042969  14.222222222222218 41.832792703954389 170.41965298801392  14.222222222222218 42.732179314581458 169.41930870034406  14.222222222222218 43.531746246024873 169.66888626159539  14.222222222222218 44.703577688780072 169.98882821179683  14.222222222222218 45.188545194783487 170.38118049866335  14.222222222222218 46.549245059353453 171.61383527160993  14.222222222222218 46.566000668648307 171.75923311776191  14.222222222222218 47.895979961415399 172.82872167687822  14.222222222222218 47.3319810682572 173.55835853608977  14.222222222222218 48.498696927902714 175.13704983617129  14.222222222222218 47.425344111408279 175.56528299093264  14.222222222222218 47.612247247060978 176.71153455690441  14.222222222222218 47.379213243543838 177.69081999682533  14.222222222222218 47.248758248918918 178.5994209984689  14.222222222222218 47.813172838910752 179.4728020913341  14.222222222222218 48.386222959952597 180.36144701675516  14.222222222222218 48.463632163934513 181.26112797728058  14.222222222222218 48.404770138888317 182.32294480948934  14.222222222222218 47.708536681962975 183.21341713456138  14.222222222222218 47.133944702339775 183.64481548793285  14.222222222222218 45.443886824626823 183.51400184063857  14.222222222222218 44.996982755097996 182.27075020577914  14.222222222222218 44.1795049391757 181.07776045381678  14.222222222222218 44.623270417548014 180.03278421671334  14.222222222222218 44.645137958777816 179.14304832918953  14.222222222222218 45.050751797088616 177.65953050844024  14.222222222222218 45.368264752792165 177.73444208360684  14.222222222222218 45.549991776329804 176.91346916137189  14.222222222222218 45.410202132885409 176.34159605570036  14.222222222222218 44.882049088514485 175.37874545712927  14.222222222222218 44.2428411655982 174.35072617680359  14.222222222222218 43.955153472715011 173.6676271609229  14.222222222222218 42.453445418163106 173.09712653016558  14.222222222222218 41.936794595663109 173.64531934360176  14.222222222222218 40.78539019575414 174.03400142267316  14.222222222222218 39.994162032259474 174.49624048495619  14.222222222222218 39.185924910568829 174.83713826429243  14.222222222222218 38.444961771047005 175.45661302664308  14.222222222222218 37.759655426650319 175.10103564884628  14.222222222222218 37.072295295375909 175.91219784331267  14.222222222222218 36.433376957927663 176.69227797332988  14.222222222222218 35.798928577354708 177.31691959458243  14.222222222222218 35.423653616918116 178.97414629079657  14.222222222222218 34.369985341260247 178.99567813411329  14.222222222222218 34.250705198784189 179.70949592679494  14.222222222222218 33.600200937086591 180.54716185789565  14.222222222222218 32.937099651609849 181.20990559896541  14.222222222222218 32.41425498487019 181.95533410310307  14.222222222222218 31.821947171243878 182.74177482681009  14.222222222222218 31.291421838441298 183.59984833399432  14.222222222222218 30.474844970559747 183.86277783881431  14.222222222222218 30.03283881932181 184.74383221728908  14.222222222222218 29.573990019778588 185.3934963146915  14.222222222222218 28.977873426390442 186.15378290934706  14.222222222222218 29.24304203002621 187.54863906002785  14.222222222222218 28.888939006853899 188.21970306356769  
21.666666666666679 25.376986966225338 190.71224231256954  21.666666666666679 23.407215752119587 191.30462469208317  21.666666666666679 21.451766018062131 191.74821762698005  21.666666666666679 20.881132110580545 190.88856411244288  21.666666666666679 22.470546109132904 189.57988306479649  21.666666666666679 22.957592093978668 187.40920659572168  21.666666666666679 23.967762935095909 185.89294221841192  21.666666666666679 24.829914945082162 185.20689686195641  21.666666666666679 25.4807035376271 183.69412639389267  21.666666666666679 26.579137830965045 182.38869267701037  21.666666666666679 27.515327594843743 180.98696063794949  21.666666666666679 27.658041835835625 179.61930539682376  21.666666666666679 29.353028099064225 178.07737381551888  21.666666666666679 29.620217873689736 177.09277464161036  21.666666666666679 30.744692371909469 175.73972330887401  21.666666666666679 31.688123509997762 174.51457621433241  21.666666666666679 32.71213001912507 173.27162213653111  21.666666666666679 33.757010969587903 172.04540872064894  21.666666666666679 34.744208753511515 170.8253590334109  21.666666666666679 35.814034605713658 169.60129159738929  21.666666666666679 36.871082537702087 168.38881953025427  21.666666666666679 37.843876491259969 167.16505434927416  21.666666666666679 38.880644622433898 165.93570351245179  21.666666666666679 39.801015833513127 164.69557114985818  21.666666666666679 40.80107815848659 163.44002485821233  21.666666666666679 41.453126087803263 162.17755072485511  21.666666666666679 42.649840151462456 160.86720906432416  21.666666666666679 43.194621441879221 159.63960100082309  21.666666666666679 44.017576981522957 157.99011820295243  21.666666666666679 44.478687341294012 156.61695435272259  21.666666666666679 45.237700774754316 155.07702810966867  21.666666666666679 45.899800851676055 153.45470806514834  21.666666666666679 46.79354770641617 152.04437197218206  21.666666666666679 48.066961935266193 150.9273302196232  21.666666666666679 50.116670180178403 150.25711380099469  21.666666666666679 50.931650148535198 153.51796281899649  21.666666666666679 50.900784300296245 155.50810823058393  21.666666666666679 50.731212294698224 156.66094879261939  21.666666666666679 51.187617515685524 157.64534631990563  21.666666666666679 50.794601234897208 159.1610103693593  21.666666666666679 50.835026080819709 161.55750155350904  21.666666666666679 49.913600228241208 163.15392902489529  21.666666666666679 50.05014070751615 164.92216521970667  21.666666666666679 48.85217964043342 166.17079083223544  21.666666666666679 49.472387684582209 167.93099282091833  21.666666666666679 48.798255161449411 169.36859562047229  21.666666666666679 48.755523473840292 170.75333994810933  21.666666666666679 48.789289404130656 172.39362279832383  21.666666666666679 47.90181000459453 173.95245844396351  21.666666666666679 47.856885948639757 175.47223679656079  21.666666666666679 47.968585901079237 177.10027919438613  21.666666666666679 48.514683775382146 178.53372883117376  21.666666666666679 49.684075335033832 180.06129270612846  21.666666666666679 51.192192980045427 181.67521492497295  21.666666666666679 53.029369339585095 183.5002635384626  21.666666666666679 51.820499615655685 185.80510536368547  21.666666666666679 50.032695855956426 186.09939516279087  21.666666666666679 48.30609434980736 183.71254881565164  21.666666666666679 47.527144789959628 180.69943773026986  21.666666666666679 46.397112729329933 178.55995021004364  21.666666666666679 45.177816988343352 175.08649417451878  21.666666666666679 43.993672297719179 172.57263481169304  21.666666666666679 43.942397381258893 169.40481778615657  21.666666666666679 44.596103214939383 167.79204066243034  21.666666666666679 45.140991082220623 166.79009076173071  21.666666666666679 45.56480291144711 165.37425142465858  21.666666666666679 46.591437784847045 163.77948186267554  21.666666666666679 46.890705344840271 162.13459902317447  21.666666666666679 47.271581777955198 160.48593851190674  21.666666666666679 45.788680255665554 161.37731146451662  21.666666666666679 44.494465779323463 163.64231550326659  21.666666666666679 42.829363519406691 165.63551555266383  21.666666666666679 41.390596990871344 169.2001645521587  21.666666666666679 40.340308985892626 170.98841060260568  21.666666666666679 39.141549853192778 171.0959942827354  21.666666666666679 37.986437412087675 171.62359144566258  21.666666666666679 36.828104908879951 171.38084449795397  21.666666666666679 35.803040946768988 173.01018767981608  21.666666666666679 34.80543839536832 174.46059609353625  21.666666666666679 33.927442245792868 175.92194928147373  21.666666666666679 33.079778669533447 177.60625396775231  21.666666666666679 32.257256719535881 178.68781645554324  21.666666666666679 31.38961697614155 180.05184985364164  21.666666666666679 30.483016294263923 181.24517259704677  21.666666666666679 30.032116545490862 182.7805146185585  21.666666666666679 29.064955177899638 184.00371591307908  21.666666666666679 28.248962875299586 185.40664148744966  21.666666666666679 27.619557305094762 186.73045070700474  21.666666666666679 26.306206570853423 187.82306886088264  21.666666666666679 25.255538652836933 189.34510514352354  
29.777777777777779 21.201711366813086 192.65601823605996  29.777777777777779 17.848594117345534 195.4138982961872  29.777777777777779 18.936335010848261 192.95791942919715  29.777777777777779 20.93531571312645 188.6492190226669  29.777777777777779 21.482773562156027 186.71637650138129  29.777777777777779 23.072476707382904 184.83119221834497  29.777777777777779 24.442208817704675 182.61656009239761  29.777777777777779 25.425465327064806 179.75084672246413  29.777777777777779 27.13887387935246 177.58621635269643  29.777777777777779 28.134644667856332 175.2190979412473  29.777777777777779 29.414621751438133 172.86838262031117  29.777777777777779 30.964060760203111 170.63981350472633  29.777777777777779 31.527249501788511 167.82484213881088  29.777777777777779 32.86792740095062 167.08815986434095  29.777777777777779 33.590155227988625 162.63303892665991  29.777777777777779 34.360990118675446 160.56806416800561  29.777777777777779 35.030144627294185 157.822285148774  29.777777777777779 35.629053599852305 155.22696836430961  29.777777777777779 36.280604668803008 152.56194858252945  29.777777777777779 36.803105892581705 149.91174467876505  29.777777777777779 37.343682071186571 147.22762969889646  29.777777777777779 37.894061313312939 144.55945735314017  29.777777777777779 38.465044908894029 141.89402945115364  29.777777777777779 39.097522658177787 139.24246938000545  29.777777777777779 39.741807177721377 136.61077395536719  29.777777777777779 40.539857269831657 133.98935235916858  29.777777777777779 41.201251164257783 131.40669392411485  29.777777777777779 41.77661625597392 128.73972505383387  29.777777777777779 42.822843755948291 126.36811855159181  29.777777777777779 43.683091702858 123.79220608393156  29.777777777777779 44.41174893624801 121.30187587192249  29.777777777777779 45.157099352701017 118.87274953672674  29.777777777777779 45.889746771643914 116.13605074925556  29.777777777777779 46.619730719755104 113.70400584556585  29.777777777777779 47.218985960682545 111.17639452356421  29.777777777777779 48.052884653755882 107.03104992589725  29.777777777777779 51.677594941442166 107.18541444255384  29.777777777777779 53.042479009309169 112.31186709275289  29.777777777777779 51.431024355973186 118.75695532730796  29.777777777777779 50.855948919380154 121.00388731687796  29.777777777777779 50.504630000277189 121.44907570968954  29.777777777777779 51.130965057948153 123.85072582248497  29.777777777777779 51.10746912991695 125.99041663964186  29.777777777777779 51.856343383189852 128.50277059019393  29.777777777777779 51.241232934353867 130.91654493823486  29.777777777777779 51.780722558139587 133.41902669180124  29.777777777777779 51.426200988635408 136.20849260717796  29.777777777777779 50.974889466415782 138.56859940545954  29.777777777777779 51.229745133768439 141.16943929697371  29.777777777777779 50.448445437504716 143.85849524083534  29.777777777777779 50.083057171717051 146.30612155946528  29.777777777777779 49.361148938814587 149.01559523799429  29.777777777777779 48.616617669930498 151.57664820584299  29.777777777777779 47.776941952938472 154.18657998979629  29.777777777777779 46.39460650069632 156.63236667158824  29.777777777777779 45.867974401645021 159.14844826222017  29.777777777777779 45.490953701899279 161.93563644021853  29.777777777777779 45.598653815981663 165.55816591108265  29.777777777777779 46.350398354076837 169.34660308769116  29.777777777777779 48.398966072715659 172.50447178402999  29.777777777777779 51.547782312182854 175.79180581479466  29.777777777777779 55.274463931205389 178.76605478047045  29.777777777777779 54.400443101683813 183.89277252636703  29.777777777777779 51.364924180985113 181.83754549874033  29.777777777777779 49.409808447139277 176.49037774750596  29.777777777777779 47.481182488973261 172.34717233130536  29.777777777777779 45.364717888840531 168.521059127022  29.777777777777779 43.314984523040721 163.57745962531547  29.777777777777779 40.402856063469187 159.63849067322315  29.777777777777779 38.273230730414348 154.56153203632917  29.777777777777779 37.575461279467497 149.0586883726817  29.777777777777779 38.626821256508798 147.26544015848148  29.777777777777779 39.484489251692629 142.55785686792314  29.777777777777779 38.760311626204704 142.05836714421523  29.777777777777779 38.997978531016386 149.15253312832854  29.777777777777779 39.207299255003534 155.25492318752123  29.777777777777779 38.726850843195415 161.18675517514393  29.777777777777779 38.911162377139526 165.08494228525456  29.777777777777779 37.557648802273171 166.13341043858583  29.777777777777779 36.397958565244792 167.3026704816661  29.777777777777779 34.929248486076801 168.1421281447287  29.777777777777779 33.408071470103508 170.94394533770395  29.777777777777779 32.171200474802077 173.192424744486  29.777777777777779 30.883867674385094 175.64008067454023  29.777777777777779 29.346230474745006 177.85676019877886  29.777777777777779 28.153303751617955 180.24806941871688  29.777777777777779 26.896611746407157 182.51450174977234  29.777777777777779 25.593235056367554 184.8864128860526  29.777777777777779 24.63296687930298 187.41285063228406  29.777777777777779 24.46553542819419 189.49351655883865  
38.888888888888872 15.930111379076077 196.63506652260202  38.888888888888872 18.705153670110974 190.7942029481836  38.888888888888872 19.563049841275639 187.03056364311669  38.888888888888872 21.065725851682643 185.4531165473  38.888888888888872 22.791733213803592 182.0977932422706  38.888888888888872 24.024795429311467 178.88495706179037  38.888888888888872 25.081817277919875 175.65098073103087  38.888888888888872 26.647759948214929 172.78196024211965  38.888888888888872 27.011796464973891 169.35182738381428  38.888888888888872 27.948796152431676 166.0312791811163  38.888888888888872 28.511386300368216 162.73034575176564  38.888888888888872 28.903954267604899 159.05235047097736  38.888888888888872 29.856283784766816 156.84661123798699  38.888888888888872 30.361686088823284 149.23490770170514  38.888888888888872 31.212555942622579 150.37413428514583  38.888888888888872 32.031000104324214 145.94337395880117  38.888888888888872 32.889867502907073 143.02352012029769  38.888888888888872 33.815044201794578 139.71180008546335  38.888888888888872 34.569013006963267 136.52187474155429  38.888888888888872 35.525461147652841 133.2831139408712  38.888888888888872 36.411854808789762 130.09122585045142  38.888888888888872 37.34363869351909 126.86948614074106  38.888888888888872 38.201534370045152 123.64646545391064  38.888888888888872 39.019130096437024 120.40993760035013  38.888888888888872 39.800315076694744 117.15915047721397  38.888888888888872 40.551505047795153 113.90550088226189  38.888888888888872 41.168604331099935 110.61030119038901  38.888888888888872 42.533997370591855 107.43643887876814  38.888888888888872 42.548041345360872 103.90467952840059  38.888888888888872 43.274648678369495 100.63584725737891  38.888888888888872 43.95183334107665 97.253158272217235  38.888888888888872 44.732036366582058 93.789795635484552  38.888888888888872 45.638538159865 90.810810884628637  38.888888888888872 46.787779727204871 87.109222292178686  38.888888888888872 48.801988903043473 83.489417807889183  38.888888888888872 50.775025848078961 80.350507025296096  38.888888888888872 52.841437305900733 75.074915379145779  38.888888888888872 54.500619231407263 68.711924402668586  38.888888888888872 62.668348726293097 57.930114381570696  38.888888888888872 67.246773503623075 63.208815278932136  38.888888888888872 68.718491799410927 74.773818207489811  38.888888888888872 67.313241210232363 79.14366560438306  38.888888888888872 66.17175614018177 84.313763245758707  38.888888888888872 64.256562504015179 88.818134307298081  38.888888888888872 63.410193389849766 93.063001377555551  38.888888888888872 61.099072357603013 97.15783575510865  38.888888888888872 59.909718990651008 100.63473271476083  38.888888888888872 58.748732527177303 104.67567353609456  38.888888888888872 57.15064253000908 108.20907597814174  38.888888888888872 56.831434952939503 111.51675604821509  38.888888888888872 55.754459273280602 115.16189096279197  38.888888888888872 55.165183185599616 118.38739893890533  38.888888888888872 54.355124998844857 121.8287461443755  38.888888888888872 53.664197261869624 125.13860659040124  38.888888888888872 53.341720394506055 128.66046533803507  38.888888888888872 52.787285427279734 131.86612762944523  38.888888888888872 51.72365517001581 135.32850924594592  38.888888888888872 50.8481386007157 138.26479717238246  38.888888888888872 49.769132827403105 141.23258824470381  38.888888888888872 48.223464037940097 144.43661283811352  38.888888888888872 46.254087753961372 147.1842751136472  38.888888888888872 44.017630755370099 150.29600705685459  38.888888888888872 43.035311977440564 152.82764026896155  38.888888888888872 42.616028887224651 157.43750456794805  38.888888888888872 41.779862346119806 162.97449655911478  38.888888888888872 41.259458445482089 168.39060154614677  38.888888888888872 41.492720617029903 173.04708159029749  38.888888888888872 44.961111700602913 178.88905540980258  38.888888888888872 52.631959504547368 180.8342404750282  38.888888888888872 59.580434896746866 185.83743140641801  38.888888888888872 59.323235144984892 191.39825277147963  38.888888888888872 52.731672023361064 182.89817457955206  38.888888888888872 48.8738565233296 176.98731484301177  38.888888888888872 42.849432969813137 170.53104420061103  38.888888888888872 37.306632165951349 160.42406783951219  38.888888888888872 32.501190393564066 149.19708439262044  38.888888888888872 30.980097469598441 142.11908470865708  38.888888888888872 26.823750199388591 138.39289052835719  38.888888888888872 27.929907327787635 147.85525447249969  38.888888888888872 28.289591895675287 156.63027019963488  38.888888888888872 29.586145980708462 165.9663475369955  38.888888888888872 30.120725519419487 168.69782914462107  38.888888888888872 29.372143616877089 172.10266602232153  38.888888888888872 28.427396565575116 175.36565283050297  38.888888888888872 27.447702584052166 178.8640929205651  38.888888888888872 26.044992631098808 181.94554413300492  38.888888888888872 24.48151103418763 184.9641880563816  38.888888888888872 22.988055331332113 187.85409005443492  38.888888888888872 21.861398825799718 190.57683269743299  38.888888888888872 18.213159128238168 195.18858239127718  
48.666666666666671 15.992831393836676 200.18134792026754  48.666666666666671 15.186564023474178 190.43148813311171  48.666666666666671 19.622888723897191 187.9154153722709  48.666666666666671 20.93801020356905 179.70720731785488  48.666666666666671 22.20073726105937 174.15851134337521  48.666666666666671 23.303309867605499 167.99471307950586  48.666666666666671 24.471193251492124 161.90709952271348  48.666666666666671 24.983395309843885 155.45573060835247  48.666666666666671 26.74668891721516 149.53978255712397  48.666666666666671 27.877707579567428 143.51345847405753  48.666666666666671 29.344573151406333 137.42713609584831  48.666666666666671 30.925819326078955 131.851114466219  48.666666666666671 31.995515901165572 124.25114372786246  48.666666666666671 33.405833232291918 124.05781022279905  48.666666666666671 34.472078554721257 111.97921888834799  48.666666666666671 35.499777887508479 107.43051222488651  48.666666666666671 36.428414268945666 100.83129064120116  48.666666666666671 37.178226359212452 94.752568293553551  48.666666666666671 38.113033282514827 88.497623690269876  48.666666666666671 38.623062063117551 82.292139334825492  48.666666666666671 39.119741915714179 76.009061006755857  48.666666666666671 39.395939418830388 69.744411913102383  48.666666666666671 39.626259081489152 63.45930071068765  48.666666666666671 39.733474243564245 57.166806298498791  48.666666666666671 39.73502015051119 50.870655565706556  48.666666666666671 39.598012806026794 44.561222873233596  48.666666666666671 39.56115904476782 38.292315575840419  48.666666666666671 38.285781977341138 31.862171322831077  48.666666666666671 38.776657913307758 25.88159150185351  48.666666666666671 38.180922979449377 19.536200838941856  48.666666666666671 37.478755397433993 13.385768556185063  48.666666666666671 36.334183652983029 7.3181561959384691  48.666666666666671 34.690644554628797 0.64237801828203256  48.666666666666671 31.79849805653248 -4.9440019641896926  48.666666666666671 26.036148330793182 -10.013111616101606  48.666666666666671 19.119223409474824 -14.692223411629923  48.666666666666671 10.486247083893792 -16.438057438497367  48.666666666666671 2.3851432808324868 -16.670075496179624  48.666666666666671 -15.224545017652588 -8.3648218559029814  48.666666666666671 -20.77755656392381 -20.901226867006404  48.666666666666671 -18.899167149035787 -42.119052383175834  48.666666666666671 -8.5792210236299784 -40.447701136643452  48.666666666666671 0.49710174591163181 -40.647495342490814  48.666666666666671 9.2921891459508803 -39.446900981658949  48.666666666666671 16.224291008082876 -36.877736590852457  48.666666666666671 24.482275008457332 -33.579998561432298  48.666666666666671 30.83204516284648 -28.98813896888381  48.666666666666671 36.258725176570593 -24.675220141653636  48.666666666666671 41.061161910780015 -19.289178604140517  48.666666666666671 43.426789175227917 -13.300547148796811  48.666666666666671 46.164897774162128 -7.5559143431280749  48.666666666666671 47.898085203377548 -1.233802941089831  48.666666666666671 49.585642305483987 4.8303383102172202  48.666666666666671 50.749416027938452 11.086171865787911  48.666666666666671 51.307255755636398 17.084897188076432  48.666666666666671 51.642038118533584 23.517628767627492  48.666666666666671 52.617249445298349 29.532409884692665  48.666666666666671 52.993328764900014 36.095738828168344  48.666666666666671 53.431110749409903 42.603039733751167  48.666666666666671 54.091933266734863 48.899836771576531  48.666666666666671 54.955385953726406 55.693082046437226  48.666666666666671 55.896227192748569 62.112966785328396  48.666666666666671 55.843293943724802 68.847495024801972  48.666666666666671 55.242654658851862 74.127691128225834  48.666666666666671 54.837641017789579 78.779388408029192  48.666666666666671 54.220080638969229 83.319028353215415  48.666666666666671 52.558642902737404 89.055326116947583  48.666666666666671 48.632247546042962 92.754833900606997  48.666666666666671 41.109875420453839 100.09278787462519  48.666666666666671 34.150891433683242 104.97643692233015  48.666666666666671 32.38520986280593 109.44452106229821  48.666666666666671 34.779626791494046 125.50262867934335  48.666666666666671 35.66423207239724 138.64377661385194  48.666666666666671 45.491287569772865 150.8157740253402  48.666666666666671 58.262541123091317 161.86679972774965  48.666666666666671 68.171986958877696 182.53416931534008  48.666666666666671 63.421163059243078 185.4801175034701  48.666666666666671 58.435859896623562 179.97230181821041  48.666666666666671 51.13967200534303 168.23000620164561  48.666666666666671 45.859760585857565 154.85064965550058  48.666666666666671 36.411782537335263 138.14002370560095  48.666666666666671 30.682706258361875 143.91083331607712  48.666666666666671 29.397929897566463 150.26937901589849  48.666666666666671 29.012351233211472 156.41075670783985  48.666666666666671 27.657847616549951 162.04398008273708  48.666666666666671 26.521959156885121 168.38813018254072  48.666666666666671 25.468188165956629 174.66211928410382  48.666666666666671 24.111923648877646 180.74820693104513  48.666666666666671 22.283052011172483 185.76701449535102  48.666666666666671 18.884383343206835 195.53711158454459  
59.666666666666657 14.97753068534313 192.22195574679554  59.666666666666657 11.345435736054638 194.67237757732272  59.666666666666657 12.165435592455376 187.30472831588591  59.666666666666657 17.768259368919562 185.98829946170756  59.666666666666657 18.087482411340531 180.33596470192037  59.666666666666657 19.100386938486182 175.53616703296859  59.666666666666657 19.931276647889046 170.64805526168482  59.666666666666657 20.96376607959634 165.89101639787097  59.666666666666657 21.791193317150046 161.06322756502169  59.666666666666657 22.748700894091684 156.23905231586642  59.666666666666657 23.626097510527295 151.4384055284626  59.666666666666657 24.475902515279145 146.49640424236028  59.666666666666657 25.383245874248441 142.04711257983681  59.666666666666657 26.20069215748503 135.72598072692247  59.666666666666657 27.033152314716965 132.35391340986561  59.666666666666657 27.831420323580495 127.09399886318333  59.666666666666657 28.550259868093008 122.33287173620927  59.666666666666657 29.369527844192579 117.4320900569433  59.666666666666657 29.564602929142772 112.56713914756295  59.666666666666657 30.289522419671918 107.68207542899492  59.666666666666657 30.766022201865304 102.81298533504081  59.666666666666657 31.278523612956892 97.934700825542748  59.666666666666657 31.645502262519141 93.059751045337109  59.666666666666657 31.911459329341191 88.186378649604009  59.666666666666657 32.110141968456631 83.313743719312697  59.666666666666657 32.05938456364197 78.443439087224192  59.666666666666657 32.131476490007323 73.54347174382697  59.666666666666657 32.260738104819403 68.711357457822359  59.666666666666657 32.179561123575482 63.607988966230444  59.666666666666657 31.74789827629376 59.00901883404569  59.666666666666657 31.699560341788786 53.831869686760754  59.666666666666657 31.350398246050574 48.851710200063472  59.666666666666657 30.2121880818421 43.896752619778887  59.666666666666657 29.096689257999103 39.628940459224374  59.666666666666657 28.901239218216961 34.740749116537579  59.666666666666657 26.265958817224369 30.062374896255534  59.666666666666657 23.452585586627901 26.680512617658692  59.666666666666657 18.999361623961061 23.808429249725943  59.666666666666657 17.982477837229759 18.671257576019844  59.666666666666657 18.689401699796541 13.404795930497958  59.666666666666657 24.075228588670118 14.30693213552126  59.666666666666657 28.193167439862634 15.151735151364692  59.666666666666657 31.990468944675531 17.940752811424442  59.666666666666657 35.462516612205782 21.449086043130006  59.666666666666657 39.115114439152499 24.682369526040834  59.666666666666657 42.021682273361506 28.024637922955939  59.666666666666657 44.334540347458208 31.826114658023211  59.666666666666657 46.864844867676453 36.513299638395232  59.666666666666657 47.609836112204412 41.348338183849542  59.666666666666657 48.057491765483739 46.198244281722161  59.666666666666657 46.897024333270366 51.178304158302701  59.666666666666657 45.668665700245334 56.010443946654696  59.666666666666657 44.661019686382268 60.961506722017099  59.666666666666657 44.246253006011756 65.846909091388426  59.666666666666657 44.125878608239503 70.827939667007257  59.666666666666657 44.137965745438898 75.668820571198964  59.666666666666657 43.930980928130779 80.644036450172962  59.666666666666657 43.82086508439496 85.596007780725657  59.666666666666657 43.634559996914447 90.051898627059003  59.666666666666657 43.278889271406335 95.140563946422276  59.666666666666657 42.766157421667778 100.07906320936507  59.666666666666657 42.132492762872978 104.87743427805043  59.666666666666657 41.553902188632719 109.72003896127063  59.666666666666657 40.979774625492354 114.7463581338541  59.666666666666657 40.299141335570248 119.84336503623655  59.666666666666657 39.603427835341925 125.00463039192081  59.666666666666657 38.978391666356686 129.70888814958886  59.666666666666657 38.751432669727578 135.15290391278893  59.666666666666657 38.911605551572464 139.75936313234737  59.666666666666657 39.395792855864158 144.69333641384046  59.666666666666657 37.264334649644496 150.19612326261597  59.666666666666657 37.269443370816433 153.26212160253124  59.666666666666657 44.211446495634036 154.17146595507398  59.666666666666657 46.8004047332117 153.71874630646067  59.666666666666657 50.97567223090013 157.89951393941189  59.666666666666657 48.338325342424774 158.49891736282308  59.666666666666657 42.005551563249249 151.70780842029603  59.666666666666657 38.650476199372065 150.91394876534022  59.666666666666657 34.990736183123303 148.55133699208844  59.666666666666657 28.824915090309627 150.44642117786927  59.666666666666657 29.288156067973929 143.15535071129739  59.666666666666657 26.717278119556994 147.79141084017959  59.666666666666657 26.484847359426453 152.99164465365234  59.666666666666657 25.460267696978335 157.49616281713955  59.666666666666657 24.395180336860204 162.4911944764703  59.666666666666657 23.433304740686644 167.37894601846162  59.666666666666657 22.407278089050596 172.37570372100467  59.666666666666657 21.405188693305547 177.11389656463191  59.666666666666657 20.431600656916224 181.81970721193258  59.666666666666657 19.117153641940398 186.10023933424822  
70.222222222222214 15.344461814574467 185.68881021694028  70.222222222222214 8.4336530179229161 190.85346475761892  70.222222222222214 7.0432312397598542 181.23079888191543  70.222222222222214 14.922155649198668 182.05814772591705  70.222222222222214 16.897221347646546 176.64959072084957  70.222222222222214 18.700002584465533 171.96629625697994  70.222222222222214 19.595823210915942 166.80153489358858  70.222222222222214 20.275477097815088 161.66766880799753  70.222222222222214 21.106002710708573 156.50209538351405  70.222222222222214 21.975155339090815 151.39040833728498  70.222222222222214 22.934752036772398 146.27780522876  70.222222222222214 23.892406081928275 141.17014875143857  70.222222222222214 24.800668264249129 136.09542675893147  70.222222222222214 25.653694778545994 130.8839944048824  70.222222222222214 26.418029396974774 125.8455462669987  70.222222222222214 27.098802702214076 120.68383928617263  70.222222222222214 27.757450964329223 115.54193049282145  70.222222222222214 28.152834316396149 110.38221625162413  70.222222222222214 29.197819622654805 105.2145947608462  70.222222222222214 29.416814127813776 100.03978110560489  70.222222222222214 29.783830431639004 94.853072825843711  70.222222222222214 29.957977073178721 89.660885617069567  70.222222222222214 30.115070453902106 84.461202108315078  70.222222222222214 30.213658895620654 79.254795343233539  70.222222222222214 30.176536859225259 74.046180262157264  70.222222222222214 30.322227656668442 68.835287364375603  70.222222222222214 29.979736941953636 63.649496000589842  70.222222222222214 29.797722522639418 58.411515766940013  70.222222222222214 29.167265276842869 53.414340054674383  70.222222222222214 29.10339552355013 47.793824890156898  70.222222222222214 28.411567625686082 42.924024373993824  70.222222222222214 27.911517940933951 37.790052996845041  70.222222222222214 28.125330662988247 32.947066226119937  70.222222222222214 26.842390271444774 27.225441092242814  70.222222222222214 23.036701390892013 22.986575112476658  70.222222222222214 20.614416603264544 19.142276122783727  70.222222222222214 17.311216827182673 13.803683951028113  70.222222222222214 9.9558176988372864 15.007708193660706  70.222222222222214 8.7471571234073622 11.559875345800409  70.222222222222214 8.183116523928371 1.6620601264237176  70.222222222222214 12.318294375303335 1.2656202806577532  70.222222222222214 18.394121238733543 3.4546621446352286  70.222222222222214 23.416428924451971 5.1784395067833415  70.222222222222214 28.162599684606569 7.4041603203244453  70.222222222222214 32.30394933380915 10.106818022541379  70.222222222222214 36.186919929836257 13.448414961229361  70.222222222222214 40.383676958896473 17.668436453226079  70.222222222222214 42.591074978338916 22.274580348630064  70.222222222222214 44.832925694632401 27.226476525730863  70.222222222222214 44.455709178434169 32.224363694069496  70.222222222222214 43.769332481989984 37.257337601178115  70.222222222222214 42.350229125794932 42.385537054805376  70.222222222222214 41.174713795311895 47.458192140516623  70.222222222222214 40.20825278329697 52.596725767357086  70.222222222222214 39.537901745718131 57.709214219026563  70.222222222222214 39.308731613451563 62.895178222128443  70.222222222222214 39.293788995221824 68.059874431172531  70.222222222222214 39.446416127100882 73.101680027850463  70.222222222222214 39.429811018758443 78.912982391363897  70.222222222222214 39.3258430765936 83.818204488364245  70.222222222222214 39.153346646885097 88.805785883207903  70.222222222222214 38.900519110501051 94.081975130098755  70.222222222222214 38.533897031418505 99.252425247856664  70.222222222222214 38.072340030390087 104.4045666412334  70.222222222222214 37.538497551325406 109.53464111883481  70.222222222222214 36.842316909188924 114.61713759707919  70.222222222222214 36.22392428624125 119.87551537817984  70.222222222222214 35.227437679988583 124.78156545769713  70.222222222222214 34.187438686892222 130.01338768972366  70.222222222222214 33.029941401520908 134.85081849268798  70.222222222222214 32.132167366736596 140.46982102422282  70.222222222222214 35.277033855975922 145.01340007311438  70.222222222222214 41.188484039807911 146.23130273932438  70.222222222222214 44.877498259477861 148.40072977028169  70.222222222222214 52.205122815333048 153.54358765497244  70.222222222222214 51.405208356418534 155.35226652845046  70.222222222222214 45.022442045502061 152.26187080363604  70.222222222222214 41.139064772140742 149.72788185402999  70.222222222222214 35.514322907902319 148.49886226416442  70.222222222222214 31.742875439300924 145.0441108258463  70.222222222222214 30.513034111875754 136.61750706394039  70.222222222222214 27.303863496744057 136.71765340410582  70.222222222222214 26.038104934627892 143.23244327059675  70.222222222222214 25.437956021538913 148.55273987904548  70.222222222222214 24.606037305653228 153.32419795475852  70.222222222222214 23.595831063889698 158.06051557703913  70.222222222222214 22.965004255513655 163.14338988536412  70.222222222222214 22.348517953429845 168.6052408805221  70.222222222222214 21.57855100717812 173.83030370440207  70.222222222222214 21.234025805986022 177.38806023794376  
80.444444444444443 7.3968059840134854 181.29837109780675  80.444444444444443 10.499604322436641 170.56417469996052  80.444444444444443 19.144040331617976 172.26786912441116  80.444444444444443 19.402099149218373 165.43252828662895  80.444444444444443 20.604218209907984 161.0739657385181  80.444444444444443 20.945583220015681 155.95525829803188  80.444444444444443 21.540203325903033 151.17826489875111  80.444444444444443 22.203219484036151 146.31405996831913  80.444444444444443 22.962329213705402 141.59396345003469  80.444444444444443 23.748935279658209 136.81147032638546  80.444444444444443 24.452043474259604 132.0242432786944  80.444444444444443 25.142617589580734 127.35255684616891  80.444444444444443 25.780904398536634 122.12176709017781  80.444444444444443 26.347893885487817 118.88118365451176  80.444444444444443 26.881192300826378 112.49262181567889  80.444444444444443 27.36733926132117 108.07757608092507  80.444444444444443 27.745990965935267 103.12538183809745  80.444444444444443 28.249486304850809 98.311755213779378  80.444444444444443 27.986377084285355 93.457765134874947  80.444444444444443 28.393134043929219 88.617030341778275  80.444444444444443 28.525599403018525 83.7726579124555  80.444444444444443 28.674100849689182 78.936524559413655  80.444444444444443 28.72209731110668 74.106765058952405  80.444444444444443 28.679921357066288 69.287700951451939  80.444444444444443 28.653959660035373 64.472025457207067  80.444444444444443 28.254296066166638 59.656539708158761  80.444444444444443 28.300854829367641 54.817054428423162  80.444444444444443 27.926484724362233 50.008979474921887  80.444444444444443 27.770512599789647 44.993553775535716  80.444444444444443 27.253940003273296 40.589083670680196  80.444444444444443 26.94989088380196 35.440737085950893  80.444444444444443 26.016315706643677 30.691641236909117  80.444444444444443 24.11710485379 25.633683441660686  80.444444444444443 21.674082555871195 22.238645810653328  80.444444444444443 19.576519632275254 17.748891872582949  80.444444444444443 15.662394344936059 13.88060632335486  80.444444444444443 11.076908802177481 13.388345309217346  80.444444444444443 7.3253957504026408 9.3429184953326185  80.444444444444443 7.7115575932293527 2.5779515840574243  80.444444444444443 14.045002720487867 2.3930604752550759  80.444444444444443 19.093186857773716 4.004872491534667  80.444444444444443 23.151854743474082 6.4031697948361392  80.444444444444443 27.417286611118943 8.3609993469059063  80.444444444444443 31.545238228318382 10.849586944066866  80.444444444444443 35.394973982996511 14.083848122928  80.444444444444443 38.630810149614909 17.86665087776591  80.444444444444443 40.323359125295752 21.959800076860226  80.444444444444443 42.704011532505028 26.484663389733409  80.444444444444443 43.11668386348159 31.31056258831768  80.444444444444443 43.257199268692446 36.194197936094845  80.444444444444443 40.519488968068714 40.658340558607151  80.444444444444443 38.303587936864915 45.142404580106358  80.444444444444443 37.098692782455849 49.79981086591561  80.444444444444443 36.831464925491588 54.502390515586036  80.444444444444443 36.943946966231465 59.284368757175201  80.444444444444443 36.933826357583527 64.119718888838449  80.444444444444443 37.094351667803252 68.953702470478277  80.444444444444443 36.97404643201466 73.995835429995466  80.444444444444443 36.991875155621237 78.179739583047521  80.444444444444443 36.936908160757369 83.351007050799538  80.444444444444443 36.803351272387424 88.464429331326144  80.444444444444443 36.598376560689644 93.229556079481569  80.444444444444443 36.335421849809798 98.074975992495197  80.444444444444443 35.996904783129395 102.89038658985332  80.444444444444443 35.593657229340238 107.70803714176179  80.444444444444443 35.28339579886709 112.51148394274595  80.444444444444443 34.537056602372992 117.33671122691676  80.444444444444443 34.194733307774882 122.12444487828766  80.444444444444443 33.470458877357459 126.94420964949596  80.444444444444443 33.054921646165667 131.7325768784718  80.444444444444443 32.260423066658916 137.19026125610696  80.444444444444443 35.273781517533045 140.33188525364642  80.444444444444443 40.942992061130575 141.03806883636781  80.444444444444443 43.936562918908898 144.1463849176051  80.444444444444443 48.588014185409783 144.30058690049154  80.444444444444443 51.503295465886644 153.9798454372486  80.444444444444443 46.753549014045291 151.02147247607641  80.444444444444443 42.719316462465613 145.78435861842843  80.444444444444443 38.914055408514479 144.47920389149812  80.444444444444443 33.055528105583647 144.41341093275594  80.444444444444443 30.295373676484449 139.28265492755077  80.444444444444443 23.433748185692409 141.43813848619976  80.444444444444443 25.391970932228464 147.29088600027976  80.444444444444443 23.974067270678123 151.58175593880517  80.444444444444443 23.036217133578916 156.78857524203559  80.444444444444443 22.43716950703481 162.07435270820523  80.444444444444443 21.597120369116951 167.43921762170993  80.444444444444443 20.27120499143269 171.8436037617719  80.444444444444443 17.738408602275296 175.46502710136886  80.444444444444443 11.189443776774544 181.87812133271055  
90.111111111111114 11.762569996639973 171.89447847530388  90.111111111111114 13.27057383117994 167.5408512800521  90.111111111111114 16.109432929956867 167.07454677261035  90.111111111111114 16.929814645478054 163.39278623237561  90.111111111111114 18.533680721267444 158.45272017447019  90.111111111111114 20.338597827406581 154.44976556283061  90.111111111111114 21.068887952699672 149.47804207744085  90.111111111111114 22.030426154675503 144.79974992562239  90.111111111111114 22.713544658587594 139.80596531149476  90.111111111111114 23.343137839561198 134.9604748615827  90.111111111111114 24.101608157317685 130.12960803376865  90.111111111111114 24.755216854315975 124.94257803054658  90.111111111111114 25.348846215215676 121.23726829828921  90.111111111111114 25.936994123977122 112.00984690293996  90.111111111111114 26.416266882298626 111.44438114534124  90.111111111111114 26.840520566402642 105.39359912691324  90.111111111111114 27.22794042470461 100.80744367516505  90.111111111111114 27.454434701643958 95.823559939744953  90.111111111111114 28.000804810812127 90.943750812308764  90.111111111111114 28.083102535865081 86.024348420557743  90.111111111111114 28.190676224549208 81.122031856436607  90.111111111111114 28.284962060302451 76.206680267488409  90.111111111111114 28.260651384974622 71.290223704021273  90.111111111111114 28.189342593764966 66.368512298914879  90.111111111111114 27.956601001552141 61.444566221872655  90.111111111111114 28.010748431533976 56.517880858191013  90.111111111111114 27.479983042291995 51.597106586483989  90.111111111111114 27.268102006922383 46.658692534662364  90.111111111111114 27.254754496311563 41.815840575998635  90.111111111111114 26.66387226732542 36.519480031305726  90.111111111111114 25.874709011651369 31.879166600039518  90.111111111111114 24.824515815596193 27.156658042571923  90.111111111111114 23.361872837854701 23.115875621266884  90.111111111111114 21.030303699272501 18.07901187869048  90.111111111111114 17.790934048501068 14.275902923601194  90.111111111111114 13.423439576050953 11.222317662229496  90.111111111111114 9.5827343711939861 9.5270490749724939  90.111111111111114 3.1068413644695565 8.9405009607692829  90.111111111111114 5.228056936509466 0.26439193761522539  90.111111111111114 10.778084352351373 1.5846760856843745  90.111111111111114 15.433710853894349 2.2587824234984959  90.111111111111114 20.611129596258497 3.6015968304577348  90.111111111111114 25.062082625214376 5.2896013983174965  90.111111111111114 29.338496261926853 7.9664575601791858  90.111111111111114 33.181716945072644 11.087229047151046  90.111111111111114 36.553440108675112 14.539655615942072  90.111111111111114 39.997871571684037 18.591629502766725  90.111111111111114 41.467763348226875 23.145081966170885  90.111111111111114 42.871212769886782 28.308833490461769  90.111111111111114 42.197482032650228 33.454491669146698  90.111111111111114 39.285540159801137 37.642862095097009  90.111111111111114 36.914564667475581 41.84086254007655  90.111111111111114 34.525949538248902 46.323974957662848  90.111111111111114 31.638597284544304 51.109362389579779  90.111111111111114 29.914096529452127 56.082120342875669  90.111111111111114 29.372800152071971 61.032054647119836  90.111111111111114 29.257800915028771 66.072919503597518  90.111111111111114 29.463478016789185 70.872141394503274  90.111111111111114 29.291622417833686 76.351028106140305  90.111111111111114 29.077591783969954 80.997675760675591  90.111111111111114 28.821466719355303 85.644448726273311  90.111111111111114 28.520806031910997 90.57676709431064  90.111111111111114 28.160210506602404 95.478925530037216  90.111111111111114 27.769854958944308 100.41704585894394  90.111111111111114 27.307145825724795 105.34238961181789  90.111111111111114 26.544035119597559 110.3201283096132  90.111111111111114 26.339591639367345 114.99359673467698  90.111111111111114 25.419500415669702 120.08129165341317  90.111111111111114 24.823443655872957 124.79679481471848  90.111111111111114 24.287211947762607 129.54888847538609  90.111111111111114 22.249579915014522 135.1053780164273  90.111111111111114 23.355262917611949 139.40041674360918  90.111111111111114 29.822861541860593 141.57346283781877  90.111111111111114 36.949173011129403 141.42718789345247  90.111111111111114 42.050646606877983 143.48540786908217  90.111111111111114 49.092111989438642 140.83650750024205  90.111111111111114 49.103570909465276 148.85974107338905  90.111111111111114 44.68580906186412 143.7665017487428  90.111111111111114 39.881195272480646 142.18715339226478  90.111111111111114 35.447914483790541 141.81009565719603  90.111111111111114 30.293653783039886 141.39206447060621  90.111111111111114 28.054415866614907 131.53202754845918  90.111111111111114 25.815556515857718 141.66233263061545  90.111111111111114 25.832973741165812 145.54587703949386  90.111111111111114 24.96952573727819 148.25797685363571  90.111111111111114 24.850188599134444 151.98749574775658  90.111111111111114 24.509438250765587 155.04876055288625  90.111111111111114 23.012047999138009 159.36119592956967  90.111111111111114 21.405332772702774 163.73364703295289  90.111111111111114 16.332343232370032 169.35437854985582  
99.444444444444429 5.4104020801536308 171.25724423911421  99.444444444444429 9.6688336484992607 159.62210263571015  99.444444444444429 22.068705853981466 156.61167706547297  99.444444444444429 29.256575242979267 148.95239566561941  99.444444444444429 29.963332530305852 145.99965249122272  99.444444444444429 27.096413596261772 138.5251885964299  99.444444444444429 27.006859436952915 134.37686034136033  99.444444444444429 26.66300840723218 129.50838329952072  99.444444444444429 27.186878911769444 125.39739652989255  99.444444444444429 27.897085547897433 121.00586798312844  99.444444444444429 28.305261005489065 116.61189615653883  99.444444444444429 28.814931582178261 112.88862216893841  99.444444444444429 29.266502864858463 106.26923738039889  99.444444444444429 29.549045251113757 110.37002349607084  99.444444444444429 29.880026905053054 97.551255587132175  99.444444444444429 30.129225781816846 95.427598592362187  99.444444444444429 30.348374688640099 90.42959443546556  99.444444444444429 30.461642367851123 86.196408838648196  99.444444444444429 30.720060491479341 81.752154378304169  99.444444444444429 30.729859114720803 77.374771242102611  99.444444444444429 30.812180907872747 72.966995600229026  99.444444444444429 30.555507089610909 68.579738535042452  99.444444444444429 30.438835631795975 64.199698343560613  99.444444444444429 30.235721747182438 59.837928774567565  99.444444444444429 30.085242007341833 55.4904655568698  99.444444444444429 29.457491061838134 51.152564435608888  99.444444444444429 29.354124973350622 46.829540422096883  99.444444444444429 28.657647526848525 42.486543088243884  99.444444444444429 27.517182076772638 38.196122433172512  99.444444444444429 27.305341997039253 33.978522460777704  99.444444444444429 26.741504388666449 29.547199951095021  99.444444444444429 25.794925084347138 25.332570290790162  99.444444444444429 24.179504761686676 21.054696323484968  99.444444444444429 22.130799978499979 17.778572064952908  99.444444444444429 18.796141640521281 14.212842867353837  99.444444444444429 16.012200644618485 11.239215269933993  99.444444444444429 11.877203612731231 8.9939922002989405  99.444444444444429 8.1465898457677799 8.6865821257592462  99.444444444444429 1.4930664818993347 7.8473008411370788  99.444444444444429 2.350725811081253 -0.5779528962610081  99.444444444444429 7.8008776335781604 0.71992737795034978  99.444444444444429 11.539592338084312 1.1642878099914815  99.444444444444429 16.227484622303862 2.5018714127131565  99.444444444444429 20.419472444392277 3.5861456662007654  99.444444444444429 24.609319569373312 4.8632477876369382  99.444444444444429 28.571761377885274 6.9903491490091181  99.444444444444429 31.967479051867649 9.4478089411148201  99.444444444444429 35.593627891137679 12.395193026839211  99.444444444444429 38.377390711226759 15.871042580471372  99.444444444444429 40.603069882129311 19.881155070988306  99.444444444444429 42.096983576903995 24.32827534128749  99.444444444444429 40.245849938285787 28.86076631439726  99.444444444444429 40.406854607827668 33.273933539945737  99.444444444444429 44.124266920878725 37.175925416582622  99.444444444444429 46.743434718703256 40.973060982074557  99.444444444444429 48.471127944864449 45.16718860855778  99.444444444444429 49.350621206679058 49.374180484365716  99.444444444444429 49.812595017883751 53.802765909588551  99.444444444444429 50.491278238438809 57.843096228702002  99.444444444444429 51.075340913234761 62.34389594360686  99.444444444444429 51.544119200227392 66.89495951657787  99.444444444444429 51.894156563134381 71.293393201225669  99.444444444444429 52.160409971158451 75.656538879568899  99.444444444444429 52.287754625166613 80.017825948709529  99.444444444444429 52.402109336382438 84.417749325245794  99.444444444444429 52.780290933458772 88.692176679527165  99.444444444444429 52.340206620002043 93.533528586748545  99.444444444444429 52.74509287873628 97.423366939635784  99.444444444444429 52.723653008356152 101.95064281225181  99.444444444444429 52.576523490179298 106.34150026518326  99.444444444444429 52.931080629079823 110.51465266125356  99.444444444444429 52.469487232406088 115.33124906835279  99.444444444444429 50.830243683950243 119.95842337521712  99.444444444444429 48.59650626837044 125.22528737031716  99.444444444444429 44.179585458512939 130.04603802916185  99.444444444444429 50.427120634885675 142.21171697208197  99.444444444444429 55.033243070600371 149.21647812122256  99.444444444444429 46.214696161851826 149.50854537219772  99.444444444444429 47.429023969619358 141.05301905337612  99.444444444444429 43.694074070185842 131.6399456143736  99.444444444444429 37.555879716036372 137.41245117904344  99.444444444444429 31.457369232945936 134.50089065720564  99.444444444444429 24.864642697922374 123.99702137374335  99.444444444444429 25.429697979388667 132.510010311272  99.444444444444429 24.56086486635002 143.65030524964874  99.444444444444429 22.167108304277917 152.88662637108561  99.444444444444429 20.326550361526948 164.01379200291268  99.444444444444429 20.510153248717167 169.88549776944038  99.444444444444429 16.307415077076026 171.52332544018395  99.444444444444429 9.5991349584212866 173.68857654710237  
109.11111111111114 35.003250566908214 144.02851047685476  109.11111111111114 26.759172414041434 156.70062914200199  109.11111111111114 9.2879329829099877 166.41771478550666  109.11111111111114 -5.4228342184688305 173.07636053333221  109.11111111111114 -1.6630169270033019 164.71997641132538  109.11111111111114 11.224677130202167 170.05458401586574  109.11111111111114 13.819948352699932 163.97883488147789  109.11111111111114 16.850502619093913 159.96448366198931  109.11111111111114 17.63152262192051 154.2439920732248  109.11111111111114 17.938871592591664 149.14864959491263  109.11111111111114 18.816895968310099 143.9871395094153  109.11111111111114 19.467722789308901 137.71278792294092  109.11111111111114 20.144619404606622 136.35739235235721  109.11111111111114 21.038515179777317 116.51862631595908  109.11111111111114 21.730109163518261 125.91768184319096  109.11111111111114 22.453832551610528 116.7701913258645  109.11111111111114 23.06827328104481 112.58354491538239  109.11111111111114 23.841209551425749 107.06109873817779  109.11111111111114 23.786485239758804 101.89322441006011  109.11111111111114 24.45327908347361 96.622419732918175  109.11111111111114 24.684736714163787 91.384192964949889  109.11111111111114 25.447026363599242 86.133195868722126  109.11111111111114 25.75203680197216 80.871859391406701  109.11111111111114 26.069878818976068 75.585158970440744  109.11111111111114 26.209366486351502 70.264606073113796  109.11111111111114 27.043829179014256 64.906640160654419  109.11111111111114 27.014636706806247 59.478674442503312  109.11111111111114 28.147301849355209 54.055529602755946  109.11111111111114 29.357043678566438 48.393894620494571  109.11111111111114 29.547093988436238 42.949016615763028  109.11111111111114 29.55816908809993 37.564397267702425  109.11111111111114 29.322590451944468 32.166776718503101  109.11111111111114 29.098384717012149 26.821410265680353  109.11111111111114 27.990439408316956 21.057165901612112  109.11111111111114 25.898207006702322 16.129486831332692  109.11111111111114 21.33751519497174 11.916657767481961  109.11111111111114 16.917279936049603 9.0573418396198644  109.11111111111114 12.418642320893513 6.9756307772966712  109.11111111111114 6.4054962209672848 9.51967566648573  109.11111111111114 -1.7687096449991071 6.2774165151845045  109.11111111111114 2.3921524277917761 -1.7568800487826333  109.11111111111114 9.5142061883016691 1.3085778233584611  109.11111111111114 13.339132614064534 1.5157267837050759  109.11111111111114 18.746296878226449 2.3534322303801707  109.11111111111114 23.726726232196963 4.7829830049760336  109.11111111111114 28.722337592729641 6.823955560582073  109.11111111111114 33.190485820749103 9.7400297504115336  109.11111111111114 36.608257674056489 13.360441354237011  109.11111111111114 39.450511350370569 17.860926686122696  109.11111111111114 41.434807015350238 22.931393337863742  109.11111111111114 42.141318253436985 28.279854971878166  109.11111111111114 43.393670972904175 33.331003482674298  109.11111111111114 45.587259855194688 38.174256624436282  109.11111111111114 46.660285648282482 43.275622741630769  109.11111111111114 48.046467174929575 48.662274611526435  109.11111111111114 48.150540177114543 53.850852853005463  109.11111111111114 48.700004264727731 59.213984614705204  109.11111111111114 49.116861930589629 64.402238245762462  109.11111111111114 49.156998855761877 69.884160350592495  109.11111111111114 49.083133445906782 75.066945730581168  109.11111111111114 49.008759362798941 80.164364943195153  109.11111111111114 48.982755778531676 85.373568391683904  109.11111111111114 48.935527586970004 90.698457984172492  109.11111111111114 49.013582086374235 96.012822291581813  109.11111111111114 48.908756232130287 101.26188236352678  109.11111111111114 48.329017675457735 106.72762814069641  109.11111111111114 48.836064865876864 111.21666559276659  109.11111111111114 48.017659871782563 117.35473897336421  109.11111111111114 47.576397852898467 122.39068997436949  109.11111111111114 47.246469095385571 127.64812794953971  109.11111111111114 46.415908345130802 133.01002831289884  109.11111111111114 45.760936708346833 137.59126033482426  109.11111111111114 45.230521429969883 143.23285783369917  109.11111111111114 47.332643760276653 148.98087917309567  109.11111111111114 54.110763584432704 154.88976348667578  109.11111111111114 37.969189653969856 137.01832554877069  109.11111111111114 36.088727684975261 123.47708002792101  109.11111111111114 34.393788958716641 117.62401701445272  109.11111111111114 35.028372384455714 114.06667376383902  109.11111111111114 35.5651771920569 138.43319780440828  109.11111111111114 36.665561183391112 140.16082319136362  109.11111111111114 37.2196333597294 145.7305239740557  109.11111111111114 37.44171688326233 158.1577554934014  109.11111111111114 33.606296706789472 159.33302774940992  109.11111111111114 32.52209670055489 138.80306195500643  109.11111111111114 38.967852094744849 127.47881038679655  109.11111111111114 42.329350842828269 110.35345312782324  109.11111111111114 35.909985100850875 108.66546904226199  109.11111111111114 40.590405395404446 119.88470749956407  109.11111111111114 39.842916851307891 132.97975525200559  
118.77777777777777 12.050065905591239 156.06104160149619  118.77777777777777 24.757778883040473 141.60339012887698  118.77777777777777 47.354299390025183 137.36762391662697  118.77777777777777 64.415252214121693 123.79067620220101  118.77777777777777 61.406955915844726 122.32827865693586  118.77777777777777 52.330839205854652 109.97301272368401  118.77777777777777 51.253312984041266 106.6755932803495  118.77777777777777 49.525939654897179 101.46523454402573  118.77777777777777 49.892123064027494 98.042492464609083  118.77777777777777 50.648541192260183 93.723751689784734  118.77777777777777 50.614496659241809 89.627848528267734  118.77777777777777 50.802946574808793 86.839613033229327  118.77777777777777 50.883692358812716 78.159830814282543  118.77777777777777 50.600866882101855 91.905456143821993  118.77777777777777 50.486356073492523 70.000879201204143  118.77777777777777 50.228343022376286 70.73375125243011  118.77777777777777 50.012817420739232 65.397009721313353  118.77777777777777 49.472749207416847 61.679048050108278  118.77777777777777 49.951191769730279 57.5234697105751  118.77777777777777 49.326760911274569 53.462256718895439  118.77777777777777 49.182943777042588 49.385936073524626  118.77777777777777 48.209222996931338 45.296479060258768  118.77777777777777 47.618950491173003 41.242771950245007  118.77777777777777 46.6925725181408 37.259069033177887  118.77777777777777 45.580653969382205 33.382867707933663  118.77777777777777 43.065247229418596 29.641717825467243  118.77777777777777 41.049264998084666 26.104564346979934  118.77777777777777 36.82387824204875 22.68494692904649  118.77777777777777 32.637846510075057 19.61569074622988  118.77777777777777 30.074316969365679 16.048024298772226  118.77777777777777 28.122399153322466 12.400262842314559  118.77777777777777 25.728336907950283 8.9339427002674263  118.77777777777777 21.507545182588288 6.0352242439476447  118.77777777777777 16.585363782487292 4.5927705084467112  118.77777777777777 11.16430127920523 3.9333579737796218  118.77777777777777 7.4537955777052662 4.619534225818084  118.77777777777777 2.8121112216846105 5.4561318486946107  118.77777777777777 -2.0334320195844899 5.6956555857602629  118.77777777777777 -6.8520595020834074 2.2922024210868286  118.77777777777777 2.4911272132981885 -6.6947685663621082  118.77777777777777 8.1501481630642481 2.2660367407023165  118.77777777777777 10.585404068683475 1.3123554450881045  118.77777777777777 15.874638407546636 2.1888711096437343  118.77777777777777 19.369381572142789 3.6972609522737248  118.77777777777777 23.38799161638909 3.8383604816714287  118.77777777777777 26.844006964154566 5.6516275346493936  118.77777777777777 30.598188029385351 7.553636376939215  118.77777777777777 34.579289732711224 9.8432083152596324  118.77777777777777 37.623520270066969 12.405272959063128  118.77777777777777 39.80193697188048 15.565639250514046  118.77777777777777 41.528665059071805 19.125016742775177  118.77777777777777 42.652043433454679 23.260715602933029  118.77777777777777 42.934186718062293 27.447870935481063  118.77777777777777 44.12712660333753 31.385926460524683  118.77777777777777 44.559138098895133 35.05834747212122  118.77777777777777 46.377122877540465 38.992213920880729  118.77777777777777 47.209718039440318 42.764611467550424  118.77777777777777 47.919041174149093 46.782212944633542  118.77777777777777 48.70126313317914 50.538242659613367  118.77777777777777 49.369436807531137 54.643266479905847  118.77777777777777 49.843024744241283 58.879408343123792  118.77777777777777 50.105686089263642 63.02876193018183  118.77777777777777 50.269784719688978 67.028617294128054  118.77777777777777 50.109878581766345 71.04965763251144  118.77777777777777 50.134171967485855 75.147569194409101  118.77777777777777 50.638846872502022 78.959085011212181  118.77777777777777 49.637531912902148 83.981600756167467  118.77777777777777 50.225370782528429 86.896829097982788  118.77777777777777 50.328330823668885 91.183832216284344  118.77777777777777 50.126756421341874 95.175214325102559  118.77777777777777 50.34059492174039 99.039401146002945  118.77777777777777 50.47036849865156 103.86183912459252  118.77777777777777 50.098555101578619 107.20700028218297  118.77777777777777 48.228693604533589 110.95890049233365  118.77777777777777 39.177385066447002 114.78434082709464  118.77777777777777 58.602508680331361 135.0894199440385  118.77777777777777 57.29782891802553 156.18571556958398  118.77777777777777 52.047466414096377 150.2884890841504  118.77777777777777 47.199174013857416 148.42025217805761  118.77777777777777 40.924478380957645 117.25403536443532  118.77777777777777 37.613052232296369 127.9044859951594  118.77777777777777 36.190755180802064 131.09202830484665  118.77777777777777 36.332439008891711 129.46835073633457  118.77777777777777 37.505558244849986 137.02189692428465  118.77777777777777 34.49301988213729 160.1937416317746  118.77777777777777 23.271687304747054 173.01211671943756  118.77777777777777 11.49289995119349 186.2371501695452  118.77777777777777 6.1641318062419552 193.49977338255056  118.77777777777777 -4.3751391409341069 185.98151795043427  118.77777777777777 -1.6043039379256916 165.13236199237252  
129.55555555555563 33.138815682232789 143.58172298090457  129.55555555555563 33.842764534025115 143.03046191151091  129.55555555555563 33.997919296081115 140.02479314977319  129.55555555555563 30.288737065644387 135.15384117045383  129.55555555555563 31.155534984732959 130.96935067175681  129.55555555555563 32.934017471922786 127.78578437320661  129.55555555555563 33.5961654575663 123.41538782130127  129.55555555555563 34.523536990169589 119.49914271072855  129.55555555555563 35.057464216316113 114.98292524020918  129.55555555555563 35.433146642565681 111.48352956114137  129.55555555555563 35.964613294284334 107.02336343535244  129.55555555555563 36.319059248314232 102.92473356856556  129.55555555555563 36.615744779262059 98.295050242346406  129.55555555555563 36.95058354588808 93.785590140893973  129.55555555555563 37.153428263034904 90.189303370114686  129.55555555555563 37.338993826307437 85.735186668965369  129.55555555555563 37.449759962090269 81.504355224149165  129.55555555555563 37.624417235656026 77.221716228550363  129.55555555555563 37.389008516182876 72.917753692844613  129.55555555555563 37.551056968921145 68.756807038435596  129.55555555555563 37.371072613311625 64.373838089875449  129.55555555555563 37.643291707653482 60.141344408637643  129.55555555555563 37.55460667702738 55.87608382280564  129.55555555555563 37.456139471269459 51.626037409314222  129.55555555555563 37.132646110924036 47.375652539941967  129.55555555555563 37.077211451129216 43.131084754598668  129.55555555555563 36.267984151268692 38.874996927913607  129.55555555555563 35.920247606455213 34.660979440532302  129.55555555555563 35.119728963135636 30.285603355856622  129.55555555555563 34.072464250828432 26.669912704459559  129.55555555555563 33.10682212088394 22.448749204268367  129.55555555555563 31.783628222887948 18.603720603123413  129.55555555555563 29.397267841114264 14.793104243008713  129.55555555555563 26.076585967990233 11.838337223908452  129.55555555555563 22.328535122373509 9.5367706158733405  129.55555555555563 18.17242764913761 8.4448497194365881  129.55555555555563 14.126625089735256 7.8716849482858091  129.55555555555563 10.364140403504239 6.9912254680512191  129.55555555555563 3.6595513004680833 6.8087103243224449  129.55555555555563 7.6753885106728283 0.40226294143605545  129.55555555555563 12.529672636515045 2.3340340420227301  129.55555555555563 16.9997013602087 3.4152731629361073  129.55555555555563 20.628041401650755 4.144815827015071  129.55555555555563 24.78000267781665 4.8359043373513595  129.55555555555563 28.128192493222389 6.722977070012834  129.55555555555563 32.793721406980012 8.6027136611612658  129.55555555555563 36.285060579203225 11.049654308049888  129.55555555555563 38.737660306666029 14.056302449754281  129.55555555555563 41.518195360933731 17.459662377259683  129.55555555555563 42.973832451037929 21.075027153590508  129.55555555555563 44.985463576124886 25.163144923297605  129.55555555555563 45.219601853539906 29.422456353200801  129.55555555555563 46.286336789181782 33.660056979398185  129.55555555555563 46.915156139637013 37.837899628953409  129.55555555555563 47.621307043785869 42.053921277697683  129.55555555555563 48.046573221192617 46.213030894211286  129.55555555555563 48.483296118076296 50.404295749657955  129.55555555555563 48.812667223918176 54.659631134768361  129.55555555555563 49.10179926174218 58.919173275640794  129.55555555555563 49.322560326980586 63.091625962851133  129.55555555555563 49.480061460444553 67.342096502444406  129.55555555555563 49.588609723589201 71.453822263499703  129.55555555555563 49.615661425250892 75.739863672143713  129.55555555555563 49.707308896713776 79.989742628671522  129.55555555555563 49.625805776831648 84.222520097670511  129.55555555555563 49.345312695168992 88.540871698593136  129.55555555555563 49.720734581210387 92.462357249877371  129.55555555555563 49.537243812514781 97.054653532591772  129.55555555555563 49.159422478928505 101.20091926639964  129.55555555555563 49.108076336191338 105.43503361625727  129.55555555555563 49.026658151501948 109.71644963548604  129.55555555555563 48.120618162167581 113.64395977194229  129.55555555555563 48.255535241229495 118.26160023724223  129.55555555555563 47.675916327475264 121.80419493299888  129.55555555555563 49.38597941882103 126.71274315687393  129.55555555555563 43.802618026747439 128.93655829499724  129.55555555555563 47.657321071587702 129.27889608274234  129.55555555555563 49.58344538299044 135.706286223078  129.55555555555563 43.882914036509575 133.05269646006798  129.55555555555563 45.643079845324195 134.47842601784853  129.55555555555563 41.356752811569443 124.45447553439919  129.55555555555563 35.519247258127486 133.43887368958136  129.55555555555563 37.551058486395476 138.92262086249175  129.55555555555563 36.426826726611672 143.1572785018023  129.55555555555563 34.795599710649526 144.50887856155362  129.55555555555563 32.036366682054414 144.71014237908466  129.55555555555563 26.758942395730617 141.23761671372685  129.55555555555563 20.953683172170926 144.28440542161613  129.55555555555563 18.453247007356623 142.88605996498006  129.55555555555563 21.679079840058382 135.11337222302808  
139.6666666666666 17.875118337917531 137.82785573192535  139.6666666666666 26.290190530693593 139.68764117103282  139.6666666666666 29.987810076957519 138.73374111628385  139.6666666666666 36.855556047119379 138.81510345580563  139.6666666666666 36.878124229454897 133.79043794252433  139.6666666666666 37.324473267659791 129.76646537296816  139.6666666666666 37.82751787512553 125.78691016811504  139.6666666666666 38.272840966225047 121.67070188990515  139.6666666666666 38.731500820029531 117.93038780207684  139.6666666666666 39.252468236637853 113.24143070261321  139.6666666666666 39.636451622925499 109.52790691269476  139.6666666666666 40.077967576774121 105.19245018961504  139.6666666666666 40.502838203467057 102.36728329041766  139.6666666666666 40.853495390105785 95.766361868013533  139.6666666666666 41.21961658618428 93.937765036802617  139.6666666666666 41.53259264556408 89.364446517595809  139.6666666666666 41.819871656555726 85.526792638011557  139.6666666666666 42.000690013838337 81.480764811338645  139.6666666666666 42.331474136528271 77.528956704236847  139.6666666666666 42.315628967987308 73.411111636658873  139.6666666666666 42.576369163800585 69.541255714822626  139.6666666666666 42.272982708473094 65.520486150663899  139.6666666666666 42.23262400946583 61.542797729711815  139.6666666666666 42.045829844569298 57.550855390254057  139.6666666666666 41.941179286906532 53.555219168468199  139.6666666666666 41.450511674103716 49.544123366150586  139.6666666666666 41.516484321985807 45.526534792632766  139.6666666666666 41.016190788266499 41.45193896401581  139.6666666666666 40.842901716530335 37.523309969013205  139.6666666666666 40.520355385283388 32.906020384763494  139.6666666666666 39.89755289756237 29.043675482634693  139.6666666666666 38.916353771267268 25.070660404287658  139.6666666666666 37.573380977337102 21.510648581953024  139.6666666666666 35.799898994095585 17.717657020659257  139.6666666666666 33.461676401038723 14.351904464253909  139.6666666666666 30.739567023491787 11.238868913401019  139.6666666666666 27.107242214758546 9.2714788048332792  139.6666666666666 22.705695812856305 8.1021178699346592  139.6666666666666 19.434790066449406 8.8250090829641881  139.6666666666666 12.491481023859611 5.7000121915176178  139.6666666666666 16.816833960549701 2.1534335946346972  139.6666666666666 21.032040753069673 3.5954952460592615  139.6666666666666 25.029412915368816 4.1917914626177142  139.6666666666666 28.955180314131319 5.3646012673607597  139.6666666666666 33.367787240109855 6.8195793042967496  139.6666666666666 36.019369025834706 9.0363167306174592  139.6666666666666 39.230236355155306 11.614066474676807  139.6666666666666 42.729197468619738 14.414930150108791  139.6666666666666 44.75936193623393 17.687838205502512  139.6666666666666 46.278156490697171 21.696537095757364  139.6666666666666 46.213103360211342 25.677202761818553  139.6666666666666 47.565446669020737 29.628322005989691  139.6666666666666 47.900614822213463 33.594488195065935  139.6666666666666 48.412357265890073 37.608901834812976  139.6666666666666 48.888773763530764 41.611828440819515  139.6666666666666 49.168260093126797 45.647588625371604  139.6666666666666 49.478766313726283 49.743836495119446  139.6666666666666 49.739167511419126 53.668974509609605  139.6666666666666 49.928884469834216 57.701681438991343  139.6666666666666 50.072381000516984 61.797016890347713  139.6666666666666 50.179511383813761 65.723926730177496  139.6666666666666 50.261228078540391 69.939334389933322  139.6666666666666 50.284137970449656 73.918790813703239  139.6666666666666 50.366777449908845 77.95757914069226  139.6666666666666 50.260458434113872 81.995958449169279  139.6666666666666 50.202526029488929 85.989244273497576  139.6666666666666 50.013527576738866 90.198266729777274  139.6666666666666 49.790550747250471 94.033589972321906  139.6666666666666 49.738688323039256 98.10871716530599  139.6666666666666 49.440680726182876 102.13092125165375  139.6666666666666 48.965004255063299 106.11412042965998  139.6666666666666 49.295002335030887 110.31162115803903  139.6666666666666 48.500709119831825 114.01299538925289  139.6666666666666 48.420514581296494 118.83037568075214  139.6666666666666 46.828866481953121 122.03265415069531  139.6666666666666 48.242464713889767 126.77490610559514  139.6666666666666 46.340607032587648 130.99504631375569  139.6666666666666 52.255962473652914 135.08396212804422  139.6666666666666 49.607681936378299 138.26919656913762  139.6666666666666 42.061464241635029 129.73597594300367  139.6666666666666 44.449915647030899 128.92894548195483  139.6666666666666 44.582076571708932 118.01776350171201  139.6666666666666 39.796548037926641 121.77186065206153  139.6666666666666 40.152989329555382 125.56387105208886  139.6666666666666 39.949362284561907 130.3929820698304  139.6666666666666 39.85638790164635 135.65515250647562  139.6666666666666 38.900825328755452 140.80136247247884  139.6666666666666 35.058721397390642 141.34044169027675  139.6666666666666 30.224030864207162 144.77279453821257  139.6666666666666 25.071179276513387 147.48747757969653  
149.33333333333337 31.6394913914746 135.43201675411066  149.33333333333337 34.111372412950928 135.83532118653767  149.33333333333337 38.816003223003634 135.5992232230621  149.33333333333337 38.583698628658688 130.48692664492711  149.33333333333337 39.355072443787442 127.28405676737825  149.33333333333337 39.932338977448744 123.65030314220336  149.33333333333337 40.48732717320128 120.0434511277176  149.33333333333337 40.884113455366844 116.5123897137121  149.33333333333337 41.487218381872545 112.73304967882559  149.33333333333337 41.945436164199975 109.60970608631109  149.33333333333337 42.451660117816964 105.80369005047736  149.33333333333337 42.851249201646944 102.39030538654815  149.33333333333337 43.202280407228784 98.047817833775014  149.33333333333337 43.543410537244881 95.826721143130698  149.33333333333337 43.812203490980764 91.084672689947254  149.33333333333337 44.055913922407065 87.735165285138009  149.33333333333337 44.258011902561037 84.008441469332396  149.33333333333337 44.463828867282601 80.387291784097684  149.33333333333337 44.534710036117417 76.708890502294594  149.33333333333337 44.863696989588256 73.140935744634703  149.33333333333337 44.548564858492036 69.40195353901845  149.33333333333337 45.07080947846741 65.766893532703449  149.33333333333337 44.979877378102756 62.105847568328741  149.33333333333337 45.055775456435782 58.456738638159798  149.33333333333337 44.883288447175076 54.810310317532512  149.33333333333337 45.263308084363189 51.175275170107511  149.33333333333337 44.633333538171101 47.535962846439702  149.33333333333337 44.834975776211898 43.957894664728194  149.33333333333337 44.399093101639551 40.198503593666544  149.33333333333337 43.980407045579014 36.990541010631155  149.33333333333337 43.479350735104241 33.290149498565064  149.33333333333337 42.898806575240499 29.732550381345138  149.33333333333337 42.342349240281727 26.085287549275293  149.33333333333337 41.42853564743131 22.685475389522303  149.33333333333337 39.829869828540183 19.686082433650917  149.33333333333337 36.805528843738244 17.444032956013778  149.33333333333337 33.286972735185131 15.380088462920931  149.33333333333337 29.815034087224131 13.939356680694223  149.33333333333337 27.737116983803183 13.237572684610358  149.33333333333337 22.918731314622299 11.193092366811637  149.33333333333337 26.098430531970333 7.9379492312717259  149.33333333333337 29.558384641225253 7.88957427685187  149.33333333333337 32.738617633406832 9.9786530438261991  149.33333333333337 36.030913011515906 11.597826775938071  149.33333333333337 38.690118279415124 13.22648775218547  149.33333333333337 42.111897284935687 15.056133640156009  149.33333333333337 44.72866309094951 17.489343423031237  149.33333333333337 46.573828710071162 20.619370320141911  149.33333333333337 48.441648997227539 24.004567992594545  149.33333333333337 49.041710118743381 27.431568430007243  149.33333333333337 49.901785617731555 31.062912131771935  149.33333333333337 49.641465233971012 34.697558309896351  149.33333333333337 50.002032239986796 38.347827591737563  149.33333333333337 50.351848033808579 41.953517768335118  149.33333333333337 50.541091092062196 45.571374468058579  149.33333333333337 50.947939371522885 49.210040719030417  149.33333333333337 51.199027413980005 52.629274219782907  149.33333333333337 51.444765722128885 56.517036768205578  149.33333333333337 51.615242193725457 60.105165272453604  149.33333333333337 51.74440275793124 63.632757868955778  149.33333333333337 51.840618257181276 67.576797151396093  149.33333333333337 51.861397957742227 70.831424604695258  149.33333333333337 51.972981613278826 74.575870080954303  149.33333333333337 51.560970378526434 78.188173338614746  149.33333333333337 51.820618455424011 81.821400408217301  149.33333333333337 51.920446514059655 85.468166103990541  149.33333333333337 51.221336959065511 88.982116642683067  149.33333333333337 51.102432743106334 92.708832573550865  149.33333333333337 51.146504878085473 96.292189286566028  149.33333333333337 50.689384072698459 99.914709704758309  149.33333333333337 50.551085129473101 103.57720873447764  149.33333333333337 49.730019351148265 107.12668351889232  149.33333333333337 49.635315790300766 110.98023969354772  149.33333333333337 48.950314554581283 114.02818443263885  149.33333333333337 49.125697842917518 118.37135795896106  149.33333333333337 48.247746407242303 121.66183249982699  149.33333333333337 48.381037026103606 125.38961219440587  149.33333333333337 45.586907099989304 129.64252713969486  149.33333333333337 52.505666583663348 130.25380609848492  149.33333333333337 53.672416572215695 138.56485659543566  149.33333333333337 44.875231095602338 133.89673257821622  149.33333333333337 44.839672017798428 130.41141532900218  149.33333333333337 43.895511674071344 123.81739390772749  149.33333333333337 41.812150959890673 129.59913330204489  149.33333333333337 42.564229443308491 133.71259041588851  149.33333333333337 40.336820608090484 136.6254115877212  149.33333333333337 36.477280892967933 137.37234797983425  149.33333333333337 33.097881671937564 139.98125796459377  149.33333333333337 28.823799486954059 140.36131775497799  149.33333333333337 22.487857613984314 134.23778104861896  
157.7777777777778 39.711310855470153 133.50002741488154  157.7777777777778 42.217807133232881 129.91732853836126  157.7777777777778 42.687954034255746 125.61289599992335  157.7777777777778 43.645588303327024 122.46805588627531  157.7777777777778 43.548893309295906 118.86107985092396  157.7777777777778 43.965273755920215 115.38335519537421  157.7777777777778 44.421401888107511 111.9021055100697  157.7777777777778 45.289642875282922 108.34618784324847  157.7777777777778 45.704283678989661 104.95265743280343  157.7777777777778 46.273181393583265 101.16744807367319  157.7777777777778 46.656396720951768 97.728700758361811  157.7777777777778 47.076008920119122 94.192244091722586  157.7777777777778 47.456667457492806 90.647825433636768  157.7777777777778 47.756470397304128 87.822519452604141  157.7777777777778 48.058666332358435 83.398882551343362  157.7777777777778 48.309330533334048 80.087309572380605  157.7777777777778 48.531179668415731 76.472416122532692  157.7777777777778 48.683749346204223 72.930930666299815  157.7777777777778 48.902922991610012 69.379304107458054  157.7777777777778 48.693579359519838 65.782463255019366  157.7777777777778 49.481835294852416 62.264074235178548  157.7777777777778 48.85169351351167 58.695785733992707  157.7777777777778 49.151089235332421 55.138644061429012  157.7777777777778 49.065516431828797 51.574912500014619  157.7777777777778 49.284563300193945 48.009739790623989  157.7777777777778 48.413955544511495 44.434521833989749  157.7777777777778 49.124082176622522 40.873342958553074  157.7777777777778 48.232390194118445 37.227937702973264  157.7777777777778 48.250021812369944 33.814722145094407  157.7777777777778 48.045583391569707 30.004199890094565  157.7777777777778 47.860915882473719 26.489070051710947  157.7777777777778 47.670520337061447 22.928070892023726  157.7777777777778 47.203169388167709 19.22354114519791  157.7777777777778 46.275337332394969 15.921803390963431  157.7777777777778 44.609153433894953 12.524026835434771  157.7777777777778 42.467481477442121 9.2901262933806024  157.7777777777778 39.58279265249201 7.2811011871117435  157.7777777777778 35.82601931622014 5.8855077060460719  157.7777777777778 31.442469967675393 5.1545368627239405  157.7777777777778 26.19547723762766 2.3843734019846736  157.7777777777778 30.358126003388197 1.4871214626204774  157.7777777777778 34.719913097834663 1.9426385961091779  157.7777777777778 38.525545491733652 2.8914796468856538  157.7777777777778 42.157989306536436 4.5176253663916253  157.7777777777778 45.514982675050682 6.7570831375713762  157.7777777777778 47.867448032729442 9.5841722162268628  157.7777777777778 49.686191533289779 12.893863083154995  157.7777777777778 51.077394523436581 16.197477671312981  157.7777777777778 51.608726432255864 19.713033744830415  157.7777777777778 51.917777403956507 23.346671796921733  157.7777777777778 51.938938195388033 26.886170900681343  157.7777777777778 52.37176848099184 30.492489170307785  157.7777777777778 52.729168977946898 34.025005760322856  157.7777777777778 53.039524490482719 37.578208286200521  157.7777777777778 53.419548065269048 41.120871656406017  157.7777777777778 53.636391590258533 44.609055942966393  157.7777777777778 53.796681386430386 48.532922919367685  157.7777777777778 53.912433461745131 51.675221739916879  157.7777777777778 53.997812159516762 55.293014171917235  157.7777777777778 54.049577819835314 58.978106218377015  157.7777777777778 54.047053372292652 62.021316092042269  157.7777777777778 54.044638135048281 66.236277524726631  157.7777777777778 53.842881789302439 69.622581492203864  157.7777777777778 54.201354726694781 73.231941110418049  157.7777777777778 53.632955458456628 76.788654687334542  157.7777777777778 53.372173520791236 80.348553239021825  157.7777777777778 53.849380041635428 83.974057076749844  157.7777777777778 53.758448978790497 87.486789022838352  157.7777777777778 52.861524224896172 91.064344408552401  157.7777777777778 53.215419402970596 94.590201682848218  157.7777777777778 52.968437170059467 98.044336205919763  157.7777777777778 53.051375509843488 101.53497449182146  157.7777777777778 52.584739272767301 104.91499452269892  157.7777777777778 52.277281919155421 108.80667906159218  157.7777777777778 51.404366626668292 111.70121984815167  157.7777777777778 50.931314252580094 115.41889662026023  157.7777777777778 50.255061910558368 118.47051626836416  157.7777777777778 49.875540197738026 121.71912501277684  157.7777777777778 45.228250242741289 127.20297427797151  157.7777777777778 50.829128704155067 126.96249165336295  157.7777777777778 55.939171919249162 133.68374792325133  157.7777777777778 49.505450324277774 135.70949165810092  157.7777777777778 47.54892091196055 129.48555528058398  157.7777777777778 44.79710974604572 131.35198126716273  157.7777777777778 42.276751650295623 133.45160295747891  157.7777777777778 38.978637537687895 135.79815938797012  157.7777777777778 35.286819257345911 136.96531926439891  157.7777777777778 31.237637683103134 135.87809972019042  157.7777777777778 28.994980858084922 131.98942715193635  157.7777777777778 37.386957417481739 132.84728604247056  
165.88888888888891 39.23290048559997 130.44683700635682  165.88888888888891 42.622602548989462 131.73011775182539  165.88888888888891 44.938659083239493 130.89055397857695  165.88888888888891 44.936819280693918 127.9560726670323  165.88888888888891 46.045123263803518 125.31463243645263  165.88888888888891 46.320206435564472 122.69450428098736  165.88888888888891 46.790175009196368 120.21576263195792  165.88888888888891 46.727729834836936 117.8532957199147  165.88888888888891 47.159266664959986 115.3990772772808  165.88888888888891 47.365295141067605 113.11196375345541  165.88888888888891 47.823017082938179 110.71930526788785  165.88888888888891 48.193285059217175 108.22685658602406  165.88888888888891 48.582715725175085 106.29218795028531  165.88888888888891 49.050064347174882 102.05777337991506  165.88888888888891 49.458421455283741 101.59924292365726  165.88888888888891 49.884879762214233 98.718399252835141  165.88888888888891 50.285655426127583 96.489871124041443  165.88888888888891 50.721269003634262 94.088347520690647  165.88888888888891 50.955626735225565 91.732482940960125  165.88888888888891 51.669407097547627 89.366634519219602  165.88888888888891 51.161554983838016 86.995608486425326  165.88888888888891 52.1784815227916 84.625780750880978  165.88888888888891 52.066742437027578 82.254043028442865  165.88888888888891 52.337426816830686 79.882873809919403  165.88888888888891 52.16102030138066 77.511948338369137  165.88888888888891 53.337685079481339 75.152803259170938  165.88888888888891 52.395610056774245 72.770741168812151  165.88888888888891 53.545064197972017 70.513331847717637  165.88888888888891 53.448824475343173 67.942242676237271  165.88888888888891 53.689573240773051 65.675829378440611  165.88888888888891 53.783641141267061 63.258784159171782  165.88888888888891 53.88371424636891 60.781817239012511  165.88888888888891 54.002323555236508 58.785624074659218  165.88888888888891 54.179593530562308 56.024849834378848  165.88888888888891 54.506187572565885 53.650205454122542  165.88888888888891 54.845146867835197 51.449608796564647  165.88888888888891 55.340931216603366 48.378068824067867  165.88888888888891 55.855982132790125 45.576216643523665  165.88888888888891 56.766388558798752 41.446617890382988  165.88888888888891 58.015160343427148 37.447995995828876  165.88888888888891 60.154574268548771 36.780847159405297  165.88888888888891 60.367265878898635 40.293787872691141  165.88888888888891 60.21447725370416 43.245204571118236  165.88888888888891 60.005747019797923 46.063375621715778  165.88888888888891 59.764591743716551 48.746936692591632  165.88888888888891 59.536437237429539 51.333554806621251  165.88888888888891 59.447154601022049 53.658049746642789  165.88888888888891 59.277988732889483 56.251937805591083  165.88888888888891 59.144020442580292 58.662893323390541  165.88888888888891 59.219930673499213 61.011517361742818  165.88888888888891 59.043721545796089 63.500984168755075  165.88888888888891 58.891529045749373 65.8522663403633  165.88888888888891 58.597819871149724 68.283050938205974  165.88888888888891 58.385177259266676 70.681999171291267  165.88888888888891 58.197535866629096 73.105586579337242  165.88888888888891 57.92348652874702 75.582342209903572  165.88888888888891 57.763925811564363 77.583606713886724  165.88888888888891 57.544493794736567 80.316703251938392  165.88888888888891 57.356733445607944 82.764627938884772  165.88888888888891 57.141582031876872 85.180173243006237  165.88888888888891 56.923244163213099 88.04274972020356  165.88888888888891 56.66715705927421 89.681946169019255  165.88888888888891 56.501636494957005 92.273114302128874  165.88888888888891 55.936511670513703 94.599952291219225  165.88888888888891 55.977964465999229 96.989279583986473  165.88888888888891 55.431187737838542 99.342992654771479  165.88888888888891 54.776948534075657 101.70515010965921  165.88888888888891 54.238557970228271 104.0159290244171  165.88888888888891 54.344068829610833 106.37943504153455  165.88888888888891 52.926624563546987 108.85058496164591  165.88888888888891 51.818833561923704 111.52085562239473  165.88888888888891 50.733784372043196 114.26889989756174  165.88888888888891 50.276895629899734 116.78330774460872  165.88888888888891 50.221917240905711 119.03261790524968  165.88888888888891 50.54044827974424 122.10896865180032  165.88888888888891 50.731043424017479 124.9462863603426  165.88888888888891 50.266473410643798 128.69660842019422  165.88888888888891 52.493258235419503 131.2042794400308  165.88888888888891 59.073472365259398 131.88604339410159  165.88888888888891 56.003495846030354 135.16309308139463  165.88888888888891 50.928180543875087 132.50914628293506  165.88888888888891 50.228410703437504 127.62945141945737  165.88888888888891 48.470671418322752 128.45327679141116  165.88888888888891 46.857931317651968 131.42441238179552  165.88888888888891 45.271219925596519 133.21897557168197  165.88888888888891 42.988319837003004 134.05974151279386  165.88888888888891 40.46409379308858 134.46514529783997  165.88888888888891 38.001915366760869 134.23521165579126  165.88888888888891 35.251464434249328 133.24854260072613  165.88888888888891 36.108645568160867 130.46537815671763  
173.33333333333331 40.80724241812004 128.6445473897748  173.33333333333331 42.090130323935114 127.87200920049241  173.33333333333331 44.079911694320479 128.44157272263826  173.33333333333331 46.170357606062666 128.87382038938225  173.33333333333331 47.622405992719408 129.03432560637413  173.33333333333331 49.357188543774718 128.6848847430623  173.33333333333331 50.006022074330936 127.7033938207547  173.33333333333331 50.657463692990554 126.35337078587057  173.33333333333331 50.956852333094375 125.03878049305683  173.33333333333331 51.45624405308066 123.64238974185356  173.33333333333331 51.576455082427294 122.23516145620292  173.33333333333331 51.805027828256897 121.00448458318846  173.33333333333331 51.987327384457821 118.95980022414861  173.33333333333331 52.025747231114728 119.90191394130416  173.33333333333331 52.139090882455918 116.12128030225144  173.33333333333331 52.202460841345328 115.31771929049788  173.33333333333331 52.292696267728985 113.70495844034326  173.33333333333331 52.285680334087623 112.30244630987686  173.33333333333331 52.659783534475501 110.83053194413  173.33333333333331 52.447467117134096 109.39531738274475  173.33333333333331 53.142044726455978 107.91359265369304  173.33333333333331 52.725554329676577 106.45437516258426  173.33333333333331 53.140191542164061 104.9855576258478  173.33333333333331 53.275822597314608 103.51379481540414  173.33333333333331 53.821616680369459 102.03667546937371  173.33333333333331 53.07204064655506 100.53703652911261  173.33333333333331 54.409935209753293 99.069198471010793  173.33333333333331 53.568232307117526 97.401612634264552  173.33333333333331 53.987571389018349 96.203546308811198  173.33333333333331 53.850787264552686 94.655389560691532  173.33333333333331 54.016218825921818 93.208453317406097  173.33333333333331 54.108582697543113 91.906970728383314  173.33333333333331 54.263415814448074 89.737053930444745  173.33333333333331 54.45119073892284 88.848630080558991  173.33333333333331 54.718311883391465 87.256054643762766  173.33333333333331 55.045418475308324 85.230322642034039  173.33333333333331 55.507054956535129 84.072824448141702  173.33333333333331 56.162243402560208 83.090972092623915  173.33333333333331 57.075820380178079 85.305620633209031  173.33333333333331 57.421140474781694 87.149978896367699  173.33333333333331 57.219872579704621 89.956218443964218  173.33333333333331 57.328828975162509 91.139917330706169  173.33333333333331 57.384195178225077 92.525221135282635  173.33333333333331 57.404403994715324 94.040919687026843  173.33333333333331 57.330111569311171 95.497924490753377  173.33333333333331 57.253776269509544 96.885656154257546  173.33333333333331 57.055820532143969 98.533989900591038  173.33333333333331 56.953350067130778 99.631537094982207  173.33333333333331 56.939657415102694 100.99321333544447  173.33333333333331 56.741990021046306 102.42738161464982  173.33333333333331 56.719600190770137 103.64224034602172  173.33333333333331 56.582965281302428 105.09109485867103  173.33333333333331 56.525850989698597 106.42436923714311  173.33333333333331 56.400024854185403 107.82424871353209  173.33333333333331 56.283389790803049 109.15287571357325  173.33333333333331 56.171309273577698 110.54692298001559  173.33333333333331 56.045328502023104 112.14119883063614  173.33333333333331 55.900122610828973 113.61523359103928  173.33333333333331 55.763202749683686 114.75249004414346  173.33333333333331 55.635071579360208 115.88239439724646  173.33333333333331 55.494084042244047 117.27645311100264  173.33333333333331 55.349068333035667 119.25436263690577  173.33333333333331 55.145828238116252 120.53792738284334  173.33333333333331 55.06940697277328 122.01993304452651  173.33333333333331 54.680903829864477 123.45419933672439  173.33333333333331 54.90724062572513 124.93819565430545  173.33333333333331 54.781274834630416 126.39957961569996  173.33333333333331 54.624332449026667 128.01854971168049  173.33333333333331 55.136491585096209 129.44657318646563  173.33333333333331 56.686951231504544 130.49496193636176  173.33333333333331 59.288454239322661 130.85478149142008  173.33333333333331 61.349285085869404 130.95294486805119  173.33333333333331 61.520830760540449 131.97683107033831  173.33333333333331 60.031604972526544 133.23138688587454  173.33333333333331 57.845619566436866 133.40354314754882  173.33333333333331 56.239649488613701 132.09409905862324  173.33333333333331 55.090352562137198 129.83325037523488  173.33333333333331 53.526204985997772 127.90103809439418  173.33333333333331 51.03775144545304 127.53625011687821  173.33333333333331 50.297043491749228 127.75432861555456  173.33333333333331 49.750828574099593 129.85946808157811  173.33333333333331 48.384532244240461 131.41644577993637  173.33333333333331 47.291592045120304 132.32820565090083  173.33333333333331 46.081529509962031 132.3907525383373  173.33333333333331 44.462370384248999 132.24175053818237  173.33333333333331 43.056017018828911 132.24628900545781  173.33333333333331 41.6263780947451 132.27276219349406  173.33333333333331 40.106789766179695 131.47721740905851  173.33333333333331 39.642029486766965 130.56405200599789  173.33333333333331 39.91382841710341 129.43555511902198  
180.76666666666665 46.709274742795202 130.68741263409132  180.76666666666665 46.088598232505049 130.77919748055785  180.76666666666665 45.204407684599744 129.9678820254841  180.76666666666665 44.998256940149957 129.52973553530742  180.76666666666665 44.72428810827391 129.06366472321179  180.76666666666665 44.035524261129872 128.80477188961291  180.76666666666665 44.273758333604285 128.75904689237001  180.76666666666665 44.640113385033828 128.93698362245505  180.76666666666665 44.998730121843508 129.09732838766394  180.76666666666665 45.09287624221929 129.33531766952254  180.76666666666665 45.6476265046403 129.63185855960995  180.76666666666665 45.982587471103791 129.64365841336274  180.76666666666665 46.329310009602295 130.89840394914924  180.76666666666665 46.851648937145846 127.66690006488247  180.76666666666665 47.228151632600429 131.44824308305502  180.76666666666665 47.662850372806673 130.81566555575981  180.76666666666665 48.042786242102167 131.37918827185851  180.76666666666665 48.598997824771359 131.62865058290447  180.76666666666665 48.503051605465856 131.98388026161092  180.76666666666665 49.204753164396799 132.27612249006663  180.76666666666665 49.277982758164946 132.65661276121406  180.76666666666665 50.12810016356147 132.99829158327907  180.76666666666665 50.391362601982834 133.36359053399889  180.76666666666665 50.816296075955876 133.74228014942557  180.76666666666665 50.840309182697418 134.14213108410485  180.76666666666665 52.082996265096497 134.59245947395314  180.76666666666665 51.199595236392106 135.01060381502134  180.76666666666665 52.624502248289687 135.75897058054255  180.76666666666665 52.684087564826115 135.79375237805928  180.76666666666665 53.558911142724462 136.35254287143763  180.76666666666665 53.838069844168501 136.79936912027412  180.76666666666665 54.255040626219952 136.99999753253195  180.76666666666665 54.58296968354658 138.56822162606204  180.76666666666665 54.937969266494164 138.0772875017191  180.76666666666665 55.188457153933719 138.65565286763834  180.76666666666665 55.582248895489911 139.92841420034665  180.76666666666665 55.839341144000656 139.98481177413151  180.76666666666665 56.114337879085866 140.56666603912666  180.76666666666665 56.246438273370984 139.70430412748269  180.76666666666665 56.577456120186952 139.48657068562667  180.76666666666665 57.042647217678606 138.38481756411684  180.76666666666665 57.473201813233175 138.13660156930797  180.76666666666665 57.899149957018032 137.88443365965941  180.76666666666665 58.369487285803146 137.35002372724801  180.76666666666665 58.806987331486525 136.96462727435551  180.76666666666665 59.340014323673287 136.74390287608691  180.76666666666665 59.789708343860966 136.16772272390241  180.76666666666665 59.900273145148745 136.62293095471387  180.76666666666665 59.742352353596893 136.60411077824173  180.76666666666665 59.469584532845786 136.44452101609951  180.76666666666665 59.247903504596067 136.62492277907103  180.76666666666665 58.940772398911108 136.40796677893377  180.76666666666665 58.678493161162251 136.37576337905818  180.76666666666665 58.409701390240613 136.22263503768022  180.76666666666665 57.900545273268307 136.21735337858374  180.76666666666665 57.72280995067868 135.97148157658012  180.76666666666665 57.273262631751422 135.85739170885262  180.76666666666665 57.023254952910357 135.2450336196176  180.76666666666665 56.595589098192889 135.50318012964615  180.76666666666665 56.163144728168078 135.73148892412394  180.76666666666665 55.739341321550668 135.05415537350652  180.76666666666665 55.323636308187162 134.39899001943738  180.76666666666665 54.940781762079141 134.15278543158993  180.76666666666665 54.522942509448377 133.7454880169816  180.76666666666665 54.27512992038892 133.33107574971166  180.76666666666665 53.432629261104793 132.86970934756846  180.76666666666665 53.2855705645228 132.38224210637622  180.76666666666665 53.362025938063738 131.87346404518837  180.76666666666665 52.243691047692018 131.38228758798897  180.76666666666665 51.614218283866848 131.01017048866939  180.76666666666665 50.206227571073335 130.80032457530879  180.76666666666665 49.60042769639773 130.81510031305498  180.76666666666665 49.033323937823027 130.39203105089456  180.76666666666665 48.984978661990809 130.02955859679008  180.76666666666665 49.224884774464691 130.08049891670655  180.76666666666665 49.135625614325249 130.58091407019958  180.76666666666665 48.895397626412084 131.07017877504245  180.76666666666665 48.729333930841932 131.6497538964046  180.76666666666665 49.000384646332151 131.77380893394047  180.76666666666665 48.74750857045666 131.59629024520021  180.76666666666665 48.632935517510063 131.24280427595929  180.76666666666665 48.575741858549769 131.13049397484485  180.76666666666665 48.310674889186004 130.82819236184679  180.76666666666665 47.972480808053604 130.68437385711519  180.76666666666665 48.107279193154795 131.07532416540221  180.76666666666665 48.053594076174384 130.55020829760491  180.76666666666665 48.034409104745592 130.08175138630742  180.76666666666665 48.138314076253181 130.76841066611206  180.76666666666665 47.700441443079391 130.82668750603236  180.76666666666665 47.317196460977023 130.48638664571456  
185.64444444444442 49.162985863685755 128.75971693783634  185.64444444444442 49.153265400153472 128.29874365485205  185.64444444444442 49.286394267138093 128.22736105932654  185.64444444444442 49.022621478843341 127.83542302322849  185.64444444444442 49.225493204511878 127.5382728172923  185.64444444444442 49.800066409526742 127.2404574437242  185.64444444444442 49.990340873958353 126.97913694276832  185.64444444444442 50.01686813499834 126.70019131290773  185.64444444444442 50.281483204932016 126.51132573759935  185.64444444444442 50.751700085268233 126.33609603902985  185.64444444444442 50.897651335262687 126.15579259041351  185.64444444444442 51.235860592723469 126.27187668731767  185.64444444444442 51.58057761962143 125.35131759019009  185.64444444444442 51.794335614894642 128.3221735208279  185.64444444444442 52.131165046900172 125.29290629261547  185.64444444444442 52.423823323413572 126.07121527825488  185.64444444444442 52.764567532299125 125.8376325243598  185.64444444444442 52.95162642435767 125.88522182461281  185.64444444444442 53.701291499992529 125.85090395622014  185.64444444444442 53.829633383891526 125.87615652766939  185.64444444444442 54.259531501381183 125.82886805461776  185.64444444444442 54.297525289603357 125.81661324786778  185.64444444444442 54.630155829531596 125.78411264897866  185.64444444444442 54.914389629315579 125.73939231233571  185.64444444444442 55.448017981039918 125.67570882189651  185.64444444444442 55.270063071493666 125.56939872219324  185.64444444444442 56.429445947944686 125.49056726536129  185.64444444444442 56.082099128863938 125.14163873819636  185.64444444444442 56.635909445160841 125.3828625281396  185.64444444444442 56.523325252768153 125.200984289864  185.64444444444442 56.946526073611906 125.10697832079683  185.64444444444442 57.247884565143202 125.22340848439214  185.64444444444442 57.628619325212192 124.21217541463446  185.64444444444442 57.970113288314302 124.91390449585207  185.64444444444442 58.412851497370426 124.74201602288032  185.64444444444442 58.673213247972768 123.99357741249116  185.64444444444442 59.059344760004073 124.17714317165172  185.64444444444442 59.365359381589698 123.9657864845815  185.64444444444442 59.777431090196522 124.26237106782992  185.64444444444442 60.09793716255686 124.38182711705942  185.64444444444442 60.436297212276408 124.73275355434144  185.64444444444442 60.703290643171641 124.87819498809316  185.64444444444442 61.008212284056867 124.94850675906137  185.64444444444442 61.234923364384677 125.33705913410206  185.64444444444442 61.536069984533846 125.64973320235993  185.64444444444442 61.606057331341873 125.92747001030529  185.64444444444442 61.744196583679795 126.66597168231527  185.64444444444442 61.773517592325746 126.73030009693368  185.64444444444442 61.647771248644077 127.14358120362526  185.64444444444442 61.640612449983479 127.5991500278007  185.64444444444442 61.297180956541176 127.68706886469907  185.64444444444442 61.094661058153825 128.04755485591488  185.64444444444442 60.711832853761294 128.18560796814302  185.64444444444442 60.350006254453959 128.37177758051843  185.64444444444442 60.28285342662523 128.36572084870517  185.64444444444442 59.727372768296071 128.55180291532608  185.64444444444442 59.526386394677516 128.4412041576818  185.64444444444442 59.051413860889284 128.81437221116477  185.64444444444442 58.793340325444554 128.4549444351762  185.64444444444442 58.521672959903142 128.1112641503824  185.64444444444442 58.238938178538035 128.44813517398063  185.64444444444442 57.945561977688335 128.50341161124908  185.64444444444442 57.638554332967651 128.38574585246448  185.64444444444442 57.322861081456089 128.31681583181981  185.64444444444442 56.950823746771334 128.25128942497383  185.64444444444442 56.965259773933049 128.19077737875497  185.64444444444442 56.374247638522284 128.20921948598277  185.64444444444442 55.78657269940917 128.13767278813731  185.64444444444442 55.990373771170212 128.17687434872477  185.64444444444442 55.463247675028171 128.2155424708692  185.64444444444442 55.527797444623289 128.30627232242324  185.64444444444442 54.931516981404862 128.32088608267583  185.64444444444442 54.718022073618613 128.57708172214009  185.64444444444442 54.378628819015788 128.78462093743747  185.64444444444442 53.92916657033188 128.91674626269716  185.64444444444442 53.66633622634896 128.90819900443412  185.64444444444442 53.445457774407849 129.15336355633048  185.64444444444442 53.259211797861546 129.24296452742487  185.64444444444442 52.799077738247973 129.41064907786836  185.64444444444442 52.500290146704721 129.72966619660781  185.64444444444442 52.058774010255895 129.67318260207429  185.64444444444442 51.692640188865013 129.71676468864803  185.64444444444442 51.434268029231056 129.80683438010618  185.64444444444442 51.273876503385331 130.05185093558237  185.64444444444442 50.799527583377277 129.34661886986433  185.64444444444442 50.432759775992473 130.06779298678597  185.64444444444442 50.063177071026956 130.14585043986563  185.64444444444442 49.625300638996208 129.50851358706387  185.64444444444442 49.520841215655111 129.27873703201237  185.64444444444442 49.274881211048452 129.31472746075826  
188.30000000000004 53.154058686112919 127.94926924812478  188.30000000000004 53.111228350440093 127.82579039845712  188.30000000000004 53.098997813907168 127.6538946226712  188.30000000000004 53.150047417664311 127.52865834557954  188.30000000000004 53.173689092710845 127.39238782252632  188.30000000000004 53.19072159553432 127.26289812035171  188.30000000000004 53.260262330932306 127.13628738477468  188.30000000000004 53.396853387551488 127.02678494621044  188.30000000000004 53.498066941404097 126.92135789823901  188.30000000000004 53.585824504121021 126.8324335753137  188.30000000000004 53.73208814096003 126.76369960519762  188.30000000000004 53.856402277300241 126.66185346932809  188.30000000000004 53.984577647984544 126.75171087551178  188.30000000000004 54.136487795941854 126.19690363857643  188.30000000000004 54.271480321138085 126.67288024283404  188.30000000000004 54.414701356957316 126.51578566703196  188.30000000000004 54.550554179317672 126.53994239161221  188.30000000000004 54.711721791718148 126.52511133312078  188.30000000000004 54.780598831096768 126.53116502781999  188.30000000000004 54.946697496361956 126.53292764378217  188.30000000000004 55.073784239234193 126.55018540322327  188.30000000000004 55.25651244695554 126.56330934349775  188.30000000000004 55.399263300250198 126.57897230442229  188.30000000000004 55.545225289109446 126.59346147716994  188.30000000000004 55.658130754612294 126.60569640703577  188.30000000000004 55.859815011289712 126.61790350358348  188.30000000000004 55.883851998155698 126.61829707455171  188.30000000000004 56.11425497882005 126.65484958267704  188.30000000000004 56.219729528185269 126.59204705740984  188.30000000000004 56.432375833639234 126.59305510633072  188.30000000000004 56.554448353135541 126.57954538010354  188.30000000000004 56.696931715551948 126.53350517482546  188.30000000000004 56.825882424050171 126.6704614805176  188.30000000000004 56.962625999259252 126.53888541732658  188.30000000000004 57.080785844282829 126.55269213717688  188.30000000000004 57.233869752906372 126.66693661669052  188.30000000000004 57.363277605800519 126.6499742828602  188.30000000000004 57.50890614256187 126.69495941075637  188.30000000000004 57.633075570569908 126.72286552472548  188.30000000000004 57.767237275557356 126.74237337756884  188.30000000000004 57.88385971820378 126.80318617416573  188.30000000000004 58.009974569463409 126.87682967629898  188.30000000000004 58.111346104621589 126.99489741147856  188.30000000000004 58.20986300628774 127.08124654025201  188.30000000000004 58.260921612750025 127.20413599609847  188.30000000000004 58.330117549940844 127.35053664213741  188.30000000000004 58.330375100792331 127.43474115160039  188.30000000000004 58.315519548469751 127.6253420164865  188.30000000000004 58.304182722643141 127.75698501195119  188.30000000000004 58.212374597680459 127.86876806479955  188.30000000000004 58.175238874107734 128.02616361950078  188.30000000000004 58.078222124389107 128.12239224902473  188.30000000000004 58.007393155832141 128.23922832812238  188.30000000000004 57.915574017898592 128.33251660203737  188.30000000000004 57.751912122945527 128.44359160462906  188.30000000000004 57.684963825260432 128.50741956087316  188.30000000000004 57.537778388573955 128.61404784333288  188.30000000000004 57.443152166506657 128.63980992116271  188.30000000000004 57.300535548993594 128.74432219243081  188.30000000000004 57.159861957725688 128.82834673287181  188.30000000000004 57.019988341159205 128.82449812178999  188.30000000000004 56.88122157707852 128.85985200207219  188.30000000000004 56.743094173591608 128.90426511440063  188.30000000000004 56.608551727442872 128.93901536833192  188.30000000000004 56.476733316002523 128.96751057775163  188.30000000000004 56.288645706435801 128.99495851885442  188.30000000000004 56.20688201612959 128.99919313572767  188.30000000000004 56.071607739940013 129.03470446505531  188.30000000000004 55.877077263676021 129.04240850133991  188.30000000000004 55.786379523416898 129.05226371357793  188.30000000000004 55.606512061239961 129.05129069580698  188.30000000000004 55.529919346080725 129.05980958455959  188.30000000000004 55.377252776274887 129.0443400956276  188.30000000000004 55.232570514937102 129.03599692740531  188.30000000000004 55.100382930297521 129.02543473072646  188.30000000000004 54.943935770754671 129.02712735664235  188.30000000000004 54.785447867470324 128.97574270172393  188.30000000000004 54.616100391756056 128.94484921277726  188.30000000000004 54.491969884442881 128.90793925949771  188.30000000000004 54.349599399616508 128.84256972660597  188.30000000000004 54.227226855589123 128.85391424394834  188.30000000000004 54.094742177699032 128.80649949138902  188.30000000000004 53.949788699224818 128.76369886944701  188.30000000000004 53.792316843084365 128.64319786818456  188.30000000000004 53.680241289805025 128.75231281052655  188.30000000000004 53.564791751616873 128.47352149066623  188.30000000000004 53.458410640601429 128.3886334159767  188.30000000000004 53.376227618558701 128.32533493749827  188.30000000000004 53.26507863395554 128.21212069633555  188.30000000000004 53.203237433526127 128.05279299164116  

0 4
0.036622222222222223 1
0.068622222222222209 1
0.10951111111111111 1
0.15573333333333336 1
0.19840000000000002 1
0.2552888888888889 1
0.31217777777777783 1
0.37440000000000007 1
0.42417777777777776 1
0.47573333333333334 1
0.52906666666666669 1
0.57351111111111119 1
0.63039999999999996 1
0.68373333333333319 1
0.74595555555555559 1
0.79217777777777776 1
0.83839999999999992 1
0.88106666666666655 1
0.92195555555555542 1
0.95751111111111109 1
1 4

0 1
1 1
2 1
3 1
4 1
5 1
6 1
7 1
8 1
9 1
10 1
11 1
12 1
13 1
14 1
15 1
16 1
17 1
18 1
19 1
20 1
21 1
22 1
23 1
24 1
25 1
26 1
27 1
28 1
29 1
30 1
31 1
32 1
33 1
34 1
35 1
36 1
37 1
38 1
39 1
40 1
41 1
42 1
43 1
44 1
45 1
46 1
47 1
48 1
49 1
50 1
51 1
52 1
53 1
54 1
55 1
56 1
57 1
58 1
59 1
60 1
61 1
62 1
63 1
64 1
65 1
66 1
67 1
68 1
69 1
70 1
71 1
72 1
73 1
74 1
75 1
76 1
77 1
78 1
79 1
80 1
81 1
82 1
83 1
84 1
85 1
86 1
87 1
88 1
89 1
90 1

2 0 0 0 0 1 0 1 0 0 0 0 -1 6.0499999999999998
5 125.40408447487044 41.328311369377616 113.19871863517818 0.044080626420003384 0.013833517462120694 -0.99893219598181204 -0.99077785681517316 0.12884318199701669 -0.041936534163138604 -0.12812547295191754 -0.99156848893432914 -0.019385430955710211 4.8499999999999996 1.2
1 0 0 0 0 1 0 -1 0 -0 0 0 -1 
1 0 0 0 0 1 0 -1 0 -0 0 0 -1 
9 0 0 0 0 8 8 9 9 2 2 50.356621724302862 37.681942124270513 140.11583156860871  50.331323568085139 37.784008794427983 140.06923519345852  50.311976468230874 37.879315907471216 140.02886076448229  50.311207221191474 37.95375751381232 140.00793797118982  50.328067895466639 38.008575582760706 140.00533443426485  50.317680831774695 38.093746050497749 139.97432916154787  50.320681735538173 38.163987735589167 139.95725318791349  50.309344470011446 38.250226121635038 139.92519878146723  50.293209990785378 38.34180928424307 139.88812661023201  
50.211116802540218 37.78575096173391 140.15297881563811  50.195546803837622 37.876938295985177 140.11654818109915  50.182695578148724 37.964971519281484 140.08295819171468  50.206476701715332 38.011954139432682 140.08772578011104  50.223587398595633 38.066506838614281 140.08532870158879  50.22727903116845 38.135930200818457 140.06909335617789  50.239588185263592 38.195771839356986 140.06172790451751  50.237688396226666 38.271463279886746 140.03954288095494  50.231125318856748 38.352351248132443 140.01247655164258  
50.079988353945538 37.873466743910903 140.20514881443927  50.073272145349051 37.954776069869787 140.1779632436409  50.044992076200622 38.059933998980263 140.12825305276965  50.191124208961305 37.970473128943361 140.26092156646195  50.037022206489425 38.216207614833763 140.0795688812909  50.195609375744603 38.112122532983314 140.22509065097231  50.149561475824022 38.237771777535642 140.15698216119313  50.171249117116012 38.286870812525656 140.1593308569567  50.174130529759658 38.357197265748013 140.14213826452422  
49.960451892513525 37.94826244705299 140.26943421418079  49.973213917037029 38.007679411952225 140.26263195559423  50.091226771137002 37.949869302828304 140.36583068361793  49.766006759165698 38.385691360372782 140.00551652861532  50.295874290761368 37.867780483870085 140.53926850696891  49.937934019082597 38.342955247013059 140.14559845378204  50.131451780365843 38.197975510707991 140.32673494442739  50.111238211920494 38.295038139315089 140.28587434047625  50.123553880626275 38.354856092876204 140.2785449663761  
49.871536042003157 37.988707364982758 140.36571691533649  49.877497246373096 38.055985533905613 140.35173607807681  49.719447349744229 38.305487385185671 140.16639383977898  50.310583316287961 37.720732201599979 140.76439340276596  49.554630118439121 38.637251051020016 139.9538210408495  50.201946551998347 37.985755038333593 140.60971484524504  49.986394054216575 38.303477700877849 140.36542931877912  50.064584206063685 38.288295844564395 140.42624593265666  50.081854570050297 38.342525519344456 140.42410541086244  
49.744434638556989 38.071976107384742 140.4220834044435  49.784748307325842 38.100519675653324 140.44407351260372  50.000696168712054 37.933439512925652 140.6495165664584  49.438143684187239 38.6326978312241 140.04124251559327  50.314395149186296 37.730843810352141 140.93731420283891  49.691519537656646 38.499831772607692 140.26606588093068  49.998117024417787 38.229351749624385 140.56596466434291  49.981770646738745 38.32204133487069 140.52908317120051  50.023086096923976 38.349415330999051 140.5520614778541  
49.671781573734691 38.094243372164001 140.53535745358033  49.697908324285322 38.138817421028463 140.54248702094361  49.605741049613329 38.315418355915497 140.42616035620057  50.037010106811096 37.90716646806581 140.85649135203374  49.61665461792542 38.449079320285875 140.39688544180177  50.015695552852364 38.078570879858475 140.79419731218223  49.921104321811001 38.256881881764713 140.67486186825488  49.990654491993197 38.252878701271129 140.72742889141614  50.030399024253981 38.282062196637781 140.7488144078149  
49.561681429290495 38.158389950932929 140.60950479663958  49.627291225681013 38.158871153901245 140.65787855878139  49.705922245777096 38.143811060743289 140.71994639802077  49.739316272463277 38.181255486195994 140.7346592852376  49.8318075020454 38.149916533560713 140.81100840067538  49.866648891721162 38.185795348811567 140.82747073552744  49.932307545878977 38.185401948994027 140.87578576456755  49.982035122627003 38.203521121547325 140.90763145873044  50.032703692656234 38.220472646929679 140.94042683638105  
49.45717873291688 38.216302556325971 140.68949686550675  49.548898612856725 38.18754325793077 140.76515355205146  49.653647149876193 38.143580559085777 140.85447698990706  49.704822097731885 38.160372955359463 140.88780558152195  49.798915053241466 38.128262590344832 140.96585935603071  49.855340309585934 38.139118059272185 141.00478841424246  49.925722065781258 38.133850378035184 141.05810395059993  49.986844229326231 38.139140188943813 141.10184213897946  50.047421414958869 38.145005393258458 141.14499434452819  

-0.57936487409402115 9
0.5080315062470121 9

-0.13976368142722329 9
0.27037723995445656 9

9 0 0 0 0 8 8 16 16 3 3 60.345736802634832 36.225133792581239 140.36466483048505  60.395259103080249 36.273832111846318 140.32920151815938  60.438440267976389 36.319263741728513 140.29891115929212  60.477648052171993 36.362618310652316 140.2718374850009  60.499586247475918 36.397192499782165 140.25893743145957  60.520793464053327 36.431413297813528 140.24663765195638  60.538684280088368 36.463923002521419 140.23704007932085  60.554634796346853 36.49545558529838 140.22903801226869  60.585934323182634 36.558209019919893 140.21351841564908  60.601211026435735 36.589395061824675 140.20606166353073  60.617240925954931 36.620962605960209 140.19798371241379  60.635155215218539 36.653486301155269 140.18835631824922  60.65601072458761 36.687502922366065 140.17631229682866  60.680710621568615 36.723471025853343 140.16111058343776  60.70992511059292 36.761730604084981 140.14220129146025  60.74401213321223 36.802462740875754 140.1192907718592  
60.403155479446134 36.222979177969975 140.39754308215251  60.449629790462076 36.270135292162152 140.36458523214606  60.489223690149629 36.313751595032798 140.33724412402924  60.527273654030985 36.356508311172028 140.31111181651355  60.542686575405952 36.387774789595134 140.3035779606158  60.561517020983501 36.420794929634653 140.29322929305454  60.576315739319604 36.451731668648094 140.28616880630233  60.589098382274564 36.481658020547627 140.28076886468736  60.614100400486301 36.541215773583488 140.27042106764665  60.626189645304251 36.570784113705741 140.26558209316045  60.638931610308504 36.600682565114852 140.26020421458671  60.653440391579728 36.631477125006171 140.25337306859345  60.670803493783204 36.66372027168385 140.24419630316953  60.69198316487401 36.697900698741691 140.23188449077011  60.717695270724811 36.734381652076472 140.21585041079538  60.748265707341282 36.773327869854747 140.19582669912242  
60.46037916732039 36.220722681963245 140.43057948583353  60.503816508213639 36.266344412840247 140.40011942091394  60.53932295290322 36.3079010220303 140.37614563461838  60.571329082156716 36.347566148652277 140.35495011486324  60.596177692132471 36.38363979552414 140.33969911938655  60.597324085431268 36.407694358166616 140.34386280925975  60.617715910009991 36.441459697051535 140.33220747090576  60.625849639659123 36.469030122059415 140.33062656527966  60.645087253557357 36.525662348774638 140.32501306030633  60.654182894295907 36.55371099465026 140.322632720776  60.663807856625333 36.58202693106356 140.31981473414987  60.674962114521925 36.611117750487637 140.31573775424502  60.688895320244647 36.641618912643835 140.30937684898493  60.706554043563415 36.67401099314857 140.299955345966  60.728771819234957 36.708717223960285 140.28678977186149  60.755816439667718 36.745872690724049 140.2696603791801  
60.519523413317735 36.219433298282986 140.46203412921614  60.561581101078531 36.264359909755633 140.43270951456535  60.598491614351701 36.306602929931707 140.40756052699197  60.643832651760228 36.353132739862453 140.37549474693762  60.593296420079518 36.35095443063728 140.42215086029049  60.674290232037393 36.415432499477369 140.36065786220487  60.651451687542632 36.427324236607383 140.38455757864909  60.66591489218947 36.45809000996298 140.37776581580439  60.679757948157928 36.511984108615181 140.37658359065119  60.68590183673313 36.538534663986795 140.37662825632205  60.6923359751205 36.5652298729173 140.37643021524019  60.700415223234884 36.592759312479146 140.37487896461474  60.71051968296252 36.621314996339528 140.37166060937594  60.72479408058436 36.651988427941752 140.36501766737609  60.743431036588404 36.684875855839884 140.35479153464044  60.766894336567773 36.720212272322755 140.34060196356646  
60.57977182181272 36.218703157698748 140.49258487580906  60.619647601440242 36.262532702242432 140.4650593522955  60.654079198887295 36.30355980716795 140.44197776507366  60.66236836768028 36.331227877394568 140.44029909108272  60.732398371648522 36.390214877697765 140.38787787201156  60.67628368993244 36.385229166443551 140.43912028448494  60.713396588529172 36.427473464284425 140.41371317068356  60.710992896046825 36.449698271733183 140.42079285946744  60.718283543745009 36.500265986401125 140.4249934251026  60.721409762863068 36.525283601042432 140.42751597325753  60.725126786610055 36.550599399154038 140.42955045996084  60.728935772410431 36.575957784236557 140.43150276302566  60.736352871605838 36.60315043005042 140.43049237901226  60.746502564014243 36.631727716359357 140.42723419069966  60.76159563986409 36.662815494396185 140.41991733347692  60.78137333235366 36.696280059524277 140.40875327709921  
60.639258522730302 36.217594827978857 140.52376610060239  60.676998921314613 36.260349607377599 140.49799894559021  60.709475902627631 36.300372192088446 140.47651029369848  60.744782973977408 36.341801379973361 140.45267533189565  60.725941789910756 36.355696643447125 140.47327493306966  60.767318356718491 36.400124215279718 140.44437738725225  60.753888479287042 36.416760115941521 140.46051845200873  60.758935421722853 36.44275577319447 140.46146780945605  60.760609639681782 36.490472711855439 140.47027987049026  60.760702515440549 36.513949886761601 140.47529359201144  60.760590595822819 36.537321162510352 140.48047129534325  60.762697439640938 36.561819403074935 140.48382680442126  60.764379905184178 36.58609450439603 140.48751960621337  60.771683111343904 36.613228843811797 140.48660047207096  60.782836178017554 36.642315464141504 140.48251779931948  60.798822917917065 36.673855060428991 140.47446597164895  
60.701587428065473 36.217934814406412 140.55261831715072  60.737555351232494 36.259798978901379 140.52831207591149  60.769529244281763 36.299580979953511 140.50724700283232  60.79048727398618 36.333707090757748 140.49518005306587  60.809455072867941 36.366799288880649 140.48472334908249  60.804768238947311 36.387856467163708 140.49367049051111  60.809791847614498 36.41384472744047 140.49464376007572  60.807847576473343 36.436293702726466 140.50133729958267  60.804211881570076 36.481317153717221 140.51451249100759  60.801606382189995 36.503427610822477 140.5217447293355  60.799589942137295 36.525835856381782 140.528491596566  60.795842554866432 36.547353146946101 140.53664567994522  60.796274774732474 36.571002154043391 140.54137306494314  60.798671138245346 36.59564231589264 140.54447950384528  60.806306338205992 36.622944131599773 140.54328593298439  60.818441094105431 36.652528175483305 140.53839676957537  
60.765721866637747 36.219200757353732 140.57999464544801  60.799411578139015 36.259916786328397 140.55756376075112  60.829779197025921 36.298885822922784 140.53781821350648  60.852565262340448 36.333947089475082 140.52425443676134  60.860326396656795 36.361327038435022 140.52298328283948  60.861814291523622 36.385518873420679 140.52685733444795  60.859568315618716 36.40781298521118 140.53379692247466  60.855880215568135 36.429376979200121 140.54192223690296  60.847144345842516 36.471813332173895 140.55928741412748  60.842140942663676 36.492708477808776 140.56849119348914  60.837110892458895 36.513587493861294 140.57771239058886  60.832568610082504 36.534706432931529 140.58652813495027  60.827355680764278 36.555487787500375 140.59588675160967  60.826831921518895 36.5786471642297 140.60139266832422  60.830612164670221 36.603992264850383 140.603364328048  60.838868649782093 36.631607668522257 140.60165979639194  
60.89946476623733 36.224527876394284 140.63026453849304  60.927168243525863 36.262219447460623 140.61275630335439  60.953590687242624 36.299189040952726 140.59625084012723  60.971983098690735 36.33199886443284 140.58627889162267  60.97025494714164 36.354527007595514 140.59277046754593  60.964252279299906 36.374910990126494 140.60278602565538  60.95538984265955 36.39383921994488 140.61515143450265  60.946177946783124 36.412601090611432 140.62781373426049  60.927140515828647 36.449814214979568 140.65364361681029  60.917513566688925 36.468366344563897 140.66664792563915  60.907180728103832 36.486560941339377 140.68023254831405  60.899290166680437 36.505969074711658 140.69178159679979  60.888432073073105 36.523899170126342 140.70580125620594  60.879754725618142 36.542915730413405 140.71799387004097  60.876618213284893 36.564751915483647 140.72564816201705  60.876900879414166 36.588319890908572 140.73049220976995  
60.976075161692435 36.232165552276314 140.64742523821229  61.002105997893366 36.269020352995241 140.63129774745772  60.989443372407415 36.286017587659074 140.64678522094349  61.008725785568522 36.319256800487253 140.6360481999659  61.061808977828342 36.3697717785072 140.59770373495735  60.986076916109113 36.354623919822977 140.66482078840883  61.007290947010631 36.388878428453417 140.65255434373972  60.988590787601396 36.402816017186879 140.67299787847955  60.964424274352545 36.437431600879229 140.70304521237739  60.953682849142488 36.455425813299549 140.71697680070116  60.935046521053508 36.469390136750363 140.73734562083533  60.939492735886169 36.495097017414594 140.73883949976056  60.90813086107503 36.502568453297293 140.76960097304115  60.907115379208086 36.525499749652369 140.77555133584224  60.898219249863971 36.544411684560671 140.78793315245525  60.894423222064262 36.565910072587037 140.79612823905987  
61.013225535045073 36.219655032399622 140.69689880475372  61.024737905472549 36.249116941705608 140.69267294945834  61.169823237359523 36.346790139888029 140.57908213676015  61.21227601748619 36.391813029297047 140.54944376864057  60.899006892854324 36.255382195624932 140.81091569813418  61.177454623274713 36.420769216810932 140.58801444395553  61.015057743049844 36.361447551894365 140.7261253474235  61.026317286018006 36.390655266706368 140.72203293532735  60.99486536239322 36.421564000357705 140.75805160508818  60.975563861652581 36.435178384868117 140.77894930175751  60.98824941953977 36.465189520979244 140.77387323150973  60.904212519401803 36.445604618915155 140.84734773188706  60.997543336920913 36.516883643360508 140.77661623499517  60.907833031006014 36.494508688641716 140.85490682028089  60.914788559563888 36.521510456964059 140.85434379171559  60.907549544156119 36.541260735261254 140.86536675007542  
61.170068191925395 36.268228915301663 140.64833881559201  61.195311137684449 36.304727485771529 140.63288621945998  61.051450072491527 36.254599994915942 140.75570928288118  60.849904177587902 36.175278670121941 140.92578786239483  61.497278890819835 36.528877494777497 140.40088843488073  60.847244159452472 36.220943357319477 140.93828628590433  61.11785656500485 36.382461456349873 140.72186297771384  61.05063060542129 36.371652007408443 140.78204433359298  61.020978764102416 36.403516427023128 140.81662955444855  61.007418599602396 36.420106078985732 140.83292100188967  60.96299047182297 36.420898682123614 140.87430947586165  61.023904089524727 36.475576256671332 140.82994008555141  60.888176937336389 36.429371600936932 140.94535486460282  60.975853456363126 36.497868603855018 140.87929182056709  60.936742480151793 36.501346986020721 140.91634672499876  60.919701199655947 36.516113171145541 140.93540898254656  
61.143425060296281 36.223208870098361 140.75009128208222  61.133624323582012 36.241826902151068 140.76333895098799  61.182158658862114 36.290287436950592 140.72887003763199  61.615764880532865 36.534609972198822 140.37873519532707  60.677746892511287 36.079394927407286 141.15177667055258  61.428216633610504 36.486298791194884 140.54280244777186  61.053091626019253 36.317916082144571 140.85474658367241  61.087641400986882 36.359165161925247 140.83169552649534  61.029930751751266 36.376714768511974 140.8892500352483  61.003446803989775 36.386690478176568 140.91606614560069  60.999184012218635 36.408039408574673 140.92479251840595  60.9361938667641 36.399213880734493 140.98117850895858  60.986139025883709 36.448426984261914 140.94589893959852  60.914080730749397 36.434946780235009 141.00966839362152  60.912500474492418 36.457647762876803 141.01616302001071  60.89811014148529 36.473772672685556 141.03307120158391  
61.299054166608158 36.271053138842653 140.70246361580388  61.297882445548709 36.294166594840064 140.70870593934555  61.447650648778421 36.394306041914838 140.59130986686503  60.894805161918363 36.134641604279643 141.04855825926848  61.460747802745999 36.448917169963089 140.59153088922395  60.970971699694992 36.220647063688361 140.99650120489545  61.129033929880158 36.325666558174419 140.87278891634526  61.064105018842284 36.315838040324806 140.93096906971786  61.010665026811346 36.335557173072701 140.98501608935965  60.986211222432033 36.346579648320095 141.01019415189921  60.960046971597201 36.356707104874218 141.03673269970528  60.950254740489619 36.375218217816752 141.04994166092604  60.915438949281935 36.380846125135704 141.08343675710728  60.911257172546385 36.402247820806167 141.09209691716245  60.888429044469028 36.41406836003118 141.11590092388039  60.8686385618591 36.427442678901812 141.13723079512721  
61.369972212998277 36.275881372112295 140.72435019249042  61.316458669020108 36.272266847097178 140.77344494903869  61.215172955378868 36.244159888513181 140.86158323829457  61.169871306945403 36.244019852280424 140.90348510864024  61.159316328303376 36.263106995658063 140.91792943730744  61.074383444645832 36.24252933335675 140.99210450790781  61.064235738577779 36.261160293736914 141.00576810549887  61.027675473803328 36.265942193995549 141.04080760556306  60.970578700442942 36.283804249954215 141.09785252145244  60.944715700521968 36.294106288418142 141.12417864685594  60.921284472692449 36.305641084444197 141.14850449465627  60.899783156032441 36.31814859816577 141.17123746876217  60.879568691345533 36.331310555234225 141.19291685141991  60.859617529267702 36.344613261475537 141.21439002062814  60.838788043817836 36.357468246808381 141.23658248866849  60.817432706665727 36.370049308410636 141.25919989410585  
61.41585568622159 36.267934924492209 140.7667402660731  61.329035686149261 36.247319812284807 140.84310835870667  61.211440502585567 36.210889130813968 140.94460444921313  61.126578719971569 36.190793359500226 141.01905187783387  61.12124081520669 36.212129294608062 141.02894704949506  61.030739606576802 36.189093307766967 141.10794824785506  61.013661808118393 36.204037629065304 141.12718379327859  60.975342961270599 36.207962097010139 141.16369055382893  60.914286549163414 36.223813376883527 141.2239832238478  60.887152328407318 36.233469259822797 141.25135107602009  60.862478995301238 36.244373074065514 141.27669576838844  60.839673190013599 36.25622304609211 141.300505158287  60.817941780562009 36.268618780967124 141.32343423610035  60.7962317215882 36.281026911225133 141.34634914765383  60.773649281091046 36.292991553685731 141.3699806383824  60.750358635890898 36.304589574742472 141.39418692113804  

-0.56354219027981711 9
-0.061586390841019689 7
0.44036940859777779 9

-0.12949464971574295 9
0.057213433925563467 7
0.24392151756686986 9

9 1 1 0 0 2 14 3 366 2 29 48.965231305060058 38.00351899396464 133.14799810694322  1 48.965328397902091 38.003383646919119 133.15382412316239  1.0000000000000164 48.965425924142622 38.003248894403569 133.15964831176692  0.99999999999995881 48.965523883198472 38.003114735190906 133.16547067433314  0.99999999999993361 48.965622274401326 38.002981168054852 133.17129121240473  1.0000000000006073 48.965721097274624 38.002848191767406 133.1771099275922  0.99999999999817746 48.965820350995088 38.002715805103513 133.18292682139884  1.0000000000034877 48.965920035256779 38.002584006834027 133.18874189546653  0.9999999999951914 48.966020149106875 38.00245279573447 133.19455515129067  1.0000000000050251 48.966120692276057 38.002322170575951 133.20036659049441  0.99999999999594025 48.966221663883047 38.002192130133061 133.20617621460801  1.0000000000025266 48.966323063509407 38.002062673178088 133.21198402521912  0.99999999999882871 48.966424890444166 38.001933798484586 133.21779002388439  1.0000000000003604 48.96652714412734 38.001805504825555 133.22359421217533  0.99999999999996414 48.971660128938083 37.995421063200872 133.51365635253777  1.0000000000002485 48.977710659080259 37.990551480352828 133.79357536499828  0.99999999999904898 48.984716290193298 37.986935652255447 134.06933630587551  1.0000000000024125 48.992622792642749 37.984458588532192 134.34111748751525  0.99999999999553113 49.001386124227615 37.983022116094176 134.60909327058715  1.0000000000063052 49.010971723051924 37.982543296630269 134.87343447635078  0.99999999999303879 49.021353800430369 37.982952844096381 135.13430879980112  1.0000000000060902 49.032514633785681 37.984193542206036 135.39188122162102  0.99999999999579525 49.044443859481255 37.986218661919054 135.64631442152776  1.0000000000022231 49.057137765820521 37.988990378932662 135.89776919020213  0.99999999999918321 49.070598585792162 37.992478191170008 136.14640484247548  1.0000000000001237 49.084833790101555 37.996657336270928 136.39237962954599  1.000000000000087 49.099855379949084 38.00150720908114 136.63585115183923  0.99999999999990918 49.123591080007309 38.009761064172913 136.99753958134286  1.0000000000001192 49.131704309182169 38.012676423286081 137.1175160185673  0.99999999999914924 49.140020974828801 38.01575415725447 137.23692558535052  1.0000000000025582 49.148543669064068 38.0189929717993 137.35578783278243  0.99999999999481115 49.157275468963277 38.022391977587681 137.47412236092205  1.0000000000078824 49.166219936231926 38.025950690238339 137.59194881871969  0.99999999999059286 49.175381117764815 38.02966903031183 137.70928690410796  1.0000000000090381 49.184763544850973 38.033547323324306 137.82615636393169  0.99999999999294076 49.194372234126263 38.037586299731387 137.94257699396277  1.0000000000044644 49.204212686608173 38.041787094943999 138.05856863895258  0.99999999999777389 49.214290888522619 38.046151249315287 138.17415119253138  1.0000000000008036 49.224613310707781 38.05068070814972 138.28934459731971  0.99999999999986167 49.235186908972331 38.055377821697796 138.40416884483869  0.99999999999994171 49.251435231393224 38.062679106888922 138.57588154092844  1.0000000000001226 49.256917930307125 38.065154424560561 138.63303181414986  0.99999999999904965 49.262463558395631 38.067674442142795 138.69009741903807  1.0000000000029132 49.268074532751726 38.070238590663038 138.74708086671043  0.99999999999399491 49.273754476806118 38.072845754722856 138.80398463320347  1.0000000000093399 49.279505718515836 38.075495794125395 138.86081121286591  0.9999999999884337 49.285328621873354 38.078189834680849 138.91756314772755  1.0000000000117533 49.291222212678534 38.080929742295829 138.97424303323209  0.99999999999003741 49.297185561410373 38.083717194396357 139.03085350029903  1.0000000000071032 49.303219383445196 38.086552762802775 139.08739717435554  0.99999999999572342 49.309327319882904 38.089435422102973 139.14387661112053  1.0000000000021834 49.315516359241187 38.092362897635205 139.20029420981811  0.99999999999904965 49.321795862838421 38.095333267141434 139.2566521037231  1.0000000000003544 49.334553446791332 38.101363193229695 139.36925195327294  0.99999999999941769 49.341027413031014 38.10442422814512 139.42549409767986  1.0000000000033766 49.347599337012632 38.10753376057886 139.48168071215829  0.99999999999006273 49.354272098015166 38.11069429781903 139.53781401173219  1.0000000000206557 49.361048670891236 38.113908428798197 139.59389617599115  0.9999999999668594 49.367932126509444 38.117178824085343 139.64992934910677  1.0000000000425924 49.374925631044867 38.120508235901333 139.70591563984192  0.99999999995535382 49.382032446934318 38.123899498094453 139.76185712148876  1.0000000000384466 49.389255931783957 38.127355526172636 139.81775583199661  0.9999999999728848 49.396599539436494 38.130879317267805 139.8736137737919  1.0000000000153899 49.404066819079944 38.134473950169109 139.9294329139737  0.99999999999327649 49.411661415880459 38.138142585296904 139.98521518414347  1.0000000000019997 49.419387070605467 38.141888464719699 140.04096248052497  0.99999999999980027 49.462225426942155 38.162741806402984 140.34459317847572  1.000000000000002 49.499870590495327 38.18136292563328 140.59185888827054  1.0000000000010441 49.540563306728913 38.201889835584183 140.83877059973148  0.99999999999608236 49.584706622599896 38.224661681696226 141.0855573725334  1.0000000000091218 49.632756381909701 38.250066141525345 141.3323565263079  0.99999999998425948 49.685231290057317 38.278548838650188 141.57919627569197  1.0000000000213336 49.742713106931753 38.310613480752117 141.82598587754796  0.99999999997668643 49.805846976707549 38.346814984965988 142.07251417497639  1.0000000000207916 49.875351904573797 38.387747853093686 142.31845742252261  0.99999999998486644 49.9520513886389 38.434032059792855 142.5633972761749  1.0000000000088536 50.036934217418477 38.486298716413827 142.80684983375187  0.99999999999600986 50.131255441061803 38.545177773451691 143.04830660837132  1.0000000000012355 50.23668752648814 38.611290024439256 143.28728832086662  0.9999999999998529 50.446401139531694 38.741792895430102 143.70395519636321  0.99999999999995948 50.545209922161909 38.802982253010626 143.88302682588494  1.0000000000006599 50.652821201840283 38.868994310789958 144.06001076286583  0.99999999999798161 50.770003645244486 38.939775646615082 144.23394587879892  1.000000000003912 50.897496876209892 39.015096813883552 144.4037400423291  0.99999999999433942 51.036013764949203 39.094525194227039 144.56831367139239  1.0000000000065614 51.186186305826013 39.177369507372639 144.72669580329972  0.99999999999369138 51.348468863199784 39.262638343155501 144.87808938611158  1.0000000000050981 51.523019601328244 39.349040682695765 145.02191661622595  0.9999999999965562 51.709587956145555 39.4350419734049 145.15784928182867  1.0000000000018945 51.907443042788429 39.518974925377208 145.28582319190221  0.99999999999919986 52.115384934228913 39.599189794178486 145.40602990479269  1.0000000000002185 52.331887783410252 39.674214517407492 145.51887309262031  0.99999999999999534 52.749821466567944 39.802592038179256 145.71704568561452  0.99999999999994593 52.949542338367344 39.857500843035908 145.80405796674438  1.0000000000004738 53.153581659697842 39.906753382742124 145.88619750808977  0.99999999999839584 53.360734547445553 39.950169039095883 145.96431140653581  1.0000000000036591 53.578706592522515 39.987987469181313 146.04098241832259  0.9999999999937611 53.781253833739399 40.015795654930329 146.10867998284408  1.0000000000082652 54.01237440201448 40.041673997053351 146.18317742546347  0.99999999999133549 54.216947633163777 40.054435150903629 146.24547325812912  1.0000000000072868 54.444546821053734 40.064544859460547 146.31432329353942  0.99999999999503997 54.659427957289687 40.064228958776042 146.37696507831473  1.0000000000027385 54.880180924529611 40.057698982330351 146.44089168687609  0.99999999999878841 55.098683879833082 40.043185812503324 146.50339653645281  1.0000000000004099 55.316820500814075 40.021215190121396 146.56549036745091  0.99999999999990807 55.730512636311275 39.964968785564487 146.68285666720254  1.0000000000000937 55.92629840681937 39.932050936195942 146.73823504230214  0.9999999999995427 56.121010300432694 39.892967501441028 146.79324810696323  1.0000000000012121 56.314498154287918 39.847729590655632 146.84788697227543  0.99999999999778888 56.506663882784487 39.796341401865632 146.90207887493136  1.0000000000029448 56.697442556939627 39.738798988664456 146.95567803258109  0.9999999999970981 56.886790689569025 39.675088263064026 147.00846009183471  1.0000000000020843 57.074679567207852 39.60518286204811 147.06011880232865  0.99999999999902101 57.261091467158735 39.529042503987533 147.11026353455009  1.0000000000001388 57.446016601164523 39.446612462949062 147.15841627872683  1.0000000000002041 57.629448623924453 39.357824787015232 147.20400674093815  0.99999999999981615 57.811376547639739 39.26260188844455 147.24636417237772  1.0000000000000631 57.991770901467987 39.16086313215586 147.28470455167732  1.0000000000000058 58.271178237429787 38.991572462102837 147.33691194898543  0.99999999999997058 58.371300451908823 38.928537711808865 147.35417293793313  1.0000000000002667 58.470777749399474 38.863296928017107 147.36951639678003  0.99999999999907219 58.570167743698256 38.796380970124787 147.38370183238484  1.0000000000021345 58.667849241917899 38.726396930420606 147.39401105998809  0.99999999999637756 58.766435975761603 38.655862219723147 147.40471753613747  1.0000000000047533 58.862782723341802 38.582111375161489 147.41045181201875  0.99999999999506517 58.958196738566421 38.506730785098547 147.41385661222014  1.0000000000040976 59.05361824682295 38.430990146244525 147.41643535086274  0.99999999999726086 59.145545583180002 38.352202970954039 147.41237469843568  1.0000000000014895 59.23700698556631 38.273627084252659 147.40779109404053  0.99999999999932565 59.326757988735693 38.193390389783659 147.39862824957589  1.0000000000002653 59.415964798117571 38.110983634375046 147.38575606789709  0.99999999999990585 59.54171319162343 37.99067904800394 147.36095023039167  1.0000000000000779 59.576891181794942 37.956588099464838 147.35331668347325  0.99999999999945843 59.612488082524806 37.921636682026751 147.34485132178557  1.0000000000016567 59.64853208685934 37.885770754481015 147.33548535437589  0.99999999999650768 59.68503126894862 37.84895350521326 147.32514668510791  1.000000000005584 59.721975968047424 37.811164286890971 147.31376035906865  0.99999999999289835 59.759341171457208 37.772397551205209 147.30124900699877  1.0000000000073583 59.797088899009701 37.732661783521102 147.28753329277183  0.99999999999371814 59.835170585661018 37.691978437654853 147.27253235688474  1.0000000000044216 59.873529466047231 37.650380870503625 147.25616426439993  0.99999999999746625 59.912102957312271 37.607913276820227 147.23834644864323  1.0000000000011442 59.950825043225215 37.564629623866722 147.21899615835116  0.99999999999962152 59.98962865748576 37.520592586153974 147.19803090244253  1.0000000000000726 60.067267477429397 37.431152374105494 147.1527068898796  0.99999999999993527 60.106081991604334 37.385744895415307 147.12833262256987  1.0000000000002325 60.144932689160342 37.339771472949714 147.10224861904135  0.9999999999995155 60.183485222390168 37.293173086196568 147.07421135522779  1.0000000000006433 60.221890074885572 37.246238377473929 147.04418769418683  0.99999999999961808 60.260141854709666 37.199034954459115 147.01224143671999  0.99999999999956779 60.298066082721064 37.151541611337933 146.9783359343466  1.0000000000014528 60.335569403537903 37.103883564364757 146.94235610135368  0.99999999999787637 60.372660722626591 37.056239300755699 146.90425908008436  1.0000000000021374 60.409299721887528 37.008666332990288 146.86410160661555  0.99999999999837652 60.445383651883688 36.961205119819567 146.82188500328223  1.0000000000009559 60.480886182514695 36.914057796803363 146.77750364298885  0.99999999999956357 60.515771212877276 36.86726432064647 146.73105450419962  1.0000000000001517 60.618435127816312 36.728313524846342 146.58543790643574  0.99999999999957878 60.684230711115951 36.637579306644497 146.48003844341517  1.0000000000021672 60.747064287952142 36.549547143796865 146.36640419250102  0.99999999999383293 60.806688533963325 36.465025752687062 146.24479719331498  1.0000000000125926 60.862920133376036 36.384782931000885 146.11564426652984  0.99999999998003331 60.915635634721227 36.309506519668659 145.97952652259937  1.0000000000254019 60.964766809529806 36.239773551907277 145.83716869773832  0.99999999997369149 61.010295513228414 36.176027589834554 145.68942831219343  1.0000000000223099 61.052248049455777 36.118564247897829 145.53728465725416  0.99999999998453537 61.090689036209213 36.06752490411516 145.3818276038248  1.0000000000086606 61.125714775555913 36.022898598032562 145.22424623943235  0.99999999999619882 61.1574461253241 35.984532116408836 145.06581732799717  1.0000000000012061 61.186020873982393 35.952148265844208 144.90789359639362  0.99999999999979883 61.224982209518004 35.911341046700713 144.6701428653594  1.0000000000000506 61.237572576650507 35.898827587090082 144.58881072382468  0.99999999999994515 61.249418278484946 35.887739999526723 144.5078290128543  1.0000000000001892 61.260572775943956 35.877997534900366 144.4271396954357  0.99999999999919886 61.271082218356881 35.869529521565056 144.34669254594789  1.0000000000022324 61.280986229444999 35.862274237729501 144.26644459085855  0.99999999999570111 61.290318694397492 35.856177783289766 144.18635954909158  1.0000000000060905 61.299108545407179 35.851192952478634 144.10640727287878  0.99999999999337352 61.307380549037369 35.847278105504749 144.02656318800206  1.0000000000056579 61.315156091737251 35.844396041257156 143.94680773469653  0.99999999999619149 61.322453966958051 35.842512869048193 143.86712580793488  1.000000000001998 61.329291161084498 35.841596881098504 143.7875061982119  0.99999999999921518 61.33568364011348 35.841617424535755 143.70794103198034  1.0000000000002089 61.347610631758897 35.843470122783799 143.54890939261171  0.99999999999973599 61.353122335672204 35.845306830332269 143.46944215107149  1.0000000000014198 61.358361219905845 35.848000339122294 143.39002239249595  0.9999999999957917 61.362796512908645 35.851623562622287 143.31063341063427  1.0000000000089468 61.367367914330465 35.855936808501959 143.23129896994843  0.99999999998533795 61.371393609584125 35.861157113500077 143.15200152706146  1.0000000000191602 61.374716098128573 35.867216184442832 143.07274064634146  0.9999999999796394 61.377853552525075 35.873909868338131 142.99353335155593  1.0000000000177416 61.380719056687255 35.881324613890563 142.91437866317875  0.99999999998736067 61.383011850661347 35.889513688845717 142.83527141043442  1.0000000000072256 61.385063169588733 35.898257309306842 142.75622486006785  0.99999999999684286 61.3867442765251 35.907682095867571 142.6772364767597  1.0000000000009144 61.388087334597479 35.917690599008075 142.59831033149948  0.99999999999993949 61.391140139766478 35.949446009505074 142.36172475344762  0.99999999999982148 61.391868216801456 35.972914977651158 142.20425371291705  1.0000000000014659 61.391363378478083 35.998475319705044 142.04706032705934  0.99999999999528266 61.389693829418398 36.025936025284956 141.89015776242877  1.000000000010437 61.386922227862058 36.055121193437095 141.73354864848795  0.99999999998228284 61.38310614584902 36.085868831846163 141.5772263505911  1.0000000000239939 61.378298529241725 36.118029656102344 141.42117624268778  0.99999999997357192 61.372548157886527 36.151465888860059 141.26537698053946  1.0000000000239002 61.365900105717706 36.186050059169048 141.10980177415595  0.99999999998225075 61.35839620079949 36.221663801578764 140.95441966122149  1.0000000000106983 61.350075485534816 36.258196655489812 140.7991967794681  0.99999999999492151 61.34097467666308 36.295544864282114 140.64409763998987  1.0000000000017706 61.331128625445267 36.333610174609674 140.48908639985282  0.99999999999963463 61.313088974351345 36.399715156981934 140.22431718710791  1.000000000000238 61.305250639381541 36.427442701447212 140.11453377727679  0.99999999999901656 61.297066899427371 36.455450290315298 140.00476175799136  1.0000000000025624 61.288548919922803 36.483707452560793 139.89498468242235  0.99999999999499478 61.279707905253026 36.512184224851936 139.78518580458339  1.000000000007828 61.270555098456022 36.540851151462405 139.67534807930147  0.99999999998996236 61.261101781776567 36.569679284412146 139.56545416227038  1.0000000000105991 61.251359275813982 36.598640183281724 139.45548640996577  0.99999999999077915 61.241338940621056 36.62770591541706 139.34542687976085  1.0000000000065983 61.231052174509735 36.656849055739471 139.23525732979266  0.99999999999612221 61.220510415146208 36.686042686894076 139.12495921909232  1.0000000000018683 61.209725138706986 36.715260399152477 139.0145137074791  0.99999999999926514 61.19870786041993 36.744476290465904 138.90390165563136  1.0000000000002336 61.181851271212523 36.788259304429197 138.73770460975675  0.99999999999979172 61.176177537617498 36.802846456131661 138.682258741776  1.0000000000013982 61.170450433103056 36.817423155226351 138.62676344536098  0.99999999999559963 61.16467150256161 36.831986099574394 138.57121608192838  1.0000000000096867 61.158842336189593 36.846531951231505 138.51561395003981  0.99999999998362676 61.152964569458334 36.861057336419599 138.45995428544325  1.0000000000220262 61.147039883136564 36.875558845584933 138.40423426099039  0.99999999997601841 61.141070003306545 36.890033033300696 138.34845098677124  1.0000000000212781 61.135056701280234 36.904476418402588 138.29260150993372  0.99999999998460154 61.129001793753922 36.918885483830977 138.23668281488344  1.0000000000090279 61.122907142614096 36.933256676784659 138.18069182310111  0.99999999999579692 61.116774655122001 36.947586408596237 138.1246253932791  1.0000000000014815 61.110606283776733 36.961871054815099 138.06848032123978  0.99999999999965339 61.098201769012313 36.99034285551113 137.95602635870472  1.000000000000399 61.091967476906483 37.004531656704714 137.89971770284032  0.99999999999801192 61.085661904802201 37.018655987532284 137.84332434953436  1.0000000000056797 61.079549362837824 37.032758369670866 137.78683209622235  0.99999999998811107 61.072863121314796 37.046754863508362 137.73028217007314  1.0000000000197076 61.066658039839183 37.060696262381732 137.67359744084726  0.9999999999733431 61.060649589651867 37.074600489383805 137.6168029286882  1.0000000000296512 61.054140259182695 37.088432786251317 137.5599452533919  0.99999999997290889 61.047767622988843 37.102201769223591 137.50297145193946  1.0000000000202132 61.041816601104841 37.11593072451511 137.44586078060595  0.99999999998787004 61.035335186607519 37.129595933647707 137.38868298408809  1.0000000000056415 61.029191168173355 37.143212684067265 137.33136742935935  0.99999999999815647 61.022949029498605 37.156778261649841 137.27394612315931  1.0000000000002807 60.991861260016336 37.224361679378227 136.98624707521492  0.99999999999931244 60.967133030599079 37.277645963014614 136.75421108958216  1.0000000000026372 60.942525630831518 37.330248551182983 136.52012069238509  0.9999999999930822 60.918004891692519 37.382282494988736 136.28376833924531  1.0000000000137381 60.893524562811059 37.433873157230039 136.04491591692414  0.99999999997835765 60.869026122975825 37.485158944585741 135.80329447354885  1.0000000000276605 60.844437471380573 37.536292756248123 135.55860436951806  0.99999999997101074 60.819670497464173 37.587444149058989 135.31051584666699  1.0000000000250355 60.794617532177853 37.63880221915543 135.05867001868228  0.99999999998219991 60.769146677453428 37.690579200022114 134.80268027955515  1.0000000000103173 60.743096017056111 37.743014777145163 134.54213413308608  0.99999999999525446 60.71626670609318 37.796381119023522 134.27659544097159  1.0000000000016227 60.688414941206581 37.850988624772832 134.00560709123064  0.99999999999966116 60.658501966772576 37.908619715677766 133.72166171769905  1.0000000000000062 60.657760271296219 37.910048072661326 133.71462552782941  1.0000000000000364 60.657017718662104 37.91147746501872 133.7075855084147  0.99999999999968858 60.656274303802668 37.91290789867778 133.70054165158766  1.00000000000109 60.655530021667985 37.91433937956689 133.69349394946565  0.99999999999755296 60.654784867174044 37.915771913613362 133.6864423941993  1.0000000000039435 60.654038835287714 37.917205506746207 133.67938697787977  0.99999999999522526 60.653291920915883 37.918640164892196 133.67232769268773  1.0000000000044751 60.652544119021826 37.920075893980581 133.66526453068968  0.99999999999668621 60.651795424526526 37.92151269993829 133.65819748407523  1.00000000000197 60.65104583237607 37.922950588694093 133.65112654492287  0.99999999999903966 60.650295337504957 37.924389566175542 133.64405170539359  1.0000000000003963 60.649543934851735 37.925829638310837 133.6369729575994  0.99999999999985523 60.648415461604998 37.927991397386457 133.62634896171187  1.0000000000001437 60.648039075594134 37.928712258929629 133.62280665069915  0.99999999999905964 60.647662460663696 37.929433396418332 133.61926335963847  1.0000000000028579 60.647285616149716 37.930154810613466 133.61571908755104  0.99999999999387046 60.646908541409658 37.9308765022759 133.61217383341463  1.0000000000102391 60.646531235747304 37.931598472166677 133.60862759628208  0.9999999999861412 60.646153698570956 37.932320721046366 133.60508037510525  1.0000000000153573 60.6457759291267 37.933043249676423 133.60153216894088  0.99999999998612166 60.645397926864277 37.933766058817021 133.59798297676596  1.0000000000100973 60.645019691024679 37.934489149229819 133.5944327975939  0.99999999999426692 60.644641221024784 37.935212521675076 133.59088163044095  1.000000000002341 60.644262516158911 37.93593617691414 133.58732947430187  0.99999999999950828 60.643883575792394 37.93666011570766 133.58377632819102  0.99999999999985878 60.643314810988144 37.937746450371137 133.57844512257526  1.0000000000003457 60.643125163678931 37.938108633006969 133.57666780628929  0.99999999999728217 60.642935457224318 37.938470886820689 133.57489024215639  1.0000000000085028 60.642745691600624 37.938833211908239 133.57311242997585  0.99999999998183942 60.642555866590065 37.939195608366894 133.57133436978975  1.0000000000294575 60.642365982346 37.939558076291554 133.56955606118555  0.99999999996220101 60.642176038436176 37.939920615780636 133.56777750444306  1.000000000039146 60.641986035205484 37.940283226928159 133.56599869896689  0.9999999999669833 60.641795972123745 37.940645909832831 133.56421964509025  1.0000000000226426 60.641605849498603 37.941008664589091 133.5624403423144  0.99999999998758071 60.641415666957847 37.941371491294689 133.56066079077129  1.0000000000051981 60.641225424592797 37.941734390045205 133.55888099018921  0.99999999999856326 60.641035122233347 37.942097360937389 133.55710094051284  1.0000000000000782 60.640749578625446 37.942641925632557 133.55443049213048  1.0000000000002003 60.640654382404847 37.94282346525727 133.5535402803655  0.99999999999810896 60.640559171176285 37.943005022953734 133.55265000625263  1.0000000000060389 60.640463944872863 37.943186598734151 133.55175966985794  0.99999999998703137 60.640368703600039 37.9433681926105 133.55086927098711  1.0000000000210496 60.64027344715678 37.943549804595172 133.54997880993761  0.99999999997304867 60.640178175787526 37.943731434699892 133.54908828624229  1.000000000027782 60.640082889198652 37.943913082937314 133.54819770042849  0.99999999997674871 60.63998758764204 37.944094749318985 133.54730705193336  1.0000000000157325 60.639892270902763 37.94427643385756 133.54641634120344  0.99999999999159683 60.639796939103398 37.944458136564776 133.54552556789795  1.0000000000033016 60.639701592161657 37.944639857453005 133.54463473218914  0.99999999999927613 60.639606230097478 37.944821596534247 133.54374383397496  0.99999999999987244 60.639463164287982 37.945094232463887 133.54240739291635  1.0000000000003675 60.639415471897053 37.945185115658404 133.54196189693997  0.99999999999695899 60.639367775731472 37.945276003405752 133.54151638533125  1.0000000000098861 60.63932007574585 37.945366895707444 133.54107085811211  0.99999999997794764 60.639272372034988 37.945457792564994 133.54062531522655  1.0000000000376572 60.639224664433023 37.945548693979966 133.54017975676581  0.9999999999487641 60.639176953167585 37.945639599953793 133.53973418259901  1.0000000000564928 60.639129237974387 37.945730510488119 133.53928859287038  0.99999999994919964 60.639081519102312 37.94582142558432 133.53884298744109  1.0000000000371716 60.639033796353175 37.945912345244068 133.53839736641493  0.99999999997819622 60.638986069852905 37.946003269468754 133.53795172972298  1.0000000000098588 60.638938339533347 37.946094198259985 133.53750607739764  0.99999999999690947 60.638890605420926 37.946185131619238 133.53706040942293  1.0000000000004028 60.638818998548288 37.946321538512464 133.53639188399049  1.0000000000000822 60.638795128639764 37.946367008619262 133.53616903826742  0.99999999999851774 60.638771257784533 37.946412479868634 133.53594618863312  1.0000000000048277 60.638747385967598 37.946457952260793 133.53572333508441  0.99999999998985467 60.638723513223653 37.946503425795882 133.53550047762602  1.0000000000160947 60.638699639488166 37.946548900474163 133.53527761625116  0.99999999997958511 60.638675764858057 37.946594376295756 133.53505475096634  1.0000000000212323 60.638651889211602 37.946639853260898 133.53483188176619  0.99999999998173916 60.638628012675674 37.946685331369757 133.53460900865258  1.0000000000129212 60.638604135139254 37.946730810622519 133.53438613162626  0.99999999999263567 60.638580256682616 37.946776291019404 133.53416325068403  1.0000000000032143 60.638556377257522 37.946821772560568 133.53394036582898  0.99999999999906453 60.638532496886974 37.946867255246225 133.5337174770583  1.0000000000000713 60.638496674899777 37.946935480991719 133.53338313803067  1.0000000000001035 60.638484734000485 37.946958223193043 133.53327169070877  0.99999999999902167 60.638472792858664 37.946980965680595 133.53316024241039  1.0000000000029106 60.63846085149008 37.947003708454275 133.53304879312816  0.99999999999429501 60.638448909860948 37.947026451514368 133.53293734287558  1.000000000008417 60.638436968029481 37.947049194860448 133.53282589163297  0.99999999999016254 60.63842502591222 37.947071938493195 133.53271443942367  1.0000000000093126 60.638413083610004 37.947094682411823 133.53260298622419  0.99999999999279454 60.638401141019365 37.94711742661719 133.53249153205485  1.0000000000045715 60.638389198230158 37.9471401711086 133.53238007690001  0.9999999999976219 60.638377255176628 37.947162915886594 133.53226862077054  1.0000000000010054 60.638365311898852 37.9471856609509 133.53215716365946  0.99999999999966771 60.638353368376691 37.947208406301669 133.53204570557045  1.0000000000000782 60.638329480859795 37.947253897576104 133.53182278743381  0.9999999999999043 60.638319728227849 37.94726564957989 133.53176745134681  1.0000000000004656 60.638291685122624 37.947368836367446 133.53124538207859  0.99999999999878675 60.638336512818292 37.947109314073259 133.53257458215666  1.000000000002164 60.638202920665911 37.947733137307132 133.52939577988946  0.99999999999722 60.638354690130292 37.946953857191481 133.53337624278592  1.0000000000025868 60.638226536161405 37.947536441619924 133.53040971527201  0.99999999999834854 60.638186761612708 37.947707164159205 133.52954178941275  1.0000000000005396 60.63835574127738 37.946845774183501 133.53394089368837  1.0000000000001881 60.638103452604895 37.948022573740808 133.52794447979784  0.9999999999996122 60.638281262576427 37.947149117628101 133.53240114072418  1.000000000000276 60.638172768750252 37.947619212809258 133.53001060973781  0.99999999999988298 60.638188705505442 37.947515764119053 133.53054166204478  1.0000000000000273 60.638201585817896 37.947541332011667 133.5303998272135  1 
49.354956910184519 37.625475074712959 133.22678857479036  0.67358094833550708 49.355039312152087 37.625545904932352 133.23251184444865  0.67369303310269768 49.355122067746827 37.625617214284425 133.23823348692986  0.67380508802462313 49.355205176575154 37.625689001910331 133.24395350345554  0.67391711321293213 49.355288638098152 37.62576126693962 133.24967189518543  0.67402910876399991 49.355372452118232 37.625834008530425 133.25538866341662  0.67414107480782548 49.355456617790182 37.625907225790129 133.26110380915031  0.67425301141468752 49.355541135294835 37.625980917905395 133.26681733387991  0.67436491874320681 49.355626003443042 37.626055083962029 133.27252923838009  0.67447679684121442 49.355711222599012 37.626129723157803 133.27823952428417  0.67458864587533296 49.355796791634717 37.626204834587355 133.28394819234313  0.67470046590322164 49.355882710631604 37.626280417427779 133.28965524404728  0.67481225706746906 49.35596897885641 37.626356470802939 133.29536068036231  0.67492401945523306 49.356055596022088 37.626432993866253 133.3010645025409  0.6750357531831741 49.360368070688217 37.630250888178779 133.58382715391687  0.68061991767301733 49.365416465445037 37.635098279864245 133.85716591258608  0.68602457220501556 49.371242262364767 37.640959321191225 134.12690862710579  0.69137244506413364 49.377807210160341 37.647753875363357 134.39318184374696  0.69667333227433514 49.385079888151644 37.65541339843314 134.65611478672179  0.70193598467536644 49.393035346707393 37.663879921958852 134.91584052693582  0.70716828968075562 49.401654776468867 37.673105109318733 135.17249660594894  0.7123774532812458 49.410925200967952 37.683049370214562 135.42622516207692  0.71757018170873743 49.420839180382316 37.693681021071988 135.67717260634487  0.72275286349358459 49.431394525346377 37.704975480936852 135.92548888390559  0.72793175113680697 49.442594009853181 37.716914494663889 136.17132636026324  0.73311314310165132 49.454445082905274 37.729485376117523 136.41483836078484  0.73830356558152288 49.466959570763272 37.742680265508426 136.65617739436956  0.74350995439880663 49.48668138854763 37.76333083929601 137.01390159480698  0.75135477806217021 49.49337660980445 37.770318922785059 137.13181944708887  0.75397547800683828 49.50024074480207 37.777459183212954 137.24926426985681  0.75660278398398273 49.507276007108246 37.78475160017247 137.36625397796573  0.75923755126813519 49.514485099249463 37.792196585911128 137.48280676586327  0.76188064312868808 49.521871202010352 37.799794975733093 137.59894110012385  0.76453293077708118 49.529437962932725 37.80754801848439 137.71467571094067  0.76719529344150184 49.537189486113164 37.815457367126299 137.83002958461796  0.76986861828246311 49.545130320460771 37.823525069348385 137.94502195421171  0.77255380046916466 49.553265449593248 37.831753558246874 138.05967229167467  0.77525174312530287 49.561600280260336 37.840145643009969 138.17400029808121  0.77796335735721833 49.570140631847053 37.848704499635893 138.28802589490485  0.78068956224599917 49.578892725120753 37.857433661639902 138.4017692141162  0.78343128484477975 49.592324832583778 37.870765299735147 138.57169320495888  0.78756854785394603 49.596841750597321 37.875237909855947 138.62807093592394  0.78895304680549017 49.601411852632268 37.879752319324716 138.68438473293932  0.79033979160421253 49.606036930850358 37.884309975755848 138.74063772859137  0.79172994352290726 49.61071953456571 37.888913100539817 138.79683303432716  0.79312543590944939 49.615461414215517 37.893563084654559 138.85297319863994  0.79452719373891334 49.620263125697591 37.898260075429285 138.90906045189809  0.79593470752625961 49.625124423055844 37.903003376521056 138.96509711573026  0.79734654054581944 49.630045094962838 37.907792306386824 139.02108580254961  0.79876134999747761 49.635025918392571 37.912627184253473 139.07702927188933  0.80017900075606641 49.640069433886865 37.917510136896261 139.13293004821927  0.8016013523965505 49.645180266062077 37.922445444323721 139.18879013646858  0.80303229834346068 49.650364743879329 37.927439167525883 139.24461140017721  0.80447663744623843 49.660875403773851 37.937538183460909 139.3559815276918  0.80739807709810496 49.666198126542206 37.942639988464286 139.41152733120322  0.80887267705207089 49.671600242278942 37.947805338245601 139.46703749896184  0.81036112189637766 49.677084339845443 37.95303639192781 139.52251466087213  0.81186336148339833 49.682653120935463 37.958335371552707 139.57796138374766  0.81337933050306199 49.688309399071336 37.963704561665757 139.63338017665959  0.8149089489794592 49.6940560988184 37.969146308902403 139.68877349594874  0.81645212147135726 49.699896254714403 37.974663021593457 139.74414375052621  0.81800873814912956 49.705833010564056 37.980257169389887 139.79949330681853  0.81957867356656089 49.711869618408386 37.985931282887165 139.8548244938801  0.8211617878533517 49.718009437796994 37.991687953295632 139.91013960836744  0.82275792572891837 49.724255934885711 37.997529832100426 139.96544091945876  0.82436691719356514 49.730612681678949 38.003459630770728 140.02073067378637  0.82598857712317408 49.765569374088685 38.03598428292473 140.31937359662714  0.8348942362984052 49.79624206531502 38.064232411238862 140.56242992948975  0.84241398529605804 49.829446961722937 38.094466369256089 140.80537322364944  0.85016326651703911 49.865542834082468 38.126950413096601 141.04834373192014  0.85812218189084477 49.904949914046767 38.161977643562288 141.29142001491763  0.86625816995070859 49.94817267429579 38.199872989609268 141.53460495427097  0.87451913910546075 49.995808853319573 38.240993758062153 141.77780947640471  0.88283066009161415 50.048555701068992 38.285728700726587 142.02083767276363  0.89109669456474216 50.107223626191448 38.334496413737419 142.26337765085441  0.89920333338618719 50.172766620446609 38.387743703222796 142.50500306170935  0.90702502241568839 50.246338103920735 38.445944335331035 142.74519096710128  0.91443274905592398 50.329380316493243 38.50959836251684 142.98336268087422  0.92130366701401478 50.423755116292234 38.579232001715404 143.21895556155272  0.92753163338609534 50.613773529406416 38.713031257124157 143.62752471159607  0.93724845965482417 50.703701862258534 38.774524622430647 143.80217056062543  0.941037318846773 50.802684829824329 38.840036696837714 143.97487508588785  0.94435183774469267 50.911608395812664 38.909509408364819 144.14469088090556  0.94714152683464636 51.031318992035899 38.982729684346126 144.31051206493643  0.94936973076723719 51.162601063224869 39.05929814182884 144.47122161679326  0.95102011770194506 51.306102279811924 39.138569147238115 144.62580386473871  0.95209921953036381 51.462228483385992 39.219608205525937 144.77342837486725  0.95263590947354404 51.631032612482493 39.301195467760074 144.91350875227531  0.95267857637087583 51.812124750007271 39.381887753139168 145.04573716267629  0.95229063117458523 52.004633918274202 39.460135172004058 145.17009287868828  0.95154485377559861 52.207256058955387 39.534431593393798 145.28682104972313  0.95051696422142573 52.41842636873686 39.603460523361342 145.39637629987033  0.94927867563038881 52.826949313177167 39.720868792678999 145.5890930935287  0.94668309761242619 53.022707277697471 39.770794380736184 145.67389662874206  0.94536228353099994 53.222995974909807 39.815180969175231 145.75406479216002  0.94397162078378938 53.425426782843068 39.853582192083216 145.82992799146996  0.94250684072340229 53.641054714721569 39.887108623098783 145.90563232367126  0.94105562439343449 53.837234852169225 39.909898135970401 145.97061438132576  0.93957467273280415 54.066653386380921 39.931951351721132 146.04482266165817  0.93809490792077654 54.265091804125248 39.940179208135703 146.10481612873042  0.93665863243881287 54.489582641942668 39.946579358720705 146.17302006954446  0.93520873985839936 54.699528600804626 39.942432233405299 146.23425670975308  0.93381755114932752 54.915966342145666 39.932449179386687 146.29724217545734  0.93245648139849813 55.129821429700641 39.914711970139365 146.35878644938242  0.93115961742774567 55.343242273935893 39.889833078696121 146.42002896369996  0.92993811763981837 55.748177128578043 39.828637518945641 146.53605071696421  0.9277893383783965 55.939875533283185 39.79359933555326 146.59090276700624  0.9268451937827038 56.130323250879869 39.752702770554116 146.64542718615186  0.92599090406327123 56.319359130763509 39.706001246363726 146.69960532244426  0.9252398802594991 56.506880637776305 39.653542759846623 146.75335470050516  0.92460485803890113 56.692824372940521 39.595366411077421 146.80652090872522  0.92409661076492178 56.87715364593074 39.531497525413648 146.8588726488245  0.9237228093231783 57.059850632415049 39.461942699233042 146.91009876702833  0.92348705432105205 57.240910591448959 39.386686149816001 146.95980602314563  0.92338810598212462 57.420335581040511 39.305688794025762 147.00751631973432  0.92341933755022754 57.598125074333495 39.218891518955772 147.05266204714499  0.9235684373559141 57.774260864890842 39.126224143156698 147.09457817770863  0.92381738543097325 57.948683629999152 39.027621607305313 147.13248969979418  0.92414272987631907 58.21831524671078 38.86423696112854 147.18405414042385  0.92472635599604935 58.314766232319073 38.80355021999074 147.20107843918433  0.92494024782162321 58.410680221456694 38.740926643741147 147.21624526058471  0.92525784622664875 58.505667832764402 38.676586414024158 147.23009447420705  0.92521931058313911 58.600524013754367 38.610030870501888 147.24050953569818  0.92602344086942456 58.693835171800579 38.542076695257244 147.2507516647822  0.92556064070243271 58.786784419883361 38.472068790740686 147.25659942197487  0.92616452053927556 58.878539083186858 38.400472693014073 147.26010331476809  0.92662336655603661 58.968635157574958 38.327572321291797 147.26237275307273  0.92602161047670506 59.057292907524754 38.253566278847003 147.25878294669596  0.92687364612696599 59.143948059630119 38.178646948043571 147.25422328146439  0.92663668215040951 59.228819820979247 38.103007530756535 147.2454362854975  0.9266581153976986 59.313154424077268 38.025486898459555 147.23317281668994  0.92669214624206842 59.432675025277952 37.911753738844688 147.2093069647172  0.92670827870799832 59.466073287019427 37.879574016607755 147.2019689371717  0.92671281393830551 59.499829064300691 37.846635324252532 147.19384003300462  0.92671738923129443 59.533967833393319 37.812890782821654 147.18485743806662  0.92672207910234228 59.568497769281706 37.778308352208612 147.1749552193177  0.92672699750735943 59.603411610308754 37.742869976270121 147.16406468477982  0.92673223346885436 59.638688539513993 37.706570713235038 147.15211474196997  0.92673778657230899 59.674296077662312 37.669417850477721 147.13903224648121  0.92674350267745742 59.710191995985525 37.631430001890394 147.12474234833937  0.92674900932906057 59.746326239901357 37.592636187394341 147.10916882273861  0.92675365152270217 59.782642872682743 37.553074893000961 147.09223439426378  0.92675642711614448 59.819082030819381 37.512793111466337 147.0738610416856  0.92675592253921302 59.855581896403777 37.471845362741291 147.05397028792922  0.92675024829262831 59.928580513035371 37.388738836200091 147.01099603045364  0.92672370084880629 59.965075965518459 37.346583795373988 146.98790013733651  0.92671281121958315 60.001512418579217 37.303874150383052 146.96317496769396  0.92663714885127335 60.037802934211754 37.260708993615133 146.93664859285727  0.92665460558487645 60.073870455758552 37.21718573550293 146.90821464916112  0.92660336301436486 60.109676899681858 37.173339907025294 146.877928037505  0.92645824769258223 60.145160779232469 37.129244118526849 146.84579791442911  0.92629920030491519 60.180241501013782 37.085015717785701 146.81171130937341  0.92612947875025919 60.214862269705534 37.040746983634108 146.7755904091542  0.92589258944484554 60.248985261714324 36.996498438350741 146.73749657902866  0.9255915068214936 60.282554265898028 36.952363157432771 146.69746044340019  0.92526506623610139 60.315507173995726 36.908465148542305 146.65534141479063  0.92487318644271166 60.347816013247083 36.86486711034506 146.61125072347022  0.92442861371059004 60.442772716015817 36.735147940412062 146.47282919582642  0.92292412537482604 60.503395322752148 36.650180332675724 146.37245026774062  0.92169545385524387 60.56096880289293 36.567498573233763 146.26404903619857  0.92022420547971129 60.615230632270126 36.487854289045508 146.14785172633324  0.91850311129332274 60.665991134483221 36.411972418515198 146.02426123113526  0.91653529542797796 60.713133298242816 36.340509994534017 145.89383697429662  0.91433444468674152 60.756610238057668 36.274024209334371 145.75727793802298  0.91192438201061832 60.796440451093154 36.212949213735364 145.61540788439265  0.90933804571496646 60.832700905225614 36.157581362345738 145.46916161134175  0.90661587200877458 60.865517862382944 36.108072910289096 145.31957095814406  0.90380358361144264 60.895055269490655 36.064434447493596 145.16774922071644  0.90094938172001249 60.921500475908232 36.026546601003595 145.01487267582982  0.89810054364013292 60.945047031833802 35.994181697738334 144.86215805310962  0.89529942440458321 60.976839150985874 35.95274499229135 144.63116891324515  0.89115321861342101 60.987055578458587 35.939896734052262 144.55190285322365  0.88975065116551866 60.996585158060647 35.928402415223083 144.47296238530299  0.88837124325936223 61.005481234084549 35.91818441495252 144.39428311341163  0.88701515496039485 61.013789718884297 35.909175328800309 144.31581001013626  0.88568261059930808 61.021549876676445 35.901316829290032 144.23749668083846  0.88437388504098113 61.028795118454468 35.894558511295614 144.15930460970134  0.8830892901761177 61.035553806873601 35.888856722010544 144.08120238975621  0.88182916105176934 61.041850071568824 35.884173377893319 144.00316493476839  0.88059384250138062 61.047704633185639 35.880474767624655 143.92517267602963  0.87938367518444505 61.053135636916565 35.877730343784577 143.84721074148871  0.87819898222224213 61.058159493907276 35.875911502457583 143.76926811996131  0.87704005532077978 61.062791730811703 35.874990352931334 143.69133680885906  0.87590714126742819 61.071314744662629 35.874886470743796 143.53528766673764  0.87369371513121064 61.075195490350644 35.87572368418413 143.45717719538186  0.87262378487902392 61.07875278996822 35.877318600104537 143.37908248148551  0.87151101509833873 61.081831819646162 35.880005289368896 143.30099561900221  0.87061502234133181 61.084743221914955 35.883117899575005 143.22288559211012  0.86950208815183794 61.087248913229814 35.887169504564838 143.14481076183881  0.86847832460416374 61.089327340991865 35.892195435326514 143.06678754647248  0.86763964151266137 61.091172576625581 35.897779292473878 142.98872845523817  0.86676162654508981 61.092735280326259 35.904027330719082 142.91067096831512  0.86587017306346181 61.093919163462189 35.911133295014295 142.83269916785937  0.86510859550633656 61.094875219861542 35.91877017709183 142.75469436805696  0.86435189916078181 61.095529654518607 35.927092807640271 142.6767366776543  0.86363856402073769 61.095918145315167 35.936015347544505 142.59880152692469  0.86297176223738836 61.096296169576242 35.964587326725521 142.3647428311811  0.86109261150517724 61.095495388653923 35.985994610618711 142.20879546911939  0.86000643064556037 61.093706201693685 36.009553504453322 142.05306560509786  0.85908298687710638 61.090986839112503 36.035083274606471 141.8975603182059  0.85831769257319013 61.08738973991008 36.062415909516552 141.74228050817126  0.8577054173769717 61.082962123029759 36.091395651970331 141.58722025138698  0.85724068439670742 61.077746581637243 36.121878450732666 141.43236638683891  0.85691786550910898 61.071781699010927 36.15373132728557 141.27769833054467  0.85673137798531718 61.065102690667196 36.186831652400031 141.1231881189353  0.8566758794537237 61.05774206898073 36.221066333108503 140.96880067776488  0.85674646464976068 61.049730334726654 36.256330908114357 140.81449431509651  0.85693886052006407 61.041096692028447 36.292528554634359 140.66022143511194  0.85724962262435311 61.031869789039042 36.329569007870404 140.50592947034093  0.85767633066583271 61.015147363716075 36.39412430835111 140.24228764043801  0.85860148499294486 61.007936191131584 36.421251371728616 140.13300784948851  0.85904269520016063 61.000454126293704 36.448719270159856 140.02370573545247  0.85954052314076168 60.992710624846232 36.476499252347416 139.91436351595817  0.86009420485958299 60.98471543284856 36.504563132313649 139.80496264313089  0.86070310446888132 60.976478582946683 36.532883287447014 139.6954838989501  0.86136671410197718 60.968010392234575 36.56143265469526 139.58590749069322  0.8620846539801772 60.95932145858287 36.590184725875062 139.47621314656467  0.86285667232868579 60.950422659778269 36.61911354114342 139.36638021127578  0.86368264546859019 60.941325150223292 36.648193682122795 139.25638774179123  0.86456257772958101 60.932040360435401 36.677400263463262 139.1462146029742  0.86549660152156938 60.922579994658847 36.706708924201592 139.03583956333014  0.86648497728387508 60.912956029992564 36.736095818139191 138.92524139066853  0.86752809351649018 60.898302321931304 36.780230592803719 138.75908277963998  0.86917565338671854 60.893386970992637 36.794935534322768 138.70371012663639  0.86973865407248352 60.888436254711173 36.809649446359792 138.64827812066159  0.8703155332093454 60.883451835239811 36.824369312892713 138.59278379472303  0.87090636343130623 60.878435443842612 36.839092084015341 138.53722408642767  0.87151122555116234 60.873388880762505 36.853814675690721 138.4815958414338  0.87213020869865754 60.868314014766213 36.868533969929139 138.42589581702202  0.87276341008672431 60.863212783144732 36.883246814358984 138.37012068556834  0.87341093534061132 60.858087191089339 36.897950022615461 138.31426703815896  0.87407289810760003 60.852939311715062 36.912640373865131 138.25833138814505  0.87474942044939374 60.847771285458478 36.927314613178815 138.20231017475103  0.87544063250663129 60.842585319919138 36.941969451257521 138.14619976672424  0.87614667274272107 60.837383689397868 36.956601564633566 138.08999646596587  0.87686768779384361 60.826962521103674 36.985789143739794 137.97749092750385  0.87833997729871194 60.821743565122205 37.0003435130686 137.92119420150408  0.87908996403893913 60.816503580031004 37.01488276284735 137.86479430957942  0.87987690709550814 60.811324685537073 37.029286826402753 137.80829438150462  0.88056542752996869 60.805960280660145 37.043917681280803 137.75173884498349  0.88153899768028665 60.800770113436343 37.05824673644549 137.69499472337608  0.88228705412225861 60.795645808021938 37.072438308636549 137.63810353413169  0.88293960738787614 60.790356713359415 37.08682541511012 137.58120850069767  0.88383495850062066 60.78512262201432 37.10108957088103 137.52416257496441  0.88467017969372852 60.780031653053555 37.115109631467064 137.46687400658448  0.88530509678671498 60.774769006744961 37.129332505852737 137.40963443286773  0.88619534036734904 60.769623013845148 37.143351333472907 137.35215373212179  0.88692759734545612 60.764448651155377 37.157371375968765 137.29458387016584  0.8877083514420625 60.738726676800908 37.226956716489525 137.00704067755311  0.89156308769029158 60.718272941196865 37.281832359939145 136.77507728723475  0.894608279314827 60.697905022672408 37.336052073679213 136.54081557634126  0.89761286525128003 60.677590058910205 37.38971675018005 136.30405812762302  0.90057524599155003 60.657283544474119 37.442939826418588 136.06457830384875  0.90349423168555554 60.636929114688328 37.495848062167298 135.8221192708144  0.90636902453160595 60.616457089056169 37.548583040375583 135.57639367883303  0.90919918169419589 60.59578180183987 37.601303380454489 135.32708394816007  0.91198456024634433 60.574797735777345 37.65418765774001 135.07384311589612  0.91472524223634843 60.553374485086586 37.707438021820771 134.81629618760127  0.91742144195729702 60.531350557581447 37.761284510277811 134.55404194963361  0.92007339345402872 60.508526036596621 37.815990054295007 134.28665518330962  0.92268121987567109 60.484654108981722 37.871856177221709 134.01368922799901  0.92524478353697626 60.458792708833215 37.930682360053517 133.72761292020536  0.92782748210244781 60.458153079478329 37.932136301358071 133.7205431136791  0.92789141792694019 60.457512576354368 37.933591219121361 133.7134694021394  0.92795532484320886 60.45687119430427 37.935047119098392 133.70639177787305  0.92801920284164963 60.456228928265361 37.936504007042892 133.69931023328894  0.92808305191060014 60.455585772992819 37.937961888707001 133.69222476056376  0.92814687204716884 60.454941723536422 37.939420769842052 133.68513535224488  0.9282106632281073 60.454296774558941 37.940880656197209 133.67804200038671  0.92827442546341399 60.45365092115199 37.942341553521345 133.67094469760892  0.92833815872181347 60.45300415801637 37.943803467560954 133.66384343598011  0.92840186301236682 60.452356480151209 37.945266404062075 133.6567382080311  0.92846553831248924 60.451707882373697 37.946730368768833 133.64962900596819  0.92852918461979694 60.451058359590661 37.94819536742434 133.6425158221904  0.9285928019212758 60.450082713627538 37.950394349657323 133.63184042790351  0.92868818435226852 60.449757288012705 37.951127553495098 133.62828120945122  0.928719971241457 60.449431629198614 37.951861018022463 133.62472099264338  0.92875175087732531 60.449105736425459 37.95259474397821 133.62115977661989  0.92878352325094904 60.448779609226335 37.953328732100985 133.61759756017673  0.92881528837756588 60.448453246589537 37.954062983129496 133.61403434275701  0.9288470462263162 60.448126648330607 37.954797497802097 133.6104701228021  0.92887879683884533 60.44779981322008 37.955532276857468 133.60690490005317  0.92891054016156938 60.447472741137943 37.956267321033678 133.6033386728266  0.92894227624547465 60.44714543097141 37.957002631069273 133.59977144076132  0.92897400504611571 60.446817882356321 37.957738207702221 133.59620320246003  0.92900572659044534 60.446490094455548 37.95847405167077 133.59263395720595  0.9290374408629144 60.446162066679946 37.959210163712868 133.58906370391301  0.92906914786659134 60.445669672562303 37.960314716150314 133.58370690191254  0.92911669746701653 60.445505486653403 37.960682954937816 133.5819211099197  0.92913254551293845 60.445341240502614 37.961051261022561 133.58013506558399  0.92914839175484132 60.445176934084415 37.961419634498149 133.5783487687066  0.92916423614191834 60.44501256718106 37.961788075458088 133.57656221933405  0.92918007878318098 60.444848139944959 37.962156583996148 133.57477541705049  0.92919591949298685 60.444683651939521 37.962525160205523 133.57298836215884  0.92921175852762805 60.444519103514089 37.962893804180318 133.57120105402754  0.92922759559321377 60.444354494132767 37.963262516013444 133.56941349304728  0.92924343097025486 60.444189824102608 37.96363129579909 133.56762567866713  0.92925926443443763 60.444025093054123 37.964000143630287 133.56583761106384  0.92927509613408876 60.443860301071872 37.964369059600912 133.56404928994667  0.92929092598888452 60.443695447989469 37.964738043804331 133.56226071527007  0.92930675403230212 60.443448078738903 37.965291617885399 133.55957749554346  0.92933049336555762 60.443365608433389 37.965476156518172 133.55868304077302  0.92933840601869555 60.443283122835496 37.965660712244237 133.55778852257103  0.92934631823057079 60.443200621905717 37.965845285075368 133.556893940885  0.92935422995024386 60.443118105690438 37.966029875023331 133.55599929579301  0.92936214128893835 60.443035574086721 37.96621448209995 133.55510458709858  0.92937005205593737 60.442953027207501 37.966399106316878 133.55420981507129  0.92937796251719029 60.442870464901986 37.966583747686087 133.55331497932741  0.9293858723653845 60.442787887294529 37.966768406219117 133.55242008024749  0.92939378189708211 60.442705294262836 37.966953081927961 133.55152511746249  0.92940169087271718 60.442622685874689 37.967137774824224 133.55063009121966  0.9294095994532332 60.442540062072879 37.967322484919791 133.549735001344  0.92941750755013497 60.442457422869062 37.967507212226373 133.54883984789799  0.92942541520159905 60.442333441459112 37.967784327841684 133.54749702802005  0.92943727599316528 60.442292110820198 37.967876703233266 133.54704940930125  0.92944122947400298 60.442250776321771 37.967969082932044 133.54660177467676  0.92944518285336231 60.442209437975208 37.968061466939368 133.54615412414833  0.92944913608446877 60.442168095750134 37.968153855256965 133.54570645771253  0.92945308927236159 60.442126749697692 37.968246247885894 133.54525877536133  0.92945704223205083 60.442085399740165 37.968338644828243 133.5448110771126  0.92946099522856507 60.442044045966327 37.968431046084717 133.54436336292866  0.92946494794762735 60.442002688288106 37.968523451657617 133.54391563285523  0.92946890070013233 60.441961326772386 37.968615861547683 133.54346788684035  0.92947285322903828 60.441919961373863 37.968708275756939 133.54302012492457  0.9294768057111128 60.441878592114357 37.968800694286529 133.54257234707691  0.92948075804669217 60.441837218982513 37.968893117138087 133.54212455331134  0.92948471028030355 60.441775153611523 37.969031757605769 133.5414528402012  0.92949063845602586 60.441754464273728 37.969077971979353 133.54122893280345  0.92949261448485154 60.441733773971819 37.969124187433941 133.54100502141864  0.92949459049183547 60.441713082693681 37.969170403969812 133.54078110606633  0.92949656645268153 60.441692390459032 37.969216621586966 133.54055718670494  0.92949854241904994 60.441671697245155 37.969262840285893 133.54033326340291  0.92950051830544533 60.441651003066461 37.969309060066337 133.54010933606637  0.92950249422732578 60.441630307925642 37.969355280929037 133.53988540480171  0.92950447005446202 60.441609611800999 37.969401502873581 133.53966146950631  0.92950644591085774 60.441588914724576 37.969447725900693 133.53943753026314  0.92950842169667014 60.441568216664756 37.969493950010161 133.53921358701479  0.92951039747937458 60.441547517644018 37.969540175202404 133.53898963979398  0.92951237322143654 60.441526817650086 37.9695864014775 133.53876568858473  0.92951434893931761 60.441495766238795 37.969655742441063 133.53842975615404  0.92951731247221536 60.441485415548705 37.969678856317216 133.53831777791754  0.92951830030842408 60.441475064612092 37.969701970464165 133.53820579869142  0.929519288141892 60.441464713444653 37.969725084881922 133.53809381845267  0.92952027595736231 60.441454362010248 37.969748199570525 133.53798183724976  0.92952126378520195 60.441444010373942 37.969771314529964 133.53786985500176  0.9295222515787237 60.441433658439863 37.969794429760313 133.5377578718188  0.92952323939576176 60.441423306325539 37.969817545261549 133.53764588757622  0.92952422717737293 60.441412953910174 37.969840661033722 133.53753390239248  0.92952521497350959 60.441402601297334 37.969863777076839 133.53742191617232  0.92952620274878794 60.44139224841377 37.969886893390928 133.53730992898022  0.92952719052420785 60.44138189530107 37.969910009976026 133.53719794077995  0.92952817828931711 60.441371541941173 37.969933126832132 133.53708595158761  0.9295291660484738 60.441350834759241 37.969979361037318 133.53686197144643  0.92953114155185346 60.441342243889437 37.969991317756829 133.53682793615624  0.92953159825677845 60.441318931720936 37.970096129452259 133.53614562430386  0.92953647140115114 60.441354302080256 37.969832430838942 133.53803464277638  0.9295238256650652 60.441245901214273 37.97046668997551 133.53366242210811  0.92955384346633707 60.441367628172323 37.969673624101226 133.53923360811996  0.92951609925789092 60.441263348202902 37.970267455620281 133.53515642068427  0.92954411762650568 60.441230740862146 37.970439951628798 133.53399362373332  0.92955225854606571 60.441366402094175 37.969563078904443 133.54014623603658  0.92951054948320289 60.441161744558308 37.970763031634291 133.53186124683742  0.92956725508313276 60.441305015689878 37.969870725068468 133.53809316023583  0.92952498525784244 60.441216378153115 37.970351687206183 133.5348161611353  0.92954755742115336 60.441228662708916 37.970245342949902 133.53559642051331  0.92954245921730017 60.44121830602856 37.970268463519837 133.53548441763056  0.92954344688446 
49.701362915674373 38.049782238383557 133.19552357495402  1 49.701357984849864 38.049710616249207 133.20127924069035  1.0000000000000164 49.701353474433169 38.049639510105145 133.20703305492464  0.99999999999995881 49.701349383725685 38.049568918964134 133.21278501912991  0.99999999999993361 49.701345712059378 38.049498841837718 133.21853513484166  1.0000000000006073 49.701342458690618 38.049429277740344 133.22428340345294  0.99999999999817746 49.701339623026954 38.049360225680871 133.23002982661814  1.0000000000034877 49.701337204226235 38.049291684677122 133.23577440559555  0.9999999999951914 49.701335201790442 38.049223653734842 133.24151714214534  1.0000000000050251 49.701333614824158 38.04915613187346 133.24725803749371  0.99999999999594025 49.701332442816316 38.049089118099388 133.25299709334368  1.0000000000025266 49.701331684946062 38.049022611429379 133.2587343110427  0.99999999999882871 49.701331340598372 38.048956610873411 133.26446969215721  1.0000000000003604 49.701331409047874 38.048891115445031 133.2702032381446  0.99999999999996414 49.701355432685823 38.045642187594403 133.55673271456192  1.0000000000002485 49.702365204876358 38.043664921998158 133.83312975373036  0.99999999999904898 49.704286839484965 38.042786303069136 134.10530063213858  1.0000000000024125 49.707056975587321 38.042912645744707 134.37341700550249  0.99999999999553113 49.710622418778478 38.043963408462922 134.63764800729018  1.0000000000063052 49.714939301508565 38.04586999742169 134.89816063519095  0.99999999999303879 49.719972244063044 38.04857457084811 135.15512013691816  1.0000000000060902 49.725693514674873 38.05202884325309 135.40869039717546  0.99999999999579525 49.732082190639119 38.056192889703667 135.65903432295235  1.0000000000022231 49.739123318429442 38.061033950077331 135.90631423082613  0.99999999999918321 49.746807074673157 38.066525233332015 136.15069223223202  1.0000000000001237 49.755127926489607 38.07264472176427 136.39233062047151  1.000000000000087 49.764083792232775 38.079373975275253 136.63139225646978  0.99999999999990918 49.778470906909178 38.090358415810542 136.98636530468784  1.0000000000001192 49.783426295882336 38.094169068677303 137.10408662905388  0.99999999999914924 49.788541645102484 38.098127270894636 137.22122525761546  1.0000000000025582 49.793817640576762 38.1022317602648 137.33780167729327  0.99999999999481115 49.799255378174188 38.106481635720023 137.45383653267984  1.0000000000078824 49.804856363567531 38.110876357343521 137.56935062608824  0.99999999999059286 49.810622512358691 38.115415746333447 137.6843649174433  1.0000000000090381 49.81655614986245 38.120099985054765 137.79890052446484  0.99999999999294076 49.822660011410669 38.124929616975919 137.91297872241958  1.0000000000044644 49.828937241999022 38.129905546734754 138.02662094439864  0.99999999999777389 49.83539139662836 38.135029040080013 138.13984878105796  1.0000000000008036 49.842026440029102 38.140301723915385 138.25268398082218  0.99999999999986167 49.848846746847016 38.145725586271674 138.36514844975045  0.99999999999994171 49.859362278885754 38.15409167134608 138.53332215253951  1.0000000000001226 49.862914974431114 38.156918718448487 138.58929294157346  0.99999999999904965 49.866516040939743 38.159784650039875 138.64517935363992  1.0000000000029132 49.870166019165445 38.162689673864826 138.70098420588434  0.99999999999399491 49.873865499619718 38.165634040186305 138.75671032802876  1.0000000000093399 49.877615251246411 38.16861817109239 138.81236053728705  0.9999999999884337 49.881416191154131 38.171642629088801 138.86793764418067  1.0000000000117533 49.885269273480247 38.174708002017759 138.92344447370064  0.99999999999003741 49.8891753696835 38.177814781510712 138.97888388895595  1.0000000000071032 49.893135219857975 38.18096331198948 139.03425880114219  0.99999999999572342 49.897149526719716 38.184153887421772 139.08957215319174  1.0000000000021834 49.901219271381059 38.18738707287411 139.14482686118981  0.99999999999904965 49.905346323979998 38.190664328024013 139.20002570028777  1.0000000000003544 49.913722528885273 38.197313691414379 139.31031653969939  0.99999999999941769 49.917971354284838 38.200685428312489 139.36540856971072  1.0000000000033766 49.922283298275332 38.204106212240504 139.42044991252931  0.99999999999006273 49.926660867397118 38.207578102020385 139.47544324364537  1.0000000000206557 49.931106678938605 38.211103223467831 139.53039121146298  0.9999999999668594 49.935623461230215 38.214683769393773 139.58529643742517  1.0000000000425924 49.940214053177698 38.218321999603269 139.64016151584516  0.99999999995535382 49.944881404874202 38.222020240895539 139.69498901409207  1.0000000000384466 49.949628576925889 38.225780887065341 139.74978147242436  0.9999999999728848 49.954458741081893 38.229606398900344 139.80454140410939  1.0000000000153899 49.959375179733833 38.233499304184441 139.85927129535838  0.99999999999327649 49.964381286252703 38.237462197694477 139.9139736053485  1.0000000000019997 49.969480564799419 38.241497741202863 139.96865076622404  0.99999999999980027 49.99779804040044 38.263901411569101 140.26650595738678  1.000000000000002 50.022830426819226 38.283687453566642 140.50925762934239  1.0000000000010441 50.050101440869362 38.305196016706383 140.75162717848079  0.99999999999608236 50.079952042178071 38.32867995155037 140.99362300693957  1.0000000000091218 50.11278341921826 38.354423556706017 141.23520260800336  0.99999999998425948 50.149082296971805 38.382748640733425 141.47627215600949  1.0000000000213336 50.189434098824115 38.414019027384569 141.71668165646275  0.99999999997668643 50.23453343404455 38.448643710203108 141.95621929488803  1.0000000000207916 50.285201375898851 38.487078862822777 142.19460862417992  0.99999999998486644 50.342419003349328 38.529828910733031 142.43151222773128  1.0000000000088536 50.407386670645892 38.577446871101273 142.66654549927372  0.99999999999600986 50.481618477372763 38.630534166274792 142.89930417607314  1.0000000000012355 50.567081404659419 38.68974011753162 143.12940926627098  0.9999999999998529 50.742319842974062 38.806241793058504 143.53026465161196  0.99999999999995948 50.826291430015175 38.860664286313906 143.70211758427942  1.0000000000006599 50.91928420850121 38.919217225215469 143.87150715641357  0.99999999999798161 51.022208827754191 38.981890109051669 144.03751735896986  1.000000000003912 51.135954440349678 39.048533367829343 144.19911792034762  0.99999999999433942 51.261366625525291 39.118821512367809 144.35529280723006  1.0000000000065614 51.399170885444093 39.192184408581042 144.50513434699428  0.99999999999369138 51.549862232397352 39.267754548231672 144.64791287274457  1.0000000000050981 51.713585533317008 39.344361233489174 144.78312747929303  0.9999999999965562 51.890035436205324 39.420585638935528 144.91053915996764  1.0000000000018945 52.078408849470875 39.494873759795574 145.03018328256397  0.99999999999919986 52.277447103766555 39.565687301205131 145.14235404409558  1.0000000000002185 52.485609073624659 39.631655608824204 145.24754923164852  0.99999999999999534 52.889088213486154 39.743866834820722 145.43228349857094  0.99999999999994593 53.082530502144564 39.791563987664816 145.51338865926326  1.0000000000004738 53.280974288269427 39.8339926798078 145.5900935097628  0.99999999999839584 53.48109219370685 39.870481993813428 145.66229247538314  1.0000000000036591 53.696716238567952 39.902655573176702 145.73541714950994  0.9999999999937611 53.890241794338166 39.923643185744467 145.79664580353315  1.0000000000082652 54.120622507835449 39.944620769187786 145.86874921251442  0.99999999999133549 54.317602472657917 39.951297456856146 145.92557672510802  1.0000000000072868 54.542670079847454 39.956500829158657 145.99155625741795  0.99999999999503997 54.75259246187823 39.950970518556161 146.05034007168609  1.0000000000027385 54.96952028948769 39.939620442028236 146.11117250955161  0.99999999999878841 55.183917011926113 39.920436474883445 146.1706878925535  1.0000000000004099 55.397937055146798 39.894048792141923 146.23007024954686  0.99999999999990807 55.803457173442304 39.829950893294168 146.34272245271302  1.0000000000000937 55.995223826142848 39.793544897757755 146.39605776019647  0.9999999999995427 56.185705743823313 39.751261954023079 146.44921889971761  1.0000000000012121 56.374677296064135 39.703166000548116 146.50218884937976  0.99999999999778888 56.561964236920282 39.649327027086308 146.55488321668065  1.0000000000029448 56.7474268215745 39.589819972818731 146.60714063816386  0.9999999999970981 56.930951903576947 39.524719556003724 146.65871786913434  1.0000000000020843 57.112450444007109 39.454093306588803 146.70928797651374  0.99999999999902101 57.29185685705685 39.377995069526001 146.75844002636734  1.0000000000001388 57.469126625106355 39.296461251147306 146.80567868458976  1.0000000000002041 57.644228607070204 39.209512075962216 146.85042212002486  0.99999999999981615 57.817128472528083 39.117160125939805 146.89199662678672  1.0000000000000631 57.987759687030866 39.019428430496895 146.92962636009304  1.0000000000000058 58.250645094291123 38.858389173836606 146.98086959137785  0.99999999999997058 58.344546018500004 38.798716033276001 146.99779006051739  1.0000000000002667 58.437651429770305 38.737377260577901 147.01301646400918  0.99999999999907219 58.52993527777349 38.674382540134793 147.02639910618188  1.0000000000021345 58.621327035447969 38.609790267180649 147.03767447541802  0.99999999999637756 58.711787557658226 38.543595515611976 147.04686774828235  1.0000000000047533 58.801168008247579 38.475957826136231 147.05339537548141  0.99999999999506517 58.889346965674079 38.40693114225602 147.05744193493103  1.0000000000040976 58.976051431961594 38.336755996664316 147.05870270177519  0.99999999999726086 59.060881962964245 38.265870902939575 147.05650748222843  1.0000000000014895 59.143651206260536 38.19445616066416 147.05177120327028  0.99999999999932565 59.224308268735136 38.12282553341646 147.04344946482485  1.0000000000002653 59.304281700984959 38.049722041649567 147.03195513237054  0.99999999999990585 59.418220142229181 37.942095475122365 147.00934783478911  1.0000000000000779 59.450029917564407 37.911690457417556 147.00240197499926  0.99999999999945843 59.482141397890103 37.880626703458219 146.99471601632331  1.0000000000016567 59.514571985102201 37.848869675116241 146.98623494233078  0.99999999999650768 59.547325466350998 37.816396650516324 146.97690122590416  1.000000000005584 59.580393460925393 37.783196084124235 146.96665492472744  0.99999999999289835 59.613756867608615 37.749266966876426 146.95543377719068  1.0000000000073583 59.647387311346705 37.714618186235221 146.94317329765346  0.99999999999371814 59.681248590764909 37.679267886353664 146.92980687255994  1.0000000000044216 59.715298124785797 37.643242828105663 146.91526585556596  0.99999999999746625 59.749488400069545 37.606577749255365 146.89947966366793  1.0000000000011442 59.783768417805675 37.569314724505091 146.88237587245169  0.99999999999962152 59.818085140939701 37.531502525632376 146.86388031200033  1.0000000000000726 59.886684741379256 37.454889437512762 146.82395401278154  0.99999999999993527 59.920966865673606 37.416088187552582 146.80252584826817  1.0000000000002325 59.955163575519919 37.376866872580443 146.77952325387764  0.9999999999995155 59.989255350964392 37.337227481839577 146.75500077855463  1.0000000000006433 60.023111154821564 37.297351385953291 146.72863310456472  0.99999999999961808 60.056689651169371 37.257284170527107 146.70044784533096  0.99999999999956779 60.08997716260555 37.217033514938962 146.67056294250554  1.0000000000014528 60.122903461006075 37.176701633865271 146.63887060323714  0.99999999999787637 60.155386908560807 37.136414474344789 146.60522424620933  1.0000000000021374 60.187400053365359 37.096218715585216 146.56968885508169  0.99999999999837652 60.218919970042251 37.056159679515801 146.53233716223133  1.0000000000009559 60.249859052654614 37.016389810875779 146.49298275488513  0.99999999999956357 60.28020663031532 36.976945960928639 146.45174490442236  1.0000000000001517 60.369331494948995 36.859892373279777 146.32227095918279  0.99999999999957878 60.426201713760648 36.783555106590448 146.22831231986231  1.0000000000021672 60.480216769373804 36.709573349264055 146.12672755355334  0.99999999999383293 60.531127068096367 36.638622877082284 146.01769890114252  1.0000000000125926 60.578746798699065 36.571350699031889 145.90156933627836  0.99999999998003331 60.622956018094598 36.508336310437556 145.77883414540986  1.0000000000254019 60.663700249817126 36.45006168997115 145.65012904834686  0.99999999997369149 60.700987598964382 36.396890042023998 145.51621485763312  1.0000000000223099 60.734883378611087 36.3490532823254 145.37795867879936  0.99999999998453537 60.765502253590292 36.306648269368182 145.23631164936114  1.0000000000086606 60.792997895583639 36.269641778998917 145.09228321844901  0.99999999999619882 60.817550154933684 36.237884224499624 144.94691196564659  1.0000000000012061 60.839349744991111 36.211132120417673 144.80123295994593  0.99999999999979883 60.868657827681638 36.177523034481553 144.58026244056776  1.0000000000000506 60.878007893754983 36.167283584964558 144.50466283190835  0.99999999999994515 60.886691527934957 36.158275851016739 144.42935826396254  1.0000000000001892 60.894761057175295 36.150426262309345 144.35427624880529  0.99999999999919886 60.902261115114271 36.143671549395492 144.27935537859412  1.0000000000022324 60.909229508647421 36.137957523387769 144.20454432455008  0.99999999999570111 60.915698086418729 36.133237855379981 144.12980083703255  1.0000000000060905 60.921693604487537 36.129472856237633 144.05509074401812  0.99999999999337352 60.927238595536508 36.126628255942094 143.98038695156575  1.0000000000056579 60.932352234272201 36.124673983393791 143.90566844215465  0.99999999999619149 60.937051206345394 36.123582945812402 143.83091927498666  1.000000000001998 60.941350574477212 36.123329808438484 143.75612758473096  0.99999999999921518 60.945264646479707 36.12388977404499 143.68128458131699  1.0000000000002089 60.952351037904037 36.126584951049871 143.53148251696723  0.99999999999973599 60.955521590056946 36.128722905374929 143.45652395777685  1.0000000000014198 60.958335958244703 36.1316200811996 143.38150101326332  0.9999999999957917 60.960784246941905 36.135298974025254 143.30641385511282  1.0000000000089468 60.962931386246744 36.139623910463442 143.23125441386574  0.99999999998533795 60.964709163014021 36.144737846644347 143.15603066649564  1.0000000000191602 60.966152490885555 36.150565485523522 143.08074429048526  0.9999999999796394 60.967327148562411 36.156966120794813 143.00539242397005  1.0000000000177416 60.968196151714878 36.164014884565852 142.92997995025257  0.99999999998736067 60.96874602267976 36.171736623496152 142.8545120521556  1.0000000000072256 60.969056712189477 36.179959001557982 142.77898684473348  0.99999999999684286 60.969074777616569 36.188790512407998 142.70341074904761  1.0000000000009144 60.968838729197984 36.198145454683676 142.62778519796186  0.99999999999993949 60.967366550622529 36.227770108095022 142.4007702805992  0.99999999999982148 60.965372197856539 36.249588915142176 142.24924583559198  1.0000000000014659 60.962424583730289 36.273310975601504 142.09755855566479  0.99999999999528266 60.958578752268068 36.298778920920753 141.94573137602021  1.000000000010437 60.953885524215771 36.325843855444781 141.79378890783025  0.99999999998228284 60.948391868849441 36.354365413057046 141.64175451095491  1.0000000000239939 60.942141275622177 36.384211813991605 141.48964736645081  0.99999999997357192 60.935174126061135 36.415259921432465 141.33747954944943  1.0000000000239002 60.927528065329085 36.447395298331557 141.18525310148033  0.99999999998225075 60.91923837417724 36.480512264044819 141.03295710349741  1.0000000000106983 60.910338340503571 36.514513951086222 140.88056474815454  0.99999999999492151 60.900859631250761 36.549312361827504 140.72803041275654  1.0000000000017706 60.890832664058792 36.584828425209651 140.57528673170032  0.99999999999963463 60.872813794787838 36.646619355818018 140.31378650917952  1.000000000000238 60.865080295298661 36.672571582580488 140.20517732924404  0.99999999999901656 60.857096647655176 36.698820921637854 140.09640227318974  1.0000000000025624 60.848873507325649 36.725339764007543 139.98744922590097  0.99999999999499478 60.840422018121465 36.752100703843752 139.87830581339711  1.000000000007828 60.831753812310581 36.779076538426075 139.76895940280642  0.99999999998996236 60.822881010464556 36.806240268164061 139.65939710241895  1.0000000000105991 60.813816221619703 36.833565096612872 139.5496057615959  0.99999999999077915 60.804572543146577 36.86102443042688 139.43957197089898  1.0000000000065983 60.7951635608269 36.888591879435815 139.32928206193694  0.99999999999612221 60.785603348825312 36.916241256553683 139.21872210751675  1.0000000000018683 60.775906469692821 36.943946577863528 139.10787792152038  0.99999999999926514 60.766087974364922 36.971682062554997 138.99673505898718  1.0000000000002336 60.751201116074895 37.013292168163289 138.82955069461076  0.99999999999979172 60.746212586166607 37.027163043445441 138.77374383034768  1.0000000000013982 60.741199813233116 37.041031504344787 138.71785622254649  0.99999999999559963 60.736164879683436 37.054894249563702 138.66188580648591  1.0000000000096867 60.731109950058041 37.068747930982553 138.60583045344725  0.99999999998362676 60.726037270030787 37.082589153629414 138.54968797073965  1.0000000000220262 60.720949167993673 37.096414475737532 138.49345610164809  0.99999999997601841 60.715848052970763 37.110220408653483 138.43713252552064  1.0000000000212781 60.710736416922956 37.124003416961123 138.38071485764829  0.99999999998460154 60.705616832597329 37.137759918340286 138.32420064940166  1.0000000000090279 60.700491955225957 37.151486283702411 138.26758738810193  0.99999999999579692 60.695364521391518 37.165178837081768 138.2108724971221  1.0000000000014815 60.690237349663541 37.178833855707346 138.1540533358214  0.99999999999965339 60.679989330943357 37.206061284221988 138.04020106333778  1.000000000000399 60.674867445096737 37.219635253418055 137.9831683972493  0.99999999999801192 60.669759136242646 37.233153006927857 137.9260229359071  1.0000000000056797 60.664639681927177 37.246652026399914 137.8687735811298  0.99999999998811107 60.659557574223811 37.260060571234703 137.81139824119441  1.0000000000197076 60.654489735785205 37.273414439146656 137.75390558897064  0.9999999999733431 60.649422875995583 37.286734050538655 137.69629944457574  1.0000000000296512 60.644374220618339 37.299994153407113 137.638570534563  0.99999999997290889 60.639344331582116 37.313195041377554 137.58071708749182  1.0000000000202132 60.634321287223699 37.326355395155595 137.52274230737262  0.99999999998787004 60.62931300393447 37.339463669488367 137.46464040279483  1.0000000000056415 60.624317658826115 37.352523793423053 137.40641036443867  0.99999999999815647 60.619333973586421 37.365538172997034 137.34805025810053  1.0000000000002807 60.594474989777211 37.430383590399664 137.05558716998905  0.99999999999931244 60.574775198677926 37.48153809945692 136.81949611467471  1.0000000000026372 60.555241368250336 37.532051487111708 136.58114309714514  0.9999999999930822 60.535839434352638 37.582017152586985 136.3403566667522  1.0000000000137381 60.516523411922719 37.631541381715991 136.09693450060578  0.99999999997835765 60.497234959894691 37.680744199783703 135.85064300703817  1.0000000000276605 60.47790180445233 37.729760886226352 135.60121733338488  0.99999999997101074 60.458435018453194 37.77874415132932 135.34836177556713  1.0000000000250355 60.438725159943758 37.82786697482824 135.09175059226212  0.99999999998219991 60.418637266393937 37.877326106418423 134.83102922112775  1.0000000000103173 60.398004707996101 37.927346228268092 134.56581589894114  0.99999999999525446 60.376621897177664 37.978184779370252 134.29570368459494  1.0000000000016227 60.354235856404394 38.030137441914533 134.02026288536419  0.99999999999966116 60.329934787569755 38.084900587749864 133.73190216495311  1.0000000000000062 60.329332084709634 38.086257823799308 133.72475671635604  1.0000000000000364 60.328728529163605 38.087616003358193 133.7176075331185  0.99999999999968858 60.32812411562017 38.088975132109411 133.7104546078387  1.00000000000109 60.32751883892039 38.090335215732871 133.70329793293092  0.99999999999755296 60.326912693603724 38.091696259914102 133.69613750116659  1.0000000000039435 60.326305674696314 38.093058270329962 133.68897330475389  0.99999999999522526 60.32569777656937 38.094421252668482 133.68180533663784  1.0000000000044751 60.325088994336454 38.095785212605549 133.67463358895611  0.99999999999668621 60.324479322400201 38.097150155828224 133.66745805458919  1.00000000000197 60.323868755737145 38.098516088014868 133.6602787258457  0.99999999999903966 60.323257288936375 38.099883014849539 133.65309559539855  1.0000000000003963 60.322644916802389 38.101250942013209 133.64590865573328  0.99999999999985523 60.321724992664514 38.103304341775676 133.63512252124693  1.0000000000001437 60.321418123579917 38.103989059904926 133.63152618890416  0.99999999999905964 60.321111026093384 38.104674030305866 133.6279289014135  1.0000000000028579 60.320803699548016 38.105359253708855 133.62433065791097  0.99999999999387046 60.320496143202938 38.106044730843031 133.62073145728024  1.0000000000102391 60.320188356458871 38.106730462440147 133.61713129888685  0.9999999999861412 60.31988033852047 38.107416449227372 133.61353018134304  1.0000000000153573 60.31957208881937 38.108102691938647 133.60992810424656  0.99999999998612166 60.319263606564782 38.108789191299437 133.60632506610509  1.0000000000100973 60.318954891152011 38.109475948044143 133.60272106644871  0.99999999999426692 60.318645941842938 38.110162962899295 133.59911610399658  1.000000000002341 60.318336757981001 38.110850236597166 133.59551017800717  0.99999999999950828 60.318027338867985 38.111537769866601 133.59190328744313  0.99999999999985878 60.317562856299922 38.112569460223824 133.58649150337371  1.0000000000003457 60.317407969790992 38.11291342208748 133.58468733397427  0.99999999999728217 60.317253024205122 38.113257449121875 133.58288292309166  1.0000000000085028 60.317098019466016 38.113601541418639 133.5810782705764  0.99999999998183942 60.316942955459325 38.113945699072232 133.57927337637747  1.0000000000294575 60.316787832148385 38.11428992217165 133.57746824025645  0.99999999996220101 60.316632649368223 38.114634210814714 133.57566286227387  1.000000000039146 60.316477407128943 38.114978565087128 133.57385724208703  0.9999999999669833 60.316322105241248 38.115322985088817 133.57205137981455  1.0000000000226426 60.316166743706177 38.115667470905485 133.5702452751278  0.99999999998758071 60.316011322372688 38.116012022634841 133.5684389280639  1.0000000000051981 60.31585584119064 38.116356640366163 133.56663233840985  0.99999999999856326 60.315700300055404 38.116701324193549 133.56482550609371  1.0000000000000782 60.315466898300123 38.117218449216622 133.56211489342226  1.0000000000002003 60.315389082706666 38.117390840771534 133.5612112951695  0.99999999999810896 60.315311252088556 38.117563248885183 133.56030763619182  1.0000000000060389 60.315233406452094 38.117735673569484 133.55940391651583  0.99999999998703137 60.315155545744837 38.117908114835693 133.55850013603697  1.0000000000210496 60.315077670034668 38.118080572695767 133.55759629489603  0.99999999997304867 60.314999779186188 38.118253047161431 133.55669239285626  1.000000000027782 60.314921873352283 38.118425538243564 133.55578843016625  0.99999999997674871 60.314843952340794 38.118598045955274 133.55488440654943  1.0000000000157325 60.314766016307686 38.118770570306374 133.55398032220859  0.99999999999159683 60.314688065114801 38.118943111310209 133.55307617697855  1.0000000000033016 60.314610098829299 38.119115668977209 133.55217197092924  0.99999999999927613 60.314532117402827 38.119288243319673 133.55126770400841  0.99999999999987244 60.314415122553925 38.119547129863648 133.54991121231492  1.0000000000003675 60.31437612048726 38.119633429550071 133.54945903320092  0.99999999999695899 60.314337114624657 38.119719733409603 133.54900683885162  1.0000000000098861 60.314298105000326 38.119806041444022 133.54855462931886  0.99999999997794764 60.314259091529451 38.119892353654038 133.54810240448109  1.0000000000376572 60.314220074365359 38.119978670042627 133.54765016454678  0.9999999999487641 60.314181053270772 38.120064990608704 133.54719790921138  1.0000000000564928 60.314142028545078 38.120151315357248 133.54674563883597  0.99999999994919964 60.314102999863955 38.12023764428573 133.5462933530537  1.0000000000371716 60.314063967517946 38.120323977399309 133.54584105217074  0.99999999997819622 60.314024931285012 38.120410314696663 133.54538873596798  1.0000000000098588 60.313985891301108 38.120496656180912 133.54493640457039  0.99999999999690947 60.313946847496361 38.120583001852772 133.54448405791604  1.0000000000004028 60.313888276094829 38.120712526644496 133.54380551507984  1.0000000000000822 60.313868751341047 38.120755702622496 133.54357933032077  0.99999999999851774 60.313849225646322 38.120798879647481 133.54335314176387  1.0000000000048277 60.313829698975688 38.120842057721539 133.54312694936269  0.99999999998985467 60.313810171404647 38.120885236840678 133.54290075321828  1.0000000000160947 60.313790642798892 38.120928417012301 133.54267455315068  0.99999999997958511 60.313771113355671 38.120971598226355 133.5424483494254  1.0000000000212323 60.313751582831735 38.121014780495102 133.54222214171031  0.99999999998173916 60.313732051477501 38.121057963806798 133.54199593035688  1.0000000000129212 60.313712519077214 38.121101148171469 133.54176971504972  0.99999999999263567 60.313692985784215 38.121144333582563 133.54154349602481  1.0000000000032143 60.313673451509374 38.121187520044018 133.54131727313677  0.99999999999906453 60.313653916292921 38.121230707554375 133.54109104645596  1.0000000000000713 60.313624612035966 38.121295490394303 133.54075170070732  1.0000000000001035 60.313614843710148 38.12131708493672 133.54063858450405  0.99999999999902167 60.313605075156147 38.121338679741207 133.54052546735247  1.0000000000029106 60.313595306336424 38.121360274809049 133.54041234923028  0.99999999999429501 60.31358553733412 38.121381870137462 133.54029923019519  1.000000000008417 60.313575768004526 38.121403465731291 133.54018611013393  0.99999999999016254 60.31356599855323 38.121425061583871 133.54007298922386  1.0000000000093126 60.313556228736886 38.121446657702869 133.5399598672378  0.99999999999279454 60.313546458797603 38.12146825408103 133.539846744416  1.0000000000045715 60.313536688532167 38.12148985072416 133.53973362054791  0.9999999999976219 60.313526918083852 38.121511447628485 133.53962049578561  1.0000000000010054 60.313517147368664 38.121533044796031 133.5395073700397  0.99999999999966771 60.313507376426543 38.121554642226023 133.53939424335147  1.0000000000000782 60.313487834058876 38.121597837611333 133.53916798806264  0.9999999999999043 60.313479769688819 38.121609118254582 133.53914869417201  1.0000000000004656 60.313457451635315 38.121706265882445 133.53834907504555  0.99999999999878675 60.313491946829906 38.121462503461508 133.54064450726631  1.000000000002164 60.313387265728053 38.122049856451795 133.53540340865374  0.99999999999722 60.313505318223235 38.121315303175436 133.54213089356287  1.0000000000025868 60.313404695554524 38.121866439274868 133.53724516807426  0.99999999999834854 60.313373321782677 38.12202544740321 133.53586708112795  1.0000000000005396 60.313504856865841 38.121213061610604 133.54329430996791  1.0000000000001881 60.313307170020146 38.122326926872304 133.53334381815912  0.9999999999996122 60.313445865641938 38.121497605966688 133.54086649516432  1.000000000000276 60.313360515708396 38.121945509053823 133.53694394971478  0.99999999999988298 60.3133725693881 38.121846308179755 133.5379047533493  1.0000000000000273 60.313357771700716 38.121873861182948 133.53779175335427  1 

0 3
35.729639019064507 3

-9.2171450757882241 15
-9.1240241738065944 13
-4.5620120869032972 13
-2.2810060434516486 13
-1.1405030217258243 13
0 13
5.0750009584859654 13
8.9553968908404933 13
12.329748515140892 13
15.386445155699843 13
17.106628266921852 13
17.765085454089089 13
18.423542641256329 13
19.740457015590806 13
20.430554441606063 13
21.120651867621323 13
22.50084671965184 13
23.478919786327928 13
23.967956319665973 13
24.456992853004014 13
26.413138986356188 13
26.462816464816235 13
26.487655204046256 13
26.500074573661266 13
26.506284258468774 13
26.509389100872525 13
26.510941522074404 13
26.511717732675343 13
26.512493943276279 15

1 0.80000000000000016 36.881369662099765 183.44410064547955 -1 -0 -0 0 0 -1 0 -1 0 
1 188.29999999999993 55.666663019549404 127.68796243130004 1 0 0 -0 0 1 0 -1 0 
2 0 0 0 0 1 0 1 0 0 0 0 -1 6.9000000000000004
3 0 36.3388027195601 0 0 1 0 1 0 0 0 0 -1 6.0499999999999998
-0.74958585189976312
9 1 1 0 0 2 14 3 28 2 3 57.825496084306188 26.617350990379933 139.31584249190291  0.99999999999999933 57.493237196373229 26.706099958153153 139.30954621570163  1.0000000000001688 57.161512663784379 26.796288102547663 139.30328440252796  0.99999999999921063 56.83025979121409 26.887913375140787 139.2972414906759  1.0000000000022833 56.499445872631924 26.980924763868483 139.2909598678049  0.99999999999514 56.168942685713375 27.075342365436274 139.28540760012672  1.0000000000080123 55.838660466867942 27.170913269171056 139.27972636038021  0.9999999999895367 55.508560982360777 27.267626337034752 139.27404864252543  1.0000000000109983 55.178524477287183 27.365335109547114 139.26908626602952  0.99999999999064271 54.848416792065862 27.463658550980401 139.26435139420255  1.0000000000063747 54.518260286543743 27.562598751547036 139.25930473059177  0.99999999999666056 54.188073992861156 27.662291469841506 139.25480300651628  1.0000000000011811 53.857621364644174 27.762022810719245 139.25081094561727  0.99999999999989186 53.527122087027536 27.862482547464261 139.24638497961726  0.99999999999980549 52.865973797559228 28.064672711558277 139.23757942968356  1.0000000000005158 52.535358706056122 28.166420569776246 139.23312313515166  0.99999999999665101 52.204478604708967 28.269018048334015 139.22858680451648  1.0000000000100842 51.874781740845634 28.372119561709571 139.22398717953737  0.99999999997889111 51.541660286959626 28.477469561040696 139.21920268635887  1.0000000000338309 51.216548028831042 28.581322725704361 139.2144930887101  0.99999999995677569 50.878970090242383 28.690825457870666 139.20936361095875  1.000000000044946 50.557598368536411 28.796298188805615 139.20449528034965  0.99999999996157285 50.222216279476307 28.908088156974383 139.19913496422052  1.0000000000270477 49.897255979851629 29.017855083246442 139.19389503800699  0.99999999998447597 49.568651384060985 29.130230623774427 139.18836880406772  1.0000000000070746 49.242048584567179 29.243058684413789 139.18272227527299  0.99999999999759892 48.916333574068666 29.356324380067274 139.17688358194974  1.0000000000005012 48.591734598492494 29.469498567084372 139.17086796060147  1 
57.797814751979722 26.54388209429316 139.75203990079714  0.74832850791611727 57.465317344043555 26.632821006286935 139.74591509630952  0.74821545648129439 57.133410127189862 26.723225722931172 139.73988309008217  0.74806558760569875 56.801698564818004 26.815052833466687 139.73392909914145  0.74800314026191672 56.471288174027592 26.908256634562214 139.72808610261356  0.74772580588922555 56.140259126496943 27.00265591369299 139.72228368107903  0.74788065485061916 55.809984545325513 27.098198016835898 139.71656300422742  0.74790593180845633 55.480302330507975 27.194800646403152 139.71091474571998  0.74789195952679344 55.150247455415418 27.292030281480177 139.70528623003631  0.74832019862554211 54.819845453190609 27.389812640164479 139.69967452404541  0.74888006732715762 54.489624474370991 27.488397623722758 139.69410909433003  0.74921257514228501 54.159629976911155 27.587277235493019 139.68856575952142  0.74988419673986784 53.82825996004231 27.686162095453447 139.68297878655883  0.7508960764698932 53.497200931764581 27.786017391080133 139.67745070533934  0.75159585035964749 52.835457210844226 27.98685982138144 139.66646360053642  0.75298548853776193 52.50474765749329 28.087937411762045 139.66100834763699  0.75362312312421342 52.173674409197382 28.189980446799709 139.65559020052706  0.7541843220470249 51.843640643382699 28.292665669200876 139.65023763413743  0.75466133942332037 51.510156435315153 28.397746493054708 139.6448958149723  0.75501299101789621 51.184565072634861 28.501440481754447 139.63973593818383  0.75529510856144577 50.846376880578255 28.611061246898078 139.63447305463333  0.75537405681714731 50.524809242647898 28.716539634990717 139.62953164094205  0.75541859473748463 50.188576319035342 28.828837234895644 139.62446623089795  0.75522266277016414 49.863678056773651 28.938873471609735 139.6196484904124  0.75495422034699844 49.534656376423527 29.051910161656984 139.61485053687861  0.75448606260410633 49.208225032098539 29.165346732712845 139.61015543704858  0.75388052455794829 48.882822566856291 29.279352923281333 139.60552191794858  0.75311344386481505 48.55882122969674 29.39332754554999 139.60093152631762  0.75220721825224468 
57.683952067025224 26.116293628174198 139.72683063673367  0.99999999999999933 57.349659510630367 26.205555253697057 139.72066481915562  1.0000000000001688 57.015971826313546 26.296237063278038 139.7145899665133  0.99999999999921063 56.682928032666098 26.388342142212537 139.70860747985355  1.0000000000022833 56.350282277142909 26.481793406202634 139.70270562272484  0.99999999999514 56.01833136691117 26.576670369794819 139.69689788054112  1.0000000000080123 55.68676954964679 26.672620780156915 139.69115672067718  0.9999999999895367 55.355454201919052 26.769684915744033 139.68547962331678  1.0000000000109983 55.024549919989447 26.867769204131118 139.67986712051155  0.99999999999064271 54.694006581777359 26.966380346304859 139.67429272182954  1.0000000000063747 54.363515765476784 27.065511700159302 139.66874624811669  0.99999999999666056 54.032877493083468 27.165525554356901 139.66323959679775  1.0000000000011811 53.701956987730206 27.265692918128384 139.65773168306032  0.99999999999989186 53.37080543411826 27.366555542500297 139.65225147601569  0.99999999999980549 52.708060439432522 27.569646116925362 139.64134584902718  1.0000000000005158 52.376487969329915 27.671879951593162 139.63592139534427  0.99999999999665101 52.044503696700801 27.774990525952052 139.63052803614679  1.0000000000100842 51.713475414085053 27.878649201261414 139.62519284545584  0.99999999997889111 51.378555203729988 27.984693050377054 139.61985378471286  1.0000000000338309 51.052717164958061 28.088817477972594 139.61470775366942  0.99999999995677569 50.71084223293655 28.199816948447285 139.6093967650018  1.000000000044946 50.391441251408473 28.304555916772149 139.60448719614072  0.99999999996157285 50.049419093880594 28.418581521205578 139.59932419970838  1.0000000000270477 49.726383332718363 28.527566037510521 139.59451283819803  0.99999999998447597 49.393576213639349 28.641255923395782 139.58962702203746  1.0000000000070746 49.066426959553823 28.754082136447721 139.58487821125004  0.99999999999759892 48.73936042718163 28.867583912099757 139.58016612795635  1.0000000000005012 48.413870008287311 28.980796522671774 139.57548975950419  1 

0 3
9.6772741576012749 3

-0.88872965758982436 15
3.9499074212108134 13
8.7885445000114508 15

9 1 1 0 0 2 7 3 8 2 2 54.917424206192756 27.444126293944873 139.26551870792565  1 54.989893597710562 27.42257657263433 139.26646092848429  1.0000000000000024 55.061779736151806 27.399451576737707 139.27685767079359  0.99999999999998745 55.132260353422673 27.375008373299451 139.29672031482562  1.00000000000002 55.199466637027783 27.349873602906012 139.32564287779357  0.99999999999998057 55.264528146814932 27.323889246828877 139.36273188260753  1.0000000000000109 55.32523807075583 27.297899432378887 139.40680110528857  0.99999999999999689 55.39032311530859 27.269660676969607 139.45633788379916  1 
54.888250115936508 27.370498374965219 139.70088327074021  0.74884668091553563 54.906638403908261 27.365439798819274 139.69968620061621  0.74980191997709911 54.925344155353578 27.360129023678411 139.69901771569849  0.75122004650715424 54.945464661192915 27.354242306702076 139.69885744771162  0.75328010754598318 54.966501609324226 27.347922084753062 139.69922439022696  0.75593790256930526 54.992377388453171 27.340044047171205 139.70012844966695  0.759815715091956 55.021137053275709 27.331174455838429 139.70165882868824  0.76470640280924607 55.066344513496425 27.317383891565093 139.70388754951574  0.77287925186248352 
54.763359412782634 26.946737509146363 139.67551515262969  1 54.775381268421199 26.944808809154761 139.67580154121404  1.0000000000000024 54.787594495790607 26.943480850256687 139.67613189529277  0.99999999999998745 54.801022241461688 26.942739864816303 139.67652931510636  1.00000000000002 54.815386832097126 26.942568932326232 139.67698033319093  0.99999999999998057 54.834012635004925 26.94308101303951 139.67759492932032  1.0000000000000109 54.855558030549496 26.944276914168441 139.67833373477964  0.99999999999999689 54.891904867083319 26.946571448539171 139.67960960692764  1 

0 3
0.89441113915396908 3

1.0331471443716861e-06 8
0.89441217230111347 8

9 0 0 0 0 11 6 22 7 3 2 51.460030034902104 28.50549401040454 139.21784863399193  51.451229148680028 28.483706601361959 139.33467279971563  51.43235452586665 28.43003056799969 139.44495215539987  51.404281497779586 28.346597372030072 139.53635148730962  51.369735326285969 28.241426842168181 139.59838982870647  51.332530031396807 28.126194944194442 139.6255246208805  51.296458285465064 28.012829804863081 139.61865317835523  
51.337721332037127 28.544624123851705 139.21605944742291  51.334855825036122 28.521194331768701 139.33157957525449  51.322031259460793 28.466279397986682 139.44099970853307  51.299130365932399 28.379091569489454 139.5336127314269  51.268459775641681 28.266247710100167 139.59498968217824  51.235649733043545 28.145240063606966 139.62061724064338  51.204727846507346 28.029067291701995 139.61654468744621  
51.215574048904394 28.584537835853503 139.21114781689462  51.218566342188865 28.559277625522771 139.3263479549901  51.206576823756109 28.498711588697638 139.44092282782788  51.193579892642539 28.41094572077137 139.52977406542988  51.171906118775865 28.294718804895492 139.58642257547365  51.138830401351044 28.165174583214043 139.61789108163774  51.113172150621885 28.046710763357922 139.61756267582712  
51.093669453900667 28.624883024861532 139.20468144136765  51.102445425705731 28.597658676913724 139.32026753701786  51.093416145061269 28.534082402690618 139.43769663824006  51.088061324692944 28.44300814984533 139.52656458162278  51.073338846550904 28.321233026423393 139.582504498887  51.042345751584811 28.186390665956498 139.61759176855628  51.021974683201584 28.065978427417267 139.62166860821407  
50.971935620741839 28.665419293534097 139.19793252965272  50.986451704517741 28.636133624042149 139.31437863216138  50.980351856671774 28.569951219146695 139.43482502889347  50.982655413050864 28.475223061197266 139.52429335943344  50.975121342530073 28.348188728045766 139.58052689716777  50.946420253423412 28.209203986216554 139.61985652565457  50.931323685491456 28.087067272460782 139.62879731403061  
50.850214313208049 28.705975082835341 139.19197640267529  50.870473126687813 28.674556594563764 139.30955475776713  50.867515612533751 28.606187318949363 139.43300882284473  50.877441599783559 28.507722651627418 139.52344347383308  50.877247303301644 28.375912161636521 139.58072794525569  50.851240424483365 28.233856861320913 139.62474371376351  50.841410096421235 28.11015315805826 139.63885963376993  
50.728327869981442 28.746404770093726 139.18779024486767  50.754382375271746 28.712803735393084 139.30658528062682  50.755020408915343 28.642645894651352 139.43288189567741  50.772469119492307 28.540593786692032 139.52442566433248  50.779673295792861 28.404663625640403 139.58327089422423  50.756966142827615 28.260521409761989 139.63226237167311  50.752425513421251 28.135390931480138 139.651745069729  
50.606146089370412 28.786545768971564 139.18635183029517  50.638092284065792 28.750737244317815 139.30625803463317  50.64299607139386 28.679149022314327 139.43506930127285  50.667791115017749 28.573865582450537 139.52763872539211  50.682351125149751 28.434629662097137 139.58830456989369  50.663741956454928 28.289302704555283 139.64240175355266  50.664560150219543 28.162914539546929 139.66732443277857  
50.48365311415624 28.826175630469983 139.18873824887069  50.521611253476401 28.788169402649068 139.30944193852537  50.53162474182632 28.715466634223166 139.44024539914071  50.563498753059079 28.607496988006293 139.53352989912958  50.585260202462372 28.465915254377638 139.59602387447967  50.571708392497079 28.320241927147102 139.65516087087616  50.578000794346522 28.192837141027159 139.68545249363879  
50.361014316320002 28.864969142899742 139.19622463297833  50.405098666270533 28.82482660683705 139.31716961404206  50.421176365374272 28.751297490727868 139.44919198048268  50.459755339934837 28.641364367256394 139.54265526592042  50.488439912718157 28.498536024211038 139.60673028529467  50.481013266816774 28.353319520775528 139.67057802972684  50.49292876504051 28.225251218490193 139.70597062953374  
50.23864318187384 28.902455432707633 139.21038288340677  50.288920303430061 28.860313400942651 139.3307200033853  50.312044177458787 28.786250152808201 139.46285639509517  50.356830437186176 28.675249081297469 139.55574013660424  50.392021982510386 28.532410429300828 139.62089235582175  50.391822993187667 28.388458344287343 139.68876037200178  50.409517870735321 28.260228690613815 139.72870947474613  
49.995893209356666 28.973494696739245 139.25597790847709  50.058487216428652 28.927839616116067 139.37268197130101  50.097516204092592 28.853397755485336 139.50196296055478  50.153437517434192 28.742401059470332 139.59173875077337  50.200503713382034 28.602293491774024 139.6575200746405  50.216844792433591 28.462595306991123 139.73106645590346  50.246346863032812 28.335413357739792 139.7782736622699  
49.875103442058425 29.007129296910446 139.28768087901679  49.943890428870397 28.959946485945608 139.40131510357389  49.991908060736982 28.88563936212131 139.52754464090944  50.052777979563189 28.775717258963891 139.61478087611692  50.105229897049718 28.638351529405949 139.68010388053528  50.13100471264503 28.501616570401353 139.75522910112312  50.166589494894751 28.375620377595194 139.80509788294756  
49.759508598536748 29.037232879749386 139.32861748241902  49.833775180377415 28.989026770286724 139.43784304083968  49.890546269578934 28.915497211510704 139.55942845224851  49.955436075311532 28.807888788745057 139.64294786225292  50.012416092702814 28.67478773737934 139.70681711830846  50.047578127075383 28.542218144681552 139.78227364876125  50.088821616411423 28.41849671828437 139.83378672290883  
49.636588154364333 29.066624193557445 139.38574002685684  49.717726880691821 29.017411908052782 139.48802396258591  49.787047752756401 28.944427786733854 139.60149710545775  49.855496737052498 28.840586979912114 139.67981550007659  49.916536280164095 28.713394174383499 139.74085644846815  49.964883355531398 28.585142266161313 139.81337899555294  50.013198572661018 28.464078864380809 139.86415394119132  
49.542339891204847 29.083063810559512 139.45855919737335  49.625763825500471 29.034919050202245 139.55142227103389  49.700416595992039 28.965424910850899 139.65343543962348  49.770198833741162 28.866928995878403 139.72471390665717  49.833231922119069 28.747541623722391 139.78123989744032  49.888100798173618 28.627434723612961 139.84788583492832  49.939886235347551 28.51237274084469 139.8959971482418  
49.427031874780631 29.105344507486056 139.53830426122718  49.516472494561498 29.057211681368102 139.62068862083464  49.604906848002742 28.988955789836037 139.71104272908062  49.676102392372023 28.897646487073345 139.774046954168  49.741044277275883 28.787891479884742 139.8247501682128  49.810514758922174 28.673664026433116 139.88512252450622  49.868989494637596 28.563396222762616 139.9291272969233  
49.35206667240319 29.101823600422737 139.67645734644151  49.44100321909275 29.057833841557457 139.73869192546834  49.532604744267182 28.997084662687325 139.80128158897799  49.602167007659332 28.915045023361927 139.85215335434185  49.666192380876488 28.817362704006154 139.89335981114635  49.740488137101039 28.716493010713634 139.93200287846696  49.80067532525181 28.617111331933167 139.96332374006462  
49.322211340268161 29.085462523856339 139.79937585616284  49.403417709635924 29.047814579731426 139.84404234488528  49.486577597761126 28.997213082060256 139.88561158974431  49.551531847558962 28.926643351501802 139.92355036318807  49.611709023838181 28.843319074503409 139.95429490018535  49.679574345950925 28.758948965991081 139.97763011431394  49.735026539714333 28.6735043199192 139.99838815671393  
49.307934158623034 29.062072822393954 139.92982817504321  49.37909656234217 29.031870270258821 139.95566196266677  49.45135894753772 28.992216922945474 139.97609264367847  49.509812301259075 28.935430722002479 139.99917863631472  49.564200754791493 28.868798565858842 140.01742162787028  49.623310520871868 28.802142907485777 140.02521697019418  49.672165040896473 28.732519933739511 140.0341009950352  
49.314349841374977 29.032471785927889 140.05493270108164  49.37233072427609 29.010716963429182 140.06278236422682  49.427444895706294 28.980101178056717 140.06867798513855  49.479527122873655 28.941606995881738 140.07232764619147  49.528236205744285 28.896298064434959 140.07351383162171  49.572555663561872 28.846113244332827 140.07255398914214  49.612172834829437 28.794104289030269 140.07025024773981  
49.33376505817423 28.998742785632992 140.17757428472257  49.376723081877756 28.9860679580454 140.16776842684942  49.418070348050136 28.968723862293665 140.15693376409536  49.457154187999919 28.946902403313519 140.14521898926219  49.493366031198292 28.920914024700359 140.1327986212616  49.526170127984187 28.89117482549732 140.11986506999702  49.555127232650243 28.858186363853228 140.10661946271577  

0 12
0.5 10
1 12

0 7
1 7

9 1 1 0 0 2 13 3 134 2 12 57.552356733855788 26.967792027230345 137.82466442276203  1.0000000000000007 57.51709861940077 26.949023306445042 137.97387793392755  1.0000000000002216 57.481801224247661 26.930389744766241 138.12311937448604  0.99999999999900535 57.446447882893665 26.911887692330126 138.27238690726884  1.0000000000026701 57.411019524035538 26.893513311815919 138.42167766386044  0.99999999999477318 57.375494670510982 26.875262578442463 138.57098774443875  1.0000000000079985 57.339849439415815 26.857131279970538 138.72031221808317  0.99999999999016631 57.304057541909238 26.839115016706479 138.86964512228951  1.0000000000098004 57.268090283485684 26.821209201487097 139.01897946360396  0.99999999999208533 57.231916563655268 26.803409059708613 139.16830721692949  1.0000000000051199 57.195502876259383 26.785709629287535 139.31761932616266  0.99999999999742584 57.158813309210387 26.768105760701296 139.46690570370473  1.0000000000009399 57.121809544669013 26.750592116954994 139.61615523077191  0.99999999999979639 57.043463915405873 26.714041539548479 139.92904656798362  1.0000000000002163 57.002063792169423 26.695026033715344 140.09268276981737  0.99999999999900158 56.960007141697794 26.676070398986305 140.25622901037229  1.0000000000028146 56.918164798390819 26.657319067020538 140.419982123625  0.99999999999419908 56.873257778780591 26.638345371715094 140.58296425584348  1.000000000009255 56.83297021674403 26.61988484290487 140.7474749939708  0.99999999998831035 56.783271465656 26.601095174536383 140.90942044671323  1.0000000000117908 56.742831134950769 26.582384317359963 141.07413765429891  0.99999999999049649 56.692851930443503 26.56410712215888 141.23638840057995  1.0000000000060496 56.646343290201578 26.545359401688195 141.39968582652267  0.9999999999970578 56.597083194348883 26.52691571194746 141.56240441490698  1.0000000000009994 56.546974738890853 26.508451509671001 141.72503253077855  0.99999999999983857 56.444199058873977 26.471679260258256 142.04990431131094  1.0000000000000688 56.391569698679127 26.45336180195314 142.21215473367397  1.0000000000000167 56.337642325345769 26.435128748314074 142.37421644188021  0.999999999999578 56.282364490471146 26.416997111828906 142.53607976590754  1.0000000000013425 56.225682206864796 26.398985874042555 142.69773180687167  0.99999999999736655 56.167537594545493 26.381116869379973 142.8591554142306  1.0000000000036924 56.107869756654772 26.363415858036166 143.020323945125  0.99999999999610845 56.046618884454034 26.345913787829637 143.18119180604836  1.0000000000031701 55.983733592391374 26.328648245137259 143.34168077666789  0.99999999999797695 55.919181482265394 26.311665094794741 143.50166211591392  1.0000000000010132 55.852962937285206 26.295020309061389 143.66093445030072  0.99999999999960454 55.785128145483256 26.278781985575534 143.81919744445091  1.0000000000001186 55.658038690382838 26.249911889695476 144.10666931244532  0.9999999999998499 55.599299919670258 26.237143522349246 144.23619328567162  1.0000000000007889 55.539449410908254 26.224727604565366 144.36479261139255  0.99999999999789535 55.478394633387815 26.212675362806579 144.49259679613112  1.0000000000039304 55.4160416584986 26.201004408708329 144.61970568050049  0.99999999999438294 55.352277650299769 26.18973660077819 144.74621238828703  1.0000000000064 55.286969379752676 26.178897924354189 144.87221192019041  0.99999999999407618 55.219970799008841 26.168519856747107 144.99779835114691  1.0000000000044789 55.151132711817638 26.158641685330323 145.12305359307933  0.99999999999724642 55.080307576513995 26.149313245339208 145.24803068137936  1.0000000000013569 55.007342477641274 26.140597545167285 145.37273454709174  0.99999999999947997 54.932053302617106 26.13257274604716 145.4971032335323  1.000000000000145 54.776293016564637 26.118093181308183 145.74488180346768  0.9999999999998026 54.695832778460144 26.11164322744176 145.86827553625082  1.0000000000010194 54.612564136141977 26.106060475284366 145.99112401812019  0.99999999999718336 54.526236654705585 26.101484340404429 146.1131377371139  1.0000000000054976 54.436582806985271 26.098049857074315 146.23406699059822  0.99999999999182621 54.343289483266517 26.095904575960628 146.35366301645277  1.0000000000095637 54.245969457616951 26.095242159135534 146.47156724695347  0.99999999999107747 54.144138376579015 26.096318454423177 146.58726905707019  1.0000000000066527 54.037174922296849 26.099448239121244 146.70016613592884  0.99999999999608313 53.924213887429751 26.105013228600619 146.8096553677924  1.0000000000017484 53.803893985393557 26.11354435361061 146.9150758661072  0.99999999999947986 53.673854305021102 26.125973715681237 147.01521956155793  1.0000000000000431 53.45713211422752 26.153378833762936 147.15336982537525  1.0000000000000553 53.380708922391307 26.164065250389466 147.19769355575235  0.99999999999945333 53.299695480029392 26.176544187620529 147.23973499521489  1.0000000000016904 53.213846872463186 26.191101736820364 147.27855590366613  0.99999999999658451 53.123401295055395 26.207996179754321 147.31276587975881  1.0000000000050839 53.028964593862341 26.227432256476366 147.34076871343345  0.99999999999418088 52.931425499835399 26.249527335149715 147.361009724165  1.0000000000052442 52.831895385042273 26.274274117112263 147.37221009614498  0.99999999999622469 52.731666369527034 26.301504509927781 147.37357422495515  1.0000000000021789 52.632181607170487 26.330859301924693 147.36495608640809  0.99999999999901168 52.535011579247744 26.361768270868005 147.34697064209399  1.0000000000003257 52.441830224031683 26.393445360223449 147.32103629289287  0.99999999999994282 52.27622101140561 26.453022667508865 147.26099744668002  1.0000000000000333 52.202569569349897 26.480991527497515 147.22802975020591  0.99999999999991684 52.132773478917542 26.508807773490783 147.19122500362741  1.0000000000001534 52.06644635639293 26.536422225356656 147.15125725758287  0.99999999999977507 52.00333394856284 26.563771843327437 147.10870263772151  1.0000000000003104 51.943229237534837 26.590799569472942 147.06405427574569  0.99999999999960965 51.885928390522487 26.617464589930087 147.01773028655589  1.0000000000004234 51.831214882632615 26.643746555171081 146.9700746342385  0.99999999999960865 51.77885912112685 26.669647295880868 146.92135072374978  1.000000000000306 51.728620899135421 26.695193571662614 146.8717275619523  0.99999999999980194 51.680242007280498 26.720444390154981 146.82125832494711  1.0000000000001013 51.63341633126803 26.745506433821369 146.76985117430723  0.99999999999996103 51.462988673111596 26.838959422145976 146.57358442860416  1.0000000000001505 51.345995512108601 26.907724226685943 146.41993904213493  0.99999999999922529 51.228739568712378 26.980506642836364 146.25035080054326  1.000000000002226 51.108059122549079 27.059737749909509 146.05831729563374  0.99999999999541211 50.982750365217626 27.146916806600032 145.83945755982671  1.0000000000072546 50.854124311181081 27.242322836053052 145.59150882063437  0.99999999999095812 50.724303235769412 27.345389578131428 145.31477408668732  1.0000000000089933 50.595374307934954 27.454933782182152 145.01245734694282  0.99999999999282718 50.46988436182523 27.568968991434939 144.69050455998806  1.0000000000045557 50.350594903006012 27.684660675547917 144.35723154807678  0.9999999999977589 50.239207131079986 27.798928434560434 144.02264645238691  1.0000000000007954 50.136962581556922 27.909276949624914 143.69632447845296  0.99999999999983757 49.957593714662039 28.111896732253275 143.0893036664819  1.0000000000001357 49.879078299048892 28.205118390339337 142.80638468219962  0.99999999999942601 49.805172725944225 28.296672545727439 142.52501224080518  1.0000000000015483 49.734821887624967 28.387518072701717 142.24194001889776  0.99999999999689249 49.667934121892216 28.477623466898063 141.95675227351791  1.0000000000048901 49.604585175103594 28.566658525977587 141.66996996991037  0.99999999999383637 49.54476161441756 28.654306154063448 141.38215347168222  1.0000000000062585 49.488364273958453 28.740349529674447 141.0936182497469  0.99999999999490963 49.435278373144854 28.824652961134781 140.80446404399015  1.0000000000032518 49.385402996082583 28.907117837571622 140.51470188802747  0.99999999999844413 49.338618674804152 28.987658167710094 140.22434738552082  1.0000000000004872 49.294757869902512 29.066203282952319 139.93343260260585  0.99999999999996125 49.23453618291434 29.178482389340918 139.50562950947986  0.99999999999993883 49.215985226963923 29.21381059847991 139.3691632385906  1.0000000000005667 49.19781751780625 29.248758884295722 139.23261977813559  0.99999999999831957 49.181250892700689 29.282867652330658 139.09577335970383  1.0000000000032696 49.162373443005144 29.317751170437958 138.95939483765764  0.99999999999521605 49.149776469095841 29.349365217227497 138.82167057197671  1.0000000000055638 49.129783286792069 29.385030180608883 138.68571756358688  0.99999999999475708 49.118023257297089 29.415100700147562 138.54764678296607  1.0000000000039873 49.101829163174202 29.448559864063558 138.41091929275709  0.99999999999761668 49.088326286024675 29.479693858492496 138.2734147859768  1.0000000000010438 49.074596921706913 29.51115488599147 138.13608237766903  0.99999999999973921 49.06140078958952 29.542165184446606 137.99865006670942  0.99999999999996514 49.046363287031276 29.578202297497253 137.83757930965356  1.0000000000000893 49.044170924368501 29.583474687351636 137.81397732963237  0.99999999999919942 49.041989398873831 29.588739342278267 137.79037414671933  1.0000000000024043 49.039818553517648 29.593996443930333 137.76676978634964  0.99999999999524136 49.037658231173147 29.599246174003071 137.74316427388618  1.000000000007004 49.035508274884343 29.60448871411759 137.71955763482134  0.99999999999193756 49.033368527453788 29.609724246000781 137.69594989446045  1.0000000000074503 49.031238831964004 29.61495295125464 137.6723410783311  0.99999999999442868 49.029119031228745 29.620175011604555 137.64873121174185  1.0000000000033424 49.027008968276121 29.625390608673534 137.62512032018046  0.99999999999843225 49.024908485992434 29.630599924155639 137.60150842901359  1.0000000000005427 49.022817427341138 29.635803139704247 137.57789556367467  0.99999999999988476 49.020735635251917 29.641000436991412 137.55428174956785  1 
57.400331589357755 27.013270620401187 137.79818364602019  0.95193866736908761 57.366222315943268 26.994303343602528 137.94711477933146  0.95254583595471076 57.332055985354813 26.975479022114094 138.09609924294406  0.95314115843696101 57.297819024707991 26.956791638169136 138.24513403737885  0.95372659276745653 57.263495366210137 26.938235059688495 138.39421528907445  0.95430404244221956 57.229066445192743 26.919803032083301 138.54333829422421  0.954875356572499 57.194511198274917 26.901489170362726 138.69249756257668  0.95544232975331755 57.159806062232271 26.883286951715935 138.84168686115925  0.95600670226413109 57.12492497303446 26.865189708291147 138.99089925819183  0.95657015981265203 57.089839365981717 26.847190620518404 139.14012716684178  0.95713433381051427 57.054518176169395 26.829282710579655 139.28936238937467  0.95770080112280265 57.018927840156316 26.811458836388336 139.43859616114139  0.95827108425957097 56.983032298310306 26.793711685779247 139.58781919494845  0.95884665125376944 56.907084722616219 26.756663653320086 139.90050653911348  0.96006772944492813 56.866979129418212 26.737381719057165 140.063963602348  0.96071447980173519 56.826249453705614 26.718135362540696 140.22734354802864  0.96137608674053987 56.785728207899048 26.699139172411073 140.39079673094497  0.96201138269473685 56.742390961511589 26.679637510188311 140.55378967175244  0.96282244731828814 56.703101222191243 26.66137240093606 140.71751870903924  0.96319291104846294 56.655749124253667 26.641290825600876 140.87984451756262  0.96448408980084521 56.615788678966005 26.623321829466576 141.04362492582104  0.9645145702066914 56.568345390907716 26.6037066023199 141.20590964798228  0.9658486126101975 56.523076713499343 26.584923589749877 141.36881877083695  0.96636426133429554 56.475653327900375 26.565898288784524 141.53127576081008  0.96722729252290196 56.427282356538505 26.546960985141897 141.69365727599344  0.96802070325778067 56.328169712775825 26.50921192771694 142.01782470380999  0.96964578308423366 56.277456163211809 26.490405443887589 142.17961135973695  0.97046836697037109 56.225485589162815 26.47166688051394 142.34124042757279  0.97130012258760323 56.172204638346621 26.453013699347462 142.50270534796337  0.97214007121225565 56.117558955750894 26.434465640590048 142.66399401119969  0.97298714754170301 56.061490588999277 26.41604548298108 142.82508872599738  0.97384020094832513 56.003938657767883 26.397780038072899 142.98596166323154  0.97469797793505797 55.94484325913259 26.37970137502823 143.14656582392473  0.9755590860503538 55.884152579735982 26.361848272226148 143.30682158039676  0.97642193890058815 55.821833184913316 26.344267892613658 143.46659883837418  0.97728468268010282 55.757883454729118 26.327017679842037 143.62569486576604  0.97814510381169228 55.692350137530987 26.310167473270198 143.78380782967585  0.97900051802874732 55.56961769803106 26.280189417333649 144.07084279628404  0.98055336851559627 55.512876653645229 26.266910978037078 144.20020494182182  0.98125442352973336 55.455043290723886 26.253981720615027 144.32866149111601  0.98194941741178599 55.396041999883202 26.241415900375074 144.45630736375125  0.98263808673182718 55.335778409324426 26.229228773812089 144.5832536926425  0.98332071120086562 55.274132846445546 26.217438561143986 144.70961840771423  0.98399772319787615 55.210965740883196 26.206068418614279 144.83551671292648  0.98466947580548925 55.146128751043136 26.195148405776582 144.96105108120261  0.98533613738235393 55.079475419174727 26.184717430141365 145.08630042712068  0.98599767971439978 55.0108651805592 26.174825145937056 145.21130815771053  0.98665392785548434 54.940154571130869 26.165533781879144 145.33606883277966  0.9873046387691351 54.867169493615727 26.156919868320781 145.46051320323923  0.98794957669234185 54.71623289360268 26.141241930282703 145.70830948720328  0.98922752845423023 54.63829543493236 26.13418161933377 145.83164717703184  0.9898601870207635 54.557624242675359 26.127967546675656 145.95445961360531  0.99048628747387257 54.473971728733893 26.1227410346252 146.07644403935191  0.99110433814707988 54.387078156909226 26.118634212568285 146.19735254164607  0.99171320981481226 54.296640065831944 26.115788636312434 146.31694918519111  0.99231192672053248 54.202277687308566 26.11439348681559 146.43488369976566  0.99289899543378013 54.103515704029263 26.114703142203659 146.5506380989915  0.99347208195831893 53.99975567777912 26.117030352385559 146.66358815671524  0.99402829448415908 53.890182241218064 26.121747451352157 146.7731084795665  0.99456478019410544 53.773508558062062 26.129364075670381 146.87853788100978  0.9950787913486685 53.647429418287295 26.140785823989098 146.97871067219069  0.99556582644195524 53.437063235210623 26.166527034597731 147.11703922646154  0.99624014215032208 53.363008891504826 26.176609512784633 147.16133389422066  0.99645537380012106 53.284516394033787 26.18844031547075 147.20335009128391  0.99665963194327378 53.201328239616913 26.202304243353286 147.24216626172921  0.99684881023615313 53.113681821484398 26.218459798731839 147.27638612245599  0.99701636742677024 53.022177778955921 26.237113557396903 147.30440477159721  0.99715482531476329 52.927688119036986 26.258386371581018 147.32466532253187  0.99725705337455695 52.831295081429509 26.282276228327547 147.33589459990813  0.9973173365519612 52.734251649107108 26.308622572519095 147.33730658086452  0.99733222368150332 52.637954527780359 26.337076915074846 147.32876231583356  0.99730115293369714 52.543920341393367 26.367084586132847 147.31087497753231  0.99722685167647818 52.453755722701324 26.397882562402355 147.28504846814738  0.99711550735637799 52.2934325693682 26.455909629463111 147.22517476434942  0.99685263851852113 52.222161371998936 26.483171664685351 147.19229219700514  0.99670695622641192 52.154620393908218 26.510312347703902 147.15556763086337  0.99654315292067097 52.090429459786506 26.537282498350567 147.11567038862518  0.99636427343094613 52.029349478827747 26.564015406796937 147.07317676206497  0.99617296284644519 51.971187829443743 26.590450092913201 147.028581786221  0.99597151212636859 51.915750878737299 26.616542750845277 146.98230617808198  0.99576188728225123 51.86282870990896 26.642270817463128 146.93469709128792  0.99554572928133878 51.812197116353808 26.667634109854195 146.88602132786338  0.99532431115288167 51.763621900079073 26.692657486238268 146.83644963354004  0.99509843954380695 51.716850482496049 26.717399494952069 146.78603069431247  0.99486828722327392 51.671575805520447 26.74197148784069 146.73465343771446  0.99463314365799105 51.506533537979351 26.833790237755945 146.53811360537722  0.99373022018880075 51.393592939277191 26.901234711923557 146.3846023251804  0.99302790690374332 51.280430197632981 26.972652794362478 146.21521580089458  0.99224291502891082 51.163720744011229 27.050586037855119 146.02304659556506  0.99136934921683184 51.042655307592923 27.13642313459437 145.80385997315366  0.99033694825423213 50.918437000312338 27.230420165617538 145.55544918650423  0.98917475139905697 50.793136208772886 27.331997568359007 145.27822391150423  0.9878875082572689 50.668968005795037 27.439929591280098 144.97556772174178  0.98644727069499749 50.548354372562287 27.552215043572556 144.65355109688863  0.98489970281942052 50.433812878773608 27.666046964240614 144.32056257631288  0.98331922362439461 50.327154911128773 27.77840929671008 143.98657544222107  0.98168108073594373 50.229324568094711 27.886888735770981 143.66098024212425  0.98008223622638635 50.057447356746472 28.086620253119072 143.05370752795139  0.97708353851533059 49.982295665461876 28.17853091831407 142.77065609362811  0.97568460214610531 49.911675821405431 28.268760356230253 142.48930350869446  0.9742887945293619 49.844564411660954 28.358277034076774 142.2063318580536  0.97287825524076477 49.780887024834456 28.447045123594112 141.9213451277239  0.97145000901884693 49.720725942937399 28.534731352426867 141.63489854601536  0.97000630341812033 49.664067270531845 28.621021679116637 141.34757076720834  0.96855002324392692 49.610808482780868 28.705707073386886 141.0596774554374  0.96708325915951809 49.560831736572979 28.788660768288839 140.77131037590755  0.96560751101470466 49.514034107585587 28.869791646864314 140.48247361844224  0.96412440901766494 49.470293209885689 28.949019900485233 140.19317815109963  0.96263623905620122 49.429435436719281 29.02628169893217 139.90344771492653  0.9611459611119586 49.373514241541102 29.136810039461007 139.47723632558728  0.95896019647363417 49.356282490925835 29.171638761390227 139.34108577612864  0.95827148159320852 49.339573403561914 29.206114179550671 139.20491257464164  0.95751460042801084 49.32382168192666 29.239660294325905 139.06836284164595  0.9570575876399946 49.307464184050026 29.274276080516163 138.93244083834699  0.95578860012843703 49.294242887508489 29.30505576118475 138.79518137271387  0.95602134073935074 49.277553219983297 29.340677263184013 138.65938913529294  0.9543538033604505 49.265785637738674 29.370001303692558 138.52211898280137  0.95430158708981982 49.251331891534726 29.403133627377354 138.38564178008664  0.95337970884616652 49.238900190165964 29.433779951993436 138.24872217858942  0.95279249621606554 49.226346538725494 29.464794028040455 138.11187934589046  0.9521468315196433 49.214278875258657 29.495353131470342 137.97497133052883  0.95152259096068348 49.200524214055946 29.530865549332642 137.81450806324165  0.9508064466032613 49.198517594190037 29.536064364760119 137.79098042326808  0.95070190208416316 49.196520885348427 29.541255400576944 137.76745202604107  0.95059774494736526 49.194533933199601 29.546438832403663 137.74392290193217  0.95049397464588026 49.192556583336831 29.551614835911316 137.72039308124079  0.95039059068485054 49.190588681218792 29.556783586981297 137.69686259429045  0.95028759247932104 49.188630072271266 29.561945261444929 137.67333147127735  0.95018497956951176 49.18668060174646 29.567100035431352 137.64979974246847  0.95008275135236364 49.184740114888925 29.572248084973786 137.62626743798239  0.94998090736175578 49.182808456773969 29.577389586382857 137.60273458799335  0.94987944702170402 49.180885472441567 29.582524715946118 137.57920122257136  0.94977836983001307 49.17897100680603 29.587653650127933 137.55566737178563  0.94967767524351221 49.177064904707336 29.592776565458774 137.5321330656499  0.94957736273733973 
57.25290020159558 26.960923935566527 137.76070046282243  1.0000000000000007 57.219606211217474 26.942992800933954 137.90966484699049  1.0000000000002216 57.18625138199215 26.925192750257711 138.05866682998291  0.99999999999900535 57.152824421281316 26.90751909057067 138.20770555342008  1.0000000000026701 57.119311632812334 26.889966982858116 138.3567791932598  0.99999999999477318 57.085696916724494 26.872531442042042 138.50588495983487  1.0000000000079985 57.051961769485658 26.855207337009066 138.65501909779792  0.99999999999016631 57.018085284014504 26.837989390570026 138.8041768861838  1.0000000000098004 56.984044149531336 26.820872179508278 138.95335263835619  0.99999999999208533 56.949812651711689 26.803850134531725 139.10253970203934  1.0000000000051199 56.915362672551986 26.786917540312437 139.2517304593097  0.99999999999742584 56.880663690469262 26.770068535459547 139.40091632658931  1.0000000000009399 56.845682780239102 26.753297112534455 139.55008775465618  0.99999999999979639 56.771658304576633 26.718275228018591 139.86286573734938  1.0000000000002163 56.732563449619057 26.70004319855575 140.02647113804778  0.99999999999900158 56.692904152185832 26.681861565859403 140.1899456063704  1.0000000000028146 56.653402241969587 26.66390430183306 140.35349210526414  0.99999999999419908 56.611552830611018 26.645591529232771 140.51634009517792  1.000000000009255 56.572740496160328 26.628196540771398 140.68014972218072  0.99999999998831035 56.527962935073383 26.609598024299697 140.84219431364178  1.0000000000117908 56.487900729219405 26.592358171579036 141.00573530111438  0.99999999999049649 56.443084706775238 26.574199434867094 141.16795331014077  1.0000000000060496 56.398849415599322 26.556462637311345 141.3304486770086  0.9999999999970578 56.353170806528631 26.538654394865027 141.49265649754386  1.0000000000009994 56.306455534827855 26.52090761293886 141.65471077466958  0.99999999999983857 56.210729385321315 26.48553114279057 141.97848326694404  1.0000000000000688 56.161723998355185 26.467902370169714 142.1401996419211  1.0000000000000167 56.11151831606562 26.450347169514011 142.30175358508063  0.999999999999578 56.06005954673801 26.432881632718999 142.46313959734272  1.0000000000013425 56.007294495951299 26.415524252858734 142.62434437422337  0.99999999999736655 55.95316701508596 26.398296557363494 142.78534749471726  1.0000000000036924 55.897618492173649 26.381223955392223 142.94611766593968  0.99999999999610845 55.840591385500034 26.364336799688338 143.10660452364516  1.0000000000031701 55.782035799425735 26.34767166254537 143.26672598852596  0.99999999999797695 55.721919103017093 26.331272826293439 143.42635117833919  1.0000000000010132 55.660238590931158 26.315193987921393 143.58527887586612  0.99999999999960454 55.597037186995287 26.299500178141269 143.74321155266728  1.0000000000001186 55.478592201508164 26.271581725898468 144.03011440549341  0.9999999999998499 55.423742708013869 26.259204173741963 144.15963147379136  1.0000000000007889 55.367838093781046 26.247163116080145 144.28822781912515  0.99999999999789535 55.310818317056892 26.235474684314024 144.41596870088833  1.0000000000039304 55.25258888827338 26.22415213860614 144.54297762721359  0.99999999999438294 55.19302445065847 26.213210830985879 144.66939712340857  1.0000000000064 55.131980498556288 26.202671642121349 144.79536235558899  0.99999999999407618 55.06930776702405 26.192563278120147 144.92098435137879  1.0000000000044789 55.00486382832743 26.182923812904214 145.04633955936055  0.99999999999724642 54.938516428629441 26.173801862686677 145.17146248907886  1.0000000000013569 54.870133100421 26.165257778066646 145.2963381733598  0.99999999999947997 54.799551584373319 26.157365240149566 145.42089119469463  1.000000000000145 54.65349960685684 26.14306205271442 145.66904484023399  0.9999999999998026 54.578036927304787 26.136657647757566 145.79262484271069  1.0000000000010194 54.499937090745675 26.131067834733201 145.91566495522747  0.99999999999718336 54.418954668854639 26.126432150734388 146.03785256705612  1.0000000000054976 54.334839134829217 26.122877209780334 146.15894105839251  0.99999999999182621 54.247299456663988 26.120536209532315 146.27870549266348  1.0000000000095637 54.155965275608764 26.119590043428772 146.39680448461326  0.99999999999107747 54.060370413816571 26.120285810751824 146.51271633799419  1.0000000000066527 53.959938344218955 26.122927268653683 146.62579961914764  0.99999999999608313 53.853903144251476 26.127870520759593 146.73541041259449  1.0000000000017484 53.741053343843689 26.13559698859412 146.84089057661251  0.99999999999947986 53.619139966931591 26.146974462696114 146.94112339612428  1.0000000000000431 53.415379502207294 26.172379534465257 147.07974434915351  1.0000000000000553 53.34371652021418 26.18228977658984 147.12408093717141  0.99999999999945333 53.267768668371893 26.193882883346145 147.16613401852391  1.0000000000016904 53.187269333716245 26.207433607122983 147.20499489724727  0.99999999999658451 53.102457306082286 26.223186662849564 147.23925947248941  1.0000000000050839 53.013926062478632 26.241334783152645 147.26731567806186  0.99999999999418088 52.922524137674777 26.261988099472919 147.28760835694879  1.0000000000052442 52.829294058527196 26.285139705220203 147.29887400609502  0.99999999999622469 52.735437319720589 26.310632257196236 147.30033782972168  1.0000000000021789 52.642292878354546 26.338130471309434 147.29186553602966  0.99999999999901168 52.551316645112998 26.367104368842895 147.27406231550378  1.0000000000003257 52.464049449446797 26.39682812930441 147.24831143618795  0.99999999999994282 52.308775011483704 26.452831883165377 147.18852893481204  1.0000000000000333 52.239779617178449 26.479114812628207 147.15570219819369  0.99999999999991684 52.174374203480234 26.505274265190074 147.11902571572256  1.0000000000001534 52.112184409421062 26.531267866937064 147.07916311197417  0.99999999999977507 52.05298669759533 26.557031009750119 147.03668975505721  1.0000000000003104 51.996603765908489 26.58250362745256 146.99210165583588  0.99999999999960965 51.942853478952841 26.607642883873773 146.94582155046623  1.0000000000004234 51.891534041421529 26.632427118836183 146.89819959896022  0.99999999999960865 51.842428135856515 26.656856398344811 146.84950613602567  1.000000000000306 51.795308747206938 26.680955014931833 146.79991390623454  0.99999999999980194 51.749929396447655 26.704781284440756 146.74946721984739  1.0000000000001013 51.705981505739686 26.728449985249316 146.69803546188777  0.99999999999996103 51.545668298765428 26.816935052042155 146.50114186496177  1.0000000000001505 51.436273707507432 26.881719459911096 146.34778040988567  0.99999999999922529 51.32661454234087 26.950284056315763 146.1786141948381  1.000000000002226 51.213262613867144 27.025209863469239 145.98651178352304  0.99999999999541211 51.095634605947509 27.107725593292937 145.76716782151871  1.0000000000072546 50.974863169962433 27.198084445611336 145.51857431096153  0.99999999999095812 50.852897077054536 27.29575133519041 145.24113267211311  1.0000000000089933 50.73195224155463 27.399510148684218 144.93809710980528  0.99999999999282718 50.614356865301247 27.507465540878172 144.61555981131312  1.0000000000045557 50.502478569354437 27.616982756835444 144.28195202753409  0.9999999999977589 50.398276919579267 27.725040748243799 143.9472101081636  1.0000000000007954 50.302570854004941 27.829395487171997 143.62084115074339  0.99999999999983757 50.134391657522855 28.021438347642739 143.01232486991498  1.0000000000001357 50.06094659968381 28.109617625425837 142.72931646593878  0.99999999999942601 49.991895566891756 28.196151415045364 142.44809272687067  1.0000000000015483 49.92623263117828 28.281985594728496 142.16526667859239  0.99999999999689249 49.86388793757439 28.367089641486317 141.88041442205773  1.0000000000048901 49.804953077196409 28.451137923771164 141.59409494791615  0.99999999999383637 49.749428297987116 28.533820478923108 141.30690173908209  1.0000000000062585 49.697223679562981 28.614931544692642 141.01915800215775  0.99999999999490963 49.648228058001145 28.694350123021927 140.73094856348209  1.0000000000032518 49.602341140911818 28.771992863782557 140.44226265994317  0.99999999999844413 49.559445913192761 28.847785564873913 140.15310305000924  1.0000000000004872 49.519380088490884 28.921665594681713 139.86349806443303  0.99999999999996125 49.464582794627745 29.027241096953695 139.43774405818908  0.99999999999993883 49.447714821765601 29.060461438205223 139.301954559781  1.0000000000005667 49.431426670815185 29.09325757438522 139.16606691167308  0.99999999999831957 49.415769913260576 29.125530492883541 139.03006083210605  1.0000000000032696 49.400357157601952 29.157797132987429 138.89407344552436  0.99999999999521605 49.386456902425415 29.188328820483907 138.75762143765897  1.0000000000055638 49.371146556028563 29.220978916065718 138.6218359650272  0.99999999999475708 49.358969185814821 29.249779305022411 138.48492580351081  1.0000000000039873 49.345070976327492 29.281015677127836 138.34882195269824  0.99999999999761668 49.332807422860952 29.310343648169219 138.21217338415497  1.0000000000010438 49.320483193579719 29.339933312966149 138.07565799495876  0.99999999999973921 49.30861315168417 29.369116194988596 137.93906143376256  0.99999999999996514 49.295066384875369 29.403043782911684 137.77898289007251  1.0000000000000893 49.293090856047428 29.40800790380155 137.75552658879866  0.99999999999919942 49.291124574276672 29.412965103014294 137.73206940260971  1.0000000000024043 49.289167387293134 29.417915548111601 137.70861137938505  0.99999999999524136 49.287219142835518 29.422859406658869 137.68515256688505  1.000000000007004 49.285279688624634 29.427796846215884 137.66169301308628  0.99999999999193756 49.283348872410208 29.432728034348916 137.6382327656469  1.0000000000074503 49.281426541904729 29.437653138618657 137.61477187261323  0.99999999999442868 49.279512544859017 29.442572326589097 137.59131038163619  1.0000000000033424 49.277606728992552 29.447485765823238 137.5678483407041  0.99999999999843225 49.275708942044929 29.4523936238838 137.54438579756516  1.0000000000005427 49.273819031745745 29.45729606833401 137.52092280010811  0.99999999999988476 49.271936845828392 29.462193266736797 137.49745939615602  1 

0 3
22.44441542326582 3

-2.5921050115086905 14
0 12
2.8438490193646722 12
5.6876980387293443 12
8.0568749805533582 12
10.426051922377372 12
11.622301949448254 12
12.691577776409535 12
15.610656588308025 12
18.350555744345549 12
19.63226712329374 12
19.852310411757131 14

5 54.809688357083509 33.313019247482394 140.49911120473843 -0.031860637732687713 -0.050367856629690129 0.9982224094768648 0.89751788857204595 0.43804811775844543 0.050749248481721076 -0.43982557844723269 0.89753937270005835 0.03124955994479146 6.4000000000000004 0.5
2 0 52.393133537653902 0 0 1 0 1 0 0 0 0 -1 6.9000000000000004
5 54.809688357083509 33.313019247482394 140.49911120473843 -0.031860637732687713 -0.050367856629690129 0.9982224094768648 -0.78723454065887277 -0.61409543063097727 -0.056112209649665463 0.61583007214399654 -0.78762293078394163 -0.020085844429213646 6.4000000000000004 0.5
3 0 52.693667764447312 0 0 1 0 1 0 0 0 0 -1 6.9000000000000004
-0.87858536179912294
2 0 55.097941578794725 0 0 1 0 1 0 0 0 0 -1 4
3 0 62.11040687064132 0 0 1 0 1 0 0 0 0 -1 4
-0.96991668507025686
3 0 63.412721853412847 0 0 1 0 1 0 0 0 0 -1 2.1000000000000001
-0.016362841295198438
3 0 69.523584464879164 0 0 1 0 1 0 0 0 0 -1 2
-0.60989036647071537
1 0 70.525365220857253 0 0 1 0 1 0 0 0 0 -1 
Triangulations 0

TShapes 155
Ve
0.00184767254838877
119.399273392833 42.0207853626883 112.943329446625
0 0

0101101
*
Ve
0.00184767254838877
126.970451394298 35.5654758731421 139.753284625644
0 0

0101101
*
Ed
 0.00184767254838877 1 1 0
1  1 0 0 0.983942682276329
2  1 1 1 0 0.983942682276329
2  2 2 2 0 0.983942682276329
0

0101000
-155 0 +154 0 *
Ve
0.000603301034920203
120.790016586068 42.6513008557704 111.812148645451
0 0

0101101
*
Ed
 1.68008668424551e-05 1 1 0
1  2 0 0 1
2  3 3 0 0 1
2  4 1 1 0 1
0

0101000
+155 0 -152 0 *
Ve
0.000391755061781743
130.359359218774 37.8615219671931 113.369374585349
0 0

0101101
*
Ed
 0.000391755061781743 1 1 0
1  3 0 0.0523112456173543 1
2  5 1 1 0.0523112456173543 1
2  6 2 2 0.0523112456173543 1
0

0101000
+150 0 -154 0 *
Ve
0.000603301034920203
129.290586764706 38.3768199731531 112.128065335032
0 0

0101101
*
Ed
 0.000603301034920203 1 1 0
1  4 0 0.115815295994714 0.816531482790113
2  7 1 1 0.115815295994714 0.816531482790113
2  8 4 2 0.115815295994714 0.816531482790113
0

0101000
+152 0 -148 0 *
Ed
 3.18657566127415e-06 1 1 0
1  5 0 0 1
2  9 3 0 0 1
2  10 1 1 0 1
0

0101000
+150 0 -148 0 *
Wi

0101100
+153 0 +151 0 +149 0 +147 0 -146 0 *
Ve
0.00197705027185115
50.2797289379334 37.8424381797088 140.082179798819
0 0

0101101
*
Ve
0.00588800831996697
60.479973162651 36.3179400602123 140.330822366805
0 0

0101101
*
Ed
 7.51310147946421e-05 1 1 0
1  6 0 0.205893779787306 0.92243103641231
2  11 1 1 0.205893779787306 0.92243103641231
2  12 5 3 0.205893779787306 0.92243103641231
0

0101000
+144 0 -143 0 *
Ve
0.00197705027185115
49.5176971942689 38.1907525071175 140.682405358989
0 0

0101101
*
Ed
 0.00197705027185115 1 1 0
1  7 0 0 0.00411725542037884
2  13 6 0 0 0.00411725542037884
2  14 1 1 0 0.00411725542037884
0

0101000
+144 0 -141 0 *
Ve
0.00588800831996697
61.3477642363949 36.265140579051 140.77413434896
0 0

0101101
*
Ed
 0.00588800831996697 1 1 0
1  8 0 0 0.0576785976389801
2  15 7 0 0 0.0576785976389801
2  16 1 1 0 0.0576785976389801
0

0101000
+143 0 -139 0 *
Ed
 2.29028167664371e-05 1 1 0
1  9 0 0.858246971476548 22.2211059795653
2  17 8 0 0.858246971476548 22.2211059795653
2  18 1 1 0.858246971476548 22.2211059795653
4 G1 8 0 1 1
0

0101000
+141 0 -139 0 *
Wi

0101100
-142 0 +140 0 -138 0 +137 0 *
Ve
1e-07
0.8 34.4944978191568 184.761567266652
0 0

0101101
*
Ed
 1e-07 1 1 0
1  10 0 0 90
2  19 1 0 0 90
2  20 9 0 0 90
0

0101000
+135 4 -135 4 *
Ve
1e-07
188.3 53.1163283169634 127.817720910771
0 0

0101101
*
Ed
 1e-07 1 1 0
1  11 0 0 1
3  21 22C0 1 0 0 1
0

0101000
+135 4 -133 4 *
Ed
 1e-07 1 1 0
1  12 0 0 90
2  23 1 0 0 90
2  24 10 0 0 90
0

0101000
+133 4 -133 4 *
Wi

0101100
-134 1 -132 1 +131 1 +132 1 *
Ve
0.00102583425079545
61.4304802112337 33.1031230545146 149.246953304892
0 0

0101101
*
Ve
0.00102583425079545
59.0311633285776 37.8495524316796 152.663092462737
0 0

0101101
*
Ed
 0.00102583424979545 1 1 0
1  13 0 0 1
2  25 1 1 0 1
2  26 11 3 0 1
0

0101000
+129 0 -128 0 *
Ed
 0.000885584503658864 1 1 0
1  14 0 0 1
2  27 1 1 0 1
2  28 11 3 0 1
0

0101000
+128 0 -129 0 *
Wi

0101100
+127 0 +126 0 *
Ve
0.00182590127140206
127.023508670423 46.9412217124661 121.13496467293
0 0

0101101
*
Ed
 0.00182590127140206 1 1 0
1  15 0 0 1
2  29 1 1 0 1
2  30 2 2 0 1
0

0101100
+124 0 -124 0 *
Wi

0101100
+123 0 *
Ve
0.00354588397517042
130.827284510546 41.4020358519539 127.402932950058
0 0

0101101
*
Ve
0.00354587426008168
126.996669995897 46.4228626157872 137.606479356979
0 0

0101101
*
Ed
 0.00354587426008168 1 1 0
1  16 0 0 1
2  31 1 1 0 1
2  32 2 2 0 1
0

0101000
+121 0 -120 0 *
Wi

0101100
i119 0 *
Ve
0.00242041647773071
121.479880798264 35.2809626262572 148.118171025612
0 0

0101101
*
Ve
0.00242041647773071
124.944828493862 34.8912594191663 148.265674629367
0 0

0101101
*
Ed
 0.00242041647773071 1 1 0
1  17 0 0 1
2  33 1 1 0 1
2  34 12 2 0 1
0

0101000
+117 0 -116 0 *
Wi

0101100
i115 0 *
Ve
9.98534146025652e-05
54.9174242061928 27.4441262939449 139.265518707926
0 0

0101101
*
Ve
0.0001
51.4600300349021 28.5054940104045 139.217848633992
0 0

0101101
*
Ed
 1.24084060860059e-05 1 1 0
1  18 0 2.14950701578118 5.76576854673192
2  35 13 0 2.14950701578118 5.76576854673192
2  36 1 1 2.14950701578118 5.76576854673192
4 G1 13 0 1 1
0

0101000
+113 0 -112 0 *
Ve
3.79934260502416
55.3903231153086 27.2696606769696 139.456337883799
0 0

0101101
*
Ed
 5.25649663125926e-06 1 1 0
1  19 0 1.03314714437169e-06 0.894412172301113
2  37 14 0 1.03314714437169e-06 0.894412172301113
2  38 1 1 1.03314714437169e-06 0.894412172301113
4 G1 14 0 1 1
0

0101000
+113 0 -110 0 *
Ve
0.0001
49.3337650581742 28.998742785633 140.177574284723
0 0

0101101
*
Ed
 0.0001 1 1 0
1  20 0 0 1
2  39 15 0 0 1
2  40 1 1 0 1
4 G1 15 0 1 1
0

0101000
+112 0 -108 0 *
Ed
 4.6632126457711e-06 1 1 0
1  21 0 0.702220809169653 17.9626220303014
2  41 16 0 0.702220809169653 17.9626220303014
2  42 1 1 0.702220809169653 17.9626220303014
4 G1 16 0 1 1
0

0101000
+110 0 -108 0 *
Wi

0101100
-111 0 +109 0 -107 0 +106 0 *
Fa
0  1e-07 1 1

0101000
+145 0 +136 0 +130 0 +125 0 +122 0 +118 0 +114 0 +105 0 *
Ed
 1e-07 1 1 0
1  22 0 0.0144829229042655 2.66055000991325
2  43 3 0 0.0144829229042655 2.66055000991325
2  44 2 2 0.0144829229042655 2.66055000991325
4 G1 3 0 2 2
0

0101000
+155 0 -150 0 *
Wi

0101100
+153 0 +103 0 +149 0 *
Fa
0  1e-07 2 2

0101000
+102 0 *
Ed
 1e-07 1 1 0
1  23 0 -0.14353996449678 2.6121747797612
2  45 3 0 -0.14353996449678 2.6121747797612
2  46 4 2 -0.14353996449678 2.6121747797612
4 G1 3 0 4 2
0

0101000
+152 0 -148 0 *
Wi

0101100
-151 0 +103 0 -100 0 +146 0 *
Fa
0  0 3 0

0101000
+99 0 *
Wi

0101100
+147 0 -100 0 *
Fa
0  1e-07 4 2

0101000
+97 0 *
Ed
 1e-07 1 1 0
1  24 0 0.030917346348954 1.90557338608953
2  47 17 0 0.030917346348954 1.90557338608953
2  48 5 3 0.030917346348954 1.90557338608953
4 G1 17 0 5 3
0

0101000
+143 0 -144 0 *
Wi

0101100
-142 0 -95 0 *
Fa
0  1e-07 5 3

0101000
+94 0 *
Ve
0.00197705027185115
50.0349910292346 38.2932294199562 140.59800460682
0 0

0101101
*
Ed
 0.00197705027185115 1 1 0
1  25 0 0 35.7296390190645
2  49 8 0 0 35.7296390190645
2  50 6 0 0 35.7296390190645
4 G1 6 0 8 0
0

0101000
+141 0 -92 0 *
Ed
 0.00197705027185115 1 1 0
1  26 0 0 1.57100668551295
2  51 17 0 0 1.57100668551295
2  52 6 0 0 1.57100668551295
4 G1 6 0 17 0
0

0101000
+92 0 -144 0 *
Wi

0101100
+91 0 +140 0 +90 0 *
Fa
0  0.00197705027185115 6 0

0101000
+89 0 *
Ve
0.00588800831996697
60.9081804973752 36.5210243237831 140.855627132621
0 0

0101101
*
Ed
 0.00588800831996697 1 1 0
1  27 0 0 35.7296390190645
2  53 8 0 0 35.7296390190645
2  54 7 0 0 35.7296390190645
4 G1 7 0 8 0
0

0101000
+139 0 -87 0 *
Ed
 0.00588800831996697 1 1 0
1  28 0 0 1.57079650199456
2  55 17 0 0 1.57079650199456
2  56 7 0 0 1.57079650199456
4 G1 7 0 17 0
0

0101000
+87 0 -143 0 *
Wi

0101100
+86 0 +138 0 +85 0 *
Fa
0  0.00588800831996697 7 0

0101000
+84 0 *
Ed
 2.29028167664371e-05 1 1 0
1  29 0 0.858246971476548 22.2211059795653
2  57 8 0 0.858246971476548 22.2211059795653
2  58 11 3 0.858246971476548 22.2211059795653
4 G1 8 0 11 3
0

0101000
+92 0 -87 0 *
Wi

0101100
+91 0 -137 0 +82 0 -86 0 *
Fa
0  2.29028167664371e-05 8 0

0101000
+81 0 *
Wi

0101100
-134 0 *
Fa
0  1e-07 9 0

0101000
+79 0 *
Wi

0101100
+131 0 *
Fa
0  1e-07 10 0

0101000
+77 0 *
Ve
1e-07
6.9 52.3931335376539 0
0 0

0101101
*
Ed
 1e-07 1 1 0
1  30 0 9.03192138952427 52.3931335376539
3  59 60CN 11 0 9.03192138952427 52.3931335376539
0

0101000
+129 5 -75 0 *
Ed
 1e-07 1 1 0
1  31 0 0 6.28318530717959
2  61 11 0 0 6.28318530717959
2  62 18 0 0 6.28318530717959
4 C2 11 0 18 0
0

0101000
+75 0 -75 0 *
Wi

0101100
+126 0 +127 0 -74 3 -73 3 +74 3 *
Fa
0  1e-07 11 3

0101000
+72 0 *
Wi

0101100
+123 0 *
Fa
0  1e-07 2 2

0101000
+70 0 *
Ve
3.51864586990053e-05
54.7633594127826 26.9467375091464 139.67551515263
0 0

0101101
*
Ed
 5.25649663125926e-06 1 1 0
1  32 0 0 0.894411139153969
2  63 13 0 0 0.894411139153969
2  64 14 0 0 0.894411139153969
4 G1 14 0 13 0
0

0101000
+113 0 -68 0 *
Ve
0.0001
51.2964582854651 28.0128298048631 139.618653178355
0 0

0101101
*
Ed
 1.24084060860059e-05 1 1 0
1  33 0 2.14950701578118 5.76576854673192
2  65 13 0 2.14950701578118 5.76576854673192
2  66 5 3 2.14950701578118 5.76576854673192
4 G1 13 0 5 3
0

0101000
+68 0 -66 0 *
Ed
 0.0001 1 1 0
1  34 0 0 1
2  67 13 0 0 1
2  68 15 0 0 1
4 G1 15 0 13 0
0

0101000
+112 0 -66 0 *
Wi

0101100
+67 0 -111 0 +65 0 -64 0 *
Fa
0  1.24084060860059e-05 13 0

0101000
+63 0 *
Ve
3.79934260502416
54.8919048670833 26.9465714485392 139.679609606928
0 0

0101101
*
Ed
 5.25649663125926e-06 1 1 0
1  35 0 1.03314714437169e-06 0.894412172301113
2  69 19 0 1.03314714437169e-06 0.894412172301113
2  70 14 0 1.03314714437169e-06 0.894412172301113
4 G1 14 0 19 0
0

0101000
+68 0 -61 0 *
Ed
 3.79934260502416 1 1 0
1  36 0 0 0.894411139153969
2  71 16 0 0 0.894411139153969
2  72 14 0 0 0.894411139153969
4 G1 14 0 16 0
0

0101000
+110 0 -61 0 *
Wi

0101100
+67 0 -109 0 +60 0 -59 0 *
Fa
0  5.25649663125926e-06 14 0

0101000
+58 0 *
Ve
0.0001
49.5551272326502 28.8581863638532 140.106619462716
0 0

0101101
*
Ed
 0.0001 1 1 0
1  37 0 0 1
2  73 19 0 0 1
2  74 15 0 0 1
4 G1 15 0 19 0
0

0101000
+66 0 -56 0 *
Ed
 0.0001 1 1 0
1  38 0 0 1
2  75 16 0 0 1
2  76 15 0 0 1
4 G1 15 0 16 0
0

0101000
+108 0 -56 0 *
Wi

0101100
-64 0 +107 0 -55 0 +54 0 *
Fa
0  0.0001 15 0

0101000
+53 0 *
Ed
 4.6632126457711e-06 1 1 0
1  39 0 0.702220809169653 17.9626220303014
2  77 16 0 0.702220809169653 17.9626220303014
2  78 11 3 0.702220809169653 17.9626220303014
4 G1 16 0 11 3
0

0101000
+61 0 -56 0 *
Wi

0101100
+59 0 -106 0 +51 0 -54 0 *
Fa
0  4.6632126457711e-06 16 0

0101000
+50 0 *
Ed
 1e-07 1 1 0
1  40 0 0.0301754528298572 1.87986530070677
2  79 17 0 0.0301754528298572 1.87986530070677
2  80 11 3 0.0301754528298572 1.87986530070677
4 G1 17 0 11 3
0

0101000
+87 0 -92 0 *
Wi

0101100
+85 0 -48 0 +95 0 -90 0 *
Fa
0  0 17 0

0101000
+47 0 *
Wi

0101100
+82 0 +48 0 *
Fa
0  1e-07 11 3

0101000
+45 0 *
Ve
1e-07
6.9 52.6936677644473 0
0 0

0101101
*
Ed
 1e-07 1 1 0
1  41 0 0 6.28318530717959
2  81 18 0 0 6.28318530717959
2  82 20 0 0 6.28318530717959
0

0101000
+43 0 -43 0 *
Ed
 1e-07 1 1 0
1  42 0 0 0.30053422679341
3  83 84CN 18 0 0 0.30053422679341
0

0101000
+75 0 -43 0 *
Wi

0101100
+73 0 -42 0 -41 0 +41 0 *
Fa
0  1e-07 18 0

0101000
+40 0 *
Ed
 1e-07 1 1 0
1  43 0 0.322545355702097 0.897227039645595
2  85 19 0 0.322545355702097 0.897227039645595
2  86 5 3 0.322545355702097 0.897227039645595
4 G1 19 0 5 3
0

0101000
+66 0 -68 0 *
Wi

0101100
-65 0 -38 0 *
Fa
0  1e-07 5 3

0101000
+37 0 *
Ed
 1e-07 1 1 0
1  44 0 0.0406917123651298 1.18220658410091
2  87 19 0 0.0406917123651298 1.18220658410091
2  88 11 3 0.0406917123651298 1.18220658410091
4 G1 19 0 11 3
0

0101000
+56 0 -61 0 *
Wi

0101100
+38 0 -55 0 +60 0 -35 0 *
Fa
0  0 19 0

0101000
+34 0 *
Wi

0101100
+51 0 +35 0 *
Fa
0  1e-07 11 3

0101000
+32 0 *
Ve
1e-07
4 55.0979415787947 0
0 0

0101101
*
Ed
 1e-07 1 1 0
1  45 0 0 6.28318530717959
2  89 20 0 0 6.28318530717959
2  90 21 0 0 6.28318530717959
0

0101000
+30 0 -30 0 *
Ed
 1e-07 1 1 0
1  46 0 0 3.76703232987941
3  91 92CN 20 0 0 3.76703232987941
0

0101000
+43 0 -30 0 *
Wi

0101100
+42 0 -29 0 -28 0 +28 0 *
Fa
0  1e-07 20 0

0101000
+27 0 *
Ve
1e-07
4 62.1104068706413 0
0 0

0101101
*
Ed
 1e-07 1 1 0
1  47 0 0 6.28318530717959
2  93 21 0 0 6.28318530717959
2  94 22 0 0 6.28318530717959
0

0101000
+25 0 -25 0 *
Ed
 1e-07 1 1 0
1  48 0 0 7.0124652918466
3  95 96CN 21 0 0 7.0124652918466
0

0101000
+30 0 -25 0 *
Wi

0101100
+29 0 -24 0 -23 0 +23 0 *
Fa
0  1e-07 21 0

0101000
+22 0 *
Ve
1e-07
2.1 63.4127218534128 0
0 0

0101101
*
Ed
 1e-07 1 1 0
1  49 0 0 6.28318530717959
2  97 22 0 0 6.28318530717959
2  98 23 0 0 6.28318530717959
0

0101000
+20 0 -20 0 *
Ed
 1e-07 1 1 0
1  50 0 0 2.30348091252157
3  99 100CN 22 0 0 2.30348091252157
0

0101000
+25 0 -20 0 *
Wi

0101100
+24 0 -19 0 -18 0 +18 0 *
Fa
0  1e-07 22 0

0101000
+17 0 *
Ve
1e-07
2 69.5235844648792 0
0 0

0101101
*
Ed
 1e-07 1 1 0
1  51 0 0 6.28318530717959
2  101 23 0 0 6.28318530717959
2  102 24 0 0 6.28318530717959
0

0101000
+15 0 -15 0 *
Ed
 1e-07 1 1 0
1  52 0 0 6.11168077178585
3  103 104CN 23 0 0 6.11168077178585
0

0101000
+20 0 -15 0 *
Wi

0101100
+19 0 -14 0 -13 0 +13 0 *
Fa
0  1e-07 23 0

0101000
+12 0 *
Ve
1e-07
1.3 70.5253652208573 0
0 0

0101101
*
Ed
 1e-07 1 1 0
1  53 0 0 6.28318530717959
2  105 24 0 0 6.28318530717959
2  106 25 0 0 6.28318530717959
0

0101000
+10 0 -10 0 *
Ed
 1e-07 1 1 0
1  54 0 0 1.22211484036813
3  107 108CN 24 0 0 1.22211484036813
0

0101000
+15 0 -10 0 *
Wi

0101100
+14 0 -9 0 -8 0 +8 0 *
Fa
0  1e-07 24 0

0101000
+7 0 *
Wi

0101100
+9 0 *
Fa
0  1e-07 25 0

0101000
+5 0 *
Sh

0101100
-104 0 +101 0 -98 0 +96 0 +93 0 +88 0 -83 0 -80 0 +78 1 +76 1 
+71 0 +69 0 +62 0 -57 0 -52 0 -49 0 +46 0 +44 0 +39 3 +36 0 
+33 0 +31 0 +26 3 +21 3 +16 3 +11 3 +6 3 +4 3 *
So

0100000
+3 0 *
Co

1100000
+2 0 *

+1 0 