ISO-10303-21;
HEADER;
FILE_DESCRIPTION(('FreeCAD Model'),'2;1');
FILE_NAME('Open CASCADE Shape Model','2026-06-24T04:09:26',('Author'),(
    ''),'Open CASCADE STEP processor 7.9','FreeCAD','Unknown');
FILE_SCHEMA(('AUTOMOTIVE_DESIGN { 1 0 10303 214 1 1 1 1 }'));
ENDSEC;
DATA;
#1 = APPLICATION_PROTOCOL_DEFINITION('international standard',
  'automotive_design',2000,#2);
#2 = APPLICATION_CONTEXT(
  'core data for automotive mechanical design processes');
#3 = SHAPE_DEFINITION_REPRESENTATION(#4,#10);
#4 = PRODUCT_DEFINITION_SHAPE('','',#5);
#5 = PRODUCT_DEFINITION('design','',#6,#9);
#6 = PRODUCT_DEFINITION_FORMATION('','',#7);
#7 = PRODUCT('Aletta','Aletta','',(#8));
#8 = PRODUCT_CONTEXT('',#2,'mechanical');
#9 = PRODUCT_DEFINITION_CONTEXT('part definition',#2,'design');
#10 = ADVANCED_BREP_SHAPE_REPRESENTATION('',(#11,#15),#6850);
#11 = AXIS2_PLACEMENT_3D('',#12,#13,#14);
#12 = CARTESIAN_POINT('',(0.,0.,0.));
#13 = DIRECTION('',(0.,0.,1.));
#14 = DIRECTION('',(1.,0.,-0.));
#15 = MANIFOLD_SOLID_BREP('',#16);
#16 = CLOSED_SHELL('',(#17,#3718,#3735,#3753,#3763,#3779,#3882,#4160,
    #5634,#5643,#5652,#5678,#5687,#5827,#5876,#6073,#6619,#6637,#6647,
    #6672,#6688,#6706,#6716,#6741,#6766,#6791,#6816,#6841));
#17 = ADVANCED_FACE('',(#18,#329,#783,#1009,#1199,#1271),#1485,.F.);
#18 = FACE_BOUND('',#19,.F.);
#19 = EDGE_LOOP('',(#20,#127,#174,#229,#276));
#20 = ORIENTED_EDGE('',*,*,#21,.T.);
#21 = EDGE_CURVE('',#22,#24,#26,.T.);
#22 = VERTEX_POINT('',#23);
#23 = CARTESIAN_POINT('',(126.97045139429,35.565475873142,
    139.75328462564));
#24 = VERTEX_POINT('',#25);
#25 = CARTESIAN_POINT('',(119.39927339283,42.020785362688,
    112.94332944662));
#26 = B_SPLINE_CURVE_WITH_KNOTS('',8,(#27,#28,#29,#30,#31,#32,#33,#34,
    #35,#36,#37,#38,#39,#40,#41,#42,#43,#44,#45,#46,#47,#48,#49,#50,#51,
    #52,#53,#54,#55,#56,#57,#58,#59,#60,#61,#62,#63,#64,#65,#66,#67,#68,
    #69,#70,#71,#72,#73,#74,#75,#76,#77,#78,#79,#80,#81,#82,#83,#84,#85,
    #86,#87,#88,#89,#90,#91,#92,#93,#94,#95,#96,#97,#98,#99,#100,#101,
    #102,#103,#104,#105,#106,#107,#108,#109,#110,#111,#112,#113,#114,
    #115,#116,#117,#118,#119,#120,#121,#122,#123,#124,#125,#126),
  .UNSPECIFIED.,.F.,.F.,(9,7,7,7,7,7,7,7,7,7,7,7,7,7,9),(0.,
    0.168103841069,0.277876457439,0.354746816481,0.48980470007,
    0.639897110169,0.675798334478,0.710845541857,0.763375122825,
    0.781357403964,0.820423655847,0.8534601623,0.887589291846,
    0.945659196082,1.),.UNSPECIFIED.);
#27 = CARTESIAN_POINT('',(126.97045139429,35.565475873142,
    139.75328462564));
#28 = CARTESIAN_POINT('',(126.70317062577,35.431405458266,
    139.92509071304));
#29 = CARTESIAN_POINT('',(126.40908221825,35.301505364685,140.0784576848
    ));
#30 = CARTESIAN_POINT('',(126.09050077333,35.181854591151,
    140.21158339052));
#31 = CARTESIAN_POINT('',(125.75091697297,35.078343082736,
    140.32526629772));
#32 = CARTESIAN_POINT('',(125.39468980469,34.995656846846,
    140.42179738669));
#33 = CARTESIAN_POINT('',(125.02658032224,34.937083320519,
    140.50438327183));
#34 = CARTESIAN_POINT('',(124.65162594707,34.904452269202,140.5767538506
    ));
#35 = CARTESIAN_POINT('',(124.02837428265,34.894252659704,
    140.68527585472));
#36 = CARTESIAN_POINT('',(123.78091527726,34.901500947615,
    140.72534452969));
#37 = CARTESIAN_POINT('',(123.53323005676,34.920224683657,
    140.76362317609));
#38 = CARTESIAN_POINT('',(123.28629992051,34.950464248494,
    140.80108455846));
#39 = CARTESIAN_POINT('',(123.04104795096,34.992125643352,
    140.83860429208));
#40 = CARTESIAN_POINT('',(122.79832586076,35.045006302918,
    140.87691201036));
#41 = CARTESIAN_POINT('',(122.55890442492,35.108823585804,
    140.91655166696));
#42 = CARTESIAN_POINT('',(122.1585983192,35.235361611047,140.98677159598
    ));
#43 = CARTESIAN_POINT('',(121.99568012152,35.292686488434,
    141.01650320146));
#44 = CARTESIAN_POINT('',(121.83495056063,35.355090867627,
    141.04716526096));
#45 = CARTESIAN_POINT('',(121.67662050034,35.422449531213,141.0788191531
    ));
#46 = CARTESIAN_POINT('',(121.5208740125,35.494641751463,141.11146816341
    ));
#47 = CARTESIAN_POINT('',(121.36786837703,35.571551290326,
    141.14505748436));
#48 = CARTESIAN_POINT('',(121.2177340819,35.653066399434,141.17947421532
    ));
#49 = CARTESIAN_POINT('',(120.81202239436,35.890201666017,
    141.27616935969));
#50 = CARTESIAN_POINT('',(120.56347695378,36.054758232411,
    141.33960564734));
#51 = CARTESIAN_POINT('',(120.32437419256,36.232691509456,
    141.40413150532));
#52 = CARTESIAN_POINT('',(120.0947570377,36.424128661634,141.46825492472
    ));
#53 = CARTESIAN_POINT('',(119.87506008374,36.629190507308,
    141.52962348649));
#54 = CARTESIAN_POINT('',(119.66595822265,36.847999606622,
    141.58471506685));
#55 = CARTESIAN_POINT('',(119.46827947191,37.080887957716,141.6283123696
    ));
#56 = CARTESIAN_POINT('',(119.07705737558,37.604318477235,
    141.67993183314));
#57 = CARTESIAN_POINT('',(118.81482187167,37.99885002458,141.69566149021
    ));
#58 = CARTESIAN_POINT('',(118.51664079868,38.509491480345,141.6523736518
    ));
#59 = CARTESIAN_POINT('',(118.26305359831,39.174089530881,
    141.44198238361));
#60 = CARTESIAN_POINT('',(118.10869901559,39.912472288997,
    140.93957789106));
#61 = CARTESIAN_POINT('',(118.05350192599,40.710462076648,140.1193992761
    ));
#62 = CARTESIAN_POINT('',(118.12067341939,41.733448270215,
    139.08518819914));
#63 = CARTESIAN_POINT('',(118.70359321869,43.248792475978,
    137.56324572998));
#64 = CARTESIAN_POINT('',(118.83395513444,43.539133790623,137.2721682737
    ));
#65 = CARTESIAN_POINT('',(118.98166860242,43.823908929576,
    136.98267740012));
#66 = CARTESIAN_POINT('',(119.1457400065,44.100147835357,136.6937079147)
  );
#67 = CARTESIAN_POINT('',(119.32467500103,44.36532017283,136.40423672267
    ));
#68 = CARTESIAN_POINT('',(119.51647851083,44.617335329198,
    136.11328282908));
#69 = CARTESIAN_POINT('',(119.71865473122,44.854542414003,
    135.81990733874));
#70 = CARTESIAN_POINT('',(120.13277470045,45.291656496395,
    135.23357731637));
#71 = CARTESIAN_POINT('',(120.34460532105,45.492531055898,
    134.94094980324));
#72 = CARTESIAN_POINT('',(120.56135176541,45.677572869335,134.6447644804
    ));
#73 = CARTESIAN_POINT('',(120.78062174971,45.846476857198,
    134.34459045392));
#74 = CARTESIAN_POINT('',(120.99991745273,45.999295867725,
    134.04006658284));
#75 = CARTESIAN_POINT('',(121.21664679994,46.13637168258,133.73088253842
    ));
#76 = CARTESIAN_POINT('',(121.4282065098,46.258315089276,133.41680671244
    ));
#77 = CARTESIAN_POINT('',(121.93779258353,46.527488193428,
    132.61956769794));
#78 = CARTESIAN_POINT('',(122.22589823945,46.656657155039,
    132.13145893463));
#79 = CARTESIAN_POINT('',(122.48780315386,46.757065782074,
    131.63035538483));
#80 = CARTESIAN_POINT('',(122.71968886834,46.833618777174,
    131.11734634864));
#81 = CARTESIAN_POINT('',(122.91207922936,46.889033543241,
    130.59465600263));
#82 = CARTESIAN_POINT('',(123.04473288283,46.924440705598,
    130.06343016652));
#83 = CARTESIAN_POINT('',(123.09419224344,46.940006761955,
    129.52436981731));
#84 = CARTESIAN_POINT('',(123.04999039396,46.928497086445,
    128.79799357334));
#85 = CARTESIAN_POINT('',(123.02898284104,46.922757037151,
    128.61293998821));
#86 = CARTESIAN_POINT('',(122.99853017577,46.914095912366,
    128.42835066131));
#87 = CARTESIAN_POINT('',(122.95905109643,46.902394292919,
    128.24446185345));
#88 = CARTESIAN_POINT('',(122.91109313159,46.887529620607,128.0614722776
    ));
#89 = CARTESIAN_POINT('',(122.85533264011,46.869376198188,
    127.87954309888));
#90 = CARTESIAN_POINT('',(122.79257481117,46.847805189388,
    127.69879793458));
#91 = CARTESIAN_POINT('',(122.57424069413,46.768110534172,
    127.12941577586));
#92 = CARTESIAN_POINT('',(122.40022103457,46.698207032888,
    126.75863375108));
#93 = CARTESIAN_POINT('',(122.20788965136,46.612902798109,
    126.39181060604));
#94 = CARTESIAN_POINT('',(121.99563387978,46.506874262042,
    126.02261284398));
#95 = CARTESIAN_POINT('',(121.75593047524,46.372378507269,
    125.65741558517));
#96 = CARTESIAN_POINT('',(121.47853882316,46.197377670485,
    125.31624105618));
#97 = CARTESIAN_POINT('',(121.15499030826,45.958954848727,
    125.03075962813));
#98 = CARTESIAN_POINT('',(120.47096079074,45.318636169238,
    124.67749009133));
#99 = CARTESIAN_POINT('',(120.12825213921,44.954864293707,
    124.57501725707));
#100 = CARTESIAN_POINT('',(119.80282905677,44.521994390497,
    124.61000656476));
#101 = CARTESIAN_POINT('',(119.54583644627,44.082165016191,
    124.61172641655));
#102 = CARTESIAN_POINT('',(119.3762886295,43.693132969118,
    124.44179569311));
#103 = CARTESIAN_POINT('',(119.27406470744,43.37814187325,
    124.11646324605));
#104 = CARTESIAN_POINT('',(119.20259359657,43.130891151841,
    123.77001314298));
#105 = CARTESIAN_POINT('',(119.11849581722,42.774522368173,
    123.13830176546));
#106 = CARTESIAN_POINT('',(119.09516980698,42.635010582538,
    122.80529726176));
#107 = CARTESIAN_POINT('',(119.0845987448,42.526464842148,
    122.46570971611));
#108 = CARTESIAN_POINT('',(119.08170521378,42.440512738027,
    122.12341879494));
#109 = CARTESIAN_POINT('',(119.08298634574,42.371014643974,
    121.78075626927));
#110 = CARTESIAN_POINT('',(119.08651382111,42.314063716568,
    121.43850601471));
#111 = CARTESIAN_POINT('',(119.09193386901,42.267985895164,
    121.0959040115));
#112 = CARTESIAN_POINT('',(119.1149866418,42.174390566295,
    120.16317700307));
#113 = CARTESIAN_POINT('',(119.13479330651,42.140866068429,
    119.57544320548));
#114 = CARTESIAN_POINT('',(119.15913336337,42.138265438106,
    118.98823084288));
#115 = CARTESIAN_POINT('',(119.18097817904,42.11979993258,
    118.40001497747));
#116 = CARTESIAN_POINT('',(119.20067108406,42.084479894574,
    117.8114745991));
#117 = CARTESIAN_POINT('',(119.22164258412,42.054241919406,
    117.22355002846));
#118 = CARTESIAN_POINT('',(119.24323017427,42.027416706658,
    116.6351254235));
#119 = CARTESIAN_POINT('',(119.28660849209,41.985644967965,
    115.49553298122));
#120 = CARTESIAN_POINT('',(119.30838831966,41.970983663304,
    114.94446215111));
#121 = CARTESIAN_POINT('',(119.33110788329,41.96328002304,
    114.39302614678));
#122 = CARTESIAN_POINT('',(119.35486074391,41.965363656441,
    113.84217133864));
#123 = CARTESIAN_POINT('',(119.38040521739,41.98548070645,
    113.29212217861));
#124 = CARTESIAN_POINT('',(119.40807993122,42.025223095908,
    112.74269788429));
#125 = CARTESIAN_POINT('',(119.43722845216,42.074335744899,
    112.19411365033));
#126 = CARTESIAN_POINT('',(119.46842724764,42.13536337377,
    111.64657773209));
#127 = ORIENTED_EDGE('',*,*,#128,.T.);
#128 = EDGE_CURVE('',#24,#129,#131,.T.);
#129 = VERTEX_POINT('',#130);
#130 = CARTESIAN_POINT('',(120.79001658606,42.65130085577,
    111.81214864545));
#131 = B_SPLINE_CURVE_WITH_KNOTS('',5,(#132,#133,#134,#135,#136,#137,
    #138,#139,#140,#141,#142,#143,#144,#145,#146,#147,#148,#149,#150,
    #151,#152,#153,#154,#155,#156,#157,#158,#159,#160,#161,#162,#163,
    #164,#165,#166,#167,#168,#169,#170,#171,#172,#173),.UNSPECIFIED.,.F.
  ,.F.,(6,4,4,4,4,4,4,4,4,4,6),(0.,0.140561283326,0.279490116237,
    0.402736159327,0.486430987233,0.540790356923,0.587380136145,
    0.630818126148,0.701016653764,0.845575690153,1.),.UNSPECIFIED.);
#132 = CARTESIAN_POINT('',(119.39928194017,42.020859997485,
    112.94333085736));
#133 = CARTESIAN_POINT('',(119.40207916302,42.024409547895,
    112.88718668825));
#134 = CARTESIAN_POINT('',(119.40850183886,42.030615050434,
    112.83113818403));
#135 = CARTESIAN_POINT('',(119.41854840744,42.039355031826,
    112.77560526485));
#136 = CARTESIAN_POINT('',(119.43211747007,42.050402629797,
    112.72096208548));
#137 = CARTESIAN_POINT('',(119.46577128885,42.076413640134,
    112.61471605501));
#138 = CARTESIAN_POINT('',(119.4857801142,42.091331365344,
    112.56308029092));
#139 = CARTESIAN_POINT('',(119.50891192334,42.107974998218,
    112.51292079396));
#140 = CARTESIAN_POINT('',(119.53496328862,42.126050512496,
    112.46445458428));
#141 = CARTESIAN_POINT('',(119.58925078566,42.162339992824,
    112.37648270152));
#142 = CARTESIAN_POINT('',(119.61690843448,42.180308037996,
    112.33658289298));
#143 = CARTESIAN_POINT('',(119.6465629853,42.19899161239,112.29824404035
    ));
#144 = CARTESIAN_POINT('',(119.67807293193,42.218206573239,
    112.26153744911));
#145 = CARTESIAN_POINT('',(119.73388003878,42.25108535068,
    112.20272873419));
#146 = CARTESIAN_POINT('',(119.75724664336,42.264551628094,
    112.17972036756));
#147 = CARTESIAN_POINT('',(119.78136868508,42.278134850192,
    112.15750362509));
#148 = CARTESIAN_POINT('',(119.8062074281,42.291786575515,
    112.13609127225));
#149 = CARTESIAN_POINT('',(119.84830023866,42.314343813962,
    112.10211510287));
#150 = CARTESIAN_POINT('',(119.8651612226,42.32323572232,112.08908047824
    ));
#151 = CARTESIAN_POINT('',(119.88229889634,42.332125213952,
    112.07639229804));
#152 = CARTESIAN_POINT('',(119.89970343987,42.341000535829,
    112.06405317991));
#153 = CARTESIAN_POINT('',(119.93250275185,42.357435552401,
    112.0417912893));
#154 = CARTESIAN_POINT('',(119.94782921119,42.365001971646,
    112.03177523623));
#155 = CARTESIAN_POINT('',(119.96333866567,42.37254272548,
    112.02201890591));
#156 = CARTESIAN_POINT('',(119.97902519691,42.380051061371,
    112.0125237966));
#157 = CARTESIAN_POINT('',(120.00966799142,42.394484660318,
    111.99468352824));
#158 = CARTESIAN_POINT('',(120.02460186176,42.401415004138,
    111.98630403494));
#159 = CARTESIAN_POINT('',(120.03967987362,42.4083063052,111.97815409005
    ));
#160 = CARTESIAN_POINT('',(120.0548973404,42.415153528613,
    111.97023490298));
#161 = CARTESIAN_POINT('',(120.09505984058,42.432938352978,
    111.95012469394));
#162 = CARTESIAN_POINT('',(120.12022209217,42.443797127376,
    111.93830756703));
#163 = CARTESIAN_POINT('',(120.14571677835,42.454507784135,
    111.92710147668));
#164 = CARTESIAN_POINT('',(120.1715241805,42.46505130115,111.91651188913
    ));
#165 = CARTESIAN_POINT('',(120.25137242935,42.496741608254,
    111.88601900882));
#166 = CARTESIAN_POINT('',(120.30636172251,42.517289303346,
    111.86813255215));
#167 = CARTESIAN_POINT('',(120.36241972702,42.536899628272,
    111.85293512246));
#168 = CARTESIAN_POINT('',(120.41936309051,42.55544148766,
    111.84048574961));
#169 = CARTESIAN_POINT('',(120.53855315249,42.591376060757,
    111.82054745617));
#170 = CARTESIAN_POINT('',(120.60089614561,42.608603905547,
    111.81345513627));
#171 = CARTESIAN_POINT('',(120.66377469121,42.624378150371,
    111.80964296952));
#172 = CARTESIAN_POINT('',(120.72691582764,42.638619159187,
    111.80918853119));
#173 = CARTESIAN_POINT('',(120.79001794597,42.651305732265,
    111.81214877299));
#174 = ORIENTED_EDGE('',*,*,#175,.T.);
#175 = EDGE_CURVE('',#129,#176,#178,.T.);
#176 = VERTEX_POINT('',#177);
#177 = CARTESIAN_POINT('',(129.2905867647,38.376819973153,
    112.12806533503));
#178 = B_SPLINE_CURVE_WITH_KNOTS('',7,(#179,#180,#181,#182,#183,#184,
    #185,#186,#187,#188,#189,#190,#191,#192,#193,#194,#195,#196,#197,
    #198,#199,#200,#201,#202,#203,#204,#205,#206,#207,#208,#209,#210,
    #211,#212,#213,#214,#215,#216,#217,#218,#219,#220,#221,#222,#223,
    #224,#225,#226,#227,#228),.UNSPECIFIED.,.F.,.F.,(8,6,6,6,6,6,6,6,8),
  (0.,0.112380062414,0.24298624358,0.264567174653,0.40593236482,
    0.581110270512,0.756288218766,0.87921782038,1.),.UNSPECIFIED.);
#179 = CARTESIAN_POINT('',(119.3744523732,42.072643192967,
    111.74166955947));
#180 = CARTESIAN_POINT('',(119.553071618,42.179269196828,111.75102821357
    ));
#181 = CARTESIAN_POINT('',(119.73687318461,42.280095479866,
    111.76053523554));
#182 = CARTESIAN_POINT('',(119.92648068306,42.373979845641,
    111.77020232642));
#183 = CARTESIAN_POINT('',(120.12220198681,42.459338573928,
    111.78002114012));
#184 = CARTESIAN_POINT('',(120.32402923273,42.534146420721,
    111.78996328347));
#185 = CARTESIAN_POINT('',(120.5316388211,42.595936618228,
    111.79998031618));
#186 = CARTESIAN_POINT('',(120.99164883213,42.69510352736,
    111.82165281477));
#187 = CARTESIAN_POINT('',(121.24613861891,42.726988640108,
    111.83332443025));
#188 = CARTESIAN_POINT('',(121.50436866939,42.733640677158,
    111.84481165982));
#189 = CARTESIAN_POINT('',(121.76315436855,42.713713210738,
    111.85595532785));
#190 = CARTESIAN_POINT('',(122.0196185929,42.668328921269,
    111.86664402058));
#191 = CARTESIAN_POINT('',(122.27119171047,42.601079597363,
    111.87681408613));
#192 = CARTESIAN_POINT('',(122.55599870747,42.504302658015,
    111.88804178046));
#193 = CARTESIAN_POINT('',(122.59623097528,42.490118574207,
    111.88962071425));
#194 = CARTESIAN_POINT('',(122.63630631654,42.475490517976,
    111.89118657496));
#195 = CARTESIAN_POINT('',(122.67622325925,42.46043482014,
    111.89273952379));
#196 = CARTESIAN_POINT('',(122.71598092724,42.444967508758,
    111.89427974403));
#197 = CARTESIAN_POINT('',(122.75557904008,42.429104309133,
    111.89580744108));
#198 = CARTESIAN_POINT('',(123.05336097408,42.306457040104,
    111.90724942993));
#199 = CARTESIAN_POINT('',(123.30458990082,42.183841407092,
    111.9166375776));
#200 = CARTESIAN_POINT('',(123.54940464788,42.049139180887,
    111.92557530314));
#201 = CARTESIAN_POINT('',(123.78862372119,41.905724640929,
    111.93414545344));
#202 = CARTESIAN_POINT('',(124.023144076,41.756117313756,111.94242250028
    ));
#203 = CARTESIAN_POINT('',(124.25402532976,41.602136079374,
    111.9504783906));
#204 = CARTESIAN_POINT('',(124.76573122381,41.250248256193,
    111.96818576861));
#205 = CARTESIAN_POINT('',(125.05135114649,41.046497530686,
    111.97796792993));
#206 = CARTESIAN_POINT('',(125.33880620876,40.837505137667,
    111.98775848362));
#207 = CARTESIAN_POINT('',(125.62768537536,40.626481870825,
    111.99758375566));
#208 = CARTESIAN_POINT('',(125.9177677518,40.41613186942,112.00747144623
    ));
#209 = CARTESIAN_POINT('',(126.20879993338,40.208333044994,
    112.01743637903));
#210 = CARTESIAN_POINT('',(126.79287842318,39.800999961728,
    112.03756957372));
#211 = CARTESIAN_POINT('',(127.08576206734,39.601573226439,
    112.04773214664));
#212 = CARTESIAN_POINT('',(127.37950454715,39.407955336161,
    112.05801306069));
#213 = CARTESIAN_POINT('',(127.67400504737,39.221553805728,
    112.06842735882));
#214 = CARTESIAN_POINT('',(127.96918214239,39.04385354201,
    112.07899201135));
#215 = CARTESIAN_POINT('',(128.26506299861,38.876551248772,
    112.08973171354));
#216 = CARTESIAN_POINT('',(128.77007873077,38.612839370235,
    112.10836495714));
#217 = CARTESIAN_POINT('',(128.9810025215,38.509123075231,
    112.11623625379));
#218 = CARTESIAN_POINT('',(129.1949119945,38.411265253809,
    112.12432043179));
#219 = CARTESIAN_POINT('',(129.41192090791,38.319847239079,
    112.13263056152));
#220 = CARTESIAN_POINT('',(129.63194325782,38.235202903682,
    112.14116747139));
#221 = CARTESIAN_POINT('',(129.8546932783,38.157418659797,
    112.14991974784));
#222 = CARTESIAN_POINT('',(130.30074728089,38.016490025481,
    112.16765148299));
#223 = CARTESIAN_POINT('',(130.52416684997,37.953235552294,
    112.17663451781));
#224 = CARTESIAN_POINT('',(130.74969417858,37.896689937592,
    112.18580346963));
#225 = CARTESIAN_POINT('',(130.977104782,37.846921882196,112.19514938382
    ));
#226 = CARTESIAN_POINT('',(131.20617231355,37.803946807768,
    112.20466248579));
#227 = CARTESIAN_POINT('',(131.43664121728,37.767724774854,
    112.21433094533));
#228 = CARTESIAN_POINT('',(131.66819938065,37.738158400921,
    112.22413964104));
#229 = ORIENTED_EDGE('',*,*,#230,.F.);
#230 = EDGE_CURVE('',#231,#176,#233,.T.);
#231 = VERTEX_POINT('',#232);
#232 = CARTESIAN_POINT('',(130.35935921877,37.861521967193,
    113.36937458534));
#233 = B_SPLINE_CURVE_WITH_KNOTS('',5,(#234,#235,#236,#237,#238,#239,
    #240,#241,#242,#243,#244,#245,#246,#247,#248,#249,#250,#251,#252,
    #253,#254,#255,#256,#257,#258,#259,#260,#261,#262,#263,#264,#265,
    #266,#267,#268,#269,#270,#271,#272,#273,#274,#275),.UNSPECIFIED.,.F.
  ,.F.,(6,4,4,4,4,4,4,4,4,4,6),(0.,1.184601963209E-02,0.101333973973,
    0.217003750669,0.332173142768,0.425374758278,0.517737493566,
    0.604824003467,0.744895968796,0.874506890144,1.),.UNSPECIFIED.);
#234 = CARTESIAN_POINT('',(130.35935630813,37.8615177977,113.36937439916
    ));
#235 = CARTESIAN_POINT('',(130.3597902559,37.861920787777,
    113.36496056815));
#236 = CARTESIAN_POINT('',(130.36020337442,37.862329715302,
    113.36054492051));
#237 = CARTESIAN_POINT('',(130.36059563183,37.862744568338,
    113.35612758363));
#238 = CARTESIAN_POINT('',(130.36096699768,37.863165334836,
    113.35170868735));
#239 = CARTESIAN_POINT('',(130.36396479856,37.866815163641,
    113.31389607585));
#240 = CARTESIAN_POINT('',(130.36541832317,37.870375091297,
    113.28042230574));
#241 = CARTESIAN_POINT('',(130.365665395,37.874266620066,113.2469234638)
  );
#242 = CARTESIAN_POINT('',(130.36469900557,37.878484750812,
    113.21345765097));
#243 = CARTESIAN_POINT('',(130.35969833877,37.888892806135,
    113.13694760709));
#244 = CARTESIAN_POINT('',(130.35484930717,37.895298560473,
    113.09396511048));
#245 = CARTESIAN_POINT('',(130.34796774741,37.902231554384,
    113.05126667729));
#246 = CARTESIAN_POINT('',(130.33906808819,37.909681721862,
    113.00898229898));
#247 = CARTESIAN_POINT('',(130.31734321319,37.925562434546,
    112.92568316734));
#248 = CARTESIAN_POINT('',(130.30453505301,37.933988564141,
    112.88466309318));
#249 = CARTESIAN_POINT('',(130.28978937655,37.942908087197,
    112.8443110947));
#250 = CARTESIAN_POINT('',(130.27315443099,37.952311080629,
    112.80475162911));
#251 = CARTESIAN_POINT('',(130.23975650375,37.970179680068,
    112.73482948903));
#252 = CARTESIAN_POINT('',(130.22362300873,37.978481949979,
    112.70415159192));
#253 = CARTESIAN_POINT('',(130.20632878705,37.987088652058,
    112.67413444466));
#254 = CARTESIAN_POINT('',(130.18791410524,37.995993837863,
    112.64483786591));
#255 = CARTESIAN_POINT('',(130.1491116734,38.014305497378,
    112.58805503432));
#256 = CARTESIAN_POINT('',(130.12874300562,38.023706714966,
    112.56055471879));
#257 = CARTESIAN_POINT('',(130.1073641818,38.033388441609,
    112.53387180933));
#258 = CARTESIAN_POINT('',(130.08502451448,38.043343578279,
    112.50805648679));
#259 = CARTESIAN_POINT('',(130.03985871704,38.063200961303,
    112.45967495883));
#260 = CARTESIAN_POINT('',(130.01713312551,38.073073727165,
    112.43700731663));
#261 = CARTESIAN_POINT('',(129.99364575325,38.083175843808,112.415189767
    ));
#262 = CARTESIAN_POINT('',(129.96944369364,38.09349976336,
    112.39425657258));
#263 = CARTESIAN_POINT('',(129.90457882813,38.12098544123,
    112.34203972324));
#264 = CARTESIAN_POINT('',(129.8628595678,38.138485887929,
    112.31220739157));
#265 = CARTESIAN_POINT('',(129.81962330264,38.156502826996,
    112.28486741565));
#266 = CARTESIAN_POINT('',(129.77508346197,38.174994659858,
    112.26011732983));
#267 = CARTESIAN_POINT('',(129.68723408623,38.211414714106,
    112.21759001607));
#268 = CARTESIAN_POINT('',(129.64408056697,38.229282020536,
    112.19943003644));
#269 = CARTESIAN_POINT('',(129.60016496161,38.247473413168,
    112.18360496911));
#270 = CARTESIAN_POINT('',(129.55565499852,38.265943705747,
    112.17015235099));
#271 = CARTESIAN_POINT('',(129.46720383959,38.302746413843,
    112.14838146812));
#272 = CARTESIAN_POINT('',(129.42328904497,38.321064678823,
    112.1399138578));
#273 = CARTESIAN_POINT('',(129.37912026286,38.339550740498,
    112.13370554174));
#274 = CARTESIAN_POINT('',(129.33484062572,38.35815425134,
    112.12975966957));
#275 = CARTESIAN_POINT('',(129.29058729505,38.376820659571,
    112.12806536794));
#276 = ORIENTED_EDGE('',*,*,#277,.T.);
#277 = EDGE_CURVE('',#231,#22,#278,.T.);
#278 = B_SPLINE_CURVE_WITH_KNOTS('',7,(#279,#280,#281,#282,#283,#284,
    #285,#286,#287,#288,#289,#290,#291,#292,#293,#294,#295,#296,#297,
    #298,#299,#300,#301,#302,#303,#304,#305,#306,#307,#308,#309,#310,
    #311,#312,#313,#314,#315,#316,#317,#318,#319,#320,#321,#322,#323,
    #324,#325,#326,#327,#328),.UNSPECIFIED.,.F.,.F.,(8,6,6,6,6,6,6,6,8),
  (0.,7.436178320886E-02,0.213475812017,0.35345183815,0.507531003812,
    0.660950580175,0.743271226807,0.88344721737,1.),.UNSPECIFIED.);
#279 = CARTESIAN_POINT('',(130.48549059778,37.980251228789,
    112.07519464832));
#280 = CARTESIAN_POINT('',(130.46017386849,37.956134220728,
    112.33800391053));
#281 = CARTESIAN_POINT('',(130.43468129229,37.931964464324,
    112.60079705591));
#282 = CARTESIAN_POINT('',(130.4090435685,37.907792948667,
    112.86360152337));
#283 = CARTESIAN_POINT('',(130.3832892279,37.88366479904,113.12643786796
    ));
#284 = CARTESIAN_POINT('',(130.3574446328,37.859619276923,
    113.38931976088));
#285 = CARTESIAN_POINT('',(130.33153397697,37.835689779993,
    113.65225398947));
#286 = CARTESIAN_POINT('',(130.2570239457,37.767405747762,
    114.40722848481));
#287 = CARTESIAN_POINT('',(130.20829856817,37.723387900247,
    114.89938045014));
#288 = CARTESIAN_POINT('',(130.15952678029,37.680004840682,
    115.39166899208));
#289 = CARTESIAN_POINT('',(130.1108698844,37.637450842782,
    115.88408198329));
#290 = CARTESIAN_POINT('',(130.06256134209,37.595990515192,
    116.37661578043));
#291 = CARTESIAN_POINT('',(130.01490598238,37.55595003549,
    116.86927459245));
#292 = CARTESIAN_POINT('',(129.921292752,37.4791507942,117.857930905));
#293 = CARTESIAN_POINT('',(129.87535133766,37.442411808551,
    118.3537531302));
#294 = CARTESIAN_POINT('',(129.83062460361,37.40763872861,
    118.84999610263));
#295 = CARTESIAN_POINT('',(129.78724430227,37.374902428737,
    119.34691894493));
#296 = CARTESIAN_POINT('',(129.74525907383,37.344170200104,
    119.84458570979));
#297 = CARTESIAN_POINT('',(129.70463911088,37.31532462237,
    120.34286664385));
#298 = CARTESIAN_POINT('',(129.62198773813,37.258319555508,
    121.39024964025));
#299 = CARTESIAN_POINT('',(129.58022008084,37.230444564907,
    121.93759832604));
#300 = CARTESIAN_POINT('',(129.53994270302,37.204609863338,
    122.4879055364));
#301 = CARTESIAN_POINT('',(129.50422669036,37.184464288727,
    123.04660100288));
#302 = CARTESIAN_POINT('',(129.47338537146,37.170268726844,
    123.61882601433));
#303 = CARTESIAN_POINT('',(129.44975750998,37.164805030707,
    124.21055768443));
#304 = CARTESIAN_POINT('',(129.41830164713,37.173718590422,
    125.44231926954));
#305 = CARTESIAN_POINT('',(129.41048544902,37.188522838601,
    126.0938296987));
#306 = CARTESIAN_POINT('',(129.41197303002,37.214780677547,
    126.76034053982));
#307 = CARTESIAN_POINT('',(129.41347063654,37.241999989821,
    127.42570474452));
#308 = CARTESIAN_POINT('',(129.41743215283,37.272532871514,
    128.08226662409));
#309 = CARTESIAN_POINT('',(129.41971158268,37.301473325915,
    128.7286627375));
#310 = CARTESIAN_POINT('',(129.41899880812,37.341334511069,
    129.71566074853));
#311 = CARTESIAN_POINT('',(129.41798993572,37.354483102485,130.060120278
    ));
#312 = CARTESIAN_POINT('',(129.41575135042,37.36622224553,
    130.40437246517));
#313 = CARTESIAN_POINT('',(129.4117964585,37.375882643098,
    130.74842052781));
#314 = CARTESIAN_POINT('',(129.40562181449,37.382764187722,
    131.09227739476));
#315 = CARTESIAN_POINT('',(129.39670712108,37.386135961576,
    131.43596570588));
#316 = CARTESIAN_POINT('',(129.36375481737,37.383704180267,
    132.3645199806));
#317 = CARTESIAN_POINT('',(129.33404881739,37.36997377275,
    132.93530980653));
#318 = CARTESIAN_POINT('',(129.29361724872,37.342876011619,
    133.52526883743));
#319 = CARTESIAN_POINT('',(129.23414309347,37.293074105209,
    134.15283423312));
#320 = CARTESIAN_POINT('',(129.16097583378,37.227974257172,
    134.82086860021));
#321 = CARTESIAN_POINT('',(129.05873978243,37.129733630376,
    135.51137777945));
#322 = CARTESIAN_POINT('',(128.80589108906,36.889524837577,
    136.76123829168));
#323 = CARTESIAN_POINT('',(128.66792387879,36.759268404296,
    137.32535668856));
#324 = CARTESIAN_POINT('',(128.48448950841,36.588298576506,
    137.87812872817));
#325 = CARTESIAN_POINT('',(128.27563203863,36.409720454346,
    138.44134966615));
#326 = CARTESIAN_POINT('',(127.97350179762,36.14955914769,
    138.94344506844));
#327 = CARTESIAN_POINT('',(127.53801965622,35.850173170176,
    139.38845597391));
#328 = CARTESIAN_POINT('',(126.97045139429,35.565475873142,
    139.75328462564));
#329 = FACE_BOUND('',#330,.F.);
#330 = EDGE_LOOP('',(#331,#396,#405,#776));
#331 = ORIENTED_EDGE('',*,*,#332,.F.);
#332 = EDGE_CURVE('',#333,#335,#337,.T.);
#333 = VERTEX_POINT('',#334);
#334 = CARTESIAN_POINT('',(50.279728937933,37.842438179709,
    140.08217979881));
#335 = VERTEX_POINT('',#336);
#336 = CARTESIAN_POINT('',(60.479973162651,36.317940060212,
    140.3308223668));
#337 = B_SPLINE_CURVE_WITH_KNOTS('',8,(#338,#339,#340,#341,#342,#343,
    #344,#345,#346,#347,#348,#349,#350,#351,#352,#353,#354,#355,#356,
    #357,#358,#359,#360,#361,#362,#363,#364,#365,#366,#367,#368,#369,
    #370,#371,#372,#373,#374,#375,#376,#377,#378,#379,#380,#381,#382,
    #383,#384,#385,#386,#387,#388,#389,#390,#391,#392,#393,#394,#395),
  .UNSPECIFIED.,.F.,.F.,(9,7,7,7,7,7,7,7,9),(0.,0.189164489341,
    0.306188163038,0.453435552939,0.544378835331,0.635365828644,
    0.725764351626,0.857864468252,1.),.UNSPECIFIED.);
#338 = CARTESIAN_POINT('',(47.724828643065,39.322912926297,140.075335219
    ));
#339 = CARTESIAN_POINT('',(47.960326712182,39.079570407091,
    140.07057323168));
#340 = CARTESIAN_POINT('',(48.213707407202,38.849915008121,
    140.06707262937));
#341 = CARTESIAN_POINT('',(48.484892109249,38.638367875327,
    140.06505398294));
#342 = CARTESIAN_POINT('',(48.770813822431,38.447238770309,
    140.06453594684));
#343 = CARTESIAN_POINT('',(49.074488555475,38.28188704141,
    140.06588520375));
#344 = CARTESIAN_POINT('',(49.390183554614,38.139499142376,
    140.06877681457));
#345 = CARTESIAN_POINT('',(49.715474457156,38.018044234347,
    140.07303092885));
#346 = CARTESIAN_POINT('',(50.249280888325,37.848356810056,
    140.08150661662));
#347 = CARTESIAN_POINT('',(50.455443806056,37.789753527938,
    140.08512981751));
#348 = CARTESIAN_POINT('',(50.663212387116,37.736321918892,
    140.08906521691));
#349 = CARTESIAN_POINT('',(50.872094585121,37.686888093908,
    140.09323787842));
#350 = CARTESIAN_POINT('',(51.081669486657,37.640287081479,
    140.09757558599));
#351 = CARTESIAN_POINT('',(51.29160335722,37.595431298537,
    140.10201281092));
#352 = CARTESIAN_POINT('',(51.501657504472,37.551343464926,
    140.1064926236));
#353 = CARTESIAN_POINT('',(51.975963000199,37.451551630298,
    140.11659595794));
#354 = CARTESIAN_POINT('',(52.240156167913,37.395798354611,
    140.12221513635));
#355 = CARTESIAN_POINT('',(52.503820192076,37.338198620553,
    140.12772425812));
#356 = CARTESIAN_POINT('',(52.766556632754,37.277387060072,
    140.13304171298));
#357 = CARTESIAN_POINT('',(53.028026660546,37.212370772321,
    140.13810658702));
#358 = CARTESIAN_POINT('',(53.287965790939,37.142589570294,
    140.14288217295));
#359 = CARTESIAN_POINT('',(53.546202572467,37.067994152664,
    140.14736051084));
#360 = CARTESIAN_POINT('',(53.961088184989,36.940441471159,
    140.15416657426));
#361 = CARTESIAN_POINT('',(54.119964974884,36.889737145716,
    140.15667908814));
#362 = CARTESIAN_POINT('',(54.279238728386,36.837184267381,
    140.1591109986));
#363 = CARTESIAN_POINT('',(54.438844309374,36.783011690565,
    140.1614717741));
#364 = CARTESIAN_POINT('',(54.598724315576,36.727522081173,
    140.1637748543));
#365 = CARTESIAN_POINT('',(54.758829078575,36.671091916611,
    140.16603765004));
#366 = CARTESIAN_POINT('',(54.919116663805,36.61417148578,
    140.16828154335));
#367 = CARTESIAN_POINT('',(55.24006618926,36.500370950441,
    140.17278331317));
#368 = CARTESIAN_POINT('',(55.400388955509,36.443596188258,
    140.17503567945));
#369 = CARTESIAN_POINT('',(55.560696977125,36.387408615766,
    140.17731720327));
#370 = CARTESIAN_POINT('',(55.721156264949,36.332310474965,
    140.17965852516));
#371 = CARTESIAN_POINT('',(55.881923032845,36.278858236613,
    140.18209270922));
#372 = CARTESIAN_POINT('',(56.043143697693,36.227662600232,
    140.18465524308));
#373 = CARTESIAN_POINT('',(56.204954879396,36.179388494104,
    140.18738403795));
#374 = CARTESIAN_POINT('',(56.528960747786,36.09041032894,
    140.19323583417));
#375 = CARTESIAN_POINT('',(56.690608918664,36.049747802513,
    140.19634348782));
#376 = CARTESIAN_POINT('',(56.852415357673,36.013537079437,
    140.19968082006));
#377 = CARTESIAN_POINT('',(57.014380249633,35.982437828268,
    140.20328112204));
#378 = CARTESIAN_POINT('',(57.176516520021,35.956999802678,
    140.20717254555));
#379 = CARTESIAN_POINT('',(57.338849834972,35.937662841449,
    140.21137810296));
#380 = CARTESIAN_POINT('',(57.501418601273,35.924756868477,
    140.21591566726));
#381 = CARTESIAN_POINT('',(57.902255871525,35.909361444532,
    140.22793252487));
#382 = CARTESIAN_POINT('',(58.14042763337,35.914561311185,
    140.23579671454));
#383 = CARTESIAN_POINT('',(58.37790449215,35.933495849828,
    140.24433174262));
#384 = CARTESIAN_POINT('',(58.613695457081,35.96607710005,
    140.25350154102));
#385 = CARTESIAN_POINT('',(58.847696103238,36.010049959806,
    140.26318898985));
#386 = CARTESIAN_POINT('',(59.080882539927,36.060494237593,
    140.27317698314));
#387 = CARTESIAN_POINT('',(59.314706550544,36.111513580914,
    140.28321434252));
#388 = CARTESIAN_POINT('',(59.802528684126,36.212400863555,
    140.30387486894));
#389 = CARTESIAN_POINT('',(60.057057969222,36.262130786769,
    140.31450802533));
#390 = CARTESIAN_POINT('',(60.313789849932,36.305486038543,
    140.32488983248));
#391 = CARTESIAN_POINT('',(60.572905793449,36.339459108375,
    140.33487433075));
#392 = CARTESIAN_POINT('',(60.834228260374,36.362110115116,
    140.34435797189));
#393 = CARTESIAN_POINT('',(61.097219745295,36.372525724179,
    140.35327751552));
#394 = CARTESIAN_POINT('',(61.360995628714,36.37063476642,
    140.36160113588));
#395 = CARTESIAN_POINT('',(61.624335228054,36.357038470933,
    140.36932020855));
#396 = ORIENTED_EDGE('',*,*,#397,.T.);
#397 = EDGE_CURVE('',#333,#398,#400,.T.);
#398 = VERTEX_POINT('',#399);
#399 = CARTESIAN_POINT('',(49.517697194269,38.190752507117,
    140.68240535898));
#400 = B_SPLINE_CURVE_WITH_KNOTS('',3,(#401,#402,#403,#404),
  .UNSPECIFIED.,.F.,.F.,(4,4),(0.,4.117255420379E-03),
  .PIECEWISE_BEZIER_KNOTS.);
#401 = CARTESIAN_POINT('',(50.279728937933,37.842438141563,
    140.08217981872));
#402 = CARTESIAN_POINT('',(50.025718356712,37.942096231827,
    140.22360489724));
#403 = CARTESIAN_POINT('',(49.77170777549,38.057600817285,
    140.42136410802));
#404 = CARTESIAN_POINT('',(49.517697194269,38.19075309408,
    140.68240685702));
#405 = ORIENTED_EDGE('',*,*,#406,.T.);
#406 = EDGE_CURVE('',#398,#407,#409,.T.);
#407 = VERTEX_POINT('',#408);
#408 = CARTESIAN_POINT('',(61.347764236395,36.265140579051,
    140.77413434896));
#409 = ( BOUNDED_CURVE() B_SPLINE_CURVE(14,(#410,#411,#412,#413,#414,
    #415,#416,#417,#418,#419,#420,#421,#422,#423,#424,#425,#426,#427,
    #428,#429,#430,#431,#432,#433,#434,#435,#436,#437,#438,#439,#440,
    #441,#442,#443,#444,#445,#446,#447,#448,#449,#450,#451,#452,#453,
    #454,#455,#456,#457,#458,#459,#460,#461,#462,#463,#464,#465,#466,
    #467,#468,#469,#470,#471,#472,#473,#474,#475,#476,#477,#478,#479,
    #480,#481,#482,#483,#484,#485,#486,#487,#488,#489,#490,#491,#492,
    #493,#494,#495,#496,#497,#498,#499,#500,#501,#502,#503,#504,#505,
    #506,#507,#508,#509,#510,#511,#512,#513,#514,#515,#516,#517,#518,
    #519,#520,#521,#522,#523,#524,#525,#526,#527,#528,#529,#530,#531,
    #532,#533,#534,#535,#536,#537,#538,#539,#540,#541,#542,#543,#544,
    #545,#546,#547,#548,#549,#550,#551,#552,#553,#554,#555,#556,#557,
    #558,#559,#560,#561,#562,#563,#564,#565,#566,#567,#568,#569,#570,
    #571,#572,#573,#574,#575,#576,#577,#578,#579,#580,#581,#582,#583,
    #584,#585,#586,#587,#588,#589,#590,#591,#592,#593,#594,#595,#596,
    #597,#598,#599,#600,#601,#602,#603,#604,#605,#606,#607,#608,#609,
    #610,#611,#612,#613,#614,#615,#616,#617,#618,#619,#620,#621,#622,
    #623,#624,#625,#626,#627,#628,#629,#630,#631,#632,#633,#634,#635,
    #636,#637,#638,#639,#640,#641,#642,#643,#644,#645,#646,#647,#648,
    #649,#650,#651,#652,#653,#654,#655,#656,#657,#658,#659,#660,#661,
    #662,#663,#664,#665,#666,#667,#668,#669,#670,#671,#672,#673,#674,
    #675,#676,#677,#678,#679,#680,#681,#682,#683,#684,#685,#686,#687,
    #688,#689,#690,#691,#692,#693,#694,#695,#696,#697,#698,#699,#700,
    #701,#702,#703,#704,#705,#706,#707,#708,#709,#710,#711,#712,#713,
    #714,#715,#716,#717,#718,#719,#720,#721,#722,#723,#724,#725,#726,
    #727,#728,#729,#730,#731,#732,#733,#734,#735,#736,#737,#738,#739,
    #740,#741,#742,#743,#744,#745,#746,#747,#748,#749,#750,#751,#752,
    #753,#754,#755,#756,#757,#758,#759,#760,#761,#762,#763,#764,#765,
    #766,#767,#768,#769,#770,#771,#772,#773,#774,#775),.UNSPECIFIED.,.F.
,.F.) B_SPLINE_CURVE_WITH_KNOTS((15,13,13,13,13,13,13,13,13,13,13,13,13,
    13,13,13,13,13,13,13,13,13,13,13,13,13,13,13,15),(-9.217145075788,
    -9.124024173807,-4.562012086903,-2.281006043452,-1.140503021726,0.,
    5.075000958486,8.95539689084,12.329748515141,15.3864451557,
    17.106628266922,17.765085454089,18.423542641256,19.740457015591,
    20.430554441606,21.120651867621,22.500846719652,23.478919786328,
    23.967956319666,24.456992853004,26.413138986356,26.462816464816,
    26.487655204046,26.500074573661,26.506284258469,26.509389100873,
    26.510941522074,26.511717732675,26.512493943276),.UNSPECIFIED.) 
CURVE() GEOMETRIC_REPRESENTATION_ITEM() RATIONAL_B_SPLINE_CURVE((1.,1.,
    1.,1.,1.000000000001,0.999999999998,1.000000000003,0.999999999995,
    1.000000000005,0.999999999996,1.000000000003,0.999999999999,1.,1.,1.
    ,0.999999999999,1.000000000002,0.999999999996,1.000000000006,
    0.999999999993,1.000000000006,0.999999999996,1.000000000002,
    0.999999999999,1.,1.,1.,1.,0.999999999999,1.000000000003,
    0.999999999995,1.000000000008,0.999999999991,1.000000000009,
    0.999999999993,1.000000000004,0.999999999998,1.000000000001,1.,1.,1.
    ,0.999999999999,1.000000000003,0.999999999994,1.000000000009,
    0.999999999988,1.000000000012,0.99999999999,1.000000000007,
    0.999999999996,1.000000000002,0.999999999999,1.,0.999999999999,
    1.000000000003,0.99999999999,1.000000000021,0.999999999967,
    1.000000000043,0.999999999955,1.000000000038,0.999999999973,
    1.000000000015,0.999999999993,1.000000000002,1.,1.,1.000000000001,
    0.999999999996,1.000000000009,0.999999999984,1.000000000021,
    0.999999999977,1.000000000021,0.999999999985,1.000000000009,
    0.999999999996,1.000000000001,1.,1.,1.000000000001,0.999999999998,
    1.000000000004,0.999999999994,1.000000000007,0.999999999994,
    1.000000000005,0.999999999997,1.000000000002,0.999999999999,1.,1.,1.
    ,1.,0.999999999998,1.000000000004,0.999999999994,1.000000000008,
    0.999999999991,1.000000000007,0.999999999995,1.000000000003,
    0.999999999999,1.,1.,1.,1.,1.000000000001,0.999999999998,
    1.000000000003,0.999999999997,1.000000000002,0.999999999999,1.,1.,1.
    ,1.,1.,1.,1.,0.999999999999,1.000000000002,0.999999999996,
    1.000000000005,0.999999999995,1.000000000004,0.999999999997,
    1.000000000001,0.999999999999,1.,1.,1.,0.999999999999,1.000000000002
    ,0.999999999997,1.000000000006,0.999999999993,1.000000000007,
    0.999999999994,1.000000000004,0.999999999997,1.000000000001,1.,1.,1.
    ,1.,1.,1.000000000001,1.,1.,1.000000000001,0.999999999998,
    1.000000000002,0.999999999998,1.000000000001,1.,1.,1.,1.000000000002
    ,0.999999999994,1.000000000013,0.99999999998,1.000000000025,
    0.999999999974,1.000000000022,0.999999999985,1.000000000009,
    0.999999999996,1.000000000001,1.,1.,1.,1.,0.999999999999,
    1.000000000002,0.999999999996,1.000000000006,0.999999999993,
    1.000000000006,0.999999999996,1.000000000002,0.999999999999,1.,1.,
    1.000000000001,0.999999999996,1.000000000009,0.999999999985,
    1.000000000019,0.99999999998,1.000000000018,0.999999999987,
    1.000000000007,0.999999999997,1.000000000001,1.,1.,1.000000000001,
    0.999999999995,1.00000000001,0.999999999982,1.000000000024,
    0.999999999974,1.000000000024,0.999999999982,1.000000000011,
    0.999999999995,1.000000000002,1.,1.,0.999999999999,1.000000000003,
    0.999999999995,1.000000000008,0.99999999999,1.000000000011,
    0.999999999991,1.000000000007,0.999999999996,1.000000000002,
    0.999999999999,1.,1.,1.000000000001,0.999999999996,1.00000000001,
    0.999999999984,1.000000000022,0.999999999976,1.000000000021,
    0.999999999985,1.000000000009,0.999999999996,1.000000000001,1.,1.,
    0.999999999998,1.000000000006,0.999999999988,1.00000000002,
    0.999999999973,1.00000000003,0.999999999973,1.00000000002,
    0.999999999988,1.000000000006,0.999999999998,1.,0.999999999999,
    1.000000000003,0.999999999993,1.000000000014,0.999999999978,
    1.000000000028,0.999999999971,1.000000000025,0.999999999982,
    1.00000000001,0.999999999995,1.000000000002,1.,1.,1.,1.,
    1.000000000001,0.999999999998,1.000000000004,0.999999999995,
    1.000000000004,0.999999999997,1.000000000002,0.999999999999,1.,1.,1.
    ,0.999999999999,1.000000000003,0.999999999994,1.00000000001,
    0.999999999986,1.000000000015,0.999999999986,1.00000000001,
    0.999999999994,1.000000000002,1.,1.,1.,0.999999999997,1.000000000009
    ,0.999999999982,1.000000000029,0.999999999962,1.000000000039,
    0.999999999967,1.000000000023,0.999999999988,1.000000000005,
    0.999999999999,1.,1.,0.999999999998,1.000000000006,0.999999999987,
    1.000000000021,0.999999999973,1.000000000028,0.999999999977,
    1.000000000016,0.999999999992,1.000000000003,0.999999999999,1.,1.,
    0.999999999997,1.00000000001,0.999999999978,1.000000000038,
    0.999999999949,1.000000000056,0.999999999949,1.000000000037,
    0.999999999978,1.00000000001,0.999999999997,1.,1.,0.999999999999,
    1.000000000005,0.99999999999,1.000000000016,0.99999999998,
    1.000000000021,0.999999999982,1.000000000013,0.999999999993,
    1.000000000003,0.999999999999,1.,1.,0.999999999999,1.000000000003,
    0.999999999994,1.000000000008,0.99999999999,1.000000000009,
    0.999999999993,1.000000000005,0.999999999998,1.000000000001,1.,1.,1.
    ,1.,0.999999999999,1.000000000002,0.999999999997,1.000000000003,
    0.999999999998,1.000000000001,1.,1.,1.,1.,1.,1.)) 
REPRESENTATION_ITEM('') );
#410 = CARTESIAN_POINT('',(48.96523130506,38.003518993965,
    133.14799810694));
#411 = CARTESIAN_POINT('',(48.965328397902,38.003383646919,
    133.15382412316));
#412 = CARTESIAN_POINT('',(48.965425924143,38.003248894404,
    133.15964831176));
#413 = CARTESIAN_POINT('',(48.965523883198,38.003114735191,
    133.16547067433));
#414 = CARTESIAN_POINT('',(48.965622274401,38.002981168055,
    133.1712912124));
#415 = CARTESIAN_POINT('',(48.965721097275,38.002848191767,
    133.17710992759));
#416 = CARTESIAN_POINT('',(48.965820350995,38.002715805104,
    133.18292682139));
#417 = CARTESIAN_POINT('',(48.965920035257,38.002584006834,
    133.18874189546));
#418 = CARTESIAN_POINT('',(48.966020149107,38.002452795734,
    133.19455515129));
#419 = CARTESIAN_POINT('',(48.966120692276,38.002322170576,
    133.20036659049));
#420 = CARTESIAN_POINT('',(48.966221663883,38.002192130133,
    133.2061762146));
#421 = CARTESIAN_POINT('',(48.966323063509,38.002062673178,
    133.21198402521));
#422 = CARTESIAN_POINT('',(48.966424890444,38.001933798485,
    133.21779002388));
#423 = CARTESIAN_POINT('',(48.966527144127,38.001805504826,
    133.22359421217));
#424 = CARTESIAN_POINT('',(48.971660128938,37.995421063201,
    133.51365635253));
#425 = CARTESIAN_POINT('',(48.97771065908,37.990551480353,
    133.79357536499));
#426 = CARTESIAN_POINT('',(48.984716290193,37.986935652255,
    134.06933630587));
#427 = CARTESIAN_POINT('',(48.992622792643,37.984458588532,
    134.34111748751));
#428 = CARTESIAN_POINT('',(49.001386124228,37.983022116094,
    134.60909327058));
#429 = CARTESIAN_POINT('',(49.010971723052,37.98254329663,
    134.87343447635));
#430 = CARTESIAN_POINT('',(49.02135380043,37.982952844096,135.1343087998
    ));
#431 = CARTESIAN_POINT('',(49.032514633786,37.984193542206,
    135.39188122162));
#432 = CARTESIAN_POINT('',(49.044443859481,37.986218661919,
    135.64631442152));
#433 = CARTESIAN_POINT('',(49.057137765821,37.988990378933,
    135.8977691902));
#434 = CARTESIAN_POINT('',(49.070598585792,37.99247819117,
    136.14640484247));
#435 = CARTESIAN_POINT('',(49.084833790102,37.996657336271,
    136.39237962954));
#436 = CARTESIAN_POINT('',(49.099855379949,38.001507209081,
    136.63585115183));
#437 = CARTESIAN_POINT('',(49.123591080007,38.009761064173,
    136.99753958134));
#438 = CARTESIAN_POINT('',(49.131704309182,38.012676423286,
    137.11751601856));
#439 = CARTESIAN_POINT('',(49.140020974829,38.015754157254,
    137.23692558535));
#440 = CARTESIAN_POINT('',(49.148543669064,38.018992971799,
    137.35578783278));
#441 = CARTESIAN_POINT('',(49.157275468963,38.022391977588,
    137.47412236092));
#442 = CARTESIAN_POINT('',(49.166219936232,38.025950690238,
    137.59194881872));
#443 = CARTESIAN_POINT('',(49.175381117765,38.029669030312,
    137.7092869041));
#444 = CARTESIAN_POINT('',(49.184763544851,38.033547323324,
    137.82615636393));
#445 = CARTESIAN_POINT('',(49.194372234126,38.037586299731,
    137.94257699396));
#446 = CARTESIAN_POINT('',(49.204212686608,38.041787094944,
    138.05856863895));
#447 = CARTESIAN_POINT('',(49.214290888523,38.046151249315,
    138.17415119253));
#448 = CARTESIAN_POINT('',(49.224613310708,38.05068070815,
    138.28934459732));
#449 = CARTESIAN_POINT('',(49.235186908972,38.055377821698,
    138.40416884483));
#450 = CARTESIAN_POINT('',(49.251435231393,38.062679106889,
    138.57588154092));
#451 = CARTESIAN_POINT('',(49.256917930307,38.065154424561,
    138.63303181415));
#452 = CARTESIAN_POINT('',(49.262463558396,38.067674442143,
    138.69009741903));
#453 = CARTESIAN_POINT('',(49.268074532752,38.070238590663,
    138.74708086671));
#454 = CARTESIAN_POINT('',(49.273754476806,38.072845754723,
    138.8039846332));
#455 = CARTESIAN_POINT('',(49.279505718516,38.075495794125,
    138.86081121286));
#456 = CARTESIAN_POINT('',(49.285328621873,38.078189834681,
    138.91756314772));
#457 = CARTESIAN_POINT('',(49.291222212679,38.080929742296,
    138.97424303323));
#458 = CARTESIAN_POINT('',(49.29718556141,38.083717194396,
    139.03085350029));
#459 = CARTESIAN_POINT('',(49.303219383445,38.086552762803,
    139.08739717435));
#460 = CARTESIAN_POINT('',(49.309327319883,38.089435422103,
    139.14387661112));
#461 = CARTESIAN_POINT('',(49.315516359241,38.092362897635,
    139.20029420981));
#462 = CARTESIAN_POINT('',(49.321795862838,38.095333267141,
    139.25665210372));
#463 = CARTESIAN_POINT('',(49.334553446791,38.10136319323,
    139.36925195327));
#464 = CARTESIAN_POINT('',(49.341027413031,38.104424228145,
    139.42549409768));
#465 = CARTESIAN_POINT('',(49.347599337013,38.107533760579,
    139.48168071215));
#466 = CARTESIAN_POINT('',(49.354272098015,38.110694297819,
    139.53781401173));
#467 = CARTESIAN_POINT('',(49.361048670891,38.113908428798,
    139.59389617599));
#468 = CARTESIAN_POINT('',(49.367932126509,38.117178824085,
    139.6499293491));
#469 = CARTESIAN_POINT('',(49.374925631045,38.120508235901,
    139.70591563984));
#470 = CARTESIAN_POINT('',(49.382032446934,38.123899498094,
    139.76185712148));
#471 = CARTESIAN_POINT('',(49.389255931784,38.127355526173,
    139.81775583199));
#472 = CARTESIAN_POINT('',(49.396599539436,38.130879317268,
    139.87361377379));
#473 = CARTESIAN_POINT('',(49.40406681908,38.134473950169,
    139.92943291397));
#474 = CARTESIAN_POINT('',(49.41166141588,38.138142585297,
    139.98521518414));
#475 = CARTESIAN_POINT('',(49.419387070605,38.14188846472,
    140.04096248052));
#476 = CARTESIAN_POINT('',(49.462225426942,38.162741806403,
    140.34459317847));
#477 = CARTESIAN_POINT('',(49.499870590495,38.181362925633,
    140.59185888827));
#478 = CARTESIAN_POINT('',(49.540563306729,38.201889835584,
    140.83877059973));
#479 = CARTESIAN_POINT('',(49.5847066226,38.224661681696,141.08555737253
    ));
#480 = CARTESIAN_POINT('',(49.63275638191,38.250066141525,141.3323565263
    ));
#481 = CARTESIAN_POINT('',(49.685231290057,38.27854883865,
    141.57919627569));
#482 = CARTESIAN_POINT('',(49.742713106932,38.310613480752,
    141.82598587754));
#483 = CARTESIAN_POINT('',(49.805846976708,38.346814984966,
    142.07251417497));
#484 = CARTESIAN_POINT('',(49.875351904574,38.387747853094,
    142.31845742252));
#485 = CARTESIAN_POINT('',(49.952051388639,38.434032059793,
    142.56339727617));
#486 = CARTESIAN_POINT('',(50.036934217418,38.486298716414,
    142.80684983375));
#487 = CARTESIAN_POINT('',(50.131255441062,38.545177773452,
    143.04830660837));
#488 = CARTESIAN_POINT('',(50.236687526488,38.611290024439,
    143.28728832086));
#489 = CARTESIAN_POINT('',(50.446401139532,38.74179289543,
    143.70395519636));
#490 = CARTESIAN_POINT('',(50.545209922162,38.802982253011,
    143.88302682588));
#491 = CARTESIAN_POINT('',(50.65282120184,38.86899431079,144.06001076286
    ));
#492 = CARTESIAN_POINT('',(50.770003645244,38.939775646615,
    144.23394587879));
#493 = CARTESIAN_POINT('',(50.89749687621,39.015096813884,
    144.40374004232));
#494 = CARTESIAN_POINT('',(51.036013764949,39.094525194227,
    144.56831367139));
#495 = CARTESIAN_POINT('',(51.186186305826,39.177369507373,
    144.7266958033));
#496 = CARTESIAN_POINT('',(51.3484688632,39.262638343156,144.87808938611
    ));
#497 = CARTESIAN_POINT('',(51.523019601328,39.349040682696,
    145.02191661622));
#498 = CARTESIAN_POINT('',(51.709587956146,39.435041973405,
    145.15784928182));
#499 = CARTESIAN_POINT('',(51.907443042788,39.518974925377,
    145.2858231919));
#500 = CARTESIAN_POINT('',(52.115384934229,39.599189794178,
    145.40602990479));
#501 = CARTESIAN_POINT('',(52.33188778341,39.674214517407,
    145.51887309262));
#502 = CARTESIAN_POINT('',(52.749821466568,39.802592038179,
    145.71704568561));
#503 = CARTESIAN_POINT('',(52.949542338367,39.857500843036,
    145.80405796674));
#504 = CARTESIAN_POINT('',(53.153581659698,39.906753382742,
    145.88619750809));
#505 = CARTESIAN_POINT('',(53.360734547446,39.950169039096,
    145.96431140653));
#506 = CARTESIAN_POINT('',(53.578706592523,39.987987469181,
    146.04098241832));
#507 = CARTESIAN_POINT('',(53.781253833739,40.01579565493,
    146.10867998284));
#508 = CARTESIAN_POINT('',(54.012374402014,40.041673997053,
    146.18317742546));
#509 = CARTESIAN_POINT('',(54.216947633164,40.054435150904,
    146.24547325812));
#510 = CARTESIAN_POINT('',(54.444546821054,40.064544859461,
    146.31432329353));
#511 = CARTESIAN_POINT('',(54.65942795729,40.064228958776,
    146.37696507831));
#512 = CARTESIAN_POINT('',(54.88018092453,40.05769898233,146.44089168687
    ));
#513 = CARTESIAN_POINT('',(55.098683879833,40.043185812503,
    146.50339653645));
#514 = CARTESIAN_POINT('',(55.316820500814,40.021215190121,
    146.56549036745));
#515 = CARTESIAN_POINT('',(55.730512636311,39.964968785564,
    146.6828566672));
#516 = CARTESIAN_POINT('',(55.926298406819,39.932050936196,
    146.7382350423));
#517 = CARTESIAN_POINT('',(56.121010300433,39.892967501441,
    146.79324810696));
#518 = CARTESIAN_POINT('',(56.314498154288,39.847729590656,
    146.84788697227));
#519 = CARTESIAN_POINT('',(56.506663882784,39.796341401866,
    146.90207887493));
#520 = CARTESIAN_POINT('',(56.69744255694,39.738798988664,
    146.95567803258));
#521 = CARTESIAN_POINT('',(56.886790689569,39.675088263064,
    147.00846009183));
#522 = CARTESIAN_POINT('',(57.074679567208,39.605182862048,
    147.06011880232));
#523 = CARTESIAN_POINT('',(57.261091467159,39.529042503988,
    147.11026353455));
#524 = CARTESIAN_POINT('',(57.446016601165,39.446612462949,
    147.15841627872));
#525 = CARTESIAN_POINT('',(57.629448623924,39.357824787015,
    147.20400674093));
#526 = CARTESIAN_POINT('',(57.81137654764,39.262601888445,
    147.24636417237));
#527 = CARTESIAN_POINT('',(57.991770901468,39.160863132156,
    147.28470455167));
#528 = CARTESIAN_POINT('',(58.27117823743,38.991572462103,
    147.33691194898));
#529 = CARTESIAN_POINT('',(58.371300451909,38.928537711809,
    147.35417293793));
#530 = CARTESIAN_POINT('',(58.470777749399,38.863296928017,
    147.36951639678));
#531 = CARTESIAN_POINT('',(58.570167743698,38.796380970125,
    147.38370183238));
#532 = CARTESIAN_POINT('',(58.667849241918,38.726396930421,
    147.39401105998));
#533 = CARTESIAN_POINT('',(58.766435975762,38.655862219723,
    147.40471753613));
#534 = CARTESIAN_POINT('',(58.862782723342,38.582111375161,
    147.41045181201));
#535 = CARTESIAN_POINT('',(58.958196738566,38.506730785099,
    147.41385661222));
#536 = CARTESIAN_POINT('',(59.053618246823,38.430990146245,
    147.41643535086));
#537 = CARTESIAN_POINT('',(59.14554558318,38.352202970954,
    147.41237469843));
#538 = CARTESIAN_POINT('',(59.237006985566,38.273627084253,
    147.40779109404));
#539 = CARTESIAN_POINT('',(59.326757988736,38.193390389784,
    147.39862824957));
#540 = CARTESIAN_POINT('',(59.415964798118,38.110983634375,
    147.38575606789));
#541 = CARTESIAN_POINT('',(59.541713191623,37.990679048004,
    147.36095023039));
#542 = CARTESIAN_POINT('',(59.576891181795,37.956588099465,
    147.35331668347));
#543 = CARTESIAN_POINT('',(59.612488082525,37.921636682027,
    147.34485132178));
#544 = CARTESIAN_POINT('',(59.648532086859,37.885770754481,
    147.33548535437));
#545 = CARTESIAN_POINT('',(59.685031268949,37.848953505213,
    147.3251466851));
#546 = CARTESIAN_POINT('',(59.721975968047,37.811164286891,
    147.31376035906));
#547 = CARTESIAN_POINT('',(59.759341171457,37.772397551205,
    147.30124900699));
#548 = CARTESIAN_POINT('',(59.79708889901,37.732661783521,
    147.28753329277));
#549 = CARTESIAN_POINT('',(59.835170585661,37.691978437655,
    147.27253235688));
#550 = CARTESIAN_POINT('',(59.873529466047,37.650380870504,
    147.2561642644));
#551 = CARTESIAN_POINT('',(59.912102957312,37.60791327682,
    147.23834644864));
#552 = CARTESIAN_POINT('',(59.950825043225,37.564629623867,
    147.21899615835));
#553 = CARTESIAN_POINT('',(59.989628657486,37.520592586154,
    147.19803090244));
#554 = CARTESIAN_POINT('',(60.067267477429,37.431152374105,
    147.15270688988));
#555 = CARTESIAN_POINT('',(60.106081991604,37.385744895415,
    147.12833262257));
#556 = CARTESIAN_POINT('',(60.14493268916,37.33977147295,147.10224861904
    ));
#557 = CARTESIAN_POINT('',(60.18348522239,37.293173086197,
    147.07421135522));
#558 = CARTESIAN_POINT('',(60.221890074886,37.246238377474,
    147.04418769418));
#559 = CARTESIAN_POINT('',(60.26014185471,37.199034954459,
    147.01224143672));
#560 = CARTESIAN_POINT('',(60.298066082721,37.151541611338,
    146.97833593434));
#561 = CARTESIAN_POINT('',(60.335569403538,37.103883564365,
    146.94235610135));
#562 = CARTESIAN_POINT('',(60.372660722627,37.056239300756,
    146.90425908008));
#563 = CARTESIAN_POINT('',(60.409299721888,37.00866633299,
    146.86410160661));
#564 = CARTESIAN_POINT('',(60.445383651884,36.96120511982,
    146.82188500328));
#565 = CARTESIAN_POINT('',(60.480886182515,36.914057796803,
    146.77750364298));
#566 = CARTESIAN_POINT('',(60.515771212877,36.867264320646,
    146.7310545042));
#567 = CARTESIAN_POINT('',(60.618435127816,36.728313524846,
    146.58543790643));
#568 = CARTESIAN_POINT('',(60.684230711116,36.637579306644,
    146.48003844341));
#569 = CARTESIAN_POINT('',(60.747064287952,36.549547143797,
    146.3664041925));
#570 = CARTESIAN_POINT('',(60.806688533963,36.465025752687,
    146.24479719331));
#571 = CARTESIAN_POINT('',(60.862920133376,36.384782931001,
    146.11564426653));
#572 = CARTESIAN_POINT('',(60.915635634721,36.309506519669,
    145.97952652259));
#573 = CARTESIAN_POINT('',(60.96476680953,36.239773551907,
    145.83716869773));
#574 = CARTESIAN_POINT('',(61.010295513228,36.176027589835,
    145.68942831219));
#575 = CARTESIAN_POINT('',(61.052248049456,36.118564247898,
    145.53728465725));
#576 = CARTESIAN_POINT('',(61.090689036209,36.067524904115,
    145.38182760382));
#577 = CARTESIAN_POINT('',(61.125714775556,36.022898598033,
    145.22424623943));
#578 = CARTESIAN_POINT('',(61.157446125324,35.984532116409,
    145.06581732799));
#579 = CARTESIAN_POINT('',(61.186020873982,35.952148265844,
    144.90789359639));
#580 = CARTESIAN_POINT('',(61.224982209518,35.911341046701,
    144.67014286535));
#581 = CARTESIAN_POINT('',(61.237572576651,35.89882758709,
    144.58881072382));
#582 = CARTESIAN_POINT('',(61.249418278485,35.887739999527,
    144.50782901285));
#583 = CARTESIAN_POINT('',(61.260572775944,35.8779975349,144.42713969543
    ));
#584 = CARTESIAN_POINT('',(61.271082218357,35.869529521565,
    144.34669254594));
#585 = CARTESIAN_POINT('',(61.280986229445,35.86227423773,
    144.26644459085));
#586 = CARTESIAN_POINT('',(61.290318694397,35.85617778329,
    144.18635954909));
#587 = CARTESIAN_POINT('',(61.299108545407,35.851192952479,
    144.10640727287));
#588 = CARTESIAN_POINT('',(61.307380549037,35.847278105505,144.026563188
    ));
#589 = CARTESIAN_POINT('',(61.315156091737,35.844396041257,
    143.94680773469));
#590 = CARTESIAN_POINT('',(61.322453966958,35.842512869048,
    143.86712580793));
#591 = CARTESIAN_POINT('',(61.329291161084,35.841596881099,
    143.78750619821));
#592 = CARTESIAN_POINT('',(61.335683640113,35.841617424536,
    143.70794103198));
#593 = CARTESIAN_POINT('',(61.347610631759,35.843470122784,
    143.54890939261));
#594 = CARTESIAN_POINT('',(61.353122335672,35.845306830332,
    143.46944215107));
#595 = CARTESIAN_POINT('',(61.358361219906,35.848000339122,
    143.39002239249));
#596 = CARTESIAN_POINT('',(61.362796512909,35.851623562622,
    143.31063341063));
#597 = CARTESIAN_POINT('',(61.36736791433,35.855936808502,
    143.23129896994));
#598 = CARTESIAN_POINT('',(61.371393609584,35.8611571135,143.15200152706
    ));
#599 = CARTESIAN_POINT('',(61.374716098129,35.867216184443,
    143.07274064634));
#600 = CARTESIAN_POINT('',(61.377853552525,35.873909868338,
    142.99353335155));
#601 = CARTESIAN_POINT('',(61.380719056687,35.881324613891,
    142.91437866317));
#602 = CARTESIAN_POINT('',(61.383011850661,35.889513688846,
    142.83527141043));
#603 = CARTESIAN_POINT('',(61.385063169589,35.898257309307,
    142.75622486006));
#604 = CARTESIAN_POINT('',(61.386744276525,35.907682095868,
    142.67723647676));
#605 = CARTESIAN_POINT('',(61.388087334597,35.917690599008,
    142.59831033149));
#606 = CARTESIAN_POINT('',(61.391140139766,35.949446009505,
    142.36172475344));
#607 = CARTESIAN_POINT('',(61.391868216801,35.972914977651,
    142.20425371291));
#608 = CARTESIAN_POINT('',(61.391363378478,35.998475319705,
    142.04706032705));
#609 = CARTESIAN_POINT('',(61.389693829418,36.025936025285,
    141.89015776242));
#610 = CARTESIAN_POINT('',(61.386922227862,36.055121193437,
    141.73354864848));
#611 = CARTESIAN_POINT('',(61.383106145849,36.085868831846,
    141.57722635059));
#612 = CARTESIAN_POINT('',(61.378298529242,36.118029656102,
    141.42117624268));
#613 = CARTESIAN_POINT('',(61.372548157887,36.15146588886,
    141.26537698053));
#614 = CARTESIAN_POINT('',(61.365900105718,36.186050059169,
    141.10980177415));
#615 = CARTESIAN_POINT('',(61.358396200799,36.221663801579,
    140.95441966122));
#616 = CARTESIAN_POINT('',(61.350075485535,36.25819665549,
    140.79919677946));
#617 = CARTESIAN_POINT('',(61.340974676663,36.295544864282,
    140.64409763999));
#618 = CARTESIAN_POINT('',(61.331128625445,36.33361017461,
    140.48908639985));
#619 = CARTESIAN_POINT('',(61.313088974351,36.399715156982,
    140.2243171871));
#620 = CARTESIAN_POINT('',(61.305250639382,36.427442701447,
    140.11453377727));
#621 = CARTESIAN_POINT('',(61.297066899427,36.455450290315,
    140.00476175799));
#622 = CARTESIAN_POINT('',(61.288548919923,36.483707452561,
    139.89498468242));
#623 = CARTESIAN_POINT('',(61.279707905253,36.512184224852,
    139.78518580458));
#624 = CARTESIAN_POINT('',(61.270555098456,36.540851151462,
    139.6753480793));
#625 = CARTESIAN_POINT('',(61.261101781777,36.569679284412,
    139.56545416227));
#626 = CARTESIAN_POINT('',(61.251359275814,36.598640183282,
    139.45548640996));
#627 = CARTESIAN_POINT('',(61.241338940621,36.627705915417,
    139.34542687976));
#628 = CARTESIAN_POINT('',(61.23105217451,36.656849055739,
    139.23525732979));
#629 = CARTESIAN_POINT('',(61.220510415146,36.686042686894,
    139.12495921909));
#630 = CARTESIAN_POINT('',(61.209725138707,36.715260399152,
    139.01451370747));
#631 = CARTESIAN_POINT('',(61.19870786042,36.744476290466,
    138.90390165563));
#632 = CARTESIAN_POINT('',(61.181851271213,36.788259304429,
    138.73770460975));
#633 = CARTESIAN_POINT('',(61.176177537617,36.802846456132,
    138.68225874177));
#634 = CARTESIAN_POINT('',(61.170450433103,36.817423155226,
    138.62676344536));
#635 = CARTESIAN_POINT('',(61.164671502562,36.831986099574,
    138.57121608192));
#636 = CARTESIAN_POINT('',(61.15884233619,36.846531951232,
    138.51561395004));
#637 = CARTESIAN_POINT('',(61.152964569458,36.86105733642,
    138.45995428544));
#638 = CARTESIAN_POINT('',(61.147039883137,36.875558845585,
    138.40423426099));
#639 = CARTESIAN_POINT('',(61.141070003307,36.890033033301,
    138.34845098677));
#640 = CARTESIAN_POINT('',(61.13505670128,36.904476418403,
    138.29260150993));
#641 = CARTESIAN_POINT('',(61.129001793754,36.918885483831,
    138.23668281488));
#642 = CARTESIAN_POINT('',(61.122907142614,36.933256676785,
    138.1806918231));
#643 = CARTESIAN_POINT('',(61.116774655122,36.947586408596,
    138.12462539327));
#644 = CARTESIAN_POINT('',(61.110606283777,36.961871054815,
    138.06848032124));
#645 = CARTESIAN_POINT('',(61.098201769012,36.990342855511,
    137.9560263587));
#646 = CARTESIAN_POINT('',(61.091967476906,37.004531656705,
    137.89971770284));
#647 = CARTESIAN_POINT('',(61.085661904802,37.018655987532,
    137.84332434953));
#648 = CARTESIAN_POINT('',(61.079549362838,37.032758369671,
    137.78683209622));
#649 = CARTESIAN_POINT('',(61.072863121315,37.046754863508,
    137.73028217007));
#650 = CARTESIAN_POINT('',(61.066658039839,37.060696262382,
    137.67359744084));
#651 = CARTESIAN_POINT('',(61.060649589652,37.074600489384,
    137.61680292868));
#652 = CARTESIAN_POINT('',(61.054140259183,37.088432786251,
    137.55994525339));
#653 = CARTESIAN_POINT('',(61.047767622989,37.102201769224,
    137.50297145193));
#654 = CARTESIAN_POINT('',(61.041816601105,37.115930724515,
    137.4458607806));
#655 = CARTESIAN_POINT('',(61.035335186608,37.129595933648,
    137.38868298408));
#656 = CARTESIAN_POINT('',(61.029191168173,37.143212684067,
    137.33136742935));
#657 = CARTESIAN_POINT('',(61.022949029499,37.15677826165,
    137.27394612315));
#658 = CARTESIAN_POINT('',(60.991861260016,37.224361679378,
    136.98624707521));
#659 = CARTESIAN_POINT('',(60.967133030599,37.277645963015,
    136.75421108958));
#660 = CARTESIAN_POINT('',(60.942525630832,37.330248551183,
    136.52012069238));
#661 = CARTESIAN_POINT('',(60.918004891693,37.382282494989,
    136.28376833924));
#662 = CARTESIAN_POINT('',(60.893524562811,37.43387315723,
    136.04491591692));
#663 = CARTESIAN_POINT('',(60.869026122976,37.485158944586,
    135.80329447354));
#664 = CARTESIAN_POINT('',(60.844437471381,37.536292756248,
    135.55860436951));
#665 = CARTESIAN_POINT('',(60.819670497464,37.587444149059,
    135.31051584666));
#666 = CARTESIAN_POINT('',(60.794617532178,37.638802219155,
    135.05867001868));
#667 = CARTESIAN_POINT('',(60.769146677453,37.690579200022,
    134.80268027955));
#668 = CARTESIAN_POINT('',(60.743096017056,37.743014777145,
    134.54213413308));
#669 = CARTESIAN_POINT('',(60.716266706093,37.796381119024,
    134.27659544097));
#670 = CARTESIAN_POINT('',(60.688414941207,37.850988624773,
    134.00560709123));
#671 = CARTESIAN_POINT('',(60.658501966773,37.908619715678,
    133.72166171769));
#672 = CARTESIAN_POINT('',(60.657760271296,37.910048072661,
    133.71462552782));
#673 = CARTESIAN_POINT('',(60.657017718662,37.911477465019,
    133.70758550841));
#674 = CARTESIAN_POINT('',(60.656274303803,37.912907898678,
    133.70054165158));
#675 = CARTESIAN_POINT('',(60.655530021668,37.914339379567,
    133.69349394946));
#676 = CARTESIAN_POINT('',(60.654784867174,37.915771913613,
    133.68644239419));
#677 = CARTESIAN_POINT('',(60.654038835288,37.917205506746,
    133.67938697788));
#678 = CARTESIAN_POINT('',(60.653291920916,37.918640164892,
    133.67232769268));
#679 = CARTESIAN_POINT('',(60.652544119022,37.920075893981,
    133.66526453069));
#680 = CARTESIAN_POINT('',(60.651795424527,37.921512699938,
    133.65819748407));
#681 = CARTESIAN_POINT('',(60.651045832376,37.922950588694,
    133.65112654492));
#682 = CARTESIAN_POINT('',(60.650295337505,37.924389566176,
    133.64405170539));
#683 = CARTESIAN_POINT('',(60.649543934852,37.925829638311,
    133.63697295759));
#684 = CARTESIAN_POINT('',(60.648415461605,37.927991397386,
    133.62634896171));
#685 = CARTESIAN_POINT('',(60.648039075594,37.92871225893,
    133.62280665069));
#686 = CARTESIAN_POINT('',(60.647662460664,37.929433396418,
    133.61926335963));
#687 = CARTESIAN_POINT('',(60.64728561615,37.930154810613,
    133.61571908755));
#688 = CARTESIAN_POINT('',(60.64690854141,37.930876502276,
    133.61217383341));
#689 = CARTESIAN_POINT('',(60.646531235747,37.931598472167,
    133.60862759628));
#690 = CARTESIAN_POINT('',(60.646153698571,37.932320721046,
    133.6050803751));
#691 = CARTESIAN_POINT('',(60.645775929127,37.933043249676,
    133.60153216894));
#692 = CARTESIAN_POINT('',(60.645397926864,37.933766058817,
    133.59798297676));
#693 = CARTESIAN_POINT('',(60.645019691025,37.93448914923,
    133.59443279759));
#694 = CARTESIAN_POINT('',(60.644641221025,37.935212521675,
    133.59088163044));
#695 = CARTESIAN_POINT('',(60.644262516159,37.935936176914,
    133.5873294743));
#696 = CARTESIAN_POINT('',(60.643883575792,37.936660115708,
    133.58377632819));
#697 = CARTESIAN_POINT('',(60.643314810988,37.937746450371,
    133.57844512257));
#698 = CARTESIAN_POINT('',(60.643125163679,37.938108633007,
    133.57666780628));
#699 = CARTESIAN_POINT('',(60.642935457224,37.938470886821,
    133.57489024215));
#700 = CARTESIAN_POINT('',(60.642745691601,37.938833211908,
    133.57311242997));
#701 = CARTESIAN_POINT('',(60.64255586659,37.939195608367,
    133.57133436979));
#702 = CARTESIAN_POINT('',(60.642365982346,37.939558076292,
    133.56955606118));
#703 = CARTESIAN_POINT('',(60.642176038436,37.939920615781,
    133.56777750444));
#704 = CARTESIAN_POINT('',(60.641986035205,37.940283226928,
    133.56599869896));
#705 = CARTESIAN_POINT('',(60.641795972124,37.940645909833,
    133.56421964509));
#706 = CARTESIAN_POINT('',(60.641605849499,37.941008664589,
    133.56244034231));
#707 = CARTESIAN_POINT('',(60.641415666958,37.941371491295,
    133.56066079077));
#708 = CARTESIAN_POINT('',(60.641225424593,37.941734390045,
    133.55888099018));
#709 = CARTESIAN_POINT('',(60.641035122233,37.942097360937,
    133.55710094051));
#710 = CARTESIAN_POINT('',(60.640749578625,37.942641925633,
    133.55443049213));
#711 = CARTESIAN_POINT('',(60.640654382405,37.942823465257,
    133.55354028036));
#712 = CARTESIAN_POINT('',(60.640559171176,37.943005022954,
    133.55265000625));
#713 = CARTESIAN_POINT('',(60.640463944873,37.943186598734,
    133.55175966985));
#714 = CARTESIAN_POINT('',(60.6403687036,37.94336819261,133.55086927098)
  );
#715 = CARTESIAN_POINT('',(60.640273447157,37.943549804595,
    133.54997880993));
#716 = CARTESIAN_POINT('',(60.640178175788,37.9437314347,133.54908828624
    ));
#717 = CARTESIAN_POINT('',(60.640082889199,37.943913082937,
    133.54819770042));
#718 = CARTESIAN_POINT('',(60.639987587642,37.944094749319,
    133.54730705193));
#719 = CARTESIAN_POINT('',(60.639892270903,37.944276433858,
    133.5464163412));
#720 = CARTESIAN_POINT('',(60.639796939103,37.944458136565,
    133.54552556789));
#721 = CARTESIAN_POINT('',(60.639701592162,37.944639857453,
    133.54463473218));
#722 = CARTESIAN_POINT('',(60.639606230097,37.944821596534,
    133.54374383397));
#723 = CARTESIAN_POINT('',(60.639463164288,37.945094232464,
    133.54240739291));
#724 = CARTESIAN_POINT('',(60.639415471897,37.945185115658,
    133.54196189694));
#725 = CARTESIAN_POINT('',(60.639367775731,37.945276003406,
    133.54151638533));
#726 = CARTESIAN_POINT('',(60.639320075746,37.945366895707,
    133.54107085811));
#727 = CARTESIAN_POINT('',(60.639272372035,37.945457792565,
    133.54062531522));
#728 = CARTESIAN_POINT('',(60.639224664433,37.94554869398,
    133.54017975676));
#729 = CARTESIAN_POINT('',(60.639176953168,37.945639599954,
    133.53973418259));
#730 = CARTESIAN_POINT('',(60.639129237974,37.945730510488,
    133.53928859287));
#731 = CARTESIAN_POINT('',(60.639081519102,37.945821425584,
    133.53884298744));
#732 = CARTESIAN_POINT('',(60.639033796353,37.945912345244,
    133.53839736641));
#733 = CARTESIAN_POINT('',(60.638986069853,37.946003269469,
    133.53795172972));
#734 = CARTESIAN_POINT('',(60.638938339533,37.94609419826,
    133.53750607739));
#735 = CARTESIAN_POINT('',(60.638890605421,37.946185131619,
    133.53706040942));
#736 = CARTESIAN_POINT('',(60.638818998548,37.946321538512,
    133.53639188399));
#737 = CARTESIAN_POINT('',(60.63879512864,37.946367008619,
    133.53616903826));
#738 = CARTESIAN_POINT('',(60.638771257785,37.946412479869,
    133.53594618863));
#739 = CARTESIAN_POINT('',(60.638747385968,37.946457952261,
    133.53572333508));
#740 = CARTESIAN_POINT('',(60.638723513224,37.946503425796,
    133.53550047762));
#741 = CARTESIAN_POINT('',(60.638699639488,37.946548900474,
    133.53527761625));
#742 = CARTESIAN_POINT('',(60.638675764858,37.946594376296,
    133.53505475096));
#743 = CARTESIAN_POINT('',(60.638651889212,37.946639853261,
    133.53483188176));
#744 = CARTESIAN_POINT('',(60.638628012676,37.94668533137,
    133.53460900865));
#745 = CARTESIAN_POINT('',(60.638604135139,37.946730810623,
    133.53438613162));
#746 = CARTESIAN_POINT('',(60.638580256683,37.946776291019,
    133.53416325068));
#747 = CARTESIAN_POINT('',(60.638556377258,37.946821772561,
    133.53394036582));
#748 = CARTESIAN_POINT('',(60.638532496887,37.946867255246,
    133.53371747705));
#749 = CARTESIAN_POINT('',(60.6384966749,37.946935480992,133.53338313803
    ));
#750 = CARTESIAN_POINT('',(60.638484734,37.946958223193,133.5332716907)
  );
#751 = CARTESIAN_POINT('',(60.638472792859,37.946980965681,
    133.53316024241));
#752 = CARTESIAN_POINT('',(60.63846085149,37.947003708454,
    133.53304879312));
#753 = CARTESIAN_POINT('',(60.638448909861,37.947026451514,
    133.53293734287));
#754 = CARTESIAN_POINT('',(60.638436968029,37.94704919486,
    133.53282589163));
#755 = CARTESIAN_POINT('',(60.638425025912,37.947071938493,
    133.53271443942));
#756 = CARTESIAN_POINT('',(60.63841308361,37.947094682412,
    133.53260298622));
#757 = CARTESIAN_POINT('',(60.638401141019,37.947117426617,
    133.53249153205));
#758 = CARTESIAN_POINT('',(60.63838919823,37.947140171109,133.5323800769
    ));
#759 = CARTESIAN_POINT('',(60.638377255177,37.947162915887,
    133.53226862077));
#760 = CARTESIAN_POINT('',(60.638365311899,37.947185660951,
    133.53215716365));
#761 = CARTESIAN_POINT('',(60.638353368377,37.947208406302,
    133.53204570557));
#762 = CARTESIAN_POINT('',(60.63832948086,37.947253897576,
    133.53182278743));
#763 = CARTESIAN_POINT('',(60.638319728228,37.94726564958,
    133.53176745134));
#764 = CARTESIAN_POINT('',(60.638291685123,37.947368836367,
    133.53124538207));
#765 = CARTESIAN_POINT('',(60.638336512818,37.947109314073,
    133.53257458215));
#766 = CARTESIAN_POINT('',(60.638202920666,37.947733137307,
    133.52939577988));
#767 = CARTESIAN_POINT('',(60.63835469013,37.946953857191,
    133.53337624278));
#768 = CARTESIAN_POINT('',(60.638226536161,37.94753644162,
    133.53040971527));
#769 = CARTESIAN_POINT('',(60.638186761613,37.947707164159,
    133.52954178941));
#770 = CARTESIAN_POINT('',(60.638355741277,37.946845774184,
    133.53394089368));
#771 = CARTESIAN_POINT('',(60.638103452605,37.948022573741,
    133.52794447979));
#772 = CARTESIAN_POINT('',(60.638281262576,37.947149117628,
    133.53240114072));
#773 = CARTESIAN_POINT('',(60.63817276875,37.947619212809,
    133.53001060973));
#774 = CARTESIAN_POINT('',(60.638188705505,37.947515764119,
    133.53054166204));
#775 = CARTESIAN_POINT('',(60.638201585818,37.947541332012,
    133.53039982721));
#776 = ORIENTED_EDGE('',*,*,#777,.F.);
#777 = EDGE_CURVE('',#335,#407,#778,.T.);
#778 = B_SPLINE_CURVE_WITH_KNOTS('',3,(#779,#780,#781,#782),
  .UNSPECIFIED.,.F.,.F.,(4,4),(0.,5.767859763898E-02),
  .PIECEWISE_BEZIER_KNOTS.);
#779 = CARTESIAN_POINT('',(60.479973162651,36.317940052453,
    140.33082235408));
#780 = CARTESIAN_POINT('',(60.769236853899,36.309664731724,
    140.52201289304));
#781 = CARTESIAN_POINT('',(61.058500545147,36.291742847879,
    140.66850362254));
#782 = CARTESIAN_POINT('',(61.347764236395,36.265140384576,
    140.77413462217));
#783 = FACE_BOUND('',#784,.F.);
#784 = EDGE_LOOP('',(#785,#883,#912,#1008));
#785 = ORIENTED_EDGE('',*,*,#786,.F.);
#786 = EDGE_CURVE('',#787,#787,#789,.T.);
#787 = VERTEX_POINT('',#788);
#788 = CARTESIAN_POINT('',(0.8,34.494497819157,184.76156726665));
#789 = B_SPLINE_CURVE_WITH_KNOTS('',3,(#790,#791,#792,#793,#794,#795,
    #796,#797,#798,#799,#800,#801,#802,#803,#804,#805,#806,#807,#808,
    #809,#810,#811,#812,#813,#814,#815,#816,#817,#818,#819,#820,#821,
    #822,#823,#824,#825,#826,#827,#828,#829,#830,#831,#832,#833,#834,
    #835,#836,#837,#838,#839,#840,#841,#842,#843,#844,#845,#846,#847,
    #848,#849,#850,#851,#852,#853,#854,#855,#856,#857,#858,#859,#860,
    #861,#862,#863,#864,#865,#866,#867,#868,#869,#870,#871,#872,#873,
    #874,#875,#876,#877,#878,#879,#880,#881,#882),.UNSPECIFIED.,.T.,.F.,
  (1,1,1,1,1,1,1,1,1,1,1,1,1,1,1,1,1,1,1,1,1,1,1,1,1,1,1,1,1,1,1,1,1,1,1
    ,1,1,1,1,1,1,1,1,1,1,1,1,1,1,1,1,1,1,1,1,1,1,1,1,1,1,1,1,1,1,1,1,1,1
    ,1,1,1,1,1,1,1,1,1,1,1,1,1,1,1,1,1,1,1,1,1,1,1,1,1,1,1,1),(-3.,-2.,
    -1.,0.,1.,2.,3.,4.,5.,6.,7.,8.,9.,10.,11.,12.,13.,14.,15.,16.,17.,
    18.,19.,20.,21.,22.,23.,24.,25.,26.,27.,28.,29.,30.,31.,32.,33.,34.,
    35.,36.,37.,38.,39.,40.,41.,42.,43.,44.,45.,46.,47.,48.,49.,50.,51.,
    52.,53.,54.,55.,56.,57.,58.,59.,60.,61.,62.,63.,64.,65.,66.,67.,68.,
    69.,70.,71.,72.,73.,74.,75.,76.,77.,78.,79.,80.,81.,82.,83.,84.,85.,
    86.,87.,88.,89.,90.,91.,92.,93.),.UNIFORM_KNOTS.);
#790 = CARTESIAN_POINT('',(0.8,34.635633736188,184.71727183925));
#791 = CARTESIAN_POINT('',(0.8,34.494481472864,184.77763042679));
#792 = CARTESIAN_POINT('',(0.8,34.353427287296,184.7416100535));
#793 = CARTESIAN_POINT('',(0.8,34.176698557722,184.72344418625));
#794 = CARTESIAN_POINT('',(0.8,34.105659533086,184.55274123302));
#795 = CARTESIAN_POINT('',(0.8,34.066585432969,184.44725734924));
#796 = CARTESIAN_POINT('',(0.8,34.062165923121,184.30752716854));
#797 = CARTESIAN_POINT('',(0.8,34.117570426644,184.12192069712));
#798 = CARTESIAN_POINT('',(0.8,34.167144124243,184.02318205896));
#799 = CARTESIAN_POINT('',(0.8,34.181356261598,183.91090303396));
#800 = CARTESIAN_POINT('',(0.8,34.391673075467,183.81266525896));
#801 = CARTESIAN_POINT('',(0.8,34.394450937768,183.70543432865));
#802 = CARTESIAN_POINT('',(0.8,34.581206303063,183.65705508015));
#803 = CARTESIAN_POINT('',(0.8,34.666560868841,183.42285988065));
#804 = CARTESIAN_POINT('',(0.8,34.787354223269,183.45078969555));
#805 = CARTESIAN_POINT('',(0.8,34.903532926226,183.33327562622));
#806 = CARTESIAN_POINT('',(0.8,35.021357409426,183.26128615601));
#807 = CARTESIAN_POINT('',(0.8,35.155371490818,183.18419556685));
#808 = CARTESIAN_POINT('',(0.8,35.240967009109,183.1143287554));
#809 = CARTESIAN_POINT('',(0.8,35.379659543657,183.04852162724));
#810 = CARTESIAN_POINT('',(0.8,35.50606593593,182.98690447435));
#811 = CARTESIAN_POINT('',(0.8,35.64019321523,182.92968823792));
#812 = CARTESIAN_POINT('',(0.8,35.803675272998,182.87629483249));
#813 = CARTESIAN_POINT('',(0.8,35.928302784628,182.82658626719));
#814 = CARTESIAN_POINT('',(0.8,36.079415285439,182.7792158596));
#815 = CARTESIAN_POINT('',(0.8,36.178137042785,182.73641150931));
#816 = CARTESIAN_POINT('',(0.8,36.383423939584,182.68575392699));
#817 = CARTESIAN_POINT('',(0.8,36.446459503414,182.6675072866));
#818 = CARTESIAN_POINT('',(0.8,36.638158621027,182.52990835018));
#819 = CARTESIAN_POINT('',(0.8,36.763806594338,182.50987073339));
#820 = CARTESIAN_POINT('',(0.8,36.909800736959,182.45805280852));
#821 = CARTESIAN_POINT('',(0.8,37.051592631277,182.42269602));
#822 = CARTESIAN_POINT('',(0.8,37.188961210468,182.35583411284));
#823 = CARTESIAN_POINT('',(0.8,37.341069538713,182.34467873755));
#824 = CARTESIAN_POINT('',(0.8,37.462284435611,182.26595440778));
#825 = CARTESIAN_POINT('',(0.8,37.613704212272,182.35310969782));
#826 = CARTESIAN_POINT('',(0.8,37.78278875286,182.25886562274));
#827 = CARTESIAN_POINT('',(0.8,37.8904669437,182.23445303325));
#828 = CARTESIAN_POINT('',(0.8,38.121554875483,182.25044504472));
#829 = CARTESIAN_POINT('',(0.8,38.161837290009,182.10924525483));
#830 = CARTESIAN_POINT('',(0.8,38.453672860669,182.2210721983));
#831 = CARTESIAN_POINT('',(0.8,38.447905048956,182.17786536707));
#832 = CARTESIAN_POINT('',(0.8,38.750141970516,182.22232064614));
#833 = CARTESIAN_POINT('',(0.8,38.750930701673,182.11172558793));
#834 = CARTESIAN_POINT('',(0.8,38.979093695382,182.25202909768));
#835 = CARTESIAN_POINT('',(0.8,39.082973363415,182.24207896105));
#836 = CARTESIAN_POINT('',(0.8,39.210440973381,182.28820833823));
#837 = CARTESIAN_POINT('',(0.8,39.306096170347,182.31878477654));
#838 = CARTESIAN_POINT('',(0.8,39.524738101923,182.37110406055));
#839 = CARTESIAN_POINT('',(0.8,39.579997448805,182.44812106992));
#840 = CARTESIAN_POINT('',(0.8,39.723089324967,182.54903969879));
#841 = CARTESIAN_POINT('',(0.8,39.756895619154,182.70307101326));
#842 = CARTESIAN_POINT('',(0.8,39.780366572543,182.86428615014));
#843 = CARTESIAN_POINT('',(0.8,39.705684122178,183.01590122971));
#844 = CARTESIAN_POINT('',(0.8,39.625409205807,183.07469925737));
#845 = CARTESIAN_POINT('',(0.8,39.540898430259,183.23464966285));
#846 = CARTESIAN_POINT('',(0.8,39.451885040873,183.31534314908));
#847 = CARTESIAN_POINT('',(0.8,39.286060336761,183.39935728649));
#848 = CARTESIAN_POINT('',(0.8,39.186131673283,183.48154268798));
#849 = CARTESIAN_POINT('',(0.8,39.046345244019,183.5569186904));
#850 = CARTESIAN_POINT('',(0.8,38.908131783908,183.61367065742));
#851 = CARTESIAN_POINT('',(0.8,38.7665049679,183.69233937921));
#852 = CARTESIAN_POINT('',(0.8,38.62460736436,183.75771655342));
#853 = CARTESIAN_POINT('',(0.8,38.491140337678,183.80875915003));
#854 = CARTESIAN_POINT('',(0.8,38.356448654128,183.85615421621));
#855 = CARTESIAN_POINT('',(0.8,38.127556939452,183.8824670347));
#856 = CARTESIAN_POINT('',(0.8,38.099656706125,183.98674356263));
#857 = CARTESIAN_POINT('',(0.8,37.859136624343,183.95176933179));
#858 = CARTESIAN_POINT('',(0.8,37.735613965848,184.0082637832));
#859 = CARTESIAN_POINT('',(0.8,37.618184158719,184.03295934458));
#860 = CARTESIAN_POINT('',(0.8,37.453972272445,184.06694858063));
#861 = CARTESIAN_POINT('',(0.8,37.334515545738,184.0883199709));
#862 = CARTESIAN_POINT('',(0.8,37.187590748271,184.22587453551));
#863 = CARTESIAN_POINT('',(0.8,37.047493910855,184.19987726113));
#864 = CARTESIAN_POINT('',(0.8,36.909952996688,184.24884852008));
#865 = CARTESIAN_POINT('',(0.8,36.776885036316,184.32962651626));
#866 = CARTESIAN_POINT('',(0.8,36.596762161234,184.28710899581));
#867 = CARTESIAN_POINT('',(0.8,36.579350426397,184.34962235573));
#868 = CARTESIAN_POINT('',(0.8,36.329030604703,184.42028514352));
#869 = CARTESIAN_POINT('',(0.8,36.210454106903,184.43550199883));
#870 = CARTESIAN_POINT('',(0.8,36.10406777129,184.45424187621));
#871 = CARTESIAN_POINT('',(0.8,35.944841888994,184.52566582712));
#872 = CARTESIAN_POINT('',(0.8,35.801792319713,184.51487119735));
#873 = CARTESIAN_POINT('',(0.8,35.663661380326,184.52109756885));
#874 = CARTESIAN_POINT('',(0.8,35.488889733176,184.64502660029));
#875 = CARTESIAN_POINT('',(0.8,35.365907542209,184.6485985667));
#876 = CARTESIAN_POINT('',(0.8,35.224558083369,184.69302029542));
#877 = CARTESIAN_POINT('',(0.8,35.104255098978,184.73895730539));
#878 = CARTESIAN_POINT('',(0.8,34.921878313387,184.64555193621));
#879 = CARTESIAN_POINT('',(0.8,34.790561419117,184.71108601791));
#880 = CARTESIAN_POINT('',(0.8,34.635633736188,184.71727183925));
#881 = CARTESIAN_POINT('',(0.8,34.494481472864,184.77763042679));
#882 = CARTESIAN_POINT('',(0.8,34.353427287296,184.7416100535));
#883 = ORIENTED_EDGE('',*,*,#884,.T.);
#884 = EDGE_CURVE('',#787,#885,#887,.T.);
#885 = VERTEX_POINT('',#886);
#886 = CARTESIAN_POINT('',(188.3,53.116328316963,127.81772091077));
#887 = B_SPLINE_CURVE_WITH_KNOTS('',3,(#888,#889,#890,#891,#892,#893,
    #894,#895,#896,#897,#898,#899,#900,#901,#902,#903,#904,#905,#906,
    #907,#908,#909,#910,#911),.UNSPECIFIED.,.F.,.F.,(4,1,1,1,1,1,1,1,1,1
    ,1,1,1,1,1,1,1,1,1,1,1,4),(0.,3.662222222222E-02,6.862222222222E-02,
    0.109511111111,0.155733333333,0.1984,0.255288888889,0.312177777778,
    0.3744,0.424177777778,0.475733333333,0.529066666667,0.573511111111,
    0.6304,0.683733333333,0.745955555556,0.792177777778,0.8384,
    0.881066666667,0.921955555556,0.957511111111,1.),.UNSPECIFIED.);
#888 = CARTESIAN_POINT('',(0.8,34.494497819157,184.76156726665));
#889 = CARTESIAN_POINT('',(3.088888888889,31.748882662073,
    185.92548471553));
#890 = CARTESIAN_POINT('',(7.377777777778,28.21279344873,187.91936069081
    ));
#891 = CARTESIAN_POINT('',(14.222222222222,27.102198409939,
    189.6604843813));
#892 = CARTESIAN_POINT('',(21.666666666667,23.409602665461,
    191.27982645131));
#893 = CARTESIAN_POINT('',(29.777777777778,18.588737141174,
    194.54492180833));
#894 = CARTESIAN_POINT('',(38.888888888889,18.385629316799,
    191.14040699307));
#895 = CARTESIAN_POINT('',(48.666666666667,16.060329368605,
    191.63711930416));
#896 = CARTESIAN_POINT('',(59.666666666667,12.087451537003,
    193.03603239532));
#897 = CARTESIAN_POINT('',(70.222222222222,9.353717521004,
    188.38891135488));
#898 = CARTESIAN_POINT('',(80.444444444444,11.423210600896,
    172.63715650367));
#899 = CARTESIAN_POINT('',(90.111111111111,13.492383041886,
    168.18873839468));
#900 = CARTESIAN_POINT('',(99.444444444444,11.025740421355,
    161.0595553079));
#901 = CARTESIAN_POINT('',(109.11111111111,25.221312200997,
    156.20812363839));
#902 = CARTESIAN_POINT('',(118.77777777777,26.405913471296,
    143.30703767227));
#903 = CARTESIAN_POINT('',(129.55555555555,33.751298852402,
    142.62139396278));
#904 = CARTESIAN_POINT('',(139.66666666666,25.503948422942,
    139.21869358872));
#905 = CARTESIAN_POINT('',(149.33333333333,34.483497377714,
    135.72875412055));
#906 = CARTESIAN_POINT('',(157.77777777777,41.878415570443,
    129.7970395947));
#907 = CARTESIAN_POINT('',(165.88888888888,42.443661627466,
    131.37631033203));
#908 = CARTESIAN_POINT('',(173.33333333333,42.207945901364,
    128.09569281906));
#909 = CARTESIAN_POINT('',(180.76666666666,46.044679226236,
    130.62868076363));
#910 = CARTESIAN_POINT('',(185.64444444444,49.177073621906,
    128.36367543609));
#911 = CARTESIAN_POINT('',(188.3,53.116328316963,127.81772091077));
#912 = ORIENTED_EDGE('',*,*,#913,.T.);
#913 = EDGE_CURVE('',#885,#885,#914,.T.);
#914 = B_SPLINE_CURVE_WITH_KNOTS('',3,(#915,#916,#917,#918,#919,#920,
    #921,#922,#923,#924,#925,#926,#927,#928,#929,#930,#931,#932,#933,
    #934,#935,#936,#937,#938,#939,#940,#941,#942,#943,#944,#945,#946,
    #947,#948,#949,#950,#951,#952,#953,#954,#955,#956,#957,#958,#959,
    #960,#961,#962,#963,#964,#965,#966,#967,#968,#969,#970,#971,#972,
    #973,#974,#975,#976,#977,#978,#979,#980,#981,#982,#983,#984,#985,
    #986,#987,#988,#989,#990,#991,#992,#993,#994,#995,#996,#997,#998,
    #999,#1000,#1001,#1002,#1003,#1004,#1005,#1006,#1007),
  .UNSPECIFIED.,.T.,.F.,(1,1,1,1,1,1,1,1,1,1,1,1,1,1,1,1,1,1,1,1,1,1,1,1
    ,1,1,1,1,1,1,1,1,1,1,1,1,1,1,1,1,1,1,1,1,1,1,1,1,1,1,1,1,1,1,1,1,1,1
    ,1,1,1,1,1,1,1,1,1,1,1,1,1,1,1,1,1,1,1,1,1,1,1,1,1,1,1,1,1,1,1,1,1,1
    ,1,1,1,1,1),(-3.,-2.,-1.,0.,1.,2.,3.,4.,5.,6.,7.,8.,9.,10.,11.,12.,
    13.,14.,15.,16.,17.,18.,19.,20.,21.,22.,23.,24.,25.,26.,27.,28.,29.,
    30.,31.,32.,33.,34.,35.,36.,37.,38.,39.,40.,41.,42.,43.,44.,45.,46.,
    47.,48.,49.,50.,51.,52.,53.,54.,55.,56.,57.,58.,59.,60.,61.,62.,63.,
    64.,65.,66.,67.,68.,69.,70.,71.,72.,73.,74.,75.,76.,77.,78.,79.,80.,
    81.,82.,83.,84.,85.,86.,87.,88.,89.,90.,91.,92.,93.),
  .UNIFORM_KNOTS.);
#915 = CARTESIAN_POINT('',(188.3,53.154058686113,127.94926924812));
#916 = CARTESIAN_POINT('',(188.3,53.11122835044,127.82579039845));
#917 = CARTESIAN_POINT('',(188.3,53.098997813907,127.65389462267));
#918 = CARTESIAN_POINT('',(188.3,53.150047417664,127.52865834558));
#919 = CARTESIAN_POINT('',(188.3,53.173689092711,127.39238782252));
#920 = CARTESIAN_POINT('',(188.3,53.190721595534,127.26289812035));
#921 = CARTESIAN_POINT('',(188.3,53.260262330932,127.13628738477));
#922 = CARTESIAN_POINT('',(188.3,53.396853387551,127.02678494621));
#923 = CARTESIAN_POINT('',(188.3,53.498066941404,126.92135789823));
#924 = CARTESIAN_POINT('',(188.3,53.585824504121,126.83243357531));
#925 = CARTESIAN_POINT('',(188.3,53.73208814096,126.76369960519));
#926 = CARTESIAN_POINT('',(188.3,53.8564022773,126.66185346932));
#927 = CARTESIAN_POINT('',(188.3,53.984577647985,126.75171087551));
#928 = CARTESIAN_POINT('',(188.3,54.136487795942,126.19690363857));
#929 = CARTESIAN_POINT('',(188.3,54.271480321138,126.67288024283));
#930 = CARTESIAN_POINT('',(188.3,54.414701356957,126.51578566703));
#931 = CARTESIAN_POINT('',(188.3,54.550554179318,126.53994239161));
#932 = CARTESIAN_POINT('',(188.3,54.711721791718,126.52511133312));
#933 = CARTESIAN_POINT('',(188.3,54.780598831097,126.53116502782));
#934 = CARTESIAN_POINT('',(188.3,54.946697496362,126.53292764378));
#935 = CARTESIAN_POINT('',(188.3,55.073784239234,126.55018540322));
#936 = CARTESIAN_POINT('',(188.3,55.256512446956,126.56330934349));
#937 = CARTESIAN_POINT('',(188.3,55.39926330025,126.57897230442));
#938 = CARTESIAN_POINT('',(188.3,55.545225289109,126.59346147717));
#939 = CARTESIAN_POINT('',(188.3,55.658130754612,126.60569640703));
#940 = CARTESIAN_POINT('',(188.3,55.85981501129,126.61790350358));
#941 = CARTESIAN_POINT('',(188.3,55.883851998156,126.61829707455));
#942 = CARTESIAN_POINT('',(188.3,56.11425497882,126.65484958267));
#943 = CARTESIAN_POINT('',(188.3,56.219729528185,126.59204705741));
#944 = CARTESIAN_POINT('',(188.3,56.432375833639,126.59305510633));
#945 = CARTESIAN_POINT('',(188.3,56.554448353136,126.5795453801));
#946 = CARTESIAN_POINT('',(188.3,56.696931715552,126.53350517482));
#947 = CARTESIAN_POINT('',(188.3,56.82588242405,126.67046148051));
#948 = CARTESIAN_POINT('',(188.3,56.962625999259,126.53888541732));
#949 = CARTESIAN_POINT('',(188.3,57.080785844283,126.55269213717));
#950 = CARTESIAN_POINT('',(188.3,57.233869752906,126.66693661669));
#951 = CARTESIAN_POINT('',(188.3,57.363277605801,126.64997428286));
#952 = CARTESIAN_POINT('',(188.3,57.508906142562,126.69495941075));
#953 = CARTESIAN_POINT('',(188.3,57.63307557057,126.72286552472));
#954 = CARTESIAN_POINT('',(188.3,57.767237275557,126.74237337756));
#955 = CARTESIAN_POINT('',(188.3,57.883859718204,126.80318617416));
#956 = CARTESIAN_POINT('',(188.3,58.009974569463,126.87682967629));
#957 = CARTESIAN_POINT('',(188.3,58.111346104622,126.99489741147));
#958 = CARTESIAN_POINT('',(188.3,58.209863006288,127.08124654025));
#959 = CARTESIAN_POINT('',(188.3,58.26092161275,127.20413599609));
#960 = CARTESIAN_POINT('',(188.3,58.330117549941,127.35053664213));
#961 = CARTESIAN_POINT('',(188.3,58.330375100792,127.4347411516));
#962 = CARTESIAN_POINT('',(188.3,58.31551954847,127.62534201648));
#963 = CARTESIAN_POINT('',(188.3,58.304182722643,127.75698501195));
#964 = CARTESIAN_POINT('',(188.3,58.21237459768,127.8687680648));
#965 = CARTESIAN_POINT('',(188.3,58.175238874108,128.0261636195));
#966 = CARTESIAN_POINT('',(188.3,58.078222124389,128.12239224902));
#967 = CARTESIAN_POINT('',(188.3,58.007393155832,128.23922832812));
#968 = CARTESIAN_POINT('',(188.3,57.915574017899,128.33251660203));
#969 = CARTESIAN_POINT('',(188.3,57.751912122946,128.44359160462));
#970 = CARTESIAN_POINT('',(188.3,57.68496382526,128.50741956087));
#971 = CARTESIAN_POINT('',(188.3,57.537778388574,128.61404784333));
#972 = CARTESIAN_POINT('',(188.3,57.443152166507,128.63980992116));
#973 = CARTESIAN_POINT('',(188.3,57.300535548994,128.74432219243));
#974 = CARTESIAN_POINT('',(188.3,57.159861957726,128.82834673287));
#975 = CARTESIAN_POINT('',(188.3,57.019988341159,128.82449812179));
#976 = CARTESIAN_POINT('',(188.3,56.881221577079,128.85985200207));
#977 = CARTESIAN_POINT('',(188.3,56.743094173592,128.9042651144));
#978 = CARTESIAN_POINT('',(188.3,56.608551727443,128.93901536833));
#979 = CARTESIAN_POINT('',(188.3,56.476733316003,128.96751057775));
#980 = CARTESIAN_POINT('',(188.3,56.288645706436,128.99495851885));
#981 = CARTESIAN_POINT('',(188.3,56.20688201613,128.99919313572));
#982 = CARTESIAN_POINT('',(188.3,56.07160773994,129.03470446505));
#983 = CARTESIAN_POINT('',(188.3,55.877077263676,129.04240850134));
#984 = CARTESIAN_POINT('',(188.3,55.786379523417,129.05226371357));
#985 = CARTESIAN_POINT('',(188.3,55.60651206124,129.0512906958));
#986 = CARTESIAN_POINT('',(188.3,55.529919346081,129.05980958456));
#987 = CARTESIAN_POINT('',(188.3,55.377252776275,129.04434009562));
#988 = CARTESIAN_POINT('',(188.3,55.232570514937,129.0359969274));
#989 = CARTESIAN_POINT('',(188.3,55.100382930298,129.02543473072));
#990 = CARTESIAN_POINT('',(188.3,54.943935770755,129.02712735664));
#991 = CARTESIAN_POINT('',(188.3,54.78544786747,128.97574270172));
#992 = CARTESIAN_POINT('',(188.3,54.616100391756,128.94484921277));
#993 = CARTESIAN_POINT('',(188.3,54.491969884443,128.90793925949));
#994 = CARTESIAN_POINT('',(188.3,54.349599399617,128.8425697266));
#995 = CARTESIAN_POINT('',(188.3,54.227226855589,128.85391424394));
#996 = CARTESIAN_POINT('',(188.3,54.094742177699,128.80649949138));
#997 = CARTESIAN_POINT('',(188.3,53.949788699225,128.76369886944));
#998 = CARTESIAN_POINT('',(188.3,53.792316843084,128.64319786818));
#999 = CARTESIAN_POINT('',(188.3,53.680241289805,128.75231281052));
#1000 = CARTESIAN_POINT('',(188.3,53.564791751617,128.47352149066));
#1001 = CARTESIAN_POINT('',(188.3,53.458410640601,128.38863341597));
#1002 = CARTESIAN_POINT('',(188.3,53.376227618559,128.32533493749));
#1003 = CARTESIAN_POINT('',(188.3,53.265078633956,128.21212069633));
#1004 = CARTESIAN_POINT('',(188.3,53.203237433526,128.05279299164));
#1005 = CARTESIAN_POINT('',(188.3,53.154058686113,127.94926924812));
#1006 = CARTESIAN_POINT('',(188.3,53.11122835044,127.82579039845));
#1007 = CARTESIAN_POINT('',(188.3,53.098997813907,127.65389462267));
#1008 = ORIENTED_EDGE('',*,*,#884,.F.);
#1009 = FACE_BOUND('',#1010,.F.);
#1010 = EDGE_LOOP('',(#1011,#1026));
#1011 = ORIENTED_EDGE('',*,*,#1012,.T.);
#1012 = EDGE_CURVE('',#1013,#1015,#1017,.T.);
#1013 = VERTEX_POINT('',#1014);
#1014 = CARTESIAN_POINT('',(61.430480211234,33.103123054515,
    149.24695330489));
#1015 = VERTEX_POINT('',#1016);
#1016 = CARTESIAN_POINT('',(59.031163328578,37.84955243168,
    152.66309246273));
#1017 = B_SPLINE_CURVE_WITH_KNOTS('',4,(#1018,#1019,#1020,#1021,#1022,
    #1023,#1024,#1025),.UNSPECIFIED.,.F.,.F.,(5,3,5),(0.,0.48817615064,
    1.),.UNSPECIFIED.);
#1018 = CARTESIAN_POINT('',(61.430480211234,33.103123054515,
    149.24695330489));
#1019 = CARTESIAN_POINT('',(61.395524900893,33.711037212158,
    149.71124146605));
#1020 = CARTESIAN_POINT('',(61.280591467747,34.437611677601,
    150.07981339923));
#1021 = CARTESIAN_POINT('',(61.03697449727,35.131663940362,
    150.44333573887));
#1022 = CARTESIAN_POINT('',(60.391330787689,36.402702970794,
    151.25485053553));
#1023 = CARTESIAN_POINT('',(59.978340351654,36.970941568214,
    151.70188897207));
#1024 = CARTESIAN_POINT('',(59.526680881661,37.443577144326,
    152.18178833408));
#1025 = CARTESIAN_POINT('',(59.031163328578,37.84955243168,
    152.66309246273));
#1026 = ORIENTED_EDGE('',*,*,#1027,.T.);
#1027 = EDGE_CURVE('',#1015,#1013,#1028,.T.);
#1028 = B_SPLINE_CURVE_WITH_KNOTS('',8,(#1029,#1030,#1031,#1032,#1033,
    #1034,#1035,#1036,#1037,#1038,#1039,#1040,#1041,#1042,#1043,#1044,
    #1045,#1046,#1047,#1048,#1049,#1050,#1051,#1052,#1053,#1054,#1055,
    #1056,#1057,#1058,#1059,#1060,#1061,#1062,#1063,#1064,#1065,#1066,
    #1067,#1068,#1069,#1070,#1071,#1072,#1073,#1074,#1075,#1076,#1077,
    #1078,#1079,#1080,#1081,#1082,#1083,#1084,#1085,#1086,#1087,#1088,
    #1089,#1090,#1091,#1092,#1093,#1094,#1095,#1096,#1097,#1098,#1099,
    #1100,#1101,#1102,#1103,#1104,#1105,#1106,#1107,#1108,#1109,#1110,
    #1111,#1112,#1113,#1114,#1115,#1116,#1117,#1118,#1119,#1120,#1121,
    #1122,#1123,#1124,#1125,#1126,#1127,#1128,#1129,#1130,#1131,#1132,
    #1133,#1134,#1135,#1136,#1137,#1138,#1139,#1140,#1141,#1142,#1143,
    #1144,#1145,#1146,#1147,#1148,#1149,#1150,#1151,#1152,#1153,#1154,
    #1155,#1156,#1157,#1158,#1159,#1160,#1161,#1162,#1163,#1164,#1165,
    #1166,#1167,#1168,#1169,#1170,#1171,#1172,#1173,#1174,#1175,#1176,
    #1177,#1178,#1179,#1180,#1181,#1182,#1183,#1184,#1185,#1186,#1187,
    #1188,#1189,#1190,#1191,#1192,#1193,#1194,#1195,#1196,#1197,#1198),
  .UNSPECIFIED.,.F.,.F.,(9,7,7,7,7,7,7,7,7,7,7,7,7,7,7,7,7,7,7,7,7,7,7,7
    ,9),(0.,5.575449832154E-03,1.388970580524E-02,2.170581983806E-02,
    3.50993926168E-02,5.262326300785E-02,6.483577672183E-02,
    8.661515474624E-02,9.950811976186E-02,0.111731158539,0.13936047927,
    0.166539322581,0.182593183678,0.207447989406,0.230797038884,
    0.241131795541,0.247893668944,0.286540185967,0.391238452274,
    0.499457992661,0.562599411564,0.66476304262,0.769406272025,
    0.902354459239,1.),.UNSPECIFIED.);
#1029 = CARTESIAN_POINT('',(59.031163328578,37.84955243168,
    152.66309246273));
#1030 = CARTESIAN_POINT('',(58.94677872271,37.918688357142,
    152.74505658075));
#1031 = CARTESIAN_POINT('',(58.861273953476,37.98613629871,
    152.82710096725));
#1032 = CARTESIAN_POINT('',(58.774621955399,38.051950776506,
    152.90915788673));
#1033 = CARTESIAN_POINT('',(58.686787670765,38.116181428372,
    152.99115678722));
#1034 = CARTESIAN_POINT('',(58.597727870225,38.178873249417,
    153.07302410105));
#1035 = CARTESIAN_POINT('',(58.507389982017,38.240066885547,
    153.15468245146));
#1036 = CARTESIAN_POINT('',(58.415709929803,38.29979898098,
    153.23604926508));
#1037 = CARTESIAN_POINT('',(58.183774417167,38.445046424426,
    153.43780251427));
#1038 = CARTESIAN_POINT('',(58.041786306724,38.528786591036,
    153.55764156602));
#1039 = CARTESIAN_POINT('',(57.896421573287,38.609454876368,
    153.67636352364));
#1040 = CARTESIAN_POINT('',(57.747359973474,38.687142599732,
    153.79364375246));
#1041 = CARTESIAN_POINT('',(57.594184095037,38.761900602952,
    153.90902140509));
#1042 = CARTESIAN_POINT('',(57.436379356864,38.833739250366,
    154.02189942135));
#1043 = CARTESIAN_POINT('',(57.273334008976,38.902628428829,
    154.13154452833));
#1044 = CARTESIAN_POINT('',(56.945469447792,39.030420171458,
    154.33630644592));
#1045 = CARTESIAN_POINT('',(56.78591118909,39.08786869439,
    154.42897364391));
#1046 = CARTESIAN_POINT('',(56.625797512105,39.140949151804,
    154.51445402649));
#1047 = CARTESIAN_POINT('',(56.46523785311,39.18976066879,
    154.59213980693));
#1048 = CARTESIAN_POINT('',(56.304317928969,39.234395460225,
    154.66145021963));
#1049 = CARTESIAN_POINT('',(56.143099737137,39.274938830774,
    154.72183152008));
#1050 = CARTESIAN_POINT('',(55.981621555662,39.311469174892,
    154.77275698489));
#1051 = CARTESIAN_POINT('',(55.542770848481,39.399901646517,
    154.8839323483));
#1052 = CARTESIAN_POINT('',(55.264830890378,39.444178636757,
    154.9249413722));
#1053 = CARTESIAN_POINT('',(54.986298118835,39.477162114518,
    154.93421748106));
#1054 = CARTESIAN_POINT('',(54.707378274344,39.499000399188,
    154.90955850915));
#1055 = CARTESIAN_POINT('',(54.428200447767,39.509716190165,
    154.84938639018));
#1056 = CARTESIAN_POINT('',(54.148781366225,39.509180086913,
    154.75293655284));
#1057 = CARTESIAN_POINT('',(53.869016305047,39.49705840147,
    154.62034694909));
#1058 = CARTESIAN_POINT('',(53.22193222249,39.440911378487,
    154.23323123814));
#1059 = CARTESIAN_POINT('',(52.89891514359,39.392106371914,
    153.98044538827));
#1060 = CARTESIAN_POINT('',(52.600918492089,39.332020134884,
    153.71098588345));
#1061 = CARTESIAN_POINT('',(52.325224574068,39.261930866682,
    153.4309708218));
#1062 = CARTESIAN_POINT('',(52.063765834723,39.182966500112,
    153.14654943662));
#1063 = CARTESIAN_POINT('',(51.815313620308,39.095148006488,
    152.85947002817));
#1064 = CARTESIAN_POINT('',(51.576067436014,38.998642347092,
    152.56970040842));
#1065 = CARTESIAN_POINT('',(51.176591424514,38.814736519483,
    152.07273229804));
#1066 = CARTESIAN_POINT('',(51.012633756009,38.732608169998,
    151.86477851868));
#1067 = CARTESIAN_POINT('',(50.848819973664,38.643545188939,
    151.6544133883));
#1068 = CARTESIAN_POINT('',(50.685198829376,38.547109279178,
    151.44283077579));
#1069 = CARTESIAN_POINT('',(50.521828124969,38.44275889606,
    151.23097712955));
#1070 = CARTESIAN_POINT('',(50.358774712195,38.329849247406,
    151.01955147748));
#1071 = CARTESIAN_POINT('',(50.196114492736,38.207632293509,
    150.80900542695));
#1072 = CARTESIAN_POINT('',(49.744702469901,37.839182738691,
    150.22599535191));
#1073 = CARTESIAN_POINT('',(49.461754109256,37.574801684527,
    149.86180109575));
#1074 = CARTESIAN_POINT('',(49.185013391754,37.276497279752,
    149.50837359148));
#1075 = CARTESIAN_POINT('',(48.917829340524,36.945014523788,
    149.16411313176));
#1076 = CARTESIAN_POINT('',(48.665219902393,36.573486304913,
    148.8336218911));
#1077 = CARTESIAN_POINT('',(48.434489121075,36.162017307042,
    148.51844042581));
#1078 = CARTESIAN_POINT('',(48.233864461394,35.722359224248,
    148.21588877991));
#1079 = CARTESIAN_POINT('',(47.964722275501,34.945237244145,
    147.79673038036));
#1080 = CARTESIAN_POINT('',(47.85968267409,34.591621964884,
    147.63290468059));
#1081 = CARTESIAN_POINT('',(47.776941210957,34.223974550609,
    147.48499028023));
#1082 = CARTESIAN_POINT('',(47.714446507979,33.829711296214,
    147.4162579136));
#1083 = CARTESIAN_POINT('',(47.676897028026,33.426600362792,
    147.43751921986));
#1084 = CARTESIAN_POINT('',(47.667689440782,33.045572510835,
    147.53065839028));
#1085 = CARTESIAN_POINT('',(47.67516698666,32.695425576557,
    147.68660045976));
#1086 = CARTESIAN_POINT('',(47.707135287564,32.12391915978,
    148.01808515917));
#1087 = CARTESIAN_POINT('',(47.731178585822,31.875272071102,
    148.20393299261));
#1088 = CARTESIAN_POINT('',(47.760895000627,31.650825746597,
    148.40644064618));
#1089 = CARTESIAN_POINT('',(47.794084474555,31.446126281425,
    148.61964994866));
#1090 = CARTESIAN_POINT('',(47.829159273766,31.257549245687,
    148.83951111353));
#1091 = CARTESIAN_POINT('',(47.865143988,31.082299684423,149.063882739)
  );
#1092 = CARTESIAN_POINT('',(47.901675530578,30.918412117617,
    149.29253180796));
#1093 = CARTESIAN_POINT('',(48.023379574375,30.41740933606,
    150.05743476183));
#1094 = CARTESIAN_POINT('',(48.109393932255,30.123523712409,
    150.60756197079));
#1095 = CARTESIAN_POINT('',(48.191967963502,29.869497678428,
    151.17649644596));
#1096 = CARTESIAN_POINT('',(48.261231927378,29.661454528591,
    151.7715529631));
#1097 = CARTESIAN_POINT('',(48.315489129486,29.490775457356,
    152.39065902695));
#1098 = CARTESIAN_POINT('',(48.357413082531,29.344795953823,
    153.02735323593));
#1099 = CARTESIAN_POINT('',(48.387924166084,29.222137607473,
    153.67814830628));
#1100 = CARTESIAN_POINT('',(48.436065476734,29.003961530192,
    154.97500091624));
#1101 = CARTESIAN_POINT('',(48.453686837872,28.908778561112,
    155.61938465713));
#1102 = CARTESIAN_POINT('',(48.470603082402,28.816128680885,
    156.26398057576));
#1103 = CARTESIAN_POINT('',(48.485265325331,28.728376373963,
    156.90906731136));
#1104 = CARTESIAN_POINT('',(48.500432739967,28.641105982898,
    157.55416162445));
#1105 = CARTESIAN_POINT('',(48.520256855237,28.547858943925,
    158.19851452984));
#1106 = CARTESIAN_POINT('',(48.5460694204,28.447635304406,
    158.84192226311));
#1107 = CARTESIAN_POINT('',(48.606239828203,28.266189035924,
    159.86255213137));
#1108 = CARTESIAN_POINT('',(48.63308919028,28.193504386777,
    160.24075869688));
#1109 = CARTESIAN_POINT('',(48.665113591375,28.11513531784,
    160.61803919899));
#1110 = CARTESIAN_POINT('',(48.702777113195,28.031010261146,
    160.99429926648));
#1111 = CARTESIAN_POINT('',(48.746338801471,27.941363389554,
    161.36948613591));
#1112 = CARTESIAN_POINT('',(48.795852665957,27.846734616749,
    161.74358865162));
#1113 = CARTESIAN_POINT('',(48.851167680435,27.747969597244,
    162.11663726574));
#1114 = CARTESIAN_POINT('',(49.005997398044,27.488689194755,
    163.06474286722));
#1115 = CARTESIAN_POINT('',(49.112731554159,27.324155730652,
    163.63845094438));
#1116 = CARTESIAN_POINT('',(49.234810867651,27.152039148265,
    164.2090995856));
#1117 = CARTESIAN_POINT('',(49.366312152222,26.981077210722,
    164.77976896227));
#1118 = CARTESIAN_POINT('',(49.503555024421,26.814683611845,
    165.35093276214));
#1119 = CARTESIAN_POINT('',(49.64909834828,26.650092691618,
    165.92112180094));
#1120 = CARTESIAN_POINT('',(49.809831317528,26.483825376569,
    166.48943900811));
#1121 = CARTESIAN_POINT('',(50.159455335,26.158362852799,167.58571282259
    ));
#1122 = CARTESIAN_POINT('',(50.378644099681,25.969633532439,
    168.21169207468));
#1123 = CARTESIAN_POINT('',(50.629290509103,25.777203447643,
    168.83346701447));
#1124 = CARTESIAN_POINT('',(50.915486375931,25.595728160795,
    169.36644808378));
#1125 = CARTESIAN_POINT('',(51.212143563357,25.438667101315,
    169.76611409783));
#1126 = CARTESIAN_POINT('',(51.511879416475,25.3123312635,
    170.00316150904));
#1127 = CARTESIAN_POINT('',(51.824852379666,25.21572628019,
    170.06783590238));
#1128 = CARTESIAN_POINT('',(52.057270948457,25.148992333029,
    170.08966529386));
#1129 = CARTESIAN_POINT('',(52.129374856063,25.129667223977,
    170.08926024943));
#1130 = CARTESIAN_POINT('',(52.200711409745,25.111963904607,
    170.08146007526));
#1131 = CARTESIAN_POINT('',(52.270263439934,25.096028496201,
    170.06690752392));
#1132 = CARTESIAN_POINT('',(52.337348526829,25.081843009596,
    170.04664081678));
#1133 = CARTESIAN_POINT('',(52.401522796178,25.069307590239,
    170.02179978206));
#1134 = CARTESIAN_POINT('',(52.462553837821,25.058277625271,
    169.99346643239));
#1135 = CARTESIAN_POINT('',(52.558278707145,25.042251373368,
    169.94228634501));
#1136 = CARTESIAN_POINT('',(52.594938932972,25.036460839262,
    169.92084876522));
#1137 = CARTESIAN_POINT('',(52.630466132655,25.031166473605,
    169.89839305962));
#1138 = CARTESIAN_POINT('',(52.664927590889,25.026321238521,
    169.87507087409));
#1139 = CARTESIAN_POINT('',(52.698391068561,25.021882884765,
    169.85100823861));
#1140 = CARTESIAN_POINT('',(52.730924802755,25.01781395172,
    169.82630556724));
#1141 = CARTESIAN_POINT('',(52.76259750675,25.014081767402,
    169.80103765817));
#1142 = CARTESIAN_POINT('',(52.969973512245,24.99109296032,
    169.62788914482));
#1143 = CARTESIAN_POINT('',(53.122067653839,24.980760255019,
    169.46608356181));
#1144 = CARTESIAN_POINT('',(53.256586776765,24.976713599301,
    169.29576130953));
#1145 = CARTESIAN_POINT('',(53.378910758613,24.976709046796,
    169.12119014788));
#1146 = CARTESIAN_POINT('',(53.4929733726,24.979205438014,
    168.94498123174));
#1147 = CARTESIAN_POINT('',(53.601262287569,24.983364400346,
    168.76808911094));
#1148 = CARTESIAN_POINT('',(53.704819067988,24.989050348068,
    168.58981173031));
#1149 = CARTESIAN_POINT('',(54.069871596686,25.01790784278,
    167.91467187519));
#1150 = CARTESIAN_POINT('',(54.333016585528,25.052991993431,
    167.35233480433));
#1151 = CARTESIAN_POINT('',(54.605144452917,25.101877847998,
    166.70523069138));
#1152 = CARTESIAN_POINT('',(54.881893912129,25.166561690129,
    165.97163746724));
#1153 = CARTESIAN_POINT('',(55.159959697291,25.245677761704,
    165.16721488847));
#1154 = CARTESIAN_POINT('',(55.432126875307,25.337081202894,
    164.32408084379));
#1155 = CARTESIAN_POINT('',(55.688557239359,25.434625353522,
    163.49096084679));
#1156 = CARTESIAN_POINT('',(56.14845268364,25.625061933315,
    161.9489628417));
#1157 = CARTESIAN_POINT('',(56.370027328488,25.726070637128,
    161.1759408709));
#1158 = CARTESIAN_POINT('',(56.586760247744,25.832258427404,
    160.41390352156));
#1159 = CARTESIAN_POINT('',(56.78513979137,25.939237280812,
    159.6594177669));
#1160 = CARTESIAN_POINT('',(56.975261325502,26.047727260973,
    158.91349132139));
#1161 = CARTESIAN_POINT('',(57.150154810481,26.155018956096,
    158.1744150448));
#1162 = CARTESIAN_POINT('',(57.312789730883,26.260417451481,
    157.44244889264));
#1163 = CARTESIAN_POINT('',(57.549548073634,26.422195897046,
    156.29444893923));
#1164 = CARTESIAN_POINT('',(57.632163640671,26.480587952932,
    155.87415056726));
#1165 = CARTESIAN_POINT('',(57.710638727607,26.537814788226,
    155.45592302608));
#1166 = CARTESIAN_POINT('',(57.785387644657,26.59392202193,
    155.03912467026));
#1167 = CARTESIAN_POINT('',(57.856756648957,26.648947621037,
    154.62310685871));
#1168 = CARTESIAN_POINT('',(57.925023944569,26.702921900535,
    154.20721395474));
#1169 = CARTESIAN_POINT('',(57.990399682473,26.755867523404,
    153.79078332601));
#1170 = CARTESIAN_POINT('',(58.154356087159,26.891826110284,
    152.69740169805));
#1171 = CARTESIAN_POINT('',(58.246163004119,26.971502273054,
    152.0205958423));
#1172 = CARTESIAN_POINT('',(58.34000407769,27.054285418549,
    151.34382227094));
#1173 = CARTESIAN_POINT('',(58.412691057634,27.123918187853,
    150.66421896914));
#1174 = CARTESIAN_POINT('',(58.477325739441,27.188467225569,
    149.98353784719));
#1175 = CARTESIAN_POINT('',(58.557634490816,27.26399869083,
    149.30484784714));
#1176 = CARTESIAN_POINT('',(58.651078940817,27.350451367305,
    148.62804744491));
#1177 = CARTESIAN_POINT('',(58.884155894004,27.564653403122,
    147.26534034302));
#1178 = CARTESIAN_POINT('',(59.025971862028,27.694820638154,
    146.58114419606));
#1179 = CARTESIAN_POINT('',(59.189202878195,27.844857130712,
    145.89292378602));
#1180 = CARTESIAN_POINT('',(59.401140717978,28.04580575742,
    145.21720338801));
#1181 = CARTESIAN_POINT('',(59.639755027946,28.287108276625,
    144.56731369864));
#1182 = CARTESIAN_POINT('',(59.874450137441,28.551602949035,
    143.97394722802));
#1183 = CARTESIAN_POINT('',(60.109125500287,28.847774055732,
    143.49917580033));
#1184 = CARTESIAN_POINT('',(60.565226148034,29.481642019467,
    142.79212743098));
#1185 = CARTESIAN_POINT('',(60.67154725278,29.676142899206,
    142.80732217445));
#1186 = CARTESIAN_POINT('',(60.74542124841,29.79725146444,
    142.79634370273));
#1187 = CARTESIAN_POINT('',(60.795422890632,29.893802979769,
    142.85918812464));
#1188 = CARTESIAN_POINT('',(60.882445227746,30.04605721422,
    142.8662417676));
#1189 = CARTESIAN_POINT('',(60.964039564535,30.218128265714,
    143.03250701997));
#1190 = CARTESIAN_POINT('',(61.050721334217,30.409858387109,
    143.48205222235));
#1191 = CARTESIAN_POINT('',(61.207355762129,30.874552654186,
    145.00134330705));
#1192 = CARTESIAN_POINT('',(61.25354216901,31.045479029613,
    145.63281594827));
#1193 = CARTESIAN_POINT('',(61.290902994142,31.21245617563,
    146.28899055097));
#1194 = CARTESIAN_POINT('',(61.351477443535,31.447951347038,
    146.90819433936));
#1195 = CARTESIAN_POINT('',(61.36646748409,31.675211913851,
    147.58718610453));
#1196 = CARTESIAN_POINT('',(61.426760155394,31.943662999477,
    148.20071286119));
#1197 = CARTESIAN_POINT('',(61.467545773598,32.458509120246,
    148.75463606825));
#1198 = CARTESIAN_POINT('',(61.430480211234,33.103123054515,
    149.24695330489));
#1199 = FACE_BOUND('',#1200,.F.);
#1200 = EDGE_LOOP('',(#1201));
#1201 = ORIENTED_EDGE('',*,*,#1202,.T.);
#1202 = EDGE_CURVE('',#1203,#1203,#1205,.T.);
#1203 = VERTEX_POINT('',#1204);
#1204 = CARTESIAN_POINT('',(127.02350867042,46.941221712466,
    121.13496467293));
#1205 = B_SPLINE_CURVE_WITH_KNOTS('',8,(#1206,#1207,#1208,#1209,#1210,
    #1211,#1212,#1213,#1214,#1215,#1216,#1217,#1218,#1219,#1220,#1221,
    #1222,#1223,#1224,#1225,#1226,#1227,#1228,#1229,#1230,#1231,#1232,
    #1233,#1234,#1235,#1236,#1237,#1238,#1239,#1240,#1241,#1242,#1243,
    #1244,#1245,#1246,#1247,#1248,#1249,#1250,#1251,#1252,#1253,#1254,
    #1255,#1256,#1257,#1258,#1259,#1260,#1261,#1262,#1263,#1264,#1265,
    #1266,#1267,#1268,#1269,#1270),.UNSPECIFIED.,.T.,.F.,(9,7,7,7,7,7,7,
    7,7,9),(0.,0.128435804466,0.179846765627,0.217592302015,
    0.342113627076,0.568356923449,0.65925587418,0.713188591827,
    0.785381245701,1.),.UNSPECIFIED.);
#1206 = CARTESIAN_POINT('',(127.02350867042,46.941221712466,
    121.13496467293));
#1207 = CARTESIAN_POINT('',(126.94391347626,46.978710053352,
    120.78359214906));
#1208 = CARTESIAN_POINT('',(126.84198844586,47.02070684511,
    120.43727825853));
#1209 = CARTESIAN_POINT('',(126.717590166,47.067471568052,
    120.09396439932));
#1210 = CARTESIAN_POINT('',(126.56884984784,47.117926298112,
    119.75356842259));
#1211 = CARTESIAN_POINT('',(126.39217332694,47.169655706849,
    119.41798463262));
#1212 = CARTESIAN_POINT('',(126.18224106326,47.218907061448,
    119.09108378689));
#1213 = CARTESIAN_POINT('',(125.93200814114,47.260590224716,
    118.77871309602));
#1214 = CARTESIAN_POINT('',(125.51289733702,47.299360525734,
    118.3726067407));
#1215 = CARTESIAN_POINT('',(125.38555078527,47.307971390036,
    118.26087413823));
#1216 = CARTESIAN_POINT('',(125.24944245655,47.313609016253,
    118.15366683607));
#1217 = CARTESIAN_POINT('',(125.10364823242,47.315517782206,
    118.05210164627));
#1218 = CARTESIAN_POINT('',(124.94758966971,47.312726923927,
    117.95802640292));
#1219 = CARTESIAN_POINT('',(124.78116403777,47.304072340112,
    117.8739402287));
#1220 = CARTESIAN_POINT('',(124.60497039334,47.288340250884,
    117.80276695092));
#1221 = CARTESIAN_POINT('',(124.28531527172,47.247294966648,
    117.70639827658));
#1222 = CARTESIAN_POINT('',(124.14537972877,47.22561154329,
    117.67394276743));
#1223 = CARTESIAN_POINT('',(124.00255441862,47.199397921713,
    117.65127547392));
#1224 = CARTESIAN_POINT('',(123.85854049964,47.168656485421,
    117.63924074461));
#1225 = CARTESIAN_POINT('',(123.71501703046,47.133641147884,
    117.63810989623));
#1226 = CARTESIAN_POINT('',(123.57363608493,47.094865860656,
    117.64759898494));
#1227 = CARTESIAN_POINT('',(123.43602052275,47.053096300748,
    117.66687690762));
#1228 = CARTESIAN_POINT('',(122.86745572168,46.864923740348,
    117.78590212093));
#1229 = CARTESIAN_POINT('',(122.49923057652,46.701999938077,
    117.96661921664));
#1230 = CARTESIAN_POINT('',(122.18208311768,46.534475579144,
    118.19547590982));
#1231 = CARTESIAN_POINT('',(121.91520987232,46.371233780595,
    118.45781741466));
#1232 = CARTESIAN_POINT('',(121.68721354651,46.218541009618,
    118.73336113639));
#1233 = CARTESIAN_POINT('',(121.49319729508,46.077728453799,
    119.0194321395));
#1234 = CARTESIAN_POINT('',(121.32493116784,45.948193789091,
    119.31405527956));
#1235 = CARTESIAN_POINT('',(120.91116738684,45.614657810223,
    120.199701853));
#1236 = CARTESIAN_POINT('',(120.70311949519,45.42681360782,
    120.84663361124));
#1237 = CARTESIAN_POINT('',(120.61750748758,45.341791254572,
    121.53075941194));
#1238 = CARTESIAN_POINT('',(120.58078001281,45.316365058612,
    122.23397790095));
#1239 = CARTESIAN_POINT('',(120.6791192786,45.479290339484,
    122.89045821728));
#1240 = CARTESIAN_POINT('',(121.01966316653,45.869848052475,
    123.46494263761));
#1241 = CARTESIAN_POINT('',(121.5409136773,46.243170815981,
    123.99876014711));
#1242 = CARTESIAN_POINT('',(122.40479011595,46.689157158227,
    124.62405777842));
#1243 = CARTESIAN_POINT('',(122.6527036877,46.799488365403,
    124.77885718591));
#1244 = CARTESIAN_POINT('',(122.89919387592,46.89352477535,
    124.9157808143));
#1245 = CARTESIAN_POINT('',(123.14473813985,46.973029591915,
    125.03809293081));
#1246 = CARTESIAN_POINT('',(123.39066924981,47.03956262418,
    125.14744373067));
#1247 = CARTESIAN_POINT('',(123.63857805031,47.094046188211,
    125.24454945395));
#1248 = CARTESIAN_POINT('',(123.89047480605,47.136661414579,
    125.32888404802));
#1249 = CARTESIAN_POINT('',(124.30351961482,47.185120112188,
    125.43802421948));
#1250 = CARTESIAN_POINT('',(124.46055269244,47.198934556975,
    125.47325504962));
#1251 = CARTESIAN_POINT('',(124.62078171901,47.208265648938,
    125.50213550519));
#1252 = CARTESIAN_POINT('',(124.78368260746,47.212802899619,
    125.52332882664));
#1253 = CARTESIAN_POINT('',(124.94823634154,47.212287832408,
    125.53520916371));
#1254 = CARTESIAN_POINT('',(125.11290182167,47.206672729805,
    125.53595124725));
#1255 = CARTESIAN_POINT('',(125.27560714511,47.196267566233,
    125.52388035106));
#1256 = CARTESIAN_POINT('',(125.64556937947,47.162467884127,
    125.46420269121));
#1257 = CARTESIAN_POINT('',(125.84547741147,47.135716460771,
    125.40494388951));
#1258 = CARTESIAN_POINT('',(126.02876990137,47.104828536286,
    125.32336854543));
#1259 = CARTESIAN_POINT('',(126.19248646703,47.072456881728,
    125.22269154316));
#1260 = CARTESIAN_POINT('',(126.33546796099,47.040638650692,
    125.10655917041));
#1261 = CARTESIAN_POINT('',(126.45835647044,47.010795379307,
    124.9790491184));
#1262 = CARTESIAN_POINT('',(126.56359531728,46.983732986237,
    124.84467048183));
#1263 = CARTESIAN_POINT('',(126.92843804164,46.888021933762,
    124.30314276335));
#1264 = CARTESIAN_POINT('',(127.09334228385,46.841116706652,
    123.86402404144));
#1265 = CARTESIAN_POINT('',(127.18222743115,46.816669591543,
    123.40819239614));
#1266 = CARTESIAN_POINT('',(127.21880976285,46.812265424477,
    122.94790629112));
#1267 = CARTESIAN_POINT('',(127.21843619112,46.825330377353,
    122.4904978508));
#1268 = CARTESIAN_POINT('',(127.18808426103,46.853131957927,
    122.0383728603));
#1269 = CARTESIAN_POINT('',(127.12636215052,46.892779009809,
    121.58901076548));
#1270 = CARTESIAN_POINT('',(127.02350867042,46.941221712466,
    121.13496467293));
#1271 = FACE_BOUND('',#1272,.F.);
#1272 = EDGE_LOOP('',(#1273,#1308,#1321,#1460));
#1273 = ORIENTED_EDGE('',*,*,#1274,.F.);
#1274 = EDGE_CURVE('',#1275,#1277,#1279,.T.);
#1275 = VERTEX_POINT('',#1276);
#1276 = CARTESIAN_POINT('',(54.917424206193,27.444126293945,
    139.26551870792));
#1277 = VERTEX_POINT('',#1278);
#1278 = CARTESIAN_POINT('',(51.460030034902,28.505494010405,
    139.21784863399));
#1279 = ( BOUNDED_CURVE() B_SPLINE_CURVE(14,(#1280,#1281,#1282,#1283,
    #1284,#1285,#1286,#1287,#1288,#1289,#1290,#1291,#1292,#1293,#1294,
    #1295,#1296,#1297,#1298,#1299,#1300,#1301,#1302,#1303,#1304,#1305,
#1306,#1307),.UNSPECIFIED.,.F.,.F.) B_SPLINE_CURVE_WITH_KNOTS((15,13,15)
,(-0.88872965759,3.949907421211,8.788544500011),.UNSPECIFIED.) CURVE() 
GEOMETRIC_REPRESENTATION_ITEM() RATIONAL_B_SPLINE_CURVE((1.,1.,
    0.999999999999,1.000000000002,0.999999999995,1.000000000008,
    0.99999999999,1.000000000011,0.999999999991,1.000000000006,
    0.999999999997,1.000000000001,1.,1.,1.000000000001,0.999999999997,
    1.00000000001,0.999999999979,1.000000000034,0.999999999957,
    1.000000000045,0.999999999962,1.000000000027,0.999999999984,
    1.000000000007,0.999999999998,1.000000000001,1.)) 
REPRESENTATION_ITEM('') );
#1280 = CARTESIAN_POINT('',(57.825496084306,26.61735099038,
    139.3158424919));
#1281 = CARTESIAN_POINT('',(57.493237196373,26.706099958153,
    139.3095462157));
#1282 = CARTESIAN_POINT('',(57.161512663784,26.796288102548,
    139.30328440252));
#1283 = CARTESIAN_POINT('',(56.830259791214,26.887913375141,
    139.29724149067));
#1284 = CARTESIAN_POINT('',(56.499445872632,26.980924763868,
    139.2909598678));
#1285 = CARTESIAN_POINT('',(56.168942685713,27.075342365436,
    139.28540760012));
#1286 = CARTESIAN_POINT('',(55.838660466868,27.170913269171,
    139.27972636038));
#1287 = CARTESIAN_POINT('',(55.508560982361,27.267626337035,
    139.27404864252));
#1288 = CARTESIAN_POINT('',(55.178524477287,27.365335109547,
    139.26908626603));
#1289 = CARTESIAN_POINT('',(54.848416792066,27.46365855098,
    139.2643513942));
#1290 = CARTESIAN_POINT('',(54.518260286544,27.562598751547,
    139.25930473059));
#1291 = CARTESIAN_POINT('',(54.188073992861,27.662291469842,
    139.25480300651));
#1292 = CARTESIAN_POINT('',(53.857621364644,27.762022810719,
    139.25081094561));
#1293 = CARTESIAN_POINT('',(53.527122087028,27.862482547464,
    139.24638497961));
#1294 = CARTESIAN_POINT('',(52.865973797559,28.064672711558,
    139.23757942968));
#1295 = CARTESIAN_POINT('',(52.535358706056,28.166420569776,
    139.23312313515));
#1296 = CARTESIAN_POINT('',(52.204478604709,28.269018048334,
    139.22858680451));
#1297 = CARTESIAN_POINT('',(51.874781740846,28.37211956171,
    139.22398717953));
#1298 = CARTESIAN_POINT('',(51.54166028696,28.477469561041,
    139.21920268635));
#1299 = CARTESIAN_POINT('',(51.216548028831,28.581322725704,
    139.21449308871));
#1300 = CARTESIAN_POINT('',(50.878970090242,28.690825457871,
    139.20936361095));
#1301 = CARTESIAN_POINT('',(50.557598368536,28.796298188806,
    139.20449528035));
#1302 = CARTESIAN_POINT('',(50.222216279476,28.908088156974,
    139.19913496422));
#1303 = CARTESIAN_POINT('',(49.897255979852,29.017855083246,
    139.193895038));
#1304 = CARTESIAN_POINT('',(49.568651384061,29.130230623774,
    139.18836880406));
#1305 = CARTESIAN_POINT('',(49.242048584567,29.243058684414,
    139.18272227527));
#1306 = CARTESIAN_POINT('',(48.916333574069,29.356324380067,
    139.17688358195));
#1307 = CARTESIAN_POINT('',(48.591734598492,29.469498567084,
    139.1708679606));
#1308 = ORIENTED_EDGE('',*,*,#1309,.T.);
#1309 = EDGE_CURVE('',#1275,#1310,#1312,.T.);
#1310 = VERTEX_POINT('',#1311);
#1311 = CARTESIAN_POINT('',(55.390323115309,27.26966067697,
    139.45633788379));
#1312 = ( BOUNDED_CURVE() B_SPLINE_CURVE(7,(#1313,#1314,#1315,#1316,
    #1317,#1318,#1319,#1320),.UNSPECIFIED.,.F.,.F.) 
B_SPLINE_CURVE_WITH_KNOTS((8,8),(1.033147144372E-06,0.894412172301),
.PIECEWISE_BEZIER_KNOTS.) CURVE() GEOMETRIC_REPRESENTATION_ITEM() 
RATIONAL_B_SPLINE_CURVE((1.,1.,1.,1.,1.,1.,1.,1.)) REPRESENTATION_ITEM(
  '') );
#1313 = CARTESIAN_POINT('',(54.917424206193,27.444126293945,
    139.26551870792));
#1314 = CARTESIAN_POINT('',(54.989893597711,27.422576572634,
    139.26646092848));
#1315 = CARTESIAN_POINT('',(55.061779736152,27.399451576738,
    139.27685767079));
#1316 = CARTESIAN_POINT('',(55.132260353423,27.375008373299,
    139.29672031482));
#1317 = CARTESIAN_POINT('',(55.199466637028,27.349873602906,
    139.32564287779));
#1318 = CARTESIAN_POINT('',(55.264528146815,27.323889246829,
    139.3627318826));
#1319 = CARTESIAN_POINT('',(55.325238070756,27.297899432379,
    139.40680110528));
#1320 = CARTESIAN_POINT('',(55.390323115309,27.26966067697,
    139.45633788379));
#1321 = ORIENTED_EDGE('',*,*,#1322,.T.);
#1322 = EDGE_CURVE('',#1310,#1323,#1325,.T.);
#1323 = VERTEX_POINT('',#1324);
#1324 = CARTESIAN_POINT('',(49.333765058174,28.998742785633,
    140.17757428472));
#1325 = ( BOUNDED_CURVE() B_SPLINE_CURVE(13,(#1326,#1327,#1328,#1329,
    #1330,#1331,#1332,#1333,#1334,#1335,#1336,#1337,#1338,#1339,#1340,
    #1341,#1342,#1343,#1344,#1345,#1346,#1347,#1348,#1349,#1350,#1351,
    #1352,#1353,#1354,#1355,#1356,#1357,#1358,#1359,#1360,#1361,#1362,
    #1363,#1364,#1365,#1366,#1367,#1368,#1369,#1370,#1371,#1372,#1373,
    #1374,#1375,#1376,#1377,#1378,#1379,#1380,#1381,#1382,#1383,#1384,
    #1385,#1386,#1387,#1388,#1389,#1390,#1391,#1392,#1393,#1394,#1395,
    #1396,#1397,#1398,#1399,#1400,#1401,#1402,#1403,#1404,#1405,#1406,
    #1407,#1408,#1409,#1410,#1411,#1412,#1413,#1414,#1415,#1416,#1417,
    #1418,#1419,#1420,#1421,#1422,#1423,#1424,#1425,#1426,#1427,#1428,
    #1429,#1430,#1431,#1432,#1433,#1434,#1435,#1436,#1437,#1438,#1439,
    #1440,#1441,#1442,#1443,#1444,#1445,#1446,#1447,#1448,#1449,#1450,
    #1451,#1452,#1453,#1454,#1455,#1456,#1457,#1458,#1459),
.UNSPECIFIED.,.F.,.F.) B_SPLINE_CURVE_WITH_KNOTS((14,12,12,12,12,12,12,
    12,12,12,12,14),(-2.592105011509,0.,2.843849019365,5.687698038729,
    8.056874980553,10.426051922377,11.622301949448,12.69157777641,
    15.610656588308,18.350555744346,19.632267123294,19.852310411757),
.UNSPECIFIED.) CURVE() GEOMETRIC_REPRESENTATION_ITEM() 
RATIONAL_B_SPLINE_CURVE((1.,1.,0.999999999999,1.000000000003,
    0.999999999995,1.000000000008,0.99999999999,1.00000000001,
    0.999999999992,1.000000000005,0.999999999997,1.000000000001,1.,1.,
    0.999999999999,1.000000000003,0.999999999994,1.000000000009,
    0.999999999988,1.000000000012,0.99999999999,1.000000000006,
    0.999999999997,1.000000000001,1.,1.,1.,1.,1.000000000001,
    0.999999999997,1.000000000004,0.999999999996,1.000000000003,
    0.999999999998,1.000000000001,1.,1.,1.,1.000000000001,0.999999999998
    ,1.000000000004,0.999999999994,1.000000000006,0.999999999994,
    1.000000000004,0.999999999997,1.000000000001,0.999999999999,1.,1.,
    1.000000000001,0.999999999997,1.000000000005,0.999999999992,
    1.00000000001,0.999999999991,1.000000000007,0.999999999996,
    1.000000000002,0.999999999999,1.,1.,0.999999999999,1.000000000002,
    0.999999999997,1.000000000005,0.999999999994,1.000000000005,
    0.999999999996,1.000000000002,0.999999999999,1.,1.,1.,1.,1.,1.,1.,1.
    ,1.,1.,1.,1.,1.,1.,1.,0.999999999999,1.000000000002,0.999999999995,
    1.000000000007,0.999999999991,1.000000000009,0.999999999993,
    1.000000000005,0.999999999998,1.000000000001,1.,1.,0.999999999999,
    1.000000000002,0.999999999997,1.000000000005,0.999999999994,
    1.000000000006,0.999999999995,1.000000000003,0.999999999998,1.,1.,1.
    ,1.000000000001,0.999999999998,1.000000000003,0.999999999995,
    1.000000000006,0.999999999995,1.000000000004,0.999999999998,
    1.000000000001,1.,1.,1.,0.999999999999,1.000000000002,0.999999999995
    ,1.000000000007,0.999999999992,1.000000000007,0.999999999994,
    1.000000000003,0.999999999998,1.000000000001,1.,1.)) 
REPRESENTATION_ITEM('') );
#1326 = CARTESIAN_POINT('',(57.552356733856,26.96779202723,
    137.82466442276));
#1327 = CARTESIAN_POINT('',(57.517098619401,26.949023306445,
    137.97387793392));
#1328 = CARTESIAN_POINT('',(57.481801224248,26.930389744766,
    138.12311937448));
#1329 = CARTESIAN_POINT('',(57.446447882894,26.91188769233,
    138.27238690726));
#1330 = CARTESIAN_POINT('',(57.411019524036,26.893513311816,
    138.42167766386));
#1331 = CARTESIAN_POINT('',(57.375494670511,26.875262578442,
    138.57098774443));
#1332 = CARTESIAN_POINT('',(57.339849439416,26.857131279971,
    138.72031221808));
#1333 = CARTESIAN_POINT('',(57.304057541909,26.839115016706,
    138.86964512229));
#1334 = CARTESIAN_POINT('',(57.268090283486,26.821209201487,
    139.0189794636));
#1335 = CARTESIAN_POINT('',(57.231916563655,26.803409059709,
    139.16830721692));
#1336 = CARTESIAN_POINT('',(57.195502876259,26.785709629288,
    139.31761932616));
#1337 = CARTESIAN_POINT('',(57.15881330921,26.768105760701,
    139.4669057037));
#1338 = CARTESIAN_POINT('',(57.121809544669,26.750592116955,
    139.61615523077));
#1339 = CARTESIAN_POINT('',(57.043463915406,26.714041539548,
    139.92904656798));
#1340 = CARTESIAN_POINT('',(57.002063792169,26.695026033715,
    140.09268276981));
#1341 = CARTESIAN_POINT('',(56.960007141698,26.676070398986,
    140.25622901037));
#1342 = CARTESIAN_POINT('',(56.918164798391,26.657319067021,
    140.41998212362));
#1343 = CARTESIAN_POINT('',(56.873257778781,26.638345371715,
    140.58296425584));
#1344 = CARTESIAN_POINT('',(56.832970216744,26.619884842905,
    140.74747499397));
#1345 = CARTESIAN_POINT('',(56.783271465656,26.601095174536,
    140.90942044671));
#1346 = CARTESIAN_POINT('',(56.742831134951,26.58238431736,
    141.07413765429));
#1347 = CARTESIAN_POINT('',(56.692851930444,26.564107122159,
    141.23638840058));
#1348 = CARTESIAN_POINT('',(56.646343290202,26.545359401688,
    141.39968582652));
#1349 = CARTESIAN_POINT('',(56.597083194349,26.526915711947,
    141.5624044149));
#1350 = CARTESIAN_POINT('',(56.546974738891,26.508451509671,
    141.72503253077));
#1351 = CARTESIAN_POINT('',(56.444199058874,26.471679260258,
    142.04990431131));
#1352 = CARTESIAN_POINT('',(56.391569698679,26.453361801953,
    142.21215473367));
#1353 = CARTESIAN_POINT('',(56.337642325346,26.435128748314,
    142.37421644188));
#1354 = CARTESIAN_POINT('',(56.282364490471,26.416997111829,
    142.5360797659));
#1355 = CARTESIAN_POINT('',(56.225682206865,26.398985874043,
    142.69773180687));
#1356 = CARTESIAN_POINT('',(56.167537594545,26.38111686938,
    142.85915541423));
#1357 = CARTESIAN_POINT('',(56.107869756655,26.363415858036,
    143.02032394512));
#1358 = CARTESIAN_POINT('',(56.046618884454,26.34591378783,
    143.18119180604));
#1359 = CARTESIAN_POINT('',(55.983733592391,26.328648245137,
    143.34168077666));
#1360 = CARTESIAN_POINT('',(55.919181482265,26.311665094795,
    143.50166211591));
#1361 = CARTESIAN_POINT('',(55.852962937285,26.295020309061,
    143.6609344503));
#1362 = CARTESIAN_POINT('',(55.785128145483,26.278781985576,
    143.81919744445));
#1363 = CARTESIAN_POINT('',(55.658038690383,26.249911889695,
    144.10666931244));
#1364 = CARTESIAN_POINT('',(55.59929991967,26.237143522349,
    144.23619328567));
#1365 = CARTESIAN_POINT('',(55.539449410908,26.224727604565,
    144.36479261139));
#1366 = CARTESIAN_POINT('',(55.478394633388,26.212675362807,
    144.49259679613));
#1367 = CARTESIAN_POINT('',(55.416041658499,26.201004408708,
    144.6197056805));
#1368 = CARTESIAN_POINT('',(55.3522776503,26.189736600778,
    144.74621238828));
#1369 = CARTESIAN_POINT('',(55.286969379753,26.178897924354,
    144.87221192019));
#1370 = CARTESIAN_POINT('',(55.219970799009,26.168519856747,
    144.99779835114));
#1371 = CARTESIAN_POINT('',(55.151132711818,26.15864168533,
    145.12305359307));
#1372 = CARTESIAN_POINT('',(55.080307576514,26.149313245339,
    145.24803068137));
#1373 = CARTESIAN_POINT('',(55.007342477641,26.140597545167,
    145.37273454709));
#1374 = CARTESIAN_POINT('',(54.932053302617,26.132572746047,
    145.49710323353));
#1375 = CARTESIAN_POINT('',(54.776293016565,26.118093181308,
    145.74488180346));
#1376 = CARTESIAN_POINT('',(54.69583277846,26.111643227442,
    145.86827553625));
#1377 = CARTESIAN_POINT('',(54.612564136142,26.106060475284,
    145.99112401812));
#1378 = CARTESIAN_POINT('',(54.526236654706,26.101484340404,
    146.11313773711));
#1379 = CARTESIAN_POINT('',(54.436582806985,26.098049857074,
    146.23406699059));
#1380 = CARTESIAN_POINT('',(54.343289483267,26.095904575961,
    146.35366301645));
#1381 = CARTESIAN_POINT('',(54.245969457617,26.095242159136,
    146.47156724695));
#1382 = CARTESIAN_POINT('',(54.144138376579,26.096318454423,
    146.58726905707));
#1383 = CARTESIAN_POINT('',(54.037174922297,26.099448239121,
    146.70016613592));
#1384 = CARTESIAN_POINT('',(53.92421388743,26.105013228601,
    146.80965536779));
#1385 = CARTESIAN_POINT('',(53.803893985394,26.113544353611,
    146.9150758661));
#1386 = CARTESIAN_POINT('',(53.673854305021,26.125973715681,
    147.01521956155));
#1387 = CARTESIAN_POINT('',(53.457132114228,26.153378833763,
    147.15336982537));
#1388 = CARTESIAN_POINT('',(53.380708922391,26.164065250389,
    147.19769355575));
#1389 = CARTESIAN_POINT('',(53.299695480029,26.176544187621,
    147.23973499521));
#1390 = CARTESIAN_POINT('',(53.213846872463,26.19110173682,
    147.27855590366));
#1391 = CARTESIAN_POINT('',(53.123401295055,26.207996179754,
    147.31276587975));
#1392 = CARTESIAN_POINT('',(53.028964593862,26.227432256476,
    147.34076871343));
#1393 = CARTESIAN_POINT('',(52.931425499835,26.24952733515,
    147.36100972416));
#1394 = CARTESIAN_POINT('',(52.831895385042,26.274274117112,
    147.37221009614));
#1395 = CARTESIAN_POINT('',(52.731666369527,26.301504509928,
    147.37357422495));
#1396 = CARTESIAN_POINT('',(52.63218160717,26.330859301925,
    147.3649560864));
#1397 = CARTESIAN_POINT('',(52.535011579248,26.361768270868,
    147.34697064209));
#1398 = CARTESIAN_POINT('',(52.441830224032,26.393445360223,
    147.32103629289));
#1399 = CARTESIAN_POINT('',(52.276221011406,26.453022667509,
    147.26099744668));
#1400 = CARTESIAN_POINT('',(52.20256956935,26.480991527498,
    147.2280297502));
#1401 = CARTESIAN_POINT('',(52.132773478918,26.508807773491,
    147.19122500362));
#1402 = CARTESIAN_POINT('',(52.066446356393,26.536422225357,
    147.15125725758));
#1403 = CARTESIAN_POINT('',(52.003333948563,26.563771843327,
    147.10870263772));
#1404 = CARTESIAN_POINT('',(51.943229237535,26.590799569473,
    147.06405427574));
#1405 = CARTESIAN_POINT('',(51.885928390522,26.61746458993,
    147.01773028655));
#1406 = CARTESIAN_POINT('',(51.831214882633,26.643746555171,
    146.97007463423));
#1407 = CARTESIAN_POINT('',(51.778859121127,26.669647295881,
    146.92135072375));
#1408 = CARTESIAN_POINT('',(51.728620899135,26.695193571663,
    146.87172756195));
#1409 = CARTESIAN_POINT('',(51.68024200728,26.720444390155,
    146.82125832494));
#1410 = CARTESIAN_POINT('',(51.633416331268,26.745506433821,
    146.7698511743));
#1411 = CARTESIAN_POINT('',(51.462988673112,26.838959422146,
    146.5735844286));
#1412 = CARTESIAN_POINT('',(51.345995512109,26.907724226686,
    146.41993904213));
#1413 = CARTESIAN_POINT('',(51.228739568712,26.980506642836,
    146.25035080054));
#1414 = CARTESIAN_POINT('',(51.108059122549,27.05973774991,
    146.05831729563));
#1415 = CARTESIAN_POINT('',(50.982750365218,27.1469168066,
    145.83945755982));
#1416 = CARTESIAN_POINT('',(50.854124311181,27.242322836053,
    145.59150882063));
#1417 = CARTESIAN_POINT('',(50.724303235769,27.345389578131,
    145.31477408668));
#1418 = CARTESIAN_POINT('',(50.595374307935,27.454933782182,
    145.01245734694));
#1419 = CARTESIAN_POINT('',(50.469884361825,27.568968991435,
    144.69050455998));
#1420 = CARTESIAN_POINT('',(50.350594903006,27.684660675548,
    144.35723154807));
#1421 = CARTESIAN_POINT('',(50.23920713108,27.79892843456,
    144.02264645238));
#1422 = CARTESIAN_POINT('',(50.136962581557,27.909276949625,
    143.69632447845));
#1423 = CARTESIAN_POINT('',(49.957593714662,28.111896732253,
    143.08930366648));
#1424 = CARTESIAN_POINT('',(49.879078299049,28.205118390339,
    142.8063846822));
#1425 = CARTESIAN_POINT('',(49.805172725944,28.296672545727,
    142.5250122408));
#1426 = CARTESIAN_POINT('',(49.734821887625,28.387518072702,
    142.24194001889));
#1427 = CARTESIAN_POINT('',(49.667934121892,28.477623466898,
    141.95675227351));
#1428 = CARTESIAN_POINT('',(49.604585175104,28.566658525978,
    141.66996996991));
#1429 = CARTESIAN_POINT('',(49.544761614418,28.654306154063,
    141.38215347168));
#1430 = CARTESIAN_POINT('',(49.488364273958,28.740349529674,
    141.09361824974));
#1431 = CARTESIAN_POINT('',(49.435278373145,28.824652961135,
    140.80446404399));
#1432 = CARTESIAN_POINT('',(49.385402996083,28.907117837572,
    140.51470188802));
#1433 = CARTESIAN_POINT('',(49.338618674804,28.98765816771,
    140.22434738552));
#1434 = CARTESIAN_POINT('',(49.294757869903,29.066203282952,
    139.9334326026));
#1435 = CARTESIAN_POINT('',(49.234536182914,29.178482389341,
    139.50562950948));
#1436 = CARTESIAN_POINT('',(49.215985226964,29.21381059848,
    139.36916323859));
#1437 = CARTESIAN_POINT('',(49.197817517806,29.248758884296,
    139.23261977813));
#1438 = CARTESIAN_POINT('',(49.181250892701,29.282867652331,
    139.0957733597));
#1439 = CARTESIAN_POINT('',(49.162373443005,29.317751170438,
    138.95939483765));
#1440 = CARTESIAN_POINT('',(49.149776469096,29.349365217227,
    138.82167057197));
#1441 = CARTESIAN_POINT('',(49.129783286792,29.385030180609,
    138.68571756358));
#1442 = CARTESIAN_POINT('',(49.118023257297,29.415100700148,
    138.54764678296));
#1443 = CARTESIAN_POINT('',(49.101829163174,29.448559864064,
    138.41091929275));
#1444 = CARTESIAN_POINT('',(49.088326286025,29.479693858492,
    138.27341478597));
#1445 = CARTESIAN_POINT('',(49.074596921707,29.511154885991,
    138.13608237766));
#1446 = CARTESIAN_POINT('',(49.06140078959,29.542165184447,
    137.9986500667));
#1447 = CARTESIAN_POINT('',(49.046363287031,29.578202297497,
    137.83757930965));
#1448 = CARTESIAN_POINT('',(49.044170924369,29.583474687352,
    137.81397732963));
#1449 = CARTESIAN_POINT('',(49.041989398874,29.588739342278,
    137.79037414671));
#1450 = CARTESIAN_POINT('',(49.039818553518,29.59399644393,
    137.76676978635));
#1451 = CARTESIAN_POINT('',(49.037658231173,29.599246174003,
    137.74316427388));
#1452 = CARTESIAN_POINT('',(49.035508274884,29.604488714118,
    137.71955763482));
#1453 = CARTESIAN_POINT('',(49.033368527454,29.609724246001,
    137.69594989446));
#1454 = CARTESIAN_POINT('',(49.031238831964,29.614952951255,
    137.67234107833));
#1455 = CARTESIAN_POINT('',(49.029119031229,29.620175011605,
    137.64873121174));
#1456 = CARTESIAN_POINT('',(49.027008968276,29.625390608674,
    137.62512032018));
#1457 = CARTESIAN_POINT('',(49.024908485992,29.630599924156,
    137.60150842901));
#1458 = CARTESIAN_POINT('',(49.022817427341,29.635803139704,
    137.57789556367));
#1459 = CARTESIAN_POINT('',(49.020735635252,29.641000436991,
    137.55428174956));
#1460 = ORIENTED_EDGE('',*,*,#1461,.F.);
#1461 = EDGE_CURVE('',#1277,#1323,#1462,.T.);
#1462 = B_SPLINE_CURVE_WITH_KNOTS('',11,(#1463,#1464,#1465,#1466,#1467,
    #1468,#1469,#1470,#1471,#1472,#1473,#1474,#1475,#1476,#1477,#1478,
    #1479,#1480,#1481,#1482,#1483,#1484),.UNSPECIFIED.,.F.,.F.,(12,10,12
    ),(0.,0.5,1.),.UNSPECIFIED.);
#1463 = CARTESIAN_POINT('',(51.460030034902,28.505494010405,
    139.21784863399));
#1464 = CARTESIAN_POINT('',(51.337721332037,28.544624123852,
    139.21605944742));
#1465 = CARTESIAN_POINT('',(51.215574048904,28.584537835854,
    139.21114781689));
#1466 = CARTESIAN_POINT('',(51.093669453901,28.624883024862,
    139.20468144136));
#1467 = CARTESIAN_POINT('',(50.971935620742,28.665419293534,
    139.19793252965));
#1468 = CARTESIAN_POINT('',(50.850214313208,28.705975082835,
    139.19197640267));
#1469 = CARTESIAN_POINT('',(50.728327869981,28.746404770094,
    139.18779024486));
#1470 = CARTESIAN_POINT('',(50.60614608937,28.786545768972,
    139.18635183029));
#1471 = CARTESIAN_POINT('',(50.483653114156,28.82617563047,
    139.18873824887));
#1472 = CARTESIAN_POINT('',(50.36101431632,28.8649691429,139.19622463297
    ));
#1473 = CARTESIAN_POINT('',(50.238643181874,28.902455432708,
    139.2103828834));
#1474 = CARTESIAN_POINT('',(49.995893209357,28.973494696739,
    139.25597790847));
#1475 = CARTESIAN_POINT('',(49.875103442058,29.00712929691,
    139.28768087901));
#1476 = CARTESIAN_POINT('',(49.759508598537,29.037232879749,
    139.32861748241));
#1477 = CARTESIAN_POINT('',(49.636588154364,29.066624193557,
    139.38574002685));
#1478 = CARTESIAN_POINT('',(49.542339891205,29.08306381056,
    139.45855919737));
#1479 = CARTESIAN_POINT('',(49.427031874781,29.105344507486,
    139.53830426122));
#1480 = CARTESIAN_POINT('',(49.352066672403,29.101823600423,
    139.67645734644));
#1481 = CARTESIAN_POINT('',(49.322211340268,29.085462523856,
    139.79937585616));
#1482 = CARTESIAN_POINT('',(49.307934158623,29.062072822394,
    139.92982817504));
#1483 = CARTESIAN_POINT('',(49.314349841375,29.032471785928,
    140.05493270108));
#1484 = CARTESIAN_POINT('',(49.333765058174,28.998742785633,
    140.17757428472));
#1485 = B_SPLINE_SURFACE_WITH_KNOTS('',3,3,(
    (#1486,#1487,#1488,#1489,#1490,#1491,#1492,#1493,#1494,#1495,#1496
      ,#1497,#1498,#1499,#1500,#1501,#1502,#1503,#1504,#1505,#1506,#1507
      ,#1508,#1509,#1510,#1511,#1512,#1513,#1514,#1515,#1516,#1517,#1518
      ,#1519,#1520,#1521,#1522,#1523,#1524,#1525,#1526,#1527,#1528,#1529
      ,#1530,#1531,#1532,#1533,#1534,#1535,#1536,#1537,#1538,#1539,#1540
      ,#1541,#1542,#1543,#1544,#1545,#1546,#1547,#1548,#1549,#1550,#1551
      ,#1552,#1553,#1554,#1555,#1556,#1557,#1558,#1559,#1560,#1561,#1562
      ,#1563,#1564,#1565,#1566,#1567,#1568,#1569,#1570,#1571,#1572,#1573
      ,#1574,#1575,#1576,#1577,#1578)
    ,(#1579,#1580,#1581,#1582,#1583,#1584,#1585,#1586,#1587,#1588,#1589
      ,#1590,#1591,#1592,#1593,#1594,#1595,#1596,#1597,#1598,#1599,#1600
      ,#1601,#1602,#1603,#1604,#1605,#1606,#1607,#1608,#1609,#1610,#1611
      ,#1612,#1613,#1614,#1615,#1616,#1617,#1618,#1619,#1620,#1621,#1622
      ,#1623,#1624,#1625,#1626,#1627,#1628,#1629,#1630,#1631,#1632,#1633
      ,#1634,#1635,#1636,#1637,#1638,#1639,#1640,#1641,#1642,#1643,#1644
      ,#1645,#1646,#1647,#1648,#1649,#1650,#1651,#1652,#1653,#1654,#1655
      ,#1656,#1657,#1658,#1659,#1660,#1661,#1662,#1663,#1664,#1665,#1666
      ,#1667,#1668,#1669,#1670,#1671)
    ,(#1672,#1673,#1674,#1675,#1676,#1677,#1678,#1679,#1680,#1681,#1682
      ,#1683,#1684,#1685,#1686,#1687,#1688,#1689,#1690,#1691,#1692,#1693
      ,#1694,#1695,#1696,#1697,#1698,#1699,#1700,#1701,#1702,#1703,#1704
      ,#1705,#1706,#1707,#1708,#1709,#1710,#1711,#1712,#1713,#1714,#1715
      ,#1716,#1717,#1718,#1719,#1720,#1721,#1722,#1723,#1724,#1725,#1726
      ,#1727,#1728,#1729,#1730,#1731,#1732,#1733,#1734,#1735,#1736,#1737
      ,#1738,#1739,#1740,#1741,#1742,#1743,#1744,#1745,#1746,#1747,#1748
      ,#1749,#1750,#1751,#1752,#1753,#1754,#1755,#1756,#1757,#1758,#1759
      ,#1760,#1761,#1762,#1763,#1764)
    ,(#1765,#1766,#1767,#1768,#1769,#1770,#1771,#1772,#1773,#1774,#1775
      ,#1776,#1777,#1778,#1779,#1780,#1781,#1782,#1783,#1784,#1785,#1786
      ,#1787,#1788,#1789,#1790,#1791,#1792,#1793,#1794,#1795,#1796,#1797
      ,#1798,#1799,#1800,#1801,#1802,#1803,#1804,#1805,#1806,#1807,#1808
      ,#1809,#1810,#1811,#1812,#1813,#1814,#1815,#1816,#1817,#1818,#1819
      ,#1820,#1821,#1822,#1823,#1824,#1825,#1826,#1827,#1828,#1829,#1830
      ,#1831,#1832,#1833,#1834,#1835,#1836,#1837,#1838,#1839,#1840,#1841
      ,#1842,#1843,#1844,#1845,#1846,#1847,#1848,#1849,#1850,#1851,#1852
      ,#1853,#1854,#1855,#1856,#1857)
    ,(#1858,#1859,#1860,#1861,#1862,#1863,#1864,#1865,#1866,#1867,#1868
      ,#1869,#1870,#1871,#1872,#1873,#1874,#1875,#1876,#1877,#1878,#1879
      ,#1880,#1881,#1882,#1883,#1884,#1885,#1886,#1887,#1888,#1889,#1890
      ,#1891,#1892,#1893,#1894,#1895,#1896,#1897,#1898,#1899,#1900,#1901
      ,#1902,#1903,#1904,#1905,#1906,#1907,#1908,#1909,#1910,#1911,#1912
      ,#1913,#1914,#1915,#1916,#1917,#1918,#1919,#1920,#1921,#1922,#1923
      ,#1924,#1925,#1926,#1927,#1928,#1929,#1930,#1931,#1932,#1933,#1934
      ,#1935,#1936,#1937,#1938,#1939,#1940,#1941,#1942,#1943,#1944,#1945
      ,#1946,#1947,#1948,#1949,#1950)
    ,(#1951,#1952,#1953,#1954,#1955,#1956,#1957,#1958,#1959,#1960,#1961
      ,#1962,#1963,#1964,#1965,#1966,#1967,#1968,#1969,#1970,#1971,#1972
      ,#1973,#1974,#1975,#1976,#1977,#1978,#1979,#1980,#1981,#1982,#1983
      ,#1984,#1985,#1986,#1987,#1988,#1989,#1990,#1991,#1992,#1993,#1994
      ,#1995,#1996,#1997,#1998,#1999,#2000,#2001,#2002,#2003,#2004,#2005
      ,#2006,#2007,#2008,#2009,#2010,#2011,#2012,#2013,#2014,#2015,#2016
      ,#2017,#2018,#2019,#2020,#2021,#2022,#2023,#2024,#2025,#2026,#2027
      ,#2028,#2029,#2030,#2031,#2032,#2033,#2034,#2035,#2036,#2037,#2038
      ,#2039,#2040,#2041,#2042,#2043)
    ,(#2044,#2045,#2046,#2047,#2048,#2049,#2050,#2051,#2052,#2053,#2054
      ,#2055,#2056,#2057,#2058,#2059,#2060,#2061,#2062,#2063,#2064,#2065
      ,#2066,#2067,#2068,#2069,#2070,#2071,#2072,#2073,#2074,#2075,#2076
      ,#2077,#2078,#2079,#2080,#2081,#2082,#2083,#2084,#2085,#2086,#2087
      ,#2088,#2089,#2090,#2091,#2092,#2093,#2094,#2095,#2096,#2097,#2098
      ,#2099,#2100,#2101,#2102,#2103,#2104,#2105,#2106,#2107,#2108,#2109
      ,#2110,#2111,#2112,#2113,#2114,#2115,#2116,#2117,#2118,#2119,#2120
      ,#2121,#2122,#2123,#2124,#2125,#2126,#2127,#2128,#2129,#2130,#2131
      ,#2132,#2133,#2134,#2135,#2136)
    ,(#2137,#2138,#2139,#2140,#2141,#2142,#2143,#2144,#2145,#2146,#2147
      ,#2148,#2149,#2150,#2151,#2152,#2153,#2154,#2155,#2156,#2157,#2158
      ,#2159,#2160,#2161,#2162,#2163,#2164,#2165,#2166,#2167,#2168,#2169
      ,#2170,#2171,#2172,#2173,#2174,#2175,#2176,#2177,#2178,#2179,#2180
      ,#2181,#2182,#2183,#2184,#2185,#2186,#2187,#2188,#2189,#2190,#2191
      ,#2192,#2193,#2194,#2195,#2196,#2197,#2198,#2199,#2200,#2201,#2202
      ,#2203,#2204,#2205,#2206,#2207,#2208,#2209,#2210,#2211,#2212,#2213
      ,#2214,#2215,#2216,#2217,#2218,#2219,#2220,#2221,#2222,#2223,#2224
      ,#2225,#2226,#2227,#2228,#2229)
    ,(#2230,#2231,#2232,#2233,#2234,#2235,#2236,#2237,#2238,#2239,#2240
      ,#2241,#2242,#2243,#2244,#2245,#2246,#2247,#2248,#2249,#2250,#2251
      ,#2252,#2253,#2254,#2255,#2256,#2257,#2258,#2259,#2260,#2261,#2262
      ,#2263,#2264,#2265,#2266,#2267,#2268,#2269,#2270,#2271,#2272,#2273
      ,#2274,#2275,#2276,#2277,#2278,#2279,#2280,#2281,#2282,#2283,#2284
      ,#2285,#2286,#2287,#2288,#2289,#2290,#2291,#2292,#2293,#2294,#2295
      ,#2296,#2297,#2298,#2299,#2300,#2301,#2302,#2303,#2304,#2305,#2306
      ,#2307,#2308,#2309,#2310,#2311,#2312,#2313,#2314,#2315,#2316,#2317
      ,#2318,#2319,#2320,#2321,#2322)
    ,(#2323,#2324,#2325,#2326,#2327,#2328,#2329,#2330,#2331,#2332,#2333
      ,#2334,#2335,#2336,#2337,#2338,#2339,#2340,#2341,#2342,#2343,#2344
      ,#2345,#2346,#2347,#2348,#2349,#2350,#2351,#2352,#2353,#2354,#2355
      ,#2356,#2357,#2358,#2359,#2360,#2361,#2362,#2363,#2364,#2365,#2366
      ,#2367,#2368,#2369,#2370,#2371,#2372,#2373,#2374,#2375,#2376,#2377
      ,#2378,#2379,#2380,#2381,#2382,#2383,#2384,#2385,#2386,#2387,#2388
      ,#2389,#2390,#2391,#2392,#2393,#2394,#2395,#2396,#2397,#2398,#2399
      ,#2400,#2401,#2402,#2403,#2404,#2405,#2406,#2407,#2408,#2409,#2410
      ,#2411,#2412,#2413,#2414,#2415)
    ,(#2416,#2417,#2418,#2419,#2420,#2421,#2422,#2423,#2424,#2425,#2426
      ,#2427,#2428,#2429,#2430,#2431,#2432,#2433,#2434,#2435,#2436,#2437
      ,#2438,#2439,#2440,#2441,#2442,#2443,#2444,#2445,#2446,#2447,#2448
      ,#2449,#2450,#2451,#2452,#2453,#2454,#2455,#2456,#2457,#2458,#2459
      ,#2460,#2461,#2462,#2463,#2464,#2465,#2466,#2467,#2468,#2469,#2470
      ,#2471,#2472,#2473,#2474,#2475,#2476,#2477,#2478,#2479,#2480,#2481
      ,#2482,#2483,#2484,#2485,#2486,#2487,#2488,#2489,#2490,#2491,#2492
      ,#2493,#2494,#2495,#2496,#2497,#2498,#2499,#2500,#2501,#2502,#2503
      ,#2504,#2505,#2506,#2507,#2508)
    ,(#2509,#2510,#2511,#2512,#2513,#2514,#2515,#2516,#2517,#2518,#2519
      ,#2520,#2521,#2522,#2523,#2524,#2525,#2526,#2527,#2528,#2529,#2530
      ,#2531,#2532,#2533,#2534,#2535,#2536,#2537,#2538,#2539,#2540,#2541
      ,#2542,#2543,#2544,#2545,#2546,#2547,#2548,#2549,#2550,#2551,#2552
      ,#2553,#2554,#2555,#2556,#2557,#2558,#2559,#2560,#2561,#2562,#2563
      ,#2564,#2565,#2566,#2567,#2568,#2569,#2570,#2571,#2572,#2573,#2574
      ,#2575,#2576,#2577,#2578,#2579,#2580,#2581,#2582,#2583,#2584,#2585
      ,#2586,#2587,#2588,#2589,#2590,#2591,#2592,#2593,#2594,#2595,#2596
      ,#2597,#2598,#2599,#2600,#2601)
    ,(#2602,#2603,#2604,#2605,#2606,#2607,#2608,#2609,#2610,#2611,#2612
      ,#2613,#2614,#2615,#2616,#2617,#2618,#2619,#2620,#2621,#2622,#2623
      ,#2624,#2625,#2626,#2627,#2628,#2629,#2630,#2631,#2632,#2633,#2634
      ,#2635,#2636,#2637,#2638,#2639,#2640,#2641,#2642,#2643,#2644,#2645
      ,#2646,#2647,#2648,#2649,#2650,#2651,#2652,#2653,#2654,#2655,#2656
      ,#2657,#2658,#2659,#2660,#2661,#2662,#2663,#2664,#2665,#2666,#2667
      ,#2668,#2669,#2670,#2671,#2672,#2673,#2674,#2675,#2676,#2677,#2678
      ,#2679,#2680,#2681,#2682,#2683,#2684,#2685,#2686,#2687,#2688,#2689
      ,#2690,#2691,#2692,#2693,#2694)
    ,(#2695,#2696,#2697,#2698,#2699,#2700,#2701,#2702,#2703,#2704,#2705
      ,#2706,#2707,#2708,#2709,#2710,#2711,#2712,#2713,#2714,#2715,#2716
      ,#2717,#2718,#2719,#2720,#2721,#2722,#2723,#2724,#2725,#2726,#2727
      ,#2728,#2729,#2730,#2731,#2732,#2733,#2734,#2735,#2736,#2737,#2738
      ,#2739,#2740,#2741,#2742,#2743,#2744,#2745,#2746,#2747,#2748,#2749
      ,#2750,#2751,#2752,#2753,#2754,#2755,#2756,#2757,#2758,#2759,#2760
      ,#2761,#2762,#2763,#2764,#2765,#2766,#2767,#2768,#2769,#2770,#2771
      ,#2772,#2773,#2774,#2775,#2776,#2777,#2778,#2779,#2780,#2781,#2782
      ,#2783,#2784,#2785,#2786,#2787)
    ,(#2788,#2789,#2790,#2791,#2792,#2793,#2794,#2795,#2796,#2797,#2798
      ,#2799,#2800,#2801,#2802,#2803,#2804,#2805,#2806,#2807,#2808,#2809
      ,#2810,#2811,#2812,#2813,#2814,#2815,#2816,#2817,#2818,#2819,#2820
      ,#2821,#2822,#2823,#2824,#2825,#2826,#2827,#2828,#2829,#2830,#2831
      ,#2832,#2833,#2834,#2835,#2836,#2837,#2838,#2839,#2840,#2841,#2842
      ,#2843,#2844,#2845,#2846,#2847,#2848,#2849,#2850,#2851,#2852,#2853
      ,#2854,#2855,#2856,#2857,#2858,#2859,#2860,#2861,#2862,#2863,#2864
      ,#2865,#2866,#2867,#2868,#2869,#2870,#2871,#2872,#2873,#2874,#2875
      ,#2876,#2877,#2878,#2879,#2880)
    ,(#2881,#2882,#2883,#2884,#2885,#2886,#2887,#2888,#2889,#2890,#2891
      ,#2892,#2893,#2894,#2895,#2896,#2897,#2898,#2899,#2900,#2901,#2902
      ,#2903,#2904,#2905,#2906,#2907,#2908,#2909,#2910,#2911,#2912,#2913
      ,#2914,#2915,#2916,#2917,#2918,#2919,#2920,#2921,#2922,#2923,#2924
      ,#2925,#2926,#2927,#2928,#2929,#2930,#2931,#2932,#2933,#2934,#2935
      ,#2936,#2937,#2938,#2939,#2940,#2941,#2942,#2943,#2944,#2945,#2946
      ,#2947,#2948,#2949,#2950,#2951,#2952,#2953,#2954,#2955,#2956,#2957
      ,#2958,#2959,#2960,#2961,#2962,#2963,#2964,#2965,#2966,#2967,#2968
      ,#2969,#2970,#2971,#2972,#2973)
    ,(#2974,#2975,#2976,#2977,#2978,#2979,#2980,#2981,#2982,#2983,#2984
      ,#2985,#2986,#2987,#2988,#2989,#2990,#2991,#2992,#2993,#2994,#2995
      ,#2996,#2997,#2998,#2999,#3000,#3001,#3002,#3003,#3004,#3005,#3006
      ,#3007,#3008,#3009,#3010,#3011,#3012,#3013,#3014,#3015,#3016,#3017
      ,#3018,#3019,#3020,#3021,#3022,#3023,#3024,#3025,#3026,#3027,#3028
      ,#3029,#3030,#3031,#3032,#3033,#3034,#3035,#3036,#3037,#3038,#3039
      ,#3040,#3041,#3042,#3043,#3044,#3045,#3046,#3047,#3048,#3049,#3050
      ,#3051,#3052,#3053,#3054,#3055,#3056,#3057,#3058,#3059,#3060,#3061
      ,#3062,#3063,#3064,#3065,#3066)
    ,(#3067,#3068,#3069,#3070,#3071,#3072,#3073,#3074,#3075,#3076,#3077
      ,#3078,#3079,#3080,#3081,#3082,#3083,#3084,#3085,#3086,#3087,#3088
      ,#3089,#3090,#3091,#3092,#3093,#3094,#3095,#3096,#3097,#3098,#3099
      ,#3100,#3101,#3102,#3103,#3104,#3105,#3106,#3107,#3108,#3109,#3110
      ,#3111,#3112,#3113,#3114,#3115,#3116,#3117,#3118,#3119,#3120,#3121
      ,#3122,#3123,#3124,#3125,#3126,#3127,#3128,#3129,#3130,#3131,#3132
      ,#3133,#3134,#3135,#3136,#3137,#3138,#3139,#3140,#3141,#3142,#3143
      ,#3144,#3145,#3146,#3147,#3148,#3149,#3150,#3151,#3152,#3153,#3154
      ,#3155,#3156,#3157,#3158,#3159)
    ,(#3160,#3161,#3162,#3163,#3164,#3165,#3166,#3167,#3168,#3169,#3170
      ,#3171,#3172,#3173,#3174,#3175,#3176,#3177,#3178,#3179,#3180,#3181
      ,#3182,#3183,#3184,#3185,#3186,#3187,#3188,#3189,#3190,#3191,#3192
      ,#3193,#3194,#3195,#3196,#3197,#3198,#3199,#3200,#3201,#3202,#3203
      ,#3204,#3205,#3206,#3207,#3208,#3209,#3210,#3211,#3212,#3213,#3214
      ,#3215,#3216,#3217,#3218,#3219,#3220,#3221,#3222,#3223,#3224,#3225
      ,#3226,#3227,#3228,#3229,#3230,#3231,#3232,#3233,#3234,#3235,#3236
      ,#3237,#3238,#3239,#3240,#3241,#3242,#3243,#3244,#3245,#3246,#3247
      ,#3248,#3249,#3250,#3251,#3252)
    ,(#3253,#3254,#3255,#3256,#3257,#3258,#3259,#3260,#3261,#3262,#3263
      ,#3264,#3265,#3266,#3267,#3268,#3269,#3270,#3271,#3272,#3273,#3274
      ,#3275,#3276,#3277,#3278,#3279,#3280,#3281,#3282,#3283,#3284,#3285
      ,#3286,#3287,#3288,#3289,#3290,#3291,#3292,#3293,#3294,#3295,#3296
      ,#3297,#3298,#3299,#3300,#3301,#3302,#3303,#3304,#3305,#3306,#3307
      ,#3308,#3309,#3310,#3311,#3312,#3313,#3314,#3315,#3316,#3317,#3318
      ,#3319,#3320,#3321,#3322,#3323,#3324,#3325,#3326,#3327,#3328,#3329
      ,#3330,#3331,#3332,#3333,#3334,#3335,#3336,#3337,#3338,#3339,#3340
      ,#3341,#3342,#3343,#3344,#3345)
    ,(#3346,#3347,#3348,#3349,#3350,#3351,#3352,#3353,#3354,#3355,#3356
      ,#3357,#3358,#3359,#3360,#3361,#3362,#3363,#3364,#3365,#3366,#3367
      ,#3368,#3369,#3370,#3371,#3372,#3373,#3374,#3375,#3376,#3377,#3378
      ,#3379,#3380,#3381,#3382,#3383,#3384,#3385,#3386,#3387,#3388,#3389
      ,#3390,#3391,#3392,#3393,#3394,#3395,#3396,#3397,#3398,#3399,#3400
      ,#3401,#3402,#3403,#3404,#3405,#3406,#3407,#3408,#3409,#3410,#3411
      ,#3412,#3413,#3414,#3415,#3416,#3417,#3418,#3419,#3420,#3421,#3422
      ,#3423,#3424,#3425,#3426,#3427,#3428,#3429,#3430,#3431,#3432,#3433
      ,#3434,#3435,#3436,#3437,#3438)
    ,(#3439,#3440,#3441,#3442,#3443,#3444,#3445,#3446,#3447,#3448,#3449
      ,#3450,#3451,#3452,#3453,#3454,#3455,#3456,#3457,#3458,#3459,#3460
      ,#3461,#3462,#3463,#3464,#3465,#3466,#3467,#3468,#3469,#3470,#3471
      ,#3472,#3473,#3474,#3475,#3476,#3477,#3478,#3479,#3480,#3481,#3482
      ,#3483,#3484,#3485,#3486,#3487,#3488,#3489,#3490,#3491,#3492,#3493
      ,#3494,#3495,#3496,#3497,#3498,#3499,#3500,#3501,#3502,#3503,#3504
      ,#3505,#3506,#3507,#3508,#3509,#3510,#3511,#3512,#3513,#3514,#3515
      ,#3516,#3517,#3518,#3519,#3520,#3521,#3522,#3523,#3524,#3525,#3526
      ,#3527,#3528,#3529,#3530,#3531)
    ,(#3532,#3533,#3534,#3535,#3536,#3537,#3538,#3539,#3540,#3541,#3542
      ,#3543,#3544,#3545,#3546,#3547,#3548,#3549,#3550,#3551,#3552,#3553
      ,#3554,#3555,#3556,#3557,#3558,#3559,#3560,#3561,#3562,#3563,#3564
      ,#3565,#3566,#3567,#3568,#3569,#3570,#3571,#3572,#3573,#3574,#3575
      ,#3576,#3577,#3578,#3579,#3580,#3581,#3582,#3583,#3584,#3585,#3586
      ,#3587,#3588,#3589,#3590,#3591,#3592,#3593,#3594,#3595,#3596,#3597
      ,#3598,#3599,#3600,#3601,#3602,#3603,#3604,#3605,#3606,#3607,#3608
      ,#3609,#3610,#3611,#3612,#3613,#3614,#3615,#3616,#3617,#3618,#3619
      ,#3620,#3621,#3622,#3623,#3624)
    ,(#3625,#3626,#3627,#3628,#3629,#3630,#3631,#3632,#3633,#3634,#3635
      ,#3636,#3637,#3638,#3639,#3640,#3641,#3642,#3643,#3644,#3645,#3646
      ,#3647,#3648,#3649,#3650,#3651,#3652,#3653,#3654,#3655,#3656,#3657
      ,#3658,#3659,#3660,#3661,#3662,#3663,#3664,#3665,#3666,#3667,#3668
      ,#3669,#3670,#3671,#3672,#3673,#3674,#3675,#3676,#3677,#3678,#3679
      ,#3680,#3681,#3682,#3683,#3684,#3685,#3686,#3687,#3688,#3689,#3690
      ,#3691,#3692,#3693,#3694,#3695,#3696,#3697,#3698,#3699,#3700,#3701
      ,#3702,#3703,#3704,#3705,#3706,#3707,#3708,#3709,#3710,#3711,#3712
      ,#3713,#3714,#3715,#3716,#3717
    )),.UNSPECIFIED.,.F.,.T.,.F.,(4,1,1,1,1,1,1,1,1,1,1,1,1,1,1,1,1,1,1,
    1,1,4),(1,1,1,1,1,1,1,1,1,1,1,1,1,1,1,1,1,1,1,1,1,1,1,1,1,1,1,1,1,1,
    1,1,1,1,1,1,1,1,1,1,1,1,1,1,1,1,1,1,1,1,1,1,1,1,1,1,1,1,1,1,1,1,1,1,
    1,1,1,1,1,1,1,1,1,1,1,1,1,1,1,1,1,1,1,1,1,1,1,1,1,1,1,1,1,1,1,1,1),(
    0.,3.662222222222E-02,6.862222222222E-02,0.109511111111,
    0.155733333333,0.1984,0.255288888889,0.312177777778,0.3744,
    0.424177777778,0.475733333333,0.529066666667,0.573511111111,0.6304,
    0.683733333333,0.745955555556,0.792177777778,0.8384,0.881066666667,
    0.921955555556,0.957511111111,1.),(-3.,-2.,-1.,0.,1.,2.,3.,4.,5.,6.,
    7.,8.,9.,10.,11.,12.,13.,14.,15.,16.,17.,18.,19.,20.,21.,22.,23.,24.
    ,25.,26.,27.,28.,29.,30.,31.,32.,33.,34.,35.,36.,37.,38.,39.,40.,41.
    ,42.,43.,44.,45.,46.,47.,48.,49.,50.,51.,52.,53.,54.,55.,56.,57.,58.
    ,59.,60.,61.,62.,63.,64.,65.,66.,67.,68.,69.,70.,71.,72.,73.,74.,75.
    ,76.,77.,78.,79.,80.,81.,82.,83.,84.,85.,86.,87.,88.,89.,90.,91.,92.
    ,93.),.UNSPECIFIED.);
#1486 = CARTESIAN_POINT('',(0.8,34.635633736188,184.71727183925));
#1487 = CARTESIAN_POINT('',(0.8,34.494481472864,184.77763042679));
#1488 = CARTESIAN_POINT('',(0.8,34.353427287296,184.7416100535));
#1489 = CARTESIAN_POINT('',(0.8,34.176698557722,184.72344418625));
#1490 = CARTESIAN_POINT('',(0.8,34.105659533086,184.55274123302));
#1491 = CARTESIAN_POINT('',(0.8,34.066585432969,184.44725734924));
#1492 = CARTESIAN_POINT('',(0.8,34.062165923121,184.30752716854));
#1493 = CARTESIAN_POINT('',(0.8,34.117570426644,184.12192069712));
#1494 = CARTESIAN_POINT('',(0.8,34.167144124243,184.02318205896));
#1495 = CARTESIAN_POINT('',(0.8,34.181356261598,183.91090303396));
#1496 = CARTESIAN_POINT('',(0.8,34.391673075467,183.81266525896));
#1497 = CARTESIAN_POINT('',(0.8,34.394450937768,183.70543432865));
#1498 = CARTESIAN_POINT('',(0.8,34.581206303063,183.65705508015));
#1499 = CARTESIAN_POINT('',(0.8,34.666560868841,183.42285988065));
#1500 = CARTESIAN_POINT('',(0.8,34.787354223269,183.45078969555));
#1501 = CARTESIAN_POINT('',(0.8,34.903532926226,183.33327562622));
#1502 = CARTESIAN_POINT('',(0.8,35.021357409426,183.26128615601));
#1503 = CARTESIAN_POINT('',(0.8,35.155371490818,183.18419556685));
#1504 = CARTESIAN_POINT('',(0.8,35.240967009109,183.1143287554));
#1505 = CARTESIAN_POINT('',(0.8,35.379659543657,183.04852162724));
#1506 = CARTESIAN_POINT('',(0.8,35.50606593593,182.98690447435));
#1507 = CARTESIAN_POINT('',(0.8,35.64019321523,182.92968823792));
#1508 = CARTESIAN_POINT('',(0.8,35.803675272998,182.87629483249));
#1509 = CARTESIAN_POINT('',(0.8,35.928302784628,182.82658626719));
#1510 = CARTESIAN_POINT('',(0.8,36.079415285439,182.7792158596));
#1511 = CARTESIAN_POINT('',(0.8,36.178137042785,182.73641150931));
#1512 = CARTESIAN_POINT('',(0.8,36.383423939584,182.68575392699));
#1513 = CARTESIAN_POINT('',(0.8,36.446459503414,182.6675072866));
#1514 = CARTESIAN_POINT('',(0.8,36.638158621027,182.52990835018));
#1515 = CARTESIAN_POINT('',(0.8,36.763806594338,182.50987073339));
#1516 = CARTESIAN_POINT('',(0.8,36.909800736959,182.45805280852));
#1517 = CARTESIAN_POINT('',(0.8,37.051592631277,182.42269602));
#1518 = CARTESIAN_POINT('',(0.8,37.188961210468,182.35583411284));
#1519 = CARTESIAN_POINT('',(0.8,37.341069538713,182.34467873755));
#1520 = CARTESIAN_POINT('',(0.8,37.462284435611,182.26595440778));
#1521 = CARTESIAN_POINT('',(0.8,37.613704212272,182.35310969782));
#1522 = CARTESIAN_POINT('',(0.8,37.78278875286,182.25886562274));
#1523 = CARTESIAN_POINT('',(0.8,37.8904669437,182.23445303325));
#1524 = CARTESIAN_POINT('',(0.8,38.121554875483,182.25044504472));
#1525 = CARTESIAN_POINT('',(0.8,38.161837290009,182.10924525483));
#1526 = CARTESIAN_POINT('',(0.8,38.453672860669,182.2210721983));
#1527 = CARTESIAN_POINT('',(0.8,38.447905048956,182.17786536707));
#1528 = CARTESIAN_POINT('',(0.8,38.750141970516,182.22232064614));
#1529 = CARTESIAN_POINT('',(0.8,38.750930701673,182.11172558793));
#1530 = CARTESIAN_POINT('',(0.8,38.979093695382,182.25202909768));
#1531 = CARTESIAN_POINT('',(0.8,39.082973363415,182.24207896105));
#1532 = CARTESIAN_POINT('',(0.8,39.210440973381,182.28820833823));
#1533 = CARTESIAN_POINT('',(0.8,39.306096170347,182.31878477654));
#1534 = CARTESIAN_POINT('',(0.8,39.524738101923,182.37110406055));
#1535 = CARTESIAN_POINT('',(0.8,39.579997448805,182.44812106992));
#1536 = CARTESIAN_POINT('',(0.8,39.723089324967,182.54903969879));
#1537 = CARTESIAN_POINT('',(0.8,39.756895619154,182.70307101326));
#1538 = CARTESIAN_POINT('',(0.8,39.780366572543,182.86428615014));
#1539 = CARTESIAN_POINT('',(0.8,39.705684122178,183.01590122971));
#1540 = CARTESIAN_POINT('',(0.8,39.625409205807,183.07469925737));
#1541 = CARTESIAN_POINT('',(0.8,39.540898430259,183.23464966285));
#1542 = CARTESIAN_POINT('',(0.8,39.451885040873,183.31534314908));
#1543 = CARTESIAN_POINT('',(0.8,39.286060336761,183.39935728649));
#1544 = CARTESIAN_POINT('',(0.8,39.186131673283,183.48154268798));
#1545 = CARTESIAN_POINT('',(0.8,39.046345244019,183.5569186904));
#1546 = CARTESIAN_POINT('',(0.8,38.908131783908,183.61367065742));
#1547 = CARTESIAN_POINT('',(0.8,38.7665049679,183.69233937921));
#1548 = CARTESIAN_POINT('',(0.8,38.62460736436,183.75771655342));
#1549 = CARTESIAN_POINT('',(0.8,38.491140337678,183.80875915003));
#1550 = CARTESIAN_POINT('',(0.8,38.356448654128,183.85615421621));
#1551 = CARTESIAN_POINT('',(0.8,38.127556939452,183.8824670347));
#1552 = CARTESIAN_POINT('',(0.8,38.099656706125,183.98674356263));
#1553 = CARTESIAN_POINT('',(0.8,37.859136624343,183.95176933179));
#1554 = CARTESIAN_POINT('',(0.8,37.735613965848,184.0082637832));
#1555 = CARTESIAN_POINT('',(0.8,37.618184158719,184.03295934458));
#1556 = CARTESIAN_POINT('',(0.8,37.453972272445,184.06694858063));
#1557 = CARTESIAN_POINT('',(0.8,37.334515545738,184.0883199709));
#1558 = CARTESIAN_POINT('',(0.8,37.187590748271,184.22587453551));
#1559 = CARTESIAN_POINT('',(0.8,37.047493910855,184.19987726113));
#1560 = CARTESIAN_POINT('',(0.8,36.909952996688,184.24884852008));
#1561 = CARTESIAN_POINT('',(0.8,36.776885036316,184.32962651626));
#1562 = CARTESIAN_POINT('',(0.8,36.596762161234,184.28710899581));
#1563 = CARTESIAN_POINT('',(0.8,36.579350426397,184.34962235573));
#1564 = CARTESIAN_POINT('',(0.8,36.329030604703,184.42028514352));
#1565 = CARTESIAN_POINT('',(0.8,36.210454106903,184.43550199883));
#1566 = CARTESIAN_POINT('',(0.8,36.10406777129,184.45424187621));
#1567 = CARTESIAN_POINT('',(0.8,35.944841888994,184.52566582712));
#1568 = CARTESIAN_POINT('',(0.8,35.801792319713,184.51487119735));
#1569 = CARTESIAN_POINT('',(0.8,35.663661380326,184.52109756885));
#1570 = CARTESIAN_POINT('',(0.8,35.488889733176,184.64502660029));
#1571 = CARTESIAN_POINT('',(0.8,35.365907542209,184.6485985667));
#1572 = CARTESIAN_POINT('',(0.8,35.224558083369,184.69302029542));
#1573 = CARTESIAN_POINT('',(0.8,35.104255098978,184.73895730539));
#1574 = CARTESIAN_POINT('',(0.8,34.921878313387,184.64555193621));
#1575 = CARTESIAN_POINT('',(0.8,34.790561419117,184.71108601791));
#1576 = CARTESIAN_POINT('',(0.8,34.635633736188,184.71727183925));
#1577 = CARTESIAN_POINT('',(0.8,34.494481472864,184.77763042679));
#1578 = CARTESIAN_POINT('',(0.8,34.353427287296,184.7416100535));
#1579 = CARTESIAN_POINT('',(3.088888888889,32.036176478566,
    186.24641926878));
#1580 = CARTESIAN_POINT('',(3.088888888889,31.775674452509,
    185.85352762126));
#1581 = CARTESIAN_POINT('',(3.088888888889,31.354421683833,
    185.89237853933));
#1582 = CARTESIAN_POINT('',(3.088888888889,31.429384239373,
    185.47147352096));
#1583 = CARTESIAN_POINT('',(3.088888888889,31.076689873386,
    185.37963884242));
#1584 = CARTESIAN_POINT('',(3.088888888889,31.26527627261,
    184.91570841589));
#1585 = CARTESIAN_POINT('',(3.088888888889,31.479071085385,
    184.62161127692));
#1586 = CARTESIAN_POINT('',(3.088888888889,31.670468683657,
    184.55324791976));
#1587 = CARTESIAN_POINT('',(3.088888888889,31.898143290665,
    184.2025024067));
#1588 = CARTESIAN_POINT('',(3.088888888889,32.448565697445,
    183.94314481487));
#1589 = CARTESIAN_POINT('',(3.088888888889,31.925535315952,
    183.67010293065));
#1590 = CARTESIAN_POINT('',(3.088888888889,32.853765145738,
    183.45232716676));
#1591 = CARTESIAN_POINT('',(3.088888888889,32.438769426667,
    183.07894682115));
#1592 = CARTESIAN_POINT('',(3.088888888889,32.953953177949,
    183.28764044297));
#1593 = CARTESIAN_POINT('',(3.088888888889,33.12483518736,
    182.75610986742));
#1594 = CARTESIAN_POINT('',(3.088888888889,33.392425976548,
    182.64884627521));
#1595 = CARTESIAN_POINT('',(3.088888888889,33.66102437427,
    182.42818755395));
#1596 = CARTESIAN_POINT('',(3.088888888889,33.865498718424,
    182.23869601193));
#1597 = CARTESIAN_POINT('',(3.088888888889,34.354584309698,
    182.0426689373));
#1598 = CARTESIAN_POINT('',(3.088888888889,34.560431481999,
    181.84931452459));
#1599 = CARTESIAN_POINT('',(3.088888888889,34.839057248273,181.659471365
    ));
#1600 = CARTESIAN_POINT('',(3.088888888889,35.125395250398,
    181.47096410263));
#1601 = CARTESIAN_POINT('',(3.088888888889,35.213597989932,
    181.28585605824));
#1602 = CARTESIAN_POINT('',(3.088888888889,35.554682036907,
    181.10289811789));
#1603 = CARTESIAN_POINT('',(3.088888888889,35.702171718671,
    180.9279070753));
#1604 = CARTESIAN_POINT('',(3.088888888889,36.269271525947,
    180.74310762181));
#1605 = CARTESIAN_POINT('',(3.088888888889,35.993600541158,
    180.62305128488));
#1606 = CARTESIAN_POINT('',(3.088888888889,36.81626345789,
    180.30313908979));
#1607 = CARTESIAN_POINT('',(3.088888888889,36.713166492398,
    180.76313889729));
#1608 = CARTESIAN_POINT('',(3.088888888889,37.166181689891,
    180.47519996909));
#1609 = CARTESIAN_POINT('',(3.088888888889,37.374666964573,
    180.40435271755));
#1610 = CARTESIAN_POINT('',(3.088888888889,37.644557950437,
    180.24314179851));
#1611 = CARTESIAN_POINT('',(3.088888888889,37.935157166464,
    180.30809138788));
#1612 = CARTESIAN_POINT('',(3.088888888889,38.162930659078,
    180.03778954709));
#1613 = CARTESIAN_POINT('',(3.088888888889,38.561763951041,
    180.23877972702));
#1614 = CARTESIAN_POINT('',(3.088888888889,38.835340662448,
    179.38561895017));
#1615 = CARTESIAN_POINT('',(3.088888888889,38.960205314376,
    179.75128144555));
#1616 = CARTESIAN_POINT('',(3.088888888889,39.511819475743,
    179.72895084985));
#1617 = CARTESIAN_POINT('',(3.088888888889,39.277185335931,
    179.5015942782));
#1618 = CARTESIAN_POINT('',(3.088888888889,40.265435629994,
    180.33663312687));
#1619 = CARTESIAN_POINT('',(3.088888888889,39.640749127057,
    179.61062001371));
#1620 = CARTESIAN_POINT('',(3.088888888889,40.920842801164,
    179.93423263225));
#1621 = CARTESIAN_POINT('',(3.088888888889,40.187093853802,
    179.74910602039));
#1622 = CARTESIAN_POINT('',(3.088888888889,41.491312117833,
    180.62540820585));
#1623 = CARTESIAN_POINT('',(3.088888888889,41.119066365025,
    179.95781272827));
#1624 = CARTESIAN_POINT('',(3.088888888889,41.674518481191,
    180.32171108097));
#1625 = CARTESIAN_POINT('',(3.088888888889,41.989927718113,
    180.42784922864));
#1626 = CARTESIAN_POINT('',(3.088888888889,42.43049868172,
    180.69887289338));
#1627 = CARTESIAN_POINT('',(3.088888888889,42.26142772405,
    180.96631281198));
#1628 = CARTESIAN_POINT('',(3.088888888889,42.888305266164,
    181.24192370116));
#1629 = CARTESIAN_POINT('',(3.088888888889,42.85442001701,
    181.52739938168));
#1630 = CARTESIAN_POINT('',(3.088888888889,43.175449562929,
    181.7400733922));
#1631 = CARTESIAN_POINT('',(3.088888888889,43.163519289594,
    182.00863043764));
#1632 = CARTESIAN_POINT('',(3.088888888889,43.360466593926,
    182.28462680792));
#1633 = CARTESIAN_POINT('',(3.088888888889,42.985661194705,
    182.93030913762));
#1634 = CARTESIAN_POINT('',(3.088888888889,42.818586464247,
    182.79377929401));
#1635 = CARTESIAN_POINT('',(3.088888888889,42.302245087754,
    183.0067536862));
#1636 = CARTESIAN_POINT('',(3.088888888889,42.383206985683,
    183.17260088268));
#1637 = CARTESIAN_POINT('',(3.088888888889,41.881814370318,
    183.35484679056));
#1638 = CARTESIAN_POINT('',(3.088888888889,41.617472164822,
    183.42563077914));
#1639 = CARTESIAN_POINT('',(3.088888888889,41.313549058994,
    183.90423337662));
#1640 = CARTESIAN_POINT('',(3.088888888889,41.001541347392,
    184.00773665259));
#1641 = CARTESIAN_POINT('',(3.088888888889,40.677282803286,
    184.20614564193));
#1642 = CARTESIAN_POINT('',(3.088888888889,40.278283197678,
    184.41851177064));
#1643 = CARTESIAN_POINT('',(3.088888888889,39.913109742865,
    184.5707129003));
#1644 = CARTESIAN_POINT('',(3.088888888889,40.191825638979,
    184.76954053044));
#1645 = CARTESIAN_POINT('',(3.088888888889,39.156251149056,
    184.37472948509));
#1646 = CARTESIAN_POINT('',(3.088888888889,39.499295778525,
    184.88975584768));
#1647 = CARTESIAN_POINT('',(3.088888888889,39.078826200471,
    184.7504079143));
#1648 = CARTESIAN_POINT('',(3.088888888889,38.667015346386,
    184.81497674861));
#1649 = CARTESIAN_POINT('',(3.088888888889,38.472393654713,
    184.81326239774));
#1650 = CARTESIAN_POINT('',(3.088888888889,38.029306829393,
    184.94461760739));
#1651 = CARTESIAN_POINT('',(3.088888888889,37.728010920021,
    184.27915149543));
#1652 = CARTESIAN_POINT('',(3.088888888889,37.391704654639,
    184.73398647075));
#1653 = CARTESIAN_POINT('',(3.088888888889,37.041702562464,
    184.75018073481));
#1654 = CARTESIAN_POINT('',(3.088888888889,36.665324602542,
    184.62610059981));
#1655 = CARTESIAN_POINT('',(3.088888888889,36.598408865935,
    185.34424593277));
#1656 = CARTESIAN_POINT('',(3.088888888889,35.506362465773,
    185.1761480367));
#1657 = CARTESIAN_POINT('',(3.088888888889,35.873772166723,
    185.12845804023));
#1658 = CARTESIAN_POINT('',(3.088888888889,35.417434415021,
    185.40046290819));
#1659 = CARTESIAN_POINT('',(3.088888888889,34.901681605282,
    185.5847500719));
#1660 = CARTESIAN_POINT('',(3.088888888889,34.69988566713,
    185.51318373262));
#1661 = CARTESIAN_POINT('',(3.088888888889,34.404476451306,
    185.85190447449));
#1662 = CARTESIAN_POINT('',(3.088888888889,34.09332982302,
    186.11058789008));
#1663 = CARTESIAN_POINT('',(3.088888888889,33.924798304708,
    185.59211666116));
#1664 = CARTESIAN_POINT('',(3.088888888889,33.539357237415,
    185.82953034845));
#1665 = CARTESIAN_POINT('',(3.088888888889,33.23570577122,185.7687001102
    ));
#1666 = CARTESIAN_POINT('',(3.088888888889,32.768047153775,
    185.70677926047));
#1667 = CARTESIAN_POINT('',(3.088888888889,32.789601671618,
    186.48125688889));
#1668 = CARTESIAN_POINT('',(3.088888888889,32.404565527389,
    186.21451066552));
#1669 = CARTESIAN_POINT('',(3.088888888889,32.036176478566,
    186.24641926878));
#1670 = CARTESIAN_POINT('',(3.088888888889,31.775674452509,
    185.85352762126));
#1671 = CARTESIAN_POINT('',(3.088888888889,31.354421683833,
    185.89237853933));
#1672 = CARTESIAN_POINT('',(7.377777777778,28.81660152294,
    187.73290322823));
#1673 = CARTESIAN_POINT('',(7.377777777778,28.131216196624,
    188.00758732609));
#1674 = CARTESIAN_POINT('',(7.377777777778,27.935294382941,
    187.75291161225));
#1675 = CARTESIAN_POINT('',(7.377777777778,27.041665512728,
    187.61242715224));
#1676 = CARTESIAN_POINT('',(7.377777777778,27.496710088678,
    187.30705274048));
#1677 = CARTESIAN_POINT('',(7.377777777778,27.486313411048,
    186.8003029775));
#1678 = CARTESIAN_POINT('',(7.377777777778,27.930027719743,
    186.32992372048));
#1679 = CARTESIAN_POINT('',(7.377777777778,28.243523782373,
    185.89181850383));
#1680 = CARTESIAN_POINT('',(7.377777777778,28.746870913501,
    185.45133058359));
#1681 = CARTESIAN_POINT('',(7.377777777778,28.894424530024,
    185.02291556275));
#1682 = CARTESIAN_POINT('',(7.377777777778,30.116281791264,
    184.58999221157));
#1683 = CARTESIAN_POINT('',(7.377777777778,29.454593884358,
    184.17425599762));
#1684 = CARTESIAN_POINT('',(7.377777777778,30.789881965473,
    183.69708399059));
#1685 = CARTESIAN_POINT('',(7.377777777778,30.566199734074,
    183.45249191775));
#1686 = CARTESIAN_POINT('',(7.377777777778,31.0283089582,182.86214971957
    ));
#1687 = CARTESIAN_POINT('',(7.377777777778,31.309173092871,
    182.49420000225));
#1688 = CARTESIAN_POINT('',(7.377777777778,31.619589932278,
    182.07282715132));
#1689 = CARTESIAN_POINT('',(7.377777777778,31.997885277381,
    181.6714705165));
#1690 = CARTESIAN_POINT('',(7.377777777778,32.093149435267,
    181.27050424886));
#1691 = CARTESIAN_POINT('',(7.377777777778,32.496566956603,
    180.87556556397));
#1692 = CARTESIAN_POINT('',(7.377777777778,32.848247757134,
    180.48379724924));
#1693 = CARTESIAN_POINT('',(7.377777777778,33.151647997824,
    180.09682348288));
#1694 = CARTESIAN_POINT('',(7.377777777778,33.730351996905,
    179.71340629056));
#1695 = CARTESIAN_POINT('',(7.377777777778,34.025539931264,
    179.33541675127));
#1696 = CARTESIAN_POINT('',(7.377777777778,34.605651411999,
    178.95672500941));
#1697 = CARTESIAN_POINT('',(7.377777777778,34.602558589196,
    178.60067526532));
#1698 = CARTESIAN_POINT('',(7.377777777778,35.82413478028,
    178.18613954131));
#1699 = CARTESIAN_POINT('',(7.377777777778,35.524693701726,
    178.04234754824));
#1700 = CARTESIAN_POINT('',(7.377777777778,36.470292036804,
    176.97672483803));
#1701 = CARTESIAN_POINT('',(7.377777777778,36.610378597918,
    176.85219010072));
#1702 = CARTESIAN_POINT('',(7.377777777778,37.205521969651,
    176.50286780503));
#1703 = CARTESIAN_POINT('',(7.377777777778,37.708168540498,
    176.30493764766));
#1704 = CARTESIAN_POINT('',(7.377777777778,38.224602623005,
    175.90067972954));
#1705 = CARTESIAN_POINT('',(7.377777777778,38.809516698179,
    175.95063831071));
#1706 = CARTESIAN_POINT('',(7.377777777778,39.262317688156,
    175.51336480156));
#1707 = CARTESIAN_POINT('',(7.377777777778,39.77545651759,
    176.51714949734));
#1708 = CARTESIAN_POINT('',(7.377777777778,40.513371272768,
    176.09752083986));
#1709 = CARTESIAN_POINT('',(7.377777777778,40.701173352977,
    176.17986276949));
#1710 = CARTESIAN_POINT('',(7.377777777778,41.840355283273,
    176.56800667533));
#1711 = CARTESIAN_POINT('',(7.377777777778,41.502787791009,
    175.76505624767));
#1712 = CARTESIAN_POINT('',(7.377777777778,43.106971897796,
    176.91586362711));
#1713 = CARTESIAN_POINT('',(7.377777777778,42.407275525599,
    176.86941797677));
#1714 = CARTESIAN_POINT('',(7.377777777778,44.200118669973,
    177.51515073196));
#1715 = CARTESIAN_POINT('',(7.377777777778,43.323738284744,
    176.9482774458));
#1716 = CARTESIAN_POINT('',(7.377777777778,44.834699523129,
    178.30909670771));
#1717 = CARTESIAN_POINT('',(7.377777777778,44.902670391716,
    178.52129642396));
#1718 = CARTESIAN_POINT('',(7.377777777778,45.321429758976,
    179.08807361352));
#1719 = CARTESIAN_POINT('',(7.377777777778,45.580365889525,
    179.58552262715));
#1720 = CARTESIAN_POINT('',(7.377777777778,46.015729939996,
    180.11751225948));
#1721 = CARTESIAN_POINT('',(7.377777777778,45.669309754881,
    180.64500791771));
#1722 = CARTESIAN_POINT('',(7.377777777778,45.940091187511,
    181.16051481481));
#1723 = CARTESIAN_POINT('',(7.377777777778,45.645219760218,
    181.67544588303));
#1724 = CARTESIAN_POINT('',(7.377777777778,45.611455129033,
    182.11253445081));
#1725 = CARTESIAN_POINT('',(7.377777777778,44.926470090806,
    182.50806452128));
#1726 = CARTESIAN_POINT('',(7.377777777778,45.055522667386,
    182.45798982249));
#1727 = CARTESIAN_POINT('',(7.377777777778,44.301659323841,
    183.22980291574));
#1728 = CARTESIAN_POINT('',(7.377777777778,44.159065724379,
    183.45159966265));
#1729 = CARTESIAN_POINT('',(7.377777777778,43.002704267439,
    183.47603035148));
#1730 = CARTESIAN_POINT('',(7.377777777778,42.680003829482,
    183.19443308848));
#1731 = CARTESIAN_POINT('',(7.377777777778,42.091897158117,
    183.09266049093));
#1732 = CARTESIAN_POINT('',(7.377777777778,41.608999649345,
    181.79640820852));
#1733 = CARTESIAN_POINT('',(7.377777777778,41.181589206109,
    181.22093998705));
#1734 = CARTESIAN_POINT('',(7.377777777778,40.813616553818,
    180.45836107466));
#1735 = CARTESIAN_POINT('',(7.377777777778,40.567613729314,
    179.85419224207));
#1736 = CARTESIAN_POINT('',(7.377777777778,40.216290158687,
    179.49922581311));
#1737 = CARTESIAN_POINT('',(7.377777777778,38.993704605791,
    179.2852863372));
#1738 = CARTESIAN_POINT('',(7.377777777778,39.35423555529,
    179.91483984906));
#1739 = CARTESIAN_POINT('',(7.377777777778,38.024330481222,
    179.48334827147));
#1740 = CARTESIAN_POINT('',(7.377777777778,37.631841161868,
    179.93084467217));
#1741 = CARTESIAN_POINT('',(7.377777777778,37.148878700997,
    180.20849180601));
#1742 = CARTESIAN_POINT('',(7.377777777778,36.568146029455,
    180.62772313839));
#1743 = CARTESIAN_POINT('',(7.377777777778,36.252126530969,
    180.85509335451));
#1744 = CARTESIAN_POINT('',(7.377777777778,35.854244293803,
    182.22424130757));
#1745 = CARTESIAN_POINT('',(7.377777777778,35.527747820124,
    182.18439561402));
#1746 = CARTESIAN_POINT('',(7.377777777778,35.243268571014,
    182.64050362308));
#1747 = CARTESIAN_POINT('',(7.377777777778,35.013782997021,
    183.2797678935));
#1748 = CARTESIAN_POINT('',(7.377777777778,34.419065723267,
    182.76949477638));
#1749 = CARTESIAN_POINT('',(7.377777777778,35.030852796686,
    183.78670295275));
#1750 = CARTESIAN_POINT('',(7.377777777778,33.947055658953,
    184.34875258612));
#1751 = CARTESIAN_POINT('',(7.377777777778,33.804220158525,
    184.5884289251));
#1752 = CARTESIAN_POINT('',(7.377777777778,33.688515465129,
    184.99493583311));
#1753 = CARTESIAN_POINT('',(7.377777777778,33.206110039736,
    185.57190559051));
#1754 = CARTESIAN_POINT('',(7.377777777778,32.800779009012,
    185.77794935309));
#1755 = CARTESIAN_POINT('',(7.377777777778,32.350368384018,
    185.98875914494));
#1756 = CARTESIAN_POINT('',(7.377777777778,31.899717477596,
    187.10999580263));
#1757 = CARTESIAN_POINT('',(7.377777777778,31.441489518343,
    187.25501519664));
#1758 = CARTESIAN_POINT('',(7.377777777778,30.925917255197,
    187.71947742721));
#1759 = CARTESIAN_POINT('',(7.377777777778,30.627485817212,
    188.07046897596));
#1760 = CARTESIAN_POINT('',(7.377777777778,29.525947597583,
    187.3526567932));
#1761 = CARTESIAN_POINT('',(7.377777777778,29.046063281608,
    187.75893898221));
#1762 = CARTESIAN_POINT('',(7.377777777778,28.81660152294,
    187.73290322823));
#1763 = CARTESIAN_POINT('',(7.377777777778,28.131216196624,
    188.00758732609));
#1764 = CARTESIAN_POINT('',(7.377777777778,27.935294382941,
    187.75291161225));
#1765 = CARTESIAN_POINT('',(14.222222222222,27.773223557727,
    189.03024283028));
#1766 = CARTESIAN_POINT('',(14.222222222222,27.217353112464,
    189.68035799749));
#1767 = CARTESIAN_POINT('',(14.222222222222,25.970554452053,
    190.21123146754));
#1768 = CARTESIAN_POINT('',(14.222222222222,25.368870766309,
    190.51655679074));
#1769 = CARTESIAN_POINT('',(14.222222222222,24.067856676766,
    189.64635908988));
#1770 = CARTESIAN_POINT('',(14.222222222222,24.576583554651,
    189.0342217727));
#1771 = CARTESIAN_POINT('',(14.222222222222,24.949667916557,
    188.24274587218));
#1772 = CARTESIAN_POINT('',(14.222222222222,25.565866645163,
    187.13080975551));
#1773 = CARTESIAN_POINT('',(14.222222222222,25.928615461876,
    186.58893794396));
#1774 = CARTESIAN_POINT('',(14.222222222222,26.323356651248,
    185.88616175995));
#1775 = CARTESIAN_POINT('',(14.222222222222,26.35180526456,
    185.19780129956));
#1776 = CARTESIAN_POINT('',(14.222222222222,27.736896231139,
    184.40225183308));
#1777 = CARTESIAN_POINT('',(14.222222222222,27.320141360101,
    183.90242382743));
#1778 = CARTESIAN_POINT('',(14.222222222222,28.490517788788,
    182.31781972623));
#1779 = CARTESIAN_POINT('',(14.222222222222,28.845223589413,
    182.15240028672));
#1780 = CARTESIAN_POINT('',(14.222222222222,29.396705277841,
    181.20215497742));
#1781 = CARTESIAN_POINT('',(14.222222222222,29.889898286349,
    180.4874585941));
#1782 = CARTESIAN_POINT('',(14.222222222222,30.354895186516,
    179.73188100978));
#1783 = CARTESIAN_POINT('',(14.222222222222,30.960922495172,
    179.00513064936));
#1784 = CARTESIAN_POINT('',(14.222222222222,31.417544407386,
    178.28760438231));
#1785 = CARTESIAN_POINT('',(14.222222222222,31.903898686482,
    177.57672903321));
#1786 = CARTESIAN_POINT('',(14.222222222222,32.492247091175,
    176.87376314026));
#1787 = CARTESIAN_POINT('',(14.222222222222,32.921020968079,
    176.1742992153));
#1788 = CARTESIAN_POINT('',(14.222222222222,33.559100035175,
    175.47515569534));
#1789 = CARTESIAN_POINT('',(14.222222222222,34.029279851217,
    174.77730934993));
#1790 = CARTESIAN_POINT('',(14.222222222222,35.00967626494,
    174.06216741869));
#1791 = CARTESIAN_POINT('',(14.222222222222,35.090387128966,
    173.38367415822));
#1792 = CARTESIAN_POINT('',(14.222222222222,36.364368400542,
    172.54871075074));
#1793 = CARTESIAN_POINT('',(14.222222222222,36.819417997727,
    172.36869841392));
#1794 = CARTESIAN_POINT('',(14.222222222222,37.950942343921,
    171.66171250274));
#1795 = CARTESIAN_POINT('',(14.222222222222,38.683476732522,
    171.20456422965));
#1796 = CARTESIAN_POINT('',(14.222222222222,39.532635930921,
    170.79135729219));
#1797 = CARTESIAN_POINT('',(14.222222222222,40.346172903872,
    170.59530006409));
#1798 = CARTESIAN_POINT('',(14.222222222222,41.113804558951,
    170.30160161043));
#1799 = CARTESIAN_POINT('',(14.222222222222,41.832792703954,
    170.41965298801));
#1800 = CARTESIAN_POINT('',(14.222222222222,42.732179314581,
    169.41930870034));
#1801 = CARTESIAN_POINT('',(14.222222222222,43.531746246025,
    169.66888626159));
#1802 = CARTESIAN_POINT('',(14.222222222222,44.70357768878,
    169.98882821179));
#1803 = CARTESIAN_POINT('',(14.222222222222,45.188545194783,
    170.38118049866));
#1804 = CARTESIAN_POINT('',(14.222222222222,46.549245059353,
    171.61383527161));
#1805 = CARTESIAN_POINT('',(14.222222222222,46.566000668648,
    171.75923311776));
#1806 = CARTESIAN_POINT('',(14.222222222222,47.895979961415,
    172.82872167687));
#1807 = CARTESIAN_POINT('',(14.222222222222,47.331981068257,
    173.55835853609));
#1808 = CARTESIAN_POINT('',(14.222222222222,48.498696927903,
    175.13704983617));
#1809 = CARTESIAN_POINT('',(14.222222222222,47.425344111408,
    175.56528299093));
#1810 = CARTESIAN_POINT('',(14.222222222222,47.612247247061,
    176.7115345569));
#1811 = CARTESIAN_POINT('',(14.222222222222,47.379213243544,
    177.69081999682));
#1812 = CARTESIAN_POINT('',(14.222222222222,47.248758248919,
    178.59942099846));
#1813 = CARTESIAN_POINT('',(14.222222222222,47.813172838911,
    179.47280209133));
#1814 = CARTESIAN_POINT('',(14.222222222222,48.386222959953,
    180.36144701675));
#1815 = CARTESIAN_POINT('',(14.222222222222,48.463632163935,
    181.26112797728));
#1816 = CARTESIAN_POINT('',(14.222222222222,48.404770138888,
    182.32294480948));
#1817 = CARTESIAN_POINT('',(14.222222222222,47.708536681963,
    183.21341713456));
#1818 = CARTESIAN_POINT('',(14.222222222222,47.13394470234,
    183.64481548793));
#1819 = CARTESIAN_POINT('',(14.222222222222,45.443886824627,
    183.51400184063));
#1820 = CARTESIAN_POINT('',(14.222222222222,44.996982755098,
    182.27075020577));
#1821 = CARTESIAN_POINT('',(14.222222222222,44.179504939176,
    181.07776045381));
#1822 = CARTESIAN_POINT('',(14.222222222222,44.623270417548,
    180.03278421671));
#1823 = CARTESIAN_POINT('',(14.222222222222,44.645137958778,
    179.14304832919));
#1824 = CARTESIAN_POINT('',(14.222222222222,45.050751797089,
    177.65953050844));
#1825 = CARTESIAN_POINT('',(14.222222222222,45.368264752792,
    177.7344420836));
#1826 = CARTESIAN_POINT('',(14.222222222222,45.54999177633,
    176.91346916137));
#1827 = CARTESIAN_POINT('',(14.222222222222,45.410202132885,
    176.3415960557));
#1828 = CARTESIAN_POINT('',(14.222222222222,44.882049088514,
    175.37874545712));
#1829 = CARTESIAN_POINT('',(14.222222222222,44.242841165598,
    174.3507261768));
#1830 = CARTESIAN_POINT('',(14.222222222222,43.955153472715,
    173.66762716092));
#1831 = CARTESIAN_POINT('',(14.222222222222,42.453445418163,
    173.09712653016));
#1832 = CARTESIAN_POINT('',(14.222222222222,41.936794595663,
    173.6453193436));
#1833 = CARTESIAN_POINT('',(14.222222222222,40.785390195754,
    174.03400142267));
#1834 = CARTESIAN_POINT('',(14.222222222222,39.994162032259,
    174.49624048495));
#1835 = CARTESIAN_POINT('',(14.222222222222,39.185924910569,
    174.83713826429));
#1836 = CARTESIAN_POINT('',(14.222222222222,38.444961771047,
    175.45661302664));
#1837 = CARTESIAN_POINT('',(14.222222222222,37.75965542665,
    175.10103564884));
#1838 = CARTESIAN_POINT('',(14.222222222222,37.072295295376,
    175.91219784331));
#1839 = CARTESIAN_POINT('',(14.222222222222,36.433376957928,
    176.69227797333));
#1840 = CARTESIAN_POINT('',(14.222222222222,35.798928577355,
    177.31691959458));
#1841 = CARTESIAN_POINT('',(14.222222222222,35.423653616918,
    178.97414629079));
#1842 = CARTESIAN_POINT('',(14.222222222222,34.36998534126,
    178.99567813411));
#1843 = CARTESIAN_POINT('',(14.222222222222,34.250705198784,
    179.70949592679));
#1844 = CARTESIAN_POINT('',(14.222222222222,33.600200937087,
    180.54716185789));
#1845 = CARTESIAN_POINT('',(14.222222222222,32.93709965161,
    181.20990559896));
#1846 = CARTESIAN_POINT('',(14.222222222222,32.41425498487,
    181.9553341031));
#1847 = CARTESIAN_POINT('',(14.222222222222,31.821947171244,
    182.74177482681));
#1848 = CARTESIAN_POINT('',(14.222222222222,31.291421838441,
    183.59984833399));
#1849 = CARTESIAN_POINT('',(14.222222222222,30.47484497056,
    183.86277783881));
#1850 = CARTESIAN_POINT('',(14.222222222222,30.032838819322,
    184.74383221728));
#1851 = CARTESIAN_POINT('',(14.222222222222,29.573990019779,
    185.39349631469));
#1852 = CARTESIAN_POINT('',(14.222222222222,28.97787342639,
    186.15378290934));
#1853 = CARTESIAN_POINT('',(14.222222222222,29.243042030026,
    187.54863906002));
#1854 = CARTESIAN_POINT('',(14.222222222222,28.888939006854,
    188.21970306356));
#1855 = CARTESIAN_POINT('',(14.222222222222,27.773223557727,
    189.03024283028));
#1856 = CARTESIAN_POINT('',(14.222222222222,27.217353112464,
    189.68035799749));
#1857 = CARTESIAN_POINT('',(14.222222222222,25.970554452053,
    190.21123146754));
#1858 = CARTESIAN_POINT('',(21.666666666667,25.376986966225,
    190.71224231257));
#1859 = CARTESIAN_POINT('',(21.666666666667,23.40721575212,
    191.30462469208));
#1860 = CARTESIAN_POINT('',(21.666666666667,21.451766018062,
    191.74821762698));
#1861 = CARTESIAN_POINT('',(21.666666666667,20.881132110581,
    190.88856411244));
#1862 = CARTESIAN_POINT('',(21.666666666667,22.470546109133,
    189.57988306479));
#1863 = CARTESIAN_POINT('',(21.666666666667,22.957592093979,
    187.40920659572));
#1864 = CARTESIAN_POINT('',(21.666666666667,23.967762935096,
    185.89294221841));
#1865 = CARTESIAN_POINT('',(21.666666666667,24.829914945082,
    185.20689686195));
#1866 = CARTESIAN_POINT('',(21.666666666667,25.480703537627,
    183.69412639389));
#1867 = CARTESIAN_POINT('',(21.666666666667,26.579137830965,
    182.38869267701));
#1868 = CARTESIAN_POINT('',(21.666666666667,27.515327594844,
    180.98696063794));
#1869 = CARTESIAN_POINT('',(21.666666666667,27.658041835836,
    179.61930539682));
#1870 = CARTESIAN_POINT('',(21.666666666667,29.353028099064,
    178.07737381551));
#1871 = CARTESIAN_POINT('',(21.666666666667,29.62021787369,
    177.09277464161));
#1872 = CARTESIAN_POINT('',(21.666666666667,30.744692371909,
    175.73972330887));
#1873 = CARTESIAN_POINT('',(21.666666666667,31.688123509998,
    174.51457621433));
#1874 = CARTESIAN_POINT('',(21.666666666667,32.712130019125,
    173.27162213653));
#1875 = CARTESIAN_POINT('',(21.666666666667,33.757010969588,
    172.04540872064));
#1876 = CARTESIAN_POINT('',(21.666666666667,34.744208753512,
    170.82535903341));
#1877 = CARTESIAN_POINT('',(21.666666666667,35.814034605714,
    169.60129159738));
#1878 = CARTESIAN_POINT('',(21.666666666667,36.871082537702,
    168.38881953025));
#1879 = CARTESIAN_POINT('',(21.666666666667,37.84387649126,
    167.16505434927));
#1880 = CARTESIAN_POINT('',(21.666666666667,38.880644622434,
    165.93570351245));
#1881 = CARTESIAN_POINT('',(21.666666666667,39.801015833513,
    164.69557114985));
#1882 = CARTESIAN_POINT('',(21.666666666667,40.801078158487,
    163.44002485821));
#1883 = CARTESIAN_POINT('',(21.666666666667,41.453126087803,
    162.17755072485));
#1884 = CARTESIAN_POINT('',(21.666666666667,42.649840151462,
    160.86720906432));
#1885 = CARTESIAN_POINT('',(21.666666666667,43.194621441879,
    159.63960100082));
#1886 = CARTESIAN_POINT('',(21.666666666667,44.017576981523,
    157.99011820295));
#1887 = CARTESIAN_POINT('',(21.666666666667,44.478687341294,
    156.61695435272));
#1888 = CARTESIAN_POINT('',(21.666666666667,45.237700774754,
    155.07702810966));
#1889 = CARTESIAN_POINT('',(21.666666666667,45.899800851676,
    153.45470806514));
#1890 = CARTESIAN_POINT('',(21.666666666667,46.793547706416,
    152.04437197218));
#1891 = CARTESIAN_POINT('',(21.666666666667,48.066961935266,
    150.92733021962));
#1892 = CARTESIAN_POINT('',(21.666666666667,50.116670180178,
    150.25711380099));
#1893 = CARTESIAN_POINT('',(21.666666666667,50.931650148535,
    153.51796281899));
#1894 = CARTESIAN_POINT('',(21.666666666667,50.900784300296,
    155.50810823058));
#1895 = CARTESIAN_POINT('',(21.666666666667,50.731212294698,
    156.66094879261));
#1896 = CARTESIAN_POINT('',(21.666666666667,51.187617515686,
    157.6453463199));
#1897 = CARTESIAN_POINT('',(21.666666666667,50.794601234897,
    159.16101036935));
#1898 = CARTESIAN_POINT('',(21.666666666667,50.83502608082,
    161.5575015535));
#1899 = CARTESIAN_POINT('',(21.666666666667,49.913600228241,
    163.15392902489));
#1900 = CARTESIAN_POINT('',(21.666666666667,50.050140707516,
    164.9221652197));
#1901 = CARTESIAN_POINT('',(21.666666666667,48.852179640433,
    166.17079083223));
#1902 = CARTESIAN_POINT('',(21.666666666667,49.472387684582,
    167.93099282091));
#1903 = CARTESIAN_POINT('',(21.666666666667,48.798255161449,
    169.36859562047));
#1904 = CARTESIAN_POINT('',(21.666666666667,48.75552347384,
    170.7533399481));
#1905 = CARTESIAN_POINT('',(21.666666666667,48.789289404131,
    172.39362279832));
#1906 = CARTESIAN_POINT('',(21.666666666667,47.901810004595,
    173.95245844396));
#1907 = CARTESIAN_POINT('',(21.666666666667,47.85688594864,
    175.47223679656));
#1908 = CARTESIAN_POINT('',(21.666666666667,47.968585901079,
    177.10027919438));
#1909 = CARTESIAN_POINT('',(21.666666666667,48.514683775382,
    178.53372883117));
#1910 = CARTESIAN_POINT('',(21.666666666667,49.684075335034,
    180.06129270612));
#1911 = CARTESIAN_POINT('',(21.666666666667,51.192192980045,
    181.67521492497));
#1912 = CARTESIAN_POINT('',(21.666666666667,53.029369339585,
    183.50026353846));
#1913 = CARTESIAN_POINT('',(21.666666666667,51.820499615656,
    185.80510536368));
#1914 = CARTESIAN_POINT('',(21.666666666667,50.032695855956,
    186.09939516279));
#1915 = CARTESIAN_POINT('',(21.666666666667,48.306094349807,
    183.71254881565));
#1916 = CARTESIAN_POINT('',(21.666666666667,47.52714478996,
    180.69943773027));
#1917 = CARTESIAN_POINT('',(21.666666666667,46.39711272933,
    178.55995021004));
#1918 = CARTESIAN_POINT('',(21.666666666667,45.177816988343,
    175.08649417451));
#1919 = CARTESIAN_POINT('',(21.666666666667,43.993672297719,
    172.57263481169));
#1920 = CARTESIAN_POINT('',(21.666666666667,43.942397381259,
    169.40481778615));
#1921 = CARTESIAN_POINT('',(21.666666666667,44.596103214939,
    167.79204066243));
#1922 = CARTESIAN_POINT('',(21.666666666667,45.140991082221,
    166.79009076173));
#1923 = CARTESIAN_POINT('',(21.666666666667,45.564802911447,
    165.37425142465));
#1924 = CARTESIAN_POINT('',(21.666666666667,46.591437784847,
    163.77948186267));
#1925 = CARTESIAN_POINT('',(21.666666666667,46.89070534484,
    162.13459902317));
#1926 = CARTESIAN_POINT('',(21.666666666667,47.271581777955,
    160.4859385119));
#1927 = CARTESIAN_POINT('',(21.666666666667,45.788680255666,
    161.37731146451));
#1928 = CARTESIAN_POINT('',(21.666666666667,44.494465779323,
    163.64231550326));
#1929 = CARTESIAN_POINT('',(21.666666666667,42.829363519407,
    165.63551555266));
#1930 = CARTESIAN_POINT('',(21.666666666667,41.390596990871,
    169.20016455215));
#1931 = CARTESIAN_POINT('',(21.666666666667,40.340308985893,
    170.9884106026));
#1932 = CARTESIAN_POINT('',(21.666666666667,39.141549853193,
    171.09599428273));
#1933 = CARTESIAN_POINT('',(21.666666666667,37.986437412088,
    171.62359144566));
#1934 = CARTESIAN_POINT('',(21.666666666667,36.82810490888,
    171.38084449795));
#1935 = CARTESIAN_POINT('',(21.666666666667,35.803040946769,
    173.01018767981));
#1936 = CARTESIAN_POINT('',(21.666666666667,34.805438395368,
    174.46059609353));
#1937 = CARTESIAN_POINT('',(21.666666666667,33.927442245793,
    175.92194928147));
#1938 = CARTESIAN_POINT('',(21.666666666667,33.079778669533,
    177.60625396775));
#1939 = CARTESIAN_POINT('',(21.666666666667,32.257256719536,
    178.68781645554));
#1940 = CARTESIAN_POINT('',(21.666666666667,31.389616976142,
    180.05184985364));
#1941 = CARTESIAN_POINT('',(21.666666666667,30.483016294264,
    181.24517259704));
#1942 = CARTESIAN_POINT('',(21.666666666667,30.032116545491,
    182.78051461855));
#1943 = CARTESIAN_POINT('',(21.666666666667,29.0649551779,
    184.00371591307));
#1944 = CARTESIAN_POINT('',(21.666666666667,28.2489628753,
    185.40664148745));
#1945 = CARTESIAN_POINT('',(21.666666666667,27.619557305095,
    186.730450707));
#1946 = CARTESIAN_POINT('',(21.666666666667,26.306206570853,
    187.82306886088));
#1947 = CARTESIAN_POINT('',(21.666666666667,25.255538652837,
    189.34510514352));
#1948 = CARTESIAN_POINT('',(21.666666666667,25.376986966225,
    190.71224231257));
#1949 = CARTESIAN_POINT('',(21.666666666667,23.40721575212,
    191.30462469208));
#1950 = CARTESIAN_POINT('',(21.666666666667,21.451766018062,
    191.74821762698));
#1951 = CARTESIAN_POINT('',(29.777777777778,21.201711366813,
    192.65601823606));
#1952 = CARTESIAN_POINT('',(29.777777777778,17.848594117346,
    195.41389829618));
#1953 = CARTESIAN_POINT('',(29.777777777778,18.936335010848,
    192.95791942919));
#1954 = CARTESIAN_POINT('',(29.777777777778,20.935315713126,
    188.64921902266));
#1955 = CARTESIAN_POINT('',(29.777777777778,21.482773562156,
    186.71637650138));
#1956 = CARTESIAN_POINT('',(29.777777777778,23.072476707383,
    184.83119221834));
#1957 = CARTESIAN_POINT('',(29.777777777778,24.442208817705,
    182.61656009239));
#1958 = CARTESIAN_POINT('',(29.777777777778,25.425465327065,
    179.75084672246));
#1959 = CARTESIAN_POINT('',(29.777777777778,27.138873879352,
    177.58621635269));
#1960 = CARTESIAN_POINT('',(29.777777777778,28.134644667856,
    175.21909794124));
#1961 = CARTESIAN_POINT('',(29.777777777778,29.414621751438,
    172.86838262031));
#1962 = CARTESIAN_POINT('',(29.777777777778,30.964060760203,
    170.63981350472));
#1963 = CARTESIAN_POINT('',(29.777777777778,31.527249501789,
    167.82484213881));
#1964 = CARTESIAN_POINT('',(29.777777777778,32.867927400951,
    167.08815986434));
#1965 = CARTESIAN_POINT('',(29.777777777778,33.590155227989,
    162.63303892666));
#1966 = CARTESIAN_POINT('',(29.777777777778,34.360990118675,
    160.568064168));
#1967 = CARTESIAN_POINT('',(29.777777777778,35.030144627294,
    157.82228514877));
#1968 = CARTESIAN_POINT('',(29.777777777778,35.629053599852,
    155.22696836431));
#1969 = CARTESIAN_POINT('',(29.777777777778,36.280604668803,
    152.56194858252));
#1970 = CARTESIAN_POINT('',(29.777777777778,36.803105892582,
    149.91174467876));
#1971 = CARTESIAN_POINT('',(29.777777777778,37.343682071187,
    147.22762969889));
#1972 = CARTESIAN_POINT('',(29.777777777778,37.894061313313,
    144.55945735314));
#1973 = CARTESIAN_POINT('',(29.777777777778,38.465044908894,
    141.89402945115));
#1974 = CARTESIAN_POINT('',(29.777777777778,39.097522658178,139.24246938
    ));
#1975 = CARTESIAN_POINT('',(29.777777777778,39.741807177721,
    136.61077395536));
#1976 = CARTESIAN_POINT('',(29.777777777778,40.539857269832,
    133.98935235916));
#1977 = CARTESIAN_POINT('',(29.777777777778,41.201251164258,
    131.40669392411));
#1978 = CARTESIAN_POINT('',(29.777777777778,41.776616255974,
    128.73972505383));
#1979 = CARTESIAN_POINT('',(29.777777777778,42.822843755948,
    126.36811855159));
#1980 = CARTESIAN_POINT('',(29.777777777778,43.683091702858,
    123.79220608393));
#1981 = CARTESIAN_POINT('',(29.777777777778,44.411748936248,
    121.30187587192));
#1982 = CARTESIAN_POINT('',(29.777777777778,45.157099352701,
    118.87274953672));
#1983 = CARTESIAN_POINT('',(29.777777777778,45.889746771644,
    116.13605074925));
#1984 = CARTESIAN_POINT('',(29.777777777778,46.619730719755,
    113.70400584556));
#1985 = CARTESIAN_POINT('',(29.777777777778,47.218985960683,
    111.17639452356));
#1986 = CARTESIAN_POINT('',(29.777777777778,48.052884653756,
    107.03104992589));
#1987 = CARTESIAN_POINT('',(29.777777777778,51.677594941442,
    107.18541444255));
#1988 = CARTESIAN_POINT('',(29.777777777778,53.042479009309,
    112.31186709275));
#1989 = CARTESIAN_POINT('',(29.777777777778,51.431024355973,
    118.7569553273));
#1990 = CARTESIAN_POINT('',(29.777777777778,50.85594891938,
    121.00388731687));
#1991 = CARTESIAN_POINT('',(29.777777777778,50.504630000277,
    121.44907570969));
#1992 = CARTESIAN_POINT('',(29.777777777778,51.130965057948,
    123.85072582248));
#1993 = CARTESIAN_POINT('',(29.777777777778,51.107469129917,
    125.99041663964));
#1994 = CARTESIAN_POINT('',(29.777777777778,51.85634338319,
    128.50277059019));
#1995 = CARTESIAN_POINT('',(29.777777777778,51.241232934354,
    130.91654493823));
#1996 = CARTESIAN_POINT('',(29.777777777778,51.78072255814,
    133.4190266918));
#1997 = CARTESIAN_POINT('',(29.777777777778,51.426200988635,
    136.20849260717));
#1998 = CARTESIAN_POINT('',(29.777777777778,50.974889466416,
    138.56859940546));
#1999 = CARTESIAN_POINT('',(29.777777777778,51.229745133768,
    141.16943929697));
#2000 = CARTESIAN_POINT('',(29.777777777778,50.448445437505,
    143.85849524083));
#2001 = CARTESIAN_POINT('',(29.777777777778,50.083057171717,
    146.30612155946));
#2002 = CARTESIAN_POINT('',(29.777777777778,49.361148938815,
    149.01559523799));
#2003 = CARTESIAN_POINT('',(29.777777777778,48.61661766993,
    151.57664820584));
#2004 = CARTESIAN_POINT('',(29.777777777778,47.776941952938,
    154.18657998979));
#2005 = CARTESIAN_POINT('',(29.777777777778,46.394606500696,
    156.63236667158));
#2006 = CARTESIAN_POINT('',(29.777777777778,45.867974401645,
    159.14844826222));
#2007 = CARTESIAN_POINT('',(29.777777777778,45.490953701899,
    161.93563644021));
#2008 = CARTESIAN_POINT('',(29.777777777778,45.598653815982,
    165.55816591108));
#2009 = CARTESIAN_POINT('',(29.777777777778,46.350398354077,
    169.34660308769));
#2010 = CARTESIAN_POINT('',(29.777777777778,48.398966072716,
    172.50447178403));
#2011 = CARTESIAN_POINT('',(29.777777777778,51.547782312183,
    175.79180581479));
#2012 = CARTESIAN_POINT('',(29.777777777778,55.274463931205,
    178.76605478047));
#2013 = CARTESIAN_POINT('',(29.777777777778,54.400443101684,
    183.89277252636));
#2014 = CARTESIAN_POINT('',(29.777777777778,51.364924180985,
    181.83754549874));
#2015 = CARTESIAN_POINT('',(29.777777777778,49.409808447139,
    176.4903777475));
#2016 = CARTESIAN_POINT('',(29.777777777778,47.481182488973,
    172.3471723313));
#2017 = CARTESIAN_POINT('',(29.777777777778,45.364717888841,
    168.52105912702));
#2018 = CARTESIAN_POINT('',(29.777777777778,43.314984523041,
    163.57745962531));
#2019 = CARTESIAN_POINT('',(29.777777777778,40.402856063469,
    159.63849067322));
#2020 = CARTESIAN_POINT('',(29.777777777778,38.273230730414,
    154.56153203632));
#2021 = CARTESIAN_POINT('',(29.777777777778,37.575461279467,
    149.05868837268));
#2022 = CARTESIAN_POINT('',(29.777777777778,38.626821256509,
    147.26544015848));
#2023 = CARTESIAN_POINT('',(29.777777777778,39.484489251693,
    142.55785686792));
#2024 = CARTESIAN_POINT('',(29.777777777778,38.760311626205,
    142.05836714421));
#2025 = CARTESIAN_POINT('',(29.777777777778,38.997978531016,
    149.15253312832));
#2026 = CARTESIAN_POINT('',(29.777777777778,39.207299255004,
    155.25492318752));
#2027 = CARTESIAN_POINT('',(29.777777777778,38.726850843195,
    161.18675517514));
#2028 = CARTESIAN_POINT('',(29.777777777778,38.91116237714,
    165.08494228525));
#2029 = CARTESIAN_POINT('',(29.777777777778,37.557648802273,
    166.13341043858));
#2030 = CARTESIAN_POINT('',(29.777777777778,36.397958565245,
    167.30267048166));
#2031 = CARTESIAN_POINT('',(29.777777777778,34.929248486077,
    168.14212814472));
#2032 = CARTESIAN_POINT('',(29.777777777778,33.408071470104,
    170.9439453377));
#2033 = CARTESIAN_POINT('',(29.777777777778,32.171200474802,
    173.19242474448));
#2034 = CARTESIAN_POINT('',(29.777777777778,30.883867674385,
    175.64008067454));
#2035 = CARTESIAN_POINT('',(29.777777777778,29.346230474745,
    177.85676019877));
#2036 = CARTESIAN_POINT('',(29.777777777778,28.153303751618,
    180.24806941871));
#2037 = CARTESIAN_POINT('',(29.777777777778,26.896611746407,
    182.51450174977));
#2038 = CARTESIAN_POINT('',(29.777777777778,25.593235056368,
    184.88641288605));
#2039 = CARTESIAN_POINT('',(29.777777777778,24.632966879303,
    187.41285063228));
#2040 = CARTESIAN_POINT('',(29.777777777778,24.465535428194,
    189.49351655883));
#2041 = CARTESIAN_POINT('',(29.777777777778,21.201711366813,
    192.65601823606));
#2042 = CARTESIAN_POINT('',(29.777777777778,17.848594117346,
    195.41389829618));
#2043 = CARTESIAN_POINT('',(29.777777777778,18.936335010848,
    192.95791942919));
#2044 = CARTESIAN_POINT('',(38.888888888889,15.930111379076,
    196.6350665226));
#2045 = CARTESIAN_POINT('',(38.888888888889,18.705153670111,
    190.79420294818));
#2046 = CARTESIAN_POINT('',(38.888888888889,19.563049841276,
    187.03056364311));
#2047 = CARTESIAN_POINT('',(38.888888888889,21.065725851683,
    185.4531165473));
#2048 = CARTESIAN_POINT('',(38.888888888889,22.791733213804,
    182.09779324227));
#2049 = CARTESIAN_POINT('',(38.888888888889,24.024795429311,
    178.88495706179));
#2050 = CARTESIAN_POINT('',(38.888888888889,25.08181727792,
    175.65098073103));
#2051 = CARTESIAN_POINT('',(38.888888888889,26.647759948215,
    172.78196024212));
#2052 = CARTESIAN_POINT('',(38.888888888889,27.011796464974,
    169.35182738381));
#2053 = CARTESIAN_POINT('',(38.888888888889,27.948796152432,
    166.03127918111));
#2054 = CARTESIAN_POINT('',(38.888888888889,28.511386300368,
    162.73034575176));
#2055 = CARTESIAN_POINT('',(38.888888888889,28.903954267605,
    159.05235047097));
#2056 = CARTESIAN_POINT('',(38.888888888889,29.856283784767,
    156.84661123798));
#2057 = CARTESIAN_POINT('',(38.888888888889,30.361686088823,
    149.2349077017));
#2058 = CARTESIAN_POINT('',(38.888888888889,31.212555942623,
    150.37413428514));
#2059 = CARTESIAN_POINT('',(38.888888888889,32.031000104324,
    145.9433739588));
#2060 = CARTESIAN_POINT('',(38.888888888889,32.889867502907,
    143.02352012029));
#2061 = CARTESIAN_POINT('',(38.888888888889,33.815044201795,
    139.71180008546));
#2062 = CARTESIAN_POINT('',(38.888888888889,34.569013006963,
    136.52187474155));
#2063 = CARTESIAN_POINT('',(38.888888888889,35.525461147653,
    133.28311394087));
#2064 = CARTESIAN_POINT('',(38.888888888889,36.41185480879,
    130.09122585045));
#2065 = CARTESIAN_POINT('',(38.888888888889,37.343638693519,
    126.86948614074));
#2066 = CARTESIAN_POINT('',(38.888888888889,38.201534370045,
    123.64646545391));
#2067 = CARTESIAN_POINT('',(38.888888888889,39.019130096437,
    120.40993760035));
#2068 = CARTESIAN_POINT('',(38.888888888889,39.800315076695,
    117.15915047721));
#2069 = CARTESIAN_POINT('',(38.888888888889,40.551505047795,
    113.90550088226));
#2070 = CARTESIAN_POINT('',(38.888888888889,41.1686043311,
    110.61030119038));
#2071 = CARTESIAN_POINT('',(38.888888888889,42.533997370592,
    107.43643887876));
#2072 = CARTESIAN_POINT('',(38.888888888889,42.548041345361,
    103.9046795284));
#2073 = CARTESIAN_POINT('',(38.888888888889,43.274648678369,
    100.63584725737));
#2074 = CARTESIAN_POINT('',(38.888888888889,43.951833341077,
    97.253158272217));
#2075 = CARTESIAN_POINT('',(38.888888888889,44.732036366582,
    93.789795635485));
#2076 = CARTESIAN_POINT('',(38.888888888889,45.638538159865,
    90.810810884629));
#2077 = CARTESIAN_POINT('',(38.888888888889,46.787779727205,
    87.109222292179));
#2078 = CARTESIAN_POINT('',(38.888888888889,48.801988903043,
    83.489417807889));
#2079 = CARTESIAN_POINT('',(38.888888888889,50.775025848079,
    80.350507025296));
#2080 = CARTESIAN_POINT('',(38.888888888889,52.841437305901,
    75.074915379146));
#2081 = CARTESIAN_POINT('',(38.888888888889,54.500619231407,
    68.711924402669));
#2082 = CARTESIAN_POINT('',(38.888888888889,62.668348726293,
    57.930114381571));
#2083 = CARTESIAN_POINT('',(38.888888888889,67.246773503623,
    63.208815278932));
#2084 = CARTESIAN_POINT('',(38.888888888889,68.718491799411,
    74.77381820749));
#2085 = CARTESIAN_POINT('',(38.888888888889,67.313241210232,
    79.143665604383));
#2086 = CARTESIAN_POINT('',(38.888888888889,66.171756140182,
    84.313763245759));
#2087 = CARTESIAN_POINT('',(38.888888888889,64.256562504015,
    88.818134307298));
#2088 = CARTESIAN_POINT('',(38.888888888889,63.41019338985,
    93.063001377556));
#2089 = CARTESIAN_POINT('',(38.888888888889,61.099072357603,
    97.157835755109));
#2090 = CARTESIAN_POINT('',(38.888888888889,59.909718990651,
    100.63473271476));
#2091 = CARTESIAN_POINT('',(38.888888888889,58.748732527177,
    104.67567353609));
#2092 = CARTESIAN_POINT('',(38.888888888889,57.150642530009,
    108.20907597814));
#2093 = CARTESIAN_POINT('',(38.888888888889,56.83143495294,
    111.51675604821));
#2094 = CARTESIAN_POINT('',(38.888888888889,55.754459273281,
    115.16189096279));
#2095 = CARTESIAN_POINT('',(38.888888888889,55.1651831856,118.3873989389
    ));
#2096 = CARTESIAN_POINT('',(38.888888888889,54.355124998845,
    121.82874614437));
#2097 = CARTESIAN_POINT('',(38.888888888889,53.66419726187,
    125.1386065904));
#2098 = CARTESIAN_POINT('',(38.888888888889,53.341720394506,
    128.66046533803));
#2099 = CARTESIAN_POINT('',(38.888888888889,52.78728542728,
    131.86612762944));
#2100 = CARTESIAN_POINT('',(38.888888888889,51.723655170016,
    135.32850924594));
#2101 = CARTESIAN_POINT('',(38.888888888889,50.848138600716,
    138.26479717238));
#2102 = CARTESIAN_POINT('',(38.888888888889,49.769132827403,
    141.2325882447));
#2103 = CARTESIAN_POINT('',(38.888888888889,48.22346403794,
    144.43661283811));
#2104 = CARTESIAN_POINT('',(38.888888888889,46.254087753961,
    147.18427511364));
#2105 = CARTESIAN_POINT('',(38.888888888889,44.01763075537,
    150.29600705685));
#2106 = CARTESIAN_POINT('',(38.888888888889,43.035311977441,
    152.82764026896));
#2107 = CARTESIAN_POINT('',(38.888888888889,42.616028887225,
    157.43750456794));
#2108 = CARTESIAN_POINT('',(38.888888888889,41.77986234612,
    162.97449655911));
#2109 = CARTESIAN_POINT('',(38.888888888889,41.259458445482,
    168.39060154614));
#2110 = CARTESIAN_POINT('',(38.888888888889,41.49272061703,
    173.04708159029));
#2111 = CARTESIAN_POINT('',(38.888888888889,44.961111700603,
    178.8890554098));
#2112 = CARTESIAN_POINT('',(38.888888888889,52.631959504547,
    180.83424047502));
#2113 = CARTESIAN_POINT('',(38.888888888889,59.580434896747,
    185.83743140641));
#2114 = CARTESIAN_POINT('',(38.888888888889,59.323235144985,
    191.39825277148));
#2115 = CARTESIAN_POINT('',(38.888888888889,52.731672023361,
    182.89817457955));
#2116 = CARTESIAN_POINT('',(38.888888888889,48.87385652333,
    176.98731484301));
#2117 = CARTESIAN_POINT('',(38.888888888889,42.849432969813,
    170.53104420061));
#2118 = CARTESIAN_POINT('',(38.888888888889,37.306632165951,
    160.42406783951));
#2119 = CARTESIAN_POINT('',(38.888888888889,32.501190393564,
    149.19708439262));
#2120 = CARTESIAN_POINT('',(38.888888888889,30.980097469598,
    142.11908470865));
#2121 = CARTESIAN_POINT('',(38.888888888889,26.823750199389,
    138.39289052835));
#2122 = CARTESIAN_POINT('',(38.888888888889,27.929907327788,
    147.8552544725));
#2123 = CARTESIAN_POINT('',(38.888888888889,28.289591895675,
    156.63027019963));
#2124 = CARTESIAN_POINT('',(38.888888888889,29.586145980708,
    165.96634753699));
#2125 = CARTESIAN_POINT('',(38.888888888889,30.120725519419,
    168.69782914462));
#2126 = CARTESIAN_POINT('',(38.888888888889,29.372143616877,
    172.10266602232));
#2127 = CARTESIAN_POINT('',(38.888888888889,28.427396565575,
    175.3656528305));
#2128 = CARTESIAN_POINT('',(38.888888888889,27.447702584052,
    178.86409292056));
#2129 = CARTESIAN_POINT('',(38.888888888889,26.044992631099,
    181.945544133));
#2130 = CARTESIAN_POINT('',(38.888888888889,24.481511034188,
    184.96418805638));
#2131 = CARTESIAN_POINT('',(38.888888888889,22.988055331332,
    187.85409005443));
#2132 = CARTESIAN_POINT('',(38.888888888889,21.8613988258,
    190.57683269743));
#2133 = CARTESIAN_POINT('',(38.888888888889,18.213159128238,
    195.18858239127));
#2134 = CARTESIAN_POINT('',(38.888888888889,15.930111379076,
    196.6350665226));
#2135 = CARTESIAN_POINT('',(38.888888888889,18.705153670111,
    190.79420294818));
#2136 = CARTESIAN_POINT('',(38.888888888889,19.563049841276,
    187.03056364311));
#2137 = CARTESIAN_POINT('',(48.666666666667,15.992831393837,
    200.18134792026));
#2138 = CARTESIAN_POINT('',(48.666666666667,15.186564023474,
    190.43148813311));
#2139 = CARTESIAN_POINT('',(48.666666666667,19.622888723897,
    187.91541537227));
#2140 = CARTESIAN_POINT('',(48.666666666667,20.938010203569,
    179.70720731785));
#2141 = CARTESIAN_POINT('',(48.666666666667,22.200737261059,
    174.15851134337));
#2142 = CARTESIAN_POINT('',(48.666666666667,23.303309867605,
    167.9947130795));
#2143 = CARTESIAN_POINT('',(48.666666666667,24.471193251492,
    161.90709952271));
#2144 = CARTESIAN_POINT('',(48.666666666667,24.983395309844,
    155.45573060835));
#2145 = CARTESIAN_POINT('',(48.666666666667,26.746688917215,
    149.53978255712));
#2146 = CARTESIAN_POINT('',(48.666666666667,27.877707579567,
    143.51345847405));
#2147 = CARTESIAN_POINT('',(48.666666666667,29.344573151406,
    137.42713609584));
#2148 = CARTESIAN_POINT('',(48.666666666667,30.925819326079,
    131.85111446621));
#2149 = CARTESIAN_POINT('',(48.666666666667,31.995515901166,
    124.25114372786));
#2150 = CARTESIAN_POINT('',(48.666666666667,33.405833232292,
    124.05781022279));
#2151 = CARTESIAN_POINT('',(48.666666666667,34.472078554721,
    111.97921888834));
#2152 = CARTESIAN_POINT('',(48.666666666667,35.499777887508,
    107.43051222488));
#2153 = CARTESIAN_POINT('',(48.666666666667,36.428414268946,
    100.8312906412));
#2154 = CARTESIAN_POINT('',(48.666666666667,37.178226359212,
    94.752568293554));
#2155 = CARTESIAN_POINT('',(48.666666666667,38.113033282515,
    88.49762369027));
#2156 = CARTESIAN_POINT('',(48.666666666667,38.623062063118,
    82.292139334825));
#2157 = CARTESIAN_POINT('',(48.666666666667,39.119741915714,
    76.009061006756));
#2158 = CARTESIAN_POINT('',(48.666666666667,39.39593941883,
    69.744411913102));
#2159 = CARTESIAN_POINT('',(48.666666666667,39.626259081489,
    63.459300710688));
#2160 = CARTESIAN_POINT('',(48.666666666667,39.733474243564,
    57.166806298499));
#2161 = CARTESIAN_POINT('',(48.666666666667,39.735020150511,
    50.870655565707));
#2162 = CARTESIAN_POINT('',(48.666666666667,39.598012806027,
    44.561222873234));
#2163 = CARTESIAN_POINT('',(48.666666666667,39.561159044768,
    38.29231557584));
#2164 = CARTESIAN_POINT('',(48.666666666667,38.285781977341,
    31.862171322831));
#2165 = CARTESIAN_POINT('',(48.666666666667,38.776657913308,
    25.881591501854));
#2166 = CARTESIAN_POINT('',(48.666666666667,38.180922979449,
    19.536200838942));
#2167 = CARTESIAN_POINT('',(48.666666666667,37.478755397434,
    13.385768556185));
#2168 = CARTESIAN_POINT('',(48.666666666667,36.334183652983,
    7.318156195938));
#2169 = CARTESIAN_POINT('',(48.666666666667,34.690644554629,
    0.642378018282));
#2170 = CARTESIAN_POINT('',(48.666666666667,31.798498056532,
    -4.94400196419));
#2171 = CARTESIAN_POINT('',(48.666666666667,26.036148330793,
    -10.0131116161));
#2172 = CARTESIAN_POINT('',(48.666666666667,19.119223409475,
    -14.69222341163));
#2173 = CARTESIAN_POINT('',(48.666666666667,10.486247083894,
    -16.43805743849));
#2174 = CARTESIAN_POINT('',(48.666666666667,2.385143280832,
    -16.67007549618));
#2175 = CARTESIAN_POINT('',(48.666666666667,-15.22454501765,
    -8.364821855903));
#2176 = CARTESIAN_POINT('',(48.666666666667,-20.77755656392,
    -20.901226867));
#2177 = CARTESIAN_POINT('',(48.666666666667,-18.89916714903,
    -42.11905238317));
#2178 = CARTESIAN_POINT('',(48.666666666667,-8.57922102363,
    -40.44770113664));
#2179 = CARTESIAN_POINT('',(48.666666666667,0.497101745912,
    -40.64749534249));
#2180 = CARTESIAN_POINT('',(48.666666666667,9.292189145951,
    -39.44690098165));
#2181 = CARTESIAN_POINT('',(48.666666666667,16.224291008083,
    -36.87773659085));
#2182 = CARTESIAN_POINT('',(48.666666666667,24.482275008457,
    -33.57999856143));
#2183 = CARTESIAN_POINT('',(48.666666666667,30.832045162846,
    -28.98813896888));
#2184 = CARTESIAN_POINT('',(48.666666666667,36.258725176571,
    -24.67522014165));
#2185 = CARTESIAN_POINT('',(48.666666666667,41.06116191078,
    -19.28917860414));
#2186 = CARTESIAN_POINT('',(48.666666666667,43.426789175228,
    -13.30054714879));
#2187 = CARTESIAN_POINT('',(48.666666666667,46.164897774162,
    -7.555914343128));
#2188 = CARTESIAN_POINT('',(48.666666666667,47.898085203378,
    -1.23380294109));
#2189 = CARTESIAN_POINT('',(48.666666666667,49.585642305484,
    4.830338310217));
#2190 = CARTESIAN_POINT('',(48.666666666667,50.749416027938,
    11.086171865788));
#2191 = CARTESIAN_POINT('',(48.666666666667,51.307255755636,
    17.084897188076));
#2192 = CARTESIAN_POINT('',(48.666666666667,51.642038118534,
    23.517628767627));
#2193 = CARTESIAN_POINT('',(48.666666666667,52.617249445298,
    29.532409884693));
#2194 = CARTESIAN_POINT('',(48.666666666667,52.9933287649,
    36.095738828168));
#2195 = CARTESIAN_POINT('',(48.666666666667,53.43111074941,
    42.603039733751));
#2196 = CARTESIAN_POINT('',(48.666666666667,54.091933266735,
    48.899836771577));
#2197 = CARTESIAN_POINT('',(48.666666666667,54.955385953726,
    55.693082046437));
#2198 = CARTESIAN_POINT('',(48.666666666667,55.896227192749,
    62.112966785328));
#2199 = CARTESIAN_POINT('',(48.666666666667,55.843293943725,
    68.847495024802));
#2200 = CARTESIAN_POINT('',(48.666666666667,55.242654658852,
    74.127691128226));
#2201 = CARTESIAN_POINT('',(48.666666666667,54.83764101779,
    78.779388408029));
#2202 = CARTESIAN_POINT('',(48.666666666667,54.220080638969,
    83.319028353215));
#2203 = CARTESIAN_POINT('',(48.666666666667,52.558642902737,
    89.055326116948));
#2204 = CARTESIAN_POINT('',(48.666666666667,48.632247546043,
    92.754833900607));
#2205 = CARTESIAN_POINT('',(48.666666666667,41.109875420454,
    100.09278787462));
#2206 = CARTESIAN_POINT('',(48.666666666667,34.150891433683,
    104.97643692233));
#2207 = CARTESIAN_POINT('',(48.666666666667,32.385209862806,
    109.44452106229));
#2208 = CARTESIAN_POINT('',(48.666666666667,34.779626791494,
    125.50262867934));
#2209 = CARTESIAN_POINT('',(48.666666666667,35.664232072397,
    138.64377661385));
#2210 = CARTESIAN_POINT('',(48.666666666667,45.491287569773,
    150.81577402534));
#2211 = CARTESIAN_POINT('',(48.666666666667,58.262541123091,
    161.86679972775));
#2212 = CARTESIAN_POINT('',(48.666666666667,68.171986958878,
    182.53416931534));
#2213 = CARTESIAN_POINT('',(48.666666666667,63.421163059243,
    185.48011750347));
#2214 = CARTESIAN_POINT('',(48.666666666667,58.435859896624,
    179.97230181821));
#2215 = CARTESIAN_POINT('',(48.666666666667,51.139672005343,
    168.23000620164));
#2216 = CARTESIAN_POINT('',(48.666666666667,45.859760585858,
    154.8506496555));
#2217 = CARTESIAN_POINT('',(48.666666666667,36.411782537335,
    138.1400237056));
#2218 = CARTESIAN_POINT('',(48.666666666667,30.682706258362,
    143.91083331607));
#2219 = CARTESIAN_POINT('',(48.666666666667,29.397929897566,
    150.26937901589));
#2220 = CARTESIAN_POINT('',(48.666666666667,29.012351233211,
    156.41075670784));
#2221 = CARTESIAN_POINT('',(48.666666666667,27.65784761655,
    162.04398008273));
#2222 = CARTESIAN_POINT('',(48.666666666667,26.521959156885,
    168.38813018254));
#2223 = CARTESIAN_POINT('',(48.666666666667,25.468188165957,
    174.6621192841));
#2224 = CARTESIAN_POINT('',(48.666666666667,24.111923648878,
    180.74820693104));
#2225 = CARTESIAN_POINT('',(48.666666666667,22.283052011172,
    185.76701449535));
#2226 = CARTESIAN_POINT('',(48.666666666667,18.884383343207,
    195.53711158454));
#2227 = CARTESIAN_POINT('',(48.666666666667,15.992831393837,
    200.18134792026));
#2228 = CARTESIAN_POINT('',(48.666666666667,15.186564023474,
    190.43148813311));
#2229 = CARTESIAN_POINT('',(48.666666666667,19.622888723897,
    187.91541537227));
#2230 = CARTESIAN_POINT('',(59.666666666667,14.977530685343,
    192.22195574679));
#2231 = CARTESIAN_POINT('',(59.666666666667,11.345435736055,
    194.67237757732));
#2232 = CARTESIAN_POINT('',(59.666666666667,12.165435592455,
    187.30472831588));
#2233 = CARTESIAN_POINT('',(59.666666666667,17.76825936892,
    185.9882994617));
#2234 = CARTESIAN_POINT('',(59.666666666667,18.087482411341,
    180.33596470192));
#2235 = CARTESIAN_POINT('',(59.666666666667,19.100386938486,
    175.53616703296));
#2236 = CARTESIAN_POINT('',(59.666666666667,19.931276647889,
    170.64805526168));
#2237 = CARTESIAN_POINT('',(59.666666666667,20.963766079596,
    165.89101639787));
#2238 = CARTESIAN_POINT('',(59.666666666667,21.79119331715,
    161.06322756502));
#2239 = CARTESIAN_POINT('',(59.666666666667,22.748700894092,
    156.23905231586));
#2240 = CARTESIAN_POINT('',(59.666666666667,23.626097510527,
    151.43840552846));
#2241 = CARTESIAN_POINT('',(59.666666666667,24.475902515279,
    146.49640424236));
#2242 = CARTESIAN_POINT('',(59.666666666667,25.383245874248,
    142.04711257983));
#2243 = CARTESIAN_POINT('',(59.666666666667,26.200692157485,
    135.72598072692));
#2244 = CARTESIAN_POINT('',(59.666666666667,27.033152314717,
    132.35391340986));
#2245 = CARTESIAN_POINT('',(59.666666666667,27.83142032358,
    127.09399886318));
#2246 = CARTESIAN_POINT('',(59.666666666667,28.550259868093,
    122.3328717362));
#2247 = CARTESIAN_POINT('',(59.666666666667,29.369527844193,
    117.43209005694));
#2248 = CARTESIAN_POINT('',(59.666666666667,29.564602929143,
    112.56713914756));
#2249 = CARTESIAN_POINT('',(59.666666666667,30.289522419672,
    107.68207542899));
#2250 = CARTESIAN_POINT('',(59.666666666667,30.766022201865,
    102.81298533504));
#2251 = CARTESIAN_POINT('',(59.666666666667,31.278523612957,
    97.934700825543));
#2252 = CARTESIAN_POINT('',(59.666666666667,31.645502262519,
    93.059751045337));
#2253 = CARTESIAN_POINT('',(59.666666666667,31.911459329341,
    88.186378649604));
#2254 = CARTESIAN_POINT('',(59.666666666667,32.110141968457,
    83.313743719313));
#2255 = CARTESIAN_POINT('',(59.666666666667,32.059384563642,
    78.443439087224));
#2256 = CARTESIAN_POINT('',(59.666666666667,32.131476490007,
    73.543471743827));
#2257 = CARTESIAN_POINT('',(59.666666666667,32.260738104819,
    68.711357457822));
#2258 = CARTESIAN_POINT('',(59.666666666667,32.179561123575,
    63.60798896623));
#2259 = CARTESIAN_POINT('',(59.666666666667,31.747898276294,
    59.009018834046));
#2260 = CARTESIAN_POINT('',(59.666666666667,31.699560341789,
    53.831869686761));
#2261 = CARTESIAN_POINT('',(59.666666666667,31.350398246051,
    48.851710200063));
#2262 = CARTESIAN_POINT('',(59.666666666667,30.212188081842,
    43.896752619779));
#2263 = CARTESIAN_POINT('',(59.666666666667,29.096689257999,
    39.628940459224));
#2264 = CARTESIAN_POINT('',(59.666666666667,28.901239218217,
    34.740749116538));
#2265 = CARTESIAN_POINT('',(59.666666666667,26.265958817224,
    30.062374896256));
#2266 = CARTESIAN_POINT('',(59.666666666667,23.452585586628,
    26.680512617659));
#2267 = CARTESIAN_POINT('',(59.666666666667,18.999361623961,
    23.808429249726));
#2268 = CARTESIAN_POINT('',(59.666666666667,17.98247783723,
    18.67125757602));
#2269 = CARTESIAN_POINT('',(59.666666666667,18.689401699797,
    13.404795930498));
#2270 = CARTESIAN_POINT('',(59.666666666667,24.07522858867,
    14.306932135521));
#2271 = CARTESIAN_POINT('',(59.666666666667,28.193167439863,
    15.151735151365));
#2272 = CARTESIAN_POINT('',(59.666666666667,31.990468944676,
    17.940752811424));
#2273 = CARTESIAN_POINT('',(59.666666666667,35.462516612206,
    21.44908604313));
#2274 = CARTESIAN_POINT('',(59.666666666667,39.115114439152,
    24.682369526041));
#2275 = CARTESIAN_POINT('',(59.666666666667,42.021682273362,
    28.024637922956));
#2276 = CARTESIAN_POINT('',(59.666666666667,44.334540347458,
    31.826114658023));
#2277 = CARTESIAN_POINT('',(59.666666666667,46.864844867676,
    36.513299638395));
#2278 = CARTESIAN_POINT('',(59.666666666667,47.609836112204,
    41.34833818385));
#2279 = CARTESIAN_POINT('',(59.666666666667,48.057491765484,
    46.198244281722));
#2280 = CARTESIAN_POINT('',(59.666666666667,46.89702433327,
    51.178304158303));
#2281 = CARTESIAN_POINT('',(59.666666666667,45.668665700245,
    56.010443946655));
#2282 = CARTESIAN_POINT('',(59.666666666667,44.661019686382,
    60.961506722017));
#2283 = CARTESIAN_POINT('',(59.666666666667,44.246253006012,
    65.846909091388));
#2284 = CARTESIAN_POINT('',(59.666666666667,44.12587860824,
    70.827939667007));
#2285 = CARTESIAN_POINT('',(59.666666666667,44.137965745439,
    75.668820571199));
#2286 = CARTESIAN_POINT('',(59.666666666667,43.930980928131,
    80.644036450173));
#2287 = CARTESIAN_POINT('',(59.666666666667,43.820865084395,
    85.596007780726));
#2288 = CARTESIAN_POINT('',(59.666666666667,43.634559996914,
    90.051898627059));
#2289 = CARTESIAN_POINT('',(59.666666666667,43.278889271406,
    95.140563946422));
#2290 = CARTESIAN_POINT('',(59.666666666667,42.766157421668,
    100.07906320936));
#2291 = CARTESIAN_POINT('',(59.666666666667,42.132492762873,
    104.87743427805));
#2292 = CARTESIAN_POINT('',(59.666666666667,41.553902188633,
    109.72003896127));
#2293 = CARTESIAN_POINT('',(59.666666666667,40.979774625492,
    114.74635813385));
#2294 = CARTESIAN_POINT('',(59.666666666667,40.29914133557,
    119.84336503623));
#2295 = CARTESIAN_POINT('',(59.666666666667,39.603427835342,
    125.00463039192));
#2296 = CARTESIAN_POINT('',(59.666666666667,38.978391666357,
    129.70888814958));
#2297 = CARTESIAN_POINT('',(59.666666666667,38.751432669728,
    135.15290391278));
#2298 = CARTESIAN_POINT('',(59.666666666667,38.911605551572,
    139.75936313234));
#2299 = CARTESIAN_POINT('',(59.666666666667,39.395792855864,
    144.69333641384));
#2300 = CARTESIAN_POINT('',(59.666666666667,37.264334649644,
    150.19612326261));
#2301 = CARTESIAN_POINT('',(59.666666666667,37.269443370816,
    153.26212160253));
#2302 = CARTESIAN_POINT('',(59.666666666667,44.211446495634,
    154.17146595507));
#2303 = CARTESIAN_POINT('',(59.666666666667,46.800404733212,
    153.71874630646));
#2304 = CARTESIAN_POINT('',(59.666666666667,50.9756722309,
    157.89951393941));
#2305 = CARTESIAN_POINT('',(59.666666666667,48.338325342425,
    158.49891736282));
#2306 = CARTESIAN_POINT('',(59.666666666667,42.005551563249,
    151.70780842029));
#2307 = CARTESIAN_POINT('',(59.666666666667,38.650476199372,
    150.91394876534));
#2308 = CARTESIAN_POINT('',(59.666666666667,34.990736183123,
    148.55133699208));
#2309 = CARTESIAN_POINT('',(59.666666666667,28.82491509031,
    150.44642117786));
#2310 = CARTESIAN_POINT('',(59.666666666667,29.288156067974,
    143.15535071129));
#2311 = CARTESIAN_POINT('',(59.666666666667,26.717278119557,
    147.79141084018));
#2312 = CARTESIAN_POINT('',(59.666666666667,26.484847359426,
    152.99164465365));
#2313 = CARTESIAN_POINT('',(59.666666666667,25.460267696978,
    157.49616281714));
#2314 = CARTESIAN_POINT('',(59.666666666667,24.39518033686,
    162.49119447647));
#2315 = CARTESIAN_POINT('',(59.666666666667,23.433304740687,
    167.37894601846));
#2316 = CARTESIAN_POINT('',(59.666666666667,22.407278089051,
    172.375703721));
#2317 = CARTESIAN_POINT('',(59.666666666667,21.405188693306,
    177.11389656463));
#2318 = CARTESIAN_POINT('',(59.666666666667,20.431600656916,
    181.81970721193));
#2319 = CARTESIAN_POINT('',(59.666666666667,19.11715364194,
    186.10023933424));
#2320 = CARTESIAN_POINT('',(59.666666666667,14.977530685343,
    192.22195574679));
#2321 = CARTESIAN_POINT('',(59.666666666667,11.345435736055,
    194.67237757732));
#2322 = CARTESIAN_POINT('',(59.666666666667,12.165435592455,
    187.30472831588));
#2323 = CARTESIAN_POINT('',(70.222222222222,15.344461814574,
    185.68881021694));
#2324 = CARTESIAN_POINT('',(70.222222222222,8.433653017923,
    190.85346475761));
#2325 = CARTESIAN_POINT('',(70.222222222222,7.04323123976,
    181.23079888191));
#2326 = CARTESIAN_POINT('',(70.222222222222,14.922155649199,
    182.05814772591));
#2327 = CARTESIAN_POINT('',(70.222222222222,16.897221347647,
    176.64959072085));
#2328 = CARTESIAN_POINT('',(70.222222222222,18.700002584466,
    171.96629625698));
#2329 = CARTESIAN_POINT('',(70.222222222222,19.595823210916,
    166.80153489358));
#2330 = CARTESIAN_POINT('',(70.222222222222,20.275477097815,
    161.66766880799));
#2331 = CARTESIAN_POINT('',(70.222222222222,21.106002710709,
    156.50209538351));
#2332 = CARTESIAN_POINT('',(70.222222222222,21.975155339091,
    151.39040833728));
#2333 = CARTESIAN_POINT('',(70.222222222222,22.934752036772,
    146.27780522876));
#2334 = CARTESIAN_POINT('',(70.222222222222,23.892406081928,
    141.17014875143));
#2335 = CARTESIAN_POINT('',(70.222222222222,24.800668264249,
    136.09542675893));
#2336 = CARTESIAN_POINT('',(70.222222222222,25.653694778546,
    130.88399440488));
#2337 = CARTESIAN_POINT('',(70.222222222222,26.418029396975,
    125.84554626699));
#2338 = CARTESIAN_POINT('',(70.222222222222,27.098802702214,
    120.68383928617));
#2339 = CARTESIAN_POINT('',(70.222222222222,27.757450964329,
    115.54193049282));
#2340 = CARTESIAN_POINT('',(70.222222222222,28.152834316396,
    110.38221625162));
#2341 = CARTESIAN_POINT('',(70.222222222222,29.197819622655,
    105.21459476084));
#2342 = CARTESIAN_POINT('',(70.222222222222,29.416814127814,
    100.0397811056));
#2343 = CARTESIAN_POINT('',(70.222222222222,29.783830431639,
    94.853072825844));
#2344 = CARTESIAN_POINT('',(70.222222222222,29.957977073179,
    89.66088561707));
#2345 = CARTESIAN_POINT('',(70.222222222222,30.115070453902,
    84.461202108315));
#2346 = CARTESIAN_POINT('',(70.222222222222,30.213658895621,
    79.254795343234));
#2347 = CARTESIAN_POINT('',(70.222222222222,30.176536859225,
    74.046180262157));
#2348 = CARTESIAN_POINT('',(70.222222222222,30.322227656668,
    68.835287364376));
#2349 = CARTESIAN_POINT('',(70.222222222222,29.979736941954,
    63.64949600059));
#2350 = CARTESIAN_POINT('',(70.222222222222,29.797722522639,
    58.41151576694));
#2351 = CARTESIAN_POINT('',(70.222222222222,29.167265276843,
    53.414340054674));
#2352 = CARTESIAN_POINT('',(70.222222222222,29.10339552355,
    47.793824890157));
#2353 = CARTESIAN_POINT('',(70.222222222222,28.411567625686,
    42.924024373994));
#2354 = CARTESIAN_POINT('',(70.222222222222,27.911517940934,
    37.790052996845));
#2355 = CARTESIAN_POINT('',(70.222222222222,28.125330662988,
    32.94706622612));
#2356 = CARTESIAN_POINT('',(70.222222222222,26.842390271445,
    27.225441092243));
#2357 = CARTESIAN_POINT('',(70.222222222222,23.036701390892,
    22.986575112477));
#2358 = CARTESIAN_POINT('',(70.222222222222,20.614416603265,
    19.142276122784));
#2359 = CARTESIAN_POINT('',(70.222222222222,17.311216827183,
    13.803683951028));
#2360 = CARTESIAN_POINT('',(70.222222222222,9.955817698837,
    15.007708193661));
#2361 = CARTESIAN_POINT('',(70.222222222222,8.747157123407,11.5598753458
    ));
#2362 = CARTESIAN_POINT('',(70.222222222222,8.183116523928,
    1.662060126424));
#2363 = CARTESIAN_POINT('',(70.222222222222,12.318294375303,
    1.265620280658));
#2364 = CARTESIAN_POINT('',(70.222222222222,18.394121238734,
    3.454662144635));
#2365 = CARTESIAN_POINT('',(70.222222222222,23.416428924452,
    5.178439506783));
#2366 = CARTESIAN_POINT('',(70.222222222222,28.162599684607,
    7.404160320324));
#2367 = CARTESIAN_POINT('',(70.222222222222,32.303949333809,
    10.106818022541));
#2368 = CARTESIAN_POINT('',(70.222222222222,36.186919929836,
    13.448414961229));
#2369 = CARTESIAN_POINT('',(70.222222222222,40.383676958896,
    17.668436453226));
#2370 = CARTESIAN_POINT('',(70.222222222222,42.591074978339,
    22.27458034863));
#2371 = CARTESIAN_POINT('',(70.222222222222,44.832925694632,
    27.226476525731));
#2372 = CARTESIAN_POINT('',(70.222222222222,44.455709178434,
    32.224363694069));
#2373 = CARTESIAN_POINT('',(70.222222222222,43.76933248199,
    37.257337601178));
#2374 = CARTESIAN_POINT('',(70.222222222222,42.350229125795,
    42.385537054805));
#2375 = CARTESIAN_POINT('',(70.222222222222,41.174713795312,
    47.458192140517));
#2376 = CARTESIAN_POINT('',(70.222222222222,40.208252783297,
    52.596725767357));
#2377 = CARTESIAN_POINT('',(70.222222222222,39.537901745718,
    57.709214219027));
#2378 = CARTESIAN_POINT('',(70.222222222222,39.308731613452,
    62.895178222128));
#2379 = CARTESIAN_POINT('',(70.222222222222,39.293788995222,
    68.059874431173));
#2380 = CARTESIAN_POINT('',(70.222222222222,39.446416127101,
    73.10168002785));
#2381 = CARTESIAN_POINT('',(70.222222222222,39.429811018758,
    78.912982391364));
#2382 = CARTESIAN_POINT('',(70.222222222222,39.325843076594,
    83.818204488364));
#2383 = CARTESIAN_POINT('',(70.222222222222,39.153346646885,
    88.805785883208));
#2384 = CARTESIAN_POINT('',(70.222222222222,38.900519110501,
    94.081975130099));
#2385 = CARTESIAN_POINT('',(70.222222222222,38.533897031419,
    99.252425247857));
#2386 = CARTESIAN_POINT('',(70.222222222222,38.07234003039,
    104.40456664123));
#2387 = CARTESIAN_POINT('',(70.222222222222,37.538497551325,
    109.53464111883));
#2388 = CARTESIAN_POINT('',(70.222222222222,36.842316909189,
    114.61713759707));
#2389 = CARTESIAN_POINT('',(70.222222222222,36.223924286241,
    119.87551537818));
#2390 = CARTESIAN_POINT('',(70.222222222222,35.227437679989,
    124.78156545769));
#2391 = CARTESIAN_POINT('',(70.222222222222,34.187438686892,
    130.01338768972));
#2392 = CARTESIAN_POINT('',(70.222222222222,33.029941401521,
    134.85081849268));
#2393 = CARTESIAN_POINT('',(70.222222222222,32.132167366737,
    140.46982102422));
#2394 = CARTESIAN_POINT('',(70.222222222222,35.277033855976,
    145.01340007311));
#2395 = CARTESIAN_POINT('',(70.222222222222,41.188484039808,
    146.23130273932));
#2396 = CARTESIAN_POINT('',(70.222222222222,44.877498259478,
    148.40072977028));
#2397 = CARTESIAN_POINT('',(70.222222222222,52.205122815333,
    153.54358765497));
#2398 = CARTESIAN_POINT('',(70.222222222222,51.405208356419,
    155.35226652845));
#2399 = CARTESIAN_POINT('',(70.222222222222,45.022442045502,
    152.26187080363));
#2400 = CARTESIAN_POINT('',(70.222222222222,41.139064772141,
    149.72788185403));
#2401 = CARTESIAN_POINT('',(70.222222222222,35.514322907902,
    148.49886226416));
#2402 = CARTESIAN_POINT('',(70.222222222222,31.742875439301,
    145.04411082584));
#2403 = CARTESIAN_POINT('',(70.222222222222,30.513034111876,
    136.61750706394));
#2404 = CARTESIAN_POINT('',(70.222222222222,27.303863496744,
    136.7176534041));
#2405 = CARTESIAN_POINT('',(70.222222222222,26.038104934628,
    143.23244327059));
#2406 = CARTESIAN_POINT('',(70.222222222222,25.437956021539,
    148.55273987904));
#2407 = CARTESIAN_POINT('',(70.222222222222,24.606037305653,
    153.32419795475));
#2408 = CARTESIAN_POINT('',(70.222222222222,23.59583106389,
    158.06051557703));
#2409 = CARTESIAN_POINT('',(70.222222222222,22.965004255514,
    163.14338988536));
#2410 = CARTESIAN_POINT('',(70.222222222222,22.34851795343,
    168.60524088052));
#2411 = CARTESIAN_POINT('',(70.222222222222,21.578551007178,
    173.8303037044));
#2412 = CARTESIAN_POINT('',(70.222222222222,21.234025805986,
    177.38806023794));
#2413 = CARTESIAN_POINT('',(70.222222222222,15.344461814574,
    185.68881021694));
#2414 = CARTESIAN_POINT('',(70.222222222222,8.433653017923,
    190.85346475761));
#2415 = CARTESIAN_POINT('',(70.222222222222,7.04323123976,
    181.23079888191));
#2416 = CARTESIAN_POINT('',(80.444444444444,7.396805984013,
    181.2983710978));
#2417 = CARTESIAN_POINT('',(80.444444444444,10.499604322437,
    170.56417469996));
#2418 = CARTESIAN_POINT('',(80.444444444444,19.144040331618,
    172.26786912441));
#2419 = CARTESIAN_POINT('',(80.444444444444,19.402099149218,
    165.43252828662));
#2420 = CARTESIAN_POINT('',(80.444444444444,20.604218209908,
    161.07396573851));
#2421 = CARTESIAN_POINT('',(80.444444444444,20.945583220016,
    155.95525829803));
#2422 = CARTESIAN_POINT('',(80.444444444444,21.540203325903,
    151.17826489875));
#2423 = CARTESIAN_POINT('',(80.444444444444,22.203219484036,
    146.31405996831));
#2424 = CARTESIAN_POINT('',(80.444444444444,22.962329213705,
    141.59396345003));
#2425 = CARTESIAN_POINT('',(80.444444444444,23.748935279658,
    136.81147032638));
#2426 = CARTESIAN_POINT('',(80.444444444444,24.45204347426,
    132.02424327869));
#2427 = CARTESIAN_POINT('',(80.444444444444,25.142617589581,
    127.35255684616));
#2428 = CARTESIAN_POINT('',(80.444444444444,25.780904398537,
    122.12176709017));
#2429 = CARTESIAN_POINT('',(80.444444444444,26.347893885488,
    118.88118365451));
#2430 = CARTESIAN_POINT('',(80.444444444444,26.881192300826,
    112.49262181567));
#2431 = CARTESIAN_POINT('',(80.444444444444,27.367339261321,
    108.07757608092));
#2432 = CARTESIAN_POINT('',(80.444444444444,27.745990965935,
    103.12538183809));
#2433 = CARTESIAN_POINT('',(80.444444444444,28.249486304851,
    98.311755213779));
#2434 = CARTESIAN_POINT('',(80.444444444444,27.986377084285,
    93.457765134875));
#2435 = CARTESIAN_POINT('',(80.444444444444,28.393134043929,
    88.617030341778));
#2436 = CARTESIAN_POINT('',(80.444444444444,28.525599403019,
    83.772657912456));
#2437 = CARTESIAN_POINT('',(80.444444444444,28.674100849689,
    78.936524559414));
#2438 = CARTESIAN_POINT('',(80.444444444444,28.722097311107,
    74.106765058952));
#2439 = CARTESIAN_POINT('',(80.444444444444,28.679921357066,
    69.287700951452));
#2440 = CARTESIAN_POINT('',(80.444444444444,28.653959660035,
    64.472025457207));
#2441 = CARTESIAN_POINT('',(80.444444444444,28.254296066167,
    59.656539708159));
#2442 = CARTESIAN_POINT('',(80.444444444444,28.300854829368,
    54.817054428423));
#2443 = CARTESIAN_POINT('',(80.444444444444,27.926484724362,
    50.008979474922));
#2444 = CARTESIAN_POINT('',(80.444444444444,27.77051259979,
    44.993553775536));
#2445 = CARTESIAN_POINT('',(80.444444444444,27.253940003273,
    40.58908367068));
#2446 = CARTESIAN_POINT('',(80.444444444444,26.949890883802,
    35.440737085951));
#2447 = CARTESIAN_POINT('',(80.444444444444,26.016315706644,
    30.691641236909));
#2448 = CARTESIAN_POINT('',(80.444444444444,24.11710485379,
    25.633683441661));
#2449 = CARTESIAN_POINT('',(80.444444444444,21.674082555871,
    22.238645810653));
#2450 = CARTESIAN_POINT('',(80.444444444444,19.576519632275,
    17.748891872583));
#2451 = CARTESIAN_POINT('',(80.444444444444,15.662394344936,
    13.880606323355));
#2452 = CARTESIAN_POINT('',(80.444444444444,11.076908802177,
    13.388345309217));
#2453 = CARTESIAN_POINT('',(80.444444444444,7.325395750403,
    9.342918495333));
#2454 = CARTESIAN_POINT('',(80.444444444444,7.711557593229,
    2.577951584057));
#2455 = CARTESIAN_POINT('',(80.444444444444,14.045002720488,
    2.393060475255));
#2456 = CARTESIAN_POINT('',(80.444444444444,19.093186857774,
    4.004872491535));
#2457 = CARTESIAN_POINT('',(80.444444444444,23.151854743474,
    6.403169794836));
#2458 = CARTESIAN_POINT('',(80.444444444444,27.417286611119,
    8.360999346906));
#2459 = CARTESIAN_POINT('',(80.444444444444,31.545238228318,
    10.849586944067));
#2460 = CARTESIAN_POINT('',(80.444444444444,35.394973982997,
    14.083848122928));
#2461 = CARTESIAN_POINT('',(80.444444444444,38.630810149615,
    17.866650877766));
#2462 = CARTESIAN_POINT('',(80.444444444444,40.323359125296,
    21.95980007686));
#2463 = CARTESIAN_POINT('',(80.444444444444,42.704011532505,
    26.484663389733));
#2464 = CARTESIAN_POINT('',(80.444444444444,43.116683863482,
    31.310562588318));
#2465 = CARTESIAN_POINT('',(80.444444444444,43.257199268692,
    36.194197936095));
#2466 = CARTESIAN_POINT('',(80.444444444444,40.519488968069,
    40.658340558607));
#2467 = CARTESIAN_POINT('',(80.444444444444,38.303587936865,
    45.142404580106));
#2468 = CARTESIAN_POINT('',(80.444444444444,37.098692782456,
    49.799810865916));
#2469 = CARTESIAN_POINT('',(80.444444444444,36.831464925492,
    54.502390515586));
#2470 = CARTESIAN_POINT('',(80.444444444444,36.943946966231,
    59.284368757175));
#2471 = CARTESIAN_POINT('',(80.444444444444,36.933826357584,
    64.119718888838));
#2472 = CARTESIAN_POINT('',(80.444444444444,37.094351667803,
    68.953702470478));
#2473 = CARTESIAN_POINT('',(80.444444444444,36.974046432015,
    73.995835429995));
#2474 = CARTESIAN_POINT('',(80.444444444444,36.991875155621,
    78.179739583048));
#2475 = CARTESIAN_POINT('',(80.444444444444,36.936908160757,
    83.3510070508));
#2476 = CARTESIAN_POINT('',(80.444444444444,36.803351272387,
    88.464429331326));
#2477 = CARTESIAN_POINT('',(80.444444444444,36.59837656069,
    93.229556079482));
#2478 = CARTESIAN_POINT('',(80.444444444444,36.33542184981,
    98.074975992495));
#2479 = CARTESIAN_POINT('',(80.444444444444,35.996904783129,
    102.89038658985));
#2480 = CARTESIAN_POINT('',(80.444444444444,35.59365722934,
    107.70803714176));
#2481 = CARTESIAN_POINT('',(80.444444444444,35.283395798867,
    112.51148394274));
#2482 = CARTESIAN_POINT('',(80.444444444444,34.537056602373,
    117.33671122691));
#2483 = CARTESIAN_POINT('',(80.444444444444,34.194733307775,
    122.12444487828));
#2484 = CARTESIAN_POINT('',(80.444444444444,33.470458877357,
    126.94420964949));
#2485 = CARTESIAN_POINT('',(80.444444444444,33.054921646166,
    131.73257687847));
#2486 = CARTESIAN_POINT('',(80.444444444444,32.260423066659,
    137.1902612561));
#2487 = CARTESIAN_POINT('',(80.444444444444,35.273781517533,
    140.33188525364));
#2488 = CARTESIAN_POINT('',(80.444444444444,40.942992061131,
    141.03806883636));
#2489 = CARTESIAN_POINT('',(80.444444444444,43.936562918909,
    144.1463849176));
#2490 = CARTESIAN_POINT('',(80.444444444444,48.58801418541,
    144.30058690049));
#2491 = CARTESIAN_POINT('',(80.444444444444,51.503295465887,
    153.97984543724));
#2492 = CARTESIAN_POINT('',(80.444444444444,46.753549014045,
    151.02147247607));
#2493 = CARTESIAN_POINT('',(80.444444444444,42.719316462466,
    145.78435861842));
#2494 = CARTESIAN_POINT('',(80.444444444444,38.914055408514,
    144.47920389149));
#2495 = CARTESIAN_POINT('',(80.444444444444,33.055528105584,
    144.41341093275));
#2496 = CARTESIAN_POINT('',(80.444444444444,30.295373676484,
    139.28265492755));
#2497 = CARTESIAN_POINT('',(80.444444444444,23.433748185692,
    141.4381384862));
#2498 = CARTESIAN_POINT('',(80.444444444444,25.391970932228,
    147.29088600028));
#2499 = CARTESIAN_POINT('',(80.444444444444,23.974067270678,
    151.5817559388));
#2500 = CARTESIAN_POINT('',(80.444444444444,23.036217133579,
    156.78857524203));
#2501 = CARTESIAN_POINT('',(80.444444444444,22.437169507035,
    162.0743527082));
#2502 = CARTESIAN_POINT('',(80.444444444444,21.597120369117,
    167.43921762171));
#2503 = CARTESIAN_POINT('',(80.444444444444,20.271204991433,
    171.84360376177));
#2504 = CARTESIAN_POINT('',(80.444444444444,17.738408602275,
    175.46502710136));
#2505 = CARTESIAN_POINT('',(80.444444444444,11.189443776775,
    181.87812133271));
#2506 = CARTESIAN_POINT('',(80.444444444444,7.396805984013,
    181.2983710978));
#2507 = CARTESIAN_POINT('',(80.444444444444,10.499604322437,
    170.56417469996));
#2508 = CARTESIAN_POINT('',(80.444444444444,19.144040331618,
    172.26786912441));
#2509 = CARTESIAN_POINT('',(90.111111111111,11.76256999664,
    171.8944784753));
#2510 = CARTESIAN_POINT('',(90.111111111111,13.27057383118,
    167.54085128005));
#2511 = CARTESIAN_POINT('',(90.111111111111,16.109432929957,
    167.07454677261));
#2512 = CARTESIAN_POINT('',(90.111111111111,16.929814645478,
    163.39278623237));
#2513 = CARTESIAN_POINT('',(90.111111111111,18.533680721267,
    158.45272017447));
#2514 = CARTESIAN_POINT('',(90.111111111111,20.338597827407,
    154.44976556283));
#2515 = CARTESIAN_POINT('',(90.111111111111,21.0688879527,
    149.47804207744));
#2516 = CARTESIAN_POINT('',(90.111111111111,22.030426154676,
    144.79974992562));
#2517 = CARTESIAN_POINT('',(90.111111111111,22.713544658588,
    139.80596531149));
#2518 = CARTESIAN_POINT('',(90.111111111111,23.343137839561,
    134.96047486158));
#2519 = CARTESIAN_POINT('',(90.111111111111,24.101608157318,
    130.12960803376));
#2520 = CARTESIAN_POINT('',(90.111111111111,24.755216854316,
    124.94257803054));
#2521 = CARTESIAN_POINT('',(90.111111111111,25.348846215216,
    121.23726829828));
#2522 = CARTESIAN_POINT('',(90.111111111111,25.936994123977,
    112.00984690294));
#2523 = CARTESIAN_POINT('',(90.111111111111,26.416266882299,
    111.44438114534));
#2524 = CARTESIAN_POINT('',(90.111111111111,26.840520566403,
    105.39359912691));
#2525 = CARTESIAN_POINT('',(90.111111111111,27.227940424705,
    100.80744367516));
#2526 = CARTESIAN_POINT('',(90.111111111111,27.454434701644,
    95.823559939745));
#2527 = CARTESIAN_POINT('',(90.111111111111,28.000804810812,
    90.943750812309));
#2528 = CARTESIAN_POINT('',(90.111111111111,28.083102535865,
    86.024348420558));
#2529 = CARTESIAN_POINT('',(90.111111111111,28.190676224549,
    81.122031856437));
#2530 = CARTESIAN_POINT('',(90.111111111111,28.284962060302,
    76.206680267488));
#2531 = CARTESIAN_POINT('',(90.111111111111,28.260651384975,
    71.290223704021));
#2532 = CARTESIAN_POINT('',(90.111111111111,28.189342593765,
    66.368512298915));
#2533 = CARTESIAN_POINT('',(90.111111111111,27.956601001552,
    61.444566221873));
#2534 = CARTESIAN_POINT('',(90.111111111111,28.010748431534,
    56.517880858191));
#2535 = CARTESIAN_POINT('',(90.111111111111,27.479983042292,
    51.597106586484));
#2536 = CARTESIAN_POINT('',(90.111111111111,27.268102006922,
    46.658692534662));
#2537 = CARTESIAN_POINT('',(90.111111111111,27.254754496312,
    41.815840575999));
#2538 = CARTESIAN_POINT('',(90.111111111111,26.663872267325,
    36.519480031306));
#2539 = CARTESIAN_POINT('',(90.111111111111,25.874709011651,
    31.87916660004));
#2540 = CARTESIAN_POINT('',(90.111111111111,24.824515815596,
    27.156658042572));
#2541 = CARTESIAN_POINT('',(90.111111111111,23.361872837855,
    23.115875621267));
#2542 = CARTESIAN_POINT('',(90.111111111111,21.030303699273,
    18.07901187869));
#2543 = CARTESIAN_POINT('',(90.111111111111,17.790934048501,
    14.275902923601));
#2544 = CARTESIAN_POINT('',(90.111111111111,13.423439576051,
    11.222317662229));
#2545 = CARTESIAN_POINT('',(90.111111111111,9.582734371194,
    9.527049074972));
#2546 = CARTESIAN_POINT('',(90.111111111111,3.10684136447,8.940500960769
    ));
#2547 = CARTESIAN_POINT('',(90.111111111111,5.228056936509,
    0.264391937615));
#2548 = CARTESIAN_POINT('',(90.111111111111,10.778084352351,
    1.584676085684));
#2549 = CARTESIAN_POINT('',(90.111111111111,15.433710853894,
    2.258782423498));
#2550 = CARTESIAN_POINT('',(90.111111111111,20.611129596258,
    3.601596830458));
#2551 = CARTESIAN_POINT('',(90.111111111111,25.062082625214,
    5.289601398317));
#2552 = CARTESIAN_POINT('',(90.111111111111,29.338496261927,
    7.966457560179));
#2553 = CARTESIAN_POINT('',(90.111111111111,33.181716945073,
    11.087229047151));
#2554 = CARTESIAN_POINT('',(90.111111111111,36.553440108675,
    14.539655615942));
#2555 = CARTESIAN_POINT('',(90.111111111111,39.997871571684,
    18.591629502767));
#2556 = CARTESIAN_POINT('',(90.111111111111,41.467763348227,
    23.145081966171));
#2557 = CARTESIAN_POINT('',(90.111111111111,42.871212769887,
    28.308833490462));
#2558 = CARTESIAN_POINT('',(90.111111111111,42.19748203265,
    33.454491669147));
#2559 = CARTESIAN_POINT('',(90.111111111111,39.285540159801,
    37.642862095097));
#2560 = CARTESIAN_POINT('',(90.111111111111,36.914564667476,
    41.840862540077));
#2561 = CARTESIAN_POINT('',(90.111111111111,34.525949538249,
    46.323974957663));
#2562 = CARTESIAN_POINT('',(90.111111111111,31.638597284544,
    51.10936238958));
#2563 = CARTESIAN_POINT('',(90.111111111111,29.914096529452,
    56.082120342876));
#2564 = CARTESIAN_POINT('',(90.111111111111,29.372800152072,
    61.03205464712));
#2565 = CARTESIAN_POINT('',(90.111111111111,29.257800915029,
    66.072919503598));
#2566 = CARTESIAN_POINT('',(90.111111111111,29.463478016789,
    70.872141394503));
#2567 = CARTESIAN_POINT('',(90.111111111111,29.291622417834,
    76.35102810614));
#2568 = CARTESIAN_POINT('',(90.111111111111,29.07759178397,
    80.997675760676));
#2569 = CARTESIAN_POINT('',(90.111111111111,28.821466719355,
    85.644448726273));
#2570 = CARTESIAN_POINT('',(90.111111111111,28.520806031911,
    90.576767094311));
#2571 = CARTESIAN_POINT('',(90.111111111111,28.160210506602,
    95.478925530037));
#2572 = CARTESIAN_POINT('',(90.111111111111,27.769854958944,
    100.41704585894));
#2573 = CARTESIAN_POINT('',(90.111111111111,27.307145825725,
    105.34238961181));
#2574 = CARTESIAN_POINT('',(90.111111111111,26.544035119598,
    110.32012830961));
#2575 = CARTESIAN_POINT('',(90.111111111111,26.339591639367,
    114.99359673467));
#2576 = CARTESIAN_POINT('',(90.111111111111,25.41950041567,
    120.08129165341));
#2577 = CARTESIAN_POINT('',(90.111111111111,24.823443655873,
    124.79679481471));
#2578 = CARTESIAN_POINT('',(90.111111111111,24.287211947763,
    129.54888847538));
#2579 = CARTESIAN_POINT('',(90.111111111111,22.249579915015,
    135.10537801642));
#2580 = CARTESIAN_POINT('',(90.111111111111,23.355262917612,
    139.4004167436));
#2581 = CARTESIAN_POINT('',(90.111111111111,29.822861541861,
    141.57346283781));
#2582 = CARTESIAN_POINT('',(90.111111111111,36.949173011129,
    141.42718789345));
#2583 = CARTESIAN_POINT('',(90.111111111111,42.050646606878,
    143.48540786908));
#2584 = CARTESIAN_POINT('',(90.111111111111,49.092111989439,
    140.83650750024));
#2585 = CARTESIAN_POINT('',(90.111111111111,49.103570909465,
    148.85974107338));
#2586 = CARTESIAN_POINT('',(90.111111111111,44.685809061864,
    143.76650174874));
#2587 = CARTESIAN_POINT('',(90.111111111111,39.881195272481,
    142.18715339226));
#2588 = CARTESIAN_POINT('',(90.111111111111,35.447914483791,
    141.81009565719));
#2589 = CARTESIAN_POINT('',(90.111111111111,30.29365378304,
    141.3920644706));
#2590 = CARTESIAN_POINT('',(90.111111111111,28.054415866615,
    131.53202754845));
#2591 = CARTESIAN_POINT('',(90.111111111111,25.815556515858,
    141.66233263061));
#2592 = CARTESIAN_POINT('',(90.111111111111,25.832973741166,
    145.54587703949));
#2593 = CARTESIAN_POINT('',(90.111111111111,24.969525737278,
    148.25797685363));
#2594 = CARTESIAN_POINT('',(90.111111111111,24.850188599134,
    151.98749574775));
#2595 = CARTESIAN_POINT('',(90.111111111111,24.509438250766,
    155.04876055288));
#2596 = CARTESIAN_POINT('',(90.111111111111,23.012047999138,
    159.36119592957));
#2597 = CARTESIAN_POINT('',(90.111111111111,21.405332772703,
    163.73364703295));
#2598 = CARTESIAN_POINT('',(90.111111111111,16.33234323237,
    169.35437854985));
#2599 = CARTESIAN_POINT('',(90.111111111111,11.76256999664,
    171.8944784753));
#2600 = CARTESIAN_POINT('',(90.111111111111,13.27057383118,
    167.54085128005));
#2601 = CARTESIAN_POINT('',(90.111111111111,16.109432929957,
    167.07454677261));
#2602 = CARTESIAN_POINT('',(99.444444444444,5.410402080154,
    171.25724423911));
#2603 = CARTESIAN_POINT('',(99.444444444444,9.668833648499,
    159.62210263571));
#2604 = CARTESIAN_POINT('',(99.444444444444,22.068705853981,
    156.61167706547));
#2605 = CARTESIAN_POINT('',(99.444444444444,29.256575242979,
    148.95239566561));
#2606 = CARTESIAN_POINT('',(99.444444444444,29.963332530306,
    145.99965249122));
#2607 = CARTESIAN_POINT('',(99.444444444444,27.096413596262,
    138.52518859643));
#2608 = CARTESIAN_POINT('',(99.444444444444,27.006859436953,
    134.37686034136));
#2609 = CARTESIAN_POINT('',(99.444444444444,26.663008407232,
    129.50838329952));
#2610 = CARTESIAN_POINT('',(99.444444444444,27.186878911769,
    125.39739652989));
#2611 = CARTESIAN_POINT('',(99.444444444444,27.897085547897,
    121.00586798312));
#2612 = CARTESIAN_POINT('',(99.444444444444,28.305261005489,
    116.61189615653));
#2613 = CARTESIAN_POINT('',(99.444444444444,28.814931582178,
    112.88862216893));
#2614 = CARTESIAN_POINT('',(99.444444444444,29.266502864858,
    106.26923738039));
#2615 = CARTESIAN_POINT('',(99.444444444444,29.549045251114,
    110.37002349607));
#2616 = CARTESIAN_POINT('',(99.444444444444,29.880026905053,
    97.551255587132));
#2617 = CARTESIAN_POINT('',(99.444444444444,30.129225781817,
    95.427598592362));
#2618 = CARTESIAN_POINT('',(99.444444444444,30.34837468864,
    90.429594435466));
#2619 = CARTESIAN_POINT('',(99.444444444444,30.461642367851,
    86.196408838648));
#2620 = CARTESIAN_POINT('',(99.444444444444,30.720060491479,
    81.752154378304));
#2621 = CARTESIAN_POINT('',(99.444444444444,30.729859114721,
    77.374771242103));
#2622 = CARTESIAN_POINT('',(99.444444444444,30.812180907873,
    72.966995600229));
#2623 = CARTESIAN_POINT('',(99.444444444444,30.555507089611,
    68.579738535042));
#2624 = CARTESIAN_POINT('',(99.444444444444,30.438835631796,
    64.199698343561));
#2625 = CARTESIAN_POINT('',(99.444444444444,30.235721747182,
    59.837928774568));
#2626 = CARTESIAN_POINT('',(99.444444444444,30.085242007342,
    55.49046555687));
#2627 = CARTESIAN_POINT('',(99.444444444444,29.457491061838,
    51.152564435609));
#2628 = CARTESIAN_POINT('',(99.444444444444,29.354124973351,
    46.829540422097));
#2629 = CARTESIAN_POINT('',(99.444444444444,28.657647526849,
    42.486543088244));
#2630 = CARTESIAN_POINT('',(99.444444444444,27.517182076773,
    38.196122433173));
#2631 = CARTESIAN_POINT('',(99.444444444444,27.305341997039,
    33.978522460778));
#2632 = CARTESIAN_POINT('',(99.444444444444,26.741504388666,
    29.547199951095));
#2633 = CARTESIAN_POINT('',(99.444444444444,25.794925084347,
    25.33257029079));
#2634 = CARTESIAN_POINT('',(99.444444444444,24.179504761687,
    21.054696323485));
#2635 = CARTESIAN_POINT('',(99.444444444444,22.1307999785,
    17.778572064953));
#2636 = CARTESIAN_POINT('',(99.444444444444,18.796141640521,
    14.212842867354));
#2637 = CARTESIAN_POINT('',(99.444444444444,16.012200644618,
    11.239215269934));
#2638 = CARTESIAN_POINT('',(99.444444444444,11.877203612731,
    8.993992200299));
#2639 = CARTESIAN_POINT('',(99.444444444444,8.146589845768,
    8.686582125759));
#2640 = CARTESIAN_POINT('',(99.444444444444,1.493066481899,
    7.847300841137));
#2641 = CARTESIAN_POINT('',(99.444444444444,2.350725811081,
    -0.577952896261));
#2642 = CARTESIAN_POINT('',(99.444444444444,7.800877633578,0.71992737795
    ));
#2643 = CARTESIAN_POINT('',(99.444444444444,11.539592338084,
    1.164287809991));
#2644 = CARTESIAN_POINT('',(99.444444444444,16.227484622304,
    2.501871412713));
#2645 = CARTESIAN_POINT('',(99.444444444444,20.419472444392,
    3.586145666201));
#2646 = CARTESIAN_POINT('',(99.444444444444,24.609319569373,
    4.863247787637));
#2647 = CARTESIAN_POINT('',(99.444444444444,28.571761377885,
    6.990349149009));
#2648 = CARTESIAN_POINT('',(99.444444444444,31.967479051868,
    9.447808941115));
#2649 = CARTESIAN_POINT('',(99.444444444444,35.593627891138,
    12.395193026839));
#2650 = CARTESIAN_POINT('',(99.444444444444,38.377390711227,
    15.871042580471));
#2651 = CARTESIAN_POINT('',(99.444444444444,40.603069882129,
    19.881155070988));
#2652 = CARTESIAN_POINT('',(99.444444444444,42.096983576904,
    24.328275341287));
#2653 = CARTESIAN_POINT('',(99.444444444444,40.245849938286,
    28.860766314397));
#2654 = CARTESIAN_POINT('',(99.444444444444,40.406854607828,
    33.273933539946));
#2655 = CARTESIAN_POINT('',(99.444444444444,44.124266920879,
    37.175925416583));
#2656 = CARTESIAN_POINT('',(99.444444444444,46.743434718703,
    40.973060982075));
#2657 = CARTESIAN_POINT('',(99.444444444444,48.471127944864,
    45.167188608558));
#2658 = CARTESIAN_POINT('',(99.444444444444,49.350621206679,
    49.374180484366));
#2659 = CARTESIAN_POINT('',(99.444444444444,49.812595017884,
    53.802765909589));
#2660 = CARTESIAN_POINT('',(99.444444444444,50.491278238439,
    57.843096228702));
#2661 = CARTESIAN_POINT('',(99.444444444444,51.075340913235,
    62.343895943607));
#2662 = CARTESIAN_POINT('',(99.444444444444,51.544119200227,
    66.894959516578));
#2663 = CARTESIAN_POINT('',(99.444444444444,51.894156563134,
    71.293393201226));
#2664 = CARTESIAN_POINT('',(99.444444444444,52.160409971158,
    75.656538879569));
#2665 = CARTESIAN_POINT('',(99.444444444444,52.287754625167,
    80.01782594871));
#2666 = CARTESIAN_POINT('',(99.444444444444,52.402109336382,
    84.417749325246));
#2667 = CARTESIAN_POINT('',(99.444444444444,52.780290933459,
    88.692176679527));
#2668 = CARTESIAN_POINT('',(99.444444444444,52.340206620002,
    93.533528586749));
#2669 = CARTESIAN_POINT('',(99.444444444444,52.745092878736,
    97.423366939636));
#2670 = CARTESIAN_POINT('',(99.444444444444,52.723653008356,
    101.95064281225));
#2671 = CARTESIAN_POINT('',(99.444444444444,52.576523490179,
    106.34150026518));
#2672 = CARTESIAN_POINT('',(99.444444444444,52.93108062908,
    110.51465266125));
#2673 = CARTESIAN_POINT('',(99.444444444444,52.469487232406,
    115.33124906835));
#2674 = CARTESIAN_POINT('',(99.444444444444,50.83024368395,
    119.95842337521));
#2675 = CARTESIAN_POINT('',(99.444444444444,48.59650626837,
    125.22528737031));
#2676 = CARTESIAN_POINT('',(99.444444444444,44.179585458513,
    130.04603802916));
#2677 = CARTESIAN_POINT('',(99.444444444444,50.427120634886,
    142.21171697208));
#2678 = CARTESIAN_POINT('',(99.444444444444,55.0332430706,
    149.21647812122));
#2679 = CARTESIAN_POINT('',(99.444444444444,46.214696161852,
    149.50854537219));
#2680 = CARTESIAN_POINT('',(99.444444444444,47.429023969619,
    141.05301905337));
#2681 = CARTESIAN_POINT('',(99.444444444444,43.694074070186,
    131.63994561437));
#2682 = CARTESIAN_POINT('',(99.444444444444,37.555879716036,
    137.41245117904));
#2683 = CARTESIAN_POINT('',(99.444444444444,31.457369232946,
    134.5008906572));
#2684 = CARTESIAN_POINT('',(99.444444444444,24.864642697922,
    123.99702137374));
#2685 = CARTESIAN_POINT('',(99.444444444444,25.429697979389,
    132.51001031127));
#2686 = CARTESIAN_POINT('',(99.444444444444,24.56086486635,
    143.65030524964));
#2687 = CARTESIAN_POINT('',(99.444444444444,22.167108304278,
    152.88662637108));
#2688 = CARTESIAN_POINT('',(99.444444444444,20.326550361527,
    164.01379200291));
#2689 = CARTESIAN_POINT('',(99.444444444444,20.510153248717,
    169.88549776944));
#2690 = CARTESIAN_POINT('',(99.444444444444,16.307415077076,
    171.52332544018));
#2691 = CARTESIAN_POINT('',(99.444444444444,9.599134958421,
    173.6885765471));
#2692 = CARTESIAN_POINT('',(99.444444444444,5.410402080154,
    171.25724423911));
#2693 = CARTESIAN_POINT('',(99.444444444444,9.668833648499,
    159.62210263571));
#2694 = CARTESIAN_POINT('',(99.444444444444,22.068705853981,
    156.61167706547));
#2695 = CARTESIAN_POINT('',(109.11111111111,35.003250566908,
    144.02851047685));
#2696 = CARTESIAN_POINT('',(109.11111111111,26.759172414041,
    156.700629142));
#2697 = CARTESIAN_POINT('',(109.11111111111,9.28793298291,166.4177147855
    ));
#2698 = CARTESIAN_POINT('',(109.11111111111,-5.422834218469,
    173.07636053333));
#2699 = CARTESIAN_POINT('',(109.11111111111,-1.663016927003,
    164.71997641132));
#2700 = CARTESIAN_POINT('',(109.11111111111,11.224677130202,
    170.05458401586));
#2701 = CARTESIAN_POINT('',(109.11111111111,13.8199483527,
    163.97883488147));
#2702 = CARTESIAN_POINT('',(109.11111111111,16.850502619094,
    159.96448366198));
#2703 = CARTESIAN_POINT('',(109.11111111111,17.631522621921,
    154.24399207322));
#2704 = CARTESIAN_POINT('',(109.11111111111,17.938871592592,
    149.14864959491));
#2705 = CARTESIAN_POINT('',(109.11111111111,18.81689596831,
    143.98713950941));
#2706 = CARTESIAN_POINT('',(109.11111111111,19.467722789309,
    137.71278792294));
#2707 = CARTESIAN_POINT('',(109.11111111111,20.144619404607,
    136.35739235235));
#2708 = CARTESIAN_POINT('',(109.11111111111,21.038515179777,
    116.51862631595));
#2709 = CARTESIAN_POINT('',(109.11111111111,21.730109163518,
    125.91768184319));
#2710 = CARTESIAN_POINT('',(109.11111111111,22.453832551611,
    116.77019132586));
#2711 = CARTESIAN_POINT('',(109.11111111111,23.068273281045,
    112.58354491538));
#2712 = CARTESIAN_POINT('',(109.11111111111,23.841209551426,
    107.06109873817));
#2713 = CARTESIAN_POINT('',(109.11111111111,23.786485239759,
    101.89322441006));
#2714 = CARTESIAN_POINT('',(109.11111111111,24.453279083474,
    96.622419732918));
#2715 = CARTESIAN_POINT('',(109.11111111111,24.684736714164,
    91.38419296495));
#2716 = CARTESIAN_POINT('',(109.11111111111,25.447026363599,
    86.133195868722));
#2717 = CARTESIAN_POINT('',(109.11111111111,25.752036801972,
    80.871859391407));
#2718 = CARTESIAN_POINT('',(109.11111111111,26.069878818976,
    75.585158970441));
#2719 = CARTESIAN_POINT('',(109.11111111111,26.209366486352,
    70.264606073114));
#2720 = CARTESIAN_POINT('',(109.11111111111,27.043829179014,
    64.906640160654));
#2721 = CARTESIAN_POINT('',(109.11111111111,27.014636706806,
    59.478674442503));
#2722 = CARTESIAN_POINT('',(109.11111111111,28.147301849355,
    54.055529602756));
#2723 = CARTESIAN_POINT('',(109.11111111111,29.357043678566,
    48.393894620495));
#2724 = CARTESIAN_POINT('',(109.11111111111,29.547093988436,
    42.949016615763));
#2725 = CARTESIAN_POINT('',(109.11111111111,29.5581690881,
    37.564397267702));
#2726 = CARTESIAN_POINT('',(109.11111111111,29.322590451944,
    32.166776718503));
#2727 = CARTESIAN_POINT('',(109.11111111111,29.098384717012,
    26.82141026568));
#2728 = CARTESIAN_POINT('',(109.11111111111,27.990439408317,
    21.057165901612));
#2729 = CARTESIAN_POINT('',(109.11111111111,25.898207006702,
    16.129486831333));
#2730 = CARTESIAN_POINT('',(109.11111111111,21.337515194972,
    11.916657767482));
#2731 = CARTESIAN_POINT('',(109.11111111111,16.91727993605,9.05734183962
    ));
#2732 = CARTESIAN_POINT('',(109.11111111111,12.418642320894,
    6.975630777297));
#2733 = CARTESIAN_POINT('',(109.11111111111,6.405496220967,
    9.519675666486));
#2734 = CARTESIAN_POINT('',(109.11111111111,-1.768709644999,
    6.277416515185));
#2735 = CARTESIAN_POINT('',(109.11111111111,2.392152427792,
    -1.756880048783));
#2736 = CARTESIAN_POINT('',(109.11111111111,9.514206188302,
    1.308577823358));
#2737 = CARTESIAN_POINT('',(109.11111111111,13.339132614065,
    1.515726783705));
#2738 = CARTESIAN_POINT('',(109.11111111111,18.746296878226,
    2.35343223038));
#2739 = CARTESIAN_POINT('',(109.11111111111,23.726726232197,
    4.782983004976));
#2740 = CARTESIAN_POINT('',(109.11111111111,28.72233759273,
    6.823955560582));
#2741 = CARTESIAN_POINT('',(109.11111111111,33.190485820749,
    9.740029750412));
#2742 = CARTESIAN_POINT('',(109.11111111111,36.608257674056,
    13.360441354237));
#2743 = CARTESIAN_POINT('',(109.11111111111,39.450511350371,
    17.860926686123));
#2744 = CARTESIAN_POINT('',(109.11111111111,41.43480701535,
    22.931393337864));
#2745 = CARTESIAN_POINT('',(109.11111111111,42.141318253437,
    28.279854971878));
#2746 = CARTESIAN_POINT('',(109.11111111111,43.393670972904,
    33.331003482674));
#2747 = CARTESIAN_POINT('',(109.11111111111,45.587259855195,
    38.174256624436));
#2748 = CARTESIAN_POINT('',(109.11111111111,46.660285648282,
    43.275622741631));
#2749 = CARTESIAN_POINT('',(109.11111111111,48.04646717493,
    48.662274611526));
#2750 = CARTESIAN_POINT('',(109.11111111111,48.150540177115,
    53.850852853005));
#2751 = CARTESIAN_POINT('',(109.11111111111,48.700004264728,
    59.213984614705));
#2752 = CARTESIAN_POINT('',(109.11111111111,49.11686193059,
    64.402238245762));
#2753 = CARTESIAN_POINT('',(109.11111111111,49.156998855762,
    69.884160350592));
#2754 = CARTESIAN_POINT('',(109.11111111111,49.083133445907,
    75.066945730581));
#2755 = CARTESIAN_POINT('',(109.11111111111,49.008759362799,
    80.164364943195));
#2756 = CARTESIAN_POINT('',(109.11111111111,48.982755778532,
    85.373568391684));
#2757 = CARTESIAN_POINT('',(109.11111111111,48.93552758697,
    90.698457984172));
#2758 = CARTESIAN_POINT('',(109.11111111111,49.013582086374,
    96.012822291582));
#2759 = CARTESIAN_POINT('',(109.11111111111,48.90875623213,
    101.26188236352));
#2760 = CARTESIAN_POINT('',(109.11111111111,48.329017675458,
    106.72762814069));
#2761 = CARTESIAN_POINT('',(109.11111111111,48.836064865877,
    111.21666559276));
#2762 = CARTESIAN_POINT('',(109.11111111111,48.017659871783,
    117.35473897336));
#2763 = CARTESIAN_POINT('',(109.11111111111,47.576397852898,
    122.39068997436));
#2764 = CARTESIAN_POINT('',(109.11111111111,47.246469095386,
    127.64812794954));
#2765 = CARTESIAN_POINT('',(109.11111111111,46.415908345131,
    133.01002831289));
#2766 = CARTESIAN_POINT('',(109.11111111111,45.760936708347,
    137.59126033482));
#2767 = CARTESIAN_POINT('',(109.11111111111,45.23052142997,
    143.23285783369));
#2768 = CARTESIAN_POINT('',(109.11111111111,47.332643760277,
    148.98087917309));
#2769 = CARTESIAN_POINT('',(109.11111111111,54.110763584433,
    154.88976348667));
#2770 = CARTESIAN_POINT('',(109.11111111111,37.96918965397,
    137.01832554877));
#2771 = CARTESIAN_POINT('',(109.11111111111,36.088727684975,
    123.47708002792));
#2772 = CARTESIAN_POINT('',(109.11111111111,34.393788958717,
    117.62401701445));
#2773 = CARTESIAN_POINT('',(109.11111111111,35.028372384456,
    114.06667376383));
#2774 = CARTESIAN_POINT('',(109.11111111111,35.565177192057,
    138.4331978044));
#2775 = CARTESIAN_POINT('',(109.11111111111,36.665561183391,
    140.16082319136));
#2776 = CARTESIAN_POINT('',(109.11111111111,37.219633359729,
    145.73052397405));
#2777 = CARTESIAN_POINT('',(109.11111111111,37.441716883262,
    158.1577554934));
#2778 = CARTESIAN_POINT('',(109.11111111111,33.606296706789,
    159.33302774941));
#2779 = CARTESIAN_POINT('',(109.11111111111,32.522096700555,
    138.803061955));
#2780 = CARTESIAN_POINT('',(109.11111111111,38.967852094745,
    127.47881038679));
#2781 = CARTESIAN_POINT('',(109.11111111111,42.329350842828,
    110.35345312782));
#2782 = CARTESIAN_POINT('',(109.11111111111,35.909985100851,
    108.66546904226));
#2783 = CARTESIAN_POINT('',(109.11111111111,40.590405395404,
    119.88470749956));
#2784 = CARTESIAN_POINT('',(109.11111111111,39.842916851308,
    132.979755252));
#2785 = CARTESIAN_POINT('',(109.11111111111,35.003250566908,
    144.02851047685));
#2786 = CARTESIAN_POINT('',(109.11111111111,26.759172414041,
    156.700629142));
#2787 = CARTESIAN_POINT('',(109.11111111111,9.28793298291,166.4177147855
    ));
#2788 = CARTESIAN_POINT('',(118.77777777777,12.050065905591,
    156.06104160149));
#2789 = CARTESIAN_POINT('',(118.77777777777,24.75777888304,
    141.60339012887));
#2790 = CARTESIAN_POINT('',(118.77777777777,47.354299390025,
    137.36762391662));
#2791 = CARTESIAN_POINT('',(118.77777777777,64.415252214122,
    123.7906762022));
#2792 = CARTESIAN_POINT('',(118.77777777777,61.406955915845,
    122.32827865693));
#2793 = CARTESIAN_POINT('',(118.77777777777,52.330839205855,
    109.97301272368));
#2794 = CARTESIAN_POINT('',(118.77777777777,51.253312984041,
    106.67559328035));
#2795 = CARTESIAN_POINT('',(118.77777777777,49.525939654897,
    101.46523454402));
#2796 = CARTESIAN_POINT('',(118.77777777777,49.892123064027,
    98.042492464609));
#2797 = CARTESIAN_POINT('',(118.77777777777,50.64854119226,
    93.723751689785));
#2798 = CARTESIAN_POINT('',(118.77777777777,50.614496659242,
    89.627848528268));
#2799 = CARTESIAN_POINT('',(118.77777777777,50.802946574809,
    86.839613033229));
#2800 = CARTESIAN_POINT('',(118.77777777777,50.883692358813,
    78.159830814283));
#2801 = CARTESIAN_POINT('',(118.77777777777,50.600866882102,
    91.905456143822));
#2802 = CARTESIAN_POINT('',(118.77777777777,50.486356073493,
    70.000879201204));
#2803 = CARTESIAN_POINT('',(118.77777777777,50.228343022376,
    70.73375125243));
#2804 = CARTESIAN_POINT('',(118.77777777777,50.012817420739,
    65.397009721313));
#2805 = CARTESIAN_POINT('',(118.77777777777,49.472749207417,
    61.679048050108));
#2806 = CARTESIAN_POINT('',(118.77777777777,49.95119176973,
    57.523469710575));
#2807 = CARTESIAN_POINT('',(118.77777777777,49.326760911275,
    53.462256718895));
#2808 = CARTESIAN_POINT('',(118.77777777777,49.182943777043,
    49.385936073525));
#2809 = CARTESIAN_POINT('',(118.77777777777,48.209222996931,
    45.296479060259));
#2810 = CARTESIAN_POINT('',(118.77777777777,47.618950491173,
    41.242771950245));
#2811 = CARTESIAN_POINT('',(118.77777777777,46.692572518141,
    37.259069033178));
#2812 = CARTESIAN_POINT('',(118.77777777777,45.580653969382,
    33.382867707934));
#2813 = CARTESIAN_POINT('',(118.77777777777,43.065247229419,
    29.641717825467));
#2814 = CARTESIAN_POINT('',(118.77777777777,41.049264998085,
    26.10456434698));
#2815 = CARTESIAN_POINT('',(118.77777777777,36.823878242049,
    22.684946929046));
#2816 = CARTESIAN_POINT('',(118.77777777777,32.637846510075,
    19.61569074623));
#2817 = CARTESIAN_POINT('',(118.77777777777,30.074316969366,
    16.048024298772));
#2818 = CARTESIAN_POINT('',(118.77777777777,28.122399153322,
    12.400262842315));
#2819 = CARTESIAN_POINT('',(118.77777777777,25.72833690795,
    8.933942700267));
#2820 = CARTESIAN_POINT('',(118.77777777777,21.507545182588,
    6.035224243948));
#2821 = CARTESIAN_POINT('',(118.77777777777,16.585363782487,
    4.592770508447));
#2822 = CARTESIAN_POINT('',(118.77777777777,11.164301279205,
    3.93335797378));
#2823 = CARTESIAN_POINT('',(118.77777777777,7.453795577705,
    4.619534225818));
#2824 = CARTESIAN_POINT('',(118.77777777777,2.812111221685,
    5.456131848695));
#2825 = CARTESIAN_POINT('',(118.77777777777,-2.033432019584,
    5.69565558576));
#2826 = CARTESIAN_POINT('',(118.77777777777,-6.852059502083,
    2.292202421087));
#2827 = CARTESIAN_POINT('',(118.77777777777,2.491127213298,
    -6.694768566362));
#2828 = CARTESIAN_POINT('',(118.77777777777,8.150148163064,
    2.266036740702));
#2829 = CARTESIAN_POINT('',(118.77777777777,10.585404068683,
    1.312355445088));
#2830 = CARTESIAN_POINT('',(118.77777777777,15.874638407547,
    2.188871109644));
#2831 = CARTESIAN_POINT('',(118.77777777777,19.369381572143,
    3.697260952274));
#2832 = CARTESIAN_POINT('',(118.77777777777,23.387991616389,
    3.838360481671));
#2833 = CARTESIAN_POINT('',(118.77777777777,26.844006964155,
    5.651627534649));
#2834 = CARTESIAN_POINT('',(118.77777777777,30.598188029385,
    7.553636376939));
#2835 = CARTESIAN_POINT('',(118.77777777777,34.579289732711,
    9.84320831526));
#2836 = CARTESIAN_POINT('',(118.77777777777,37.623520270067,
    12.405272959063));
#2837 = CARTESIAN_POINT('',(118.77777777777,39.80193697188,
    15.565639250514));
#2838 = CARTESIAN_POINT('',(118.77777777777,41.528665059072,
    19.125016742775));
#2839 = CARTESIAN_POINT('',(118.77777777777,42.652043433455,
    23.260715602933));
#2840 = CARTESIAN_POINT('',(118.77777777777,42.934186718062,
    27.447870935481));
#2841 = CARTESIAN_POINT('',(118.77777777777,44.127126603338,
    31.385926460525));
#2842 = CARTESIAN_POINT('',(118.77777777777,44.559138098895,
    35.058347472121));
#2843 = CARTESIAN_POINT('',(118.77777777777,46.37712287754,
    38.992213920881));
#2844 = CARTESIAN_POINT('',(118.77777777777,47.20971803944,
    42.76461146755));
#2845 = CARTESIAN_POINT('',(118.77777777777,47.919041174149,
    46.782212944634));
#2846 = CARTESIAN_POINT('',(118.77777777777,48.701263133179,
    50.538242659613));
#2847 = CARTESIAN_POINT('',(118.77777777777,49.369436807531,
    54.643266479906));
#2848 = CARTESIAN_POINT('',(118.77777777777,49.843024744241,
    58.879408343124));
#2849 = CARTESIAN_POINT('',(118.77777777777,50.105686089264,
    63.028761930182));
#2850 = CARTESIAN_POINT('',(118.77777777777,50.269784719689,
    67.028617294128));
#2851 = CARTESIAN_POINT('',(118.77777777777,50.109878581766,
    71.049657632511));
#2852 = CARTESIAN_POINT('',(118.77777777777,50.134171967486,
    75.147569194409));
#2853 = CARTESIAN_POINT('',(118.77777777777,50.638846872502,
    78.959085011212));
#2854 = CARTESIAN_POINT('',(118.77777777777,49.637531912902,
    83.981600756167));
#2855 = CARTESIAN_POINT('',(118.77777777777,50.225370782528,
    86.896829097983));
#2856 = CARTESIAN_POINT('',(118.77777777777,50.328330823669,
    91.183832216284));
#2857 = CARTESIAN_POINT('',(118.77777777777,50.126756421342,
    95.175214325103));
#2858 = CARTESIAN_POINT('',(118.77777777777,50.34059492174,
    99.039401146003));
#2859 = CARTESIAN_POINT('',(118.77777777777,50.470368498652,
    103.86183912459));
#2860 = CARTESIAN_POINT('',(118.77777777777,50.098555101579,
    107.20700028218));
#2861 = CARTESIAN_POINT('',(118.77777777777,48.228693604534,
    110.95890049233));
#2862 = CARTESIAN_POINT('',(118.77777777777,39.177385066447,
    114.78434082709));
#2863 = CARTESIAN_POINT('',(118.77777777777,58.602508680331,
    135.08941994403));
#2864 = CARTESIAN_POINT('',(118.77777777777,57.297828918026,
    156.18571556958));
#2865 = CARTESIAN_POINT('',(118.77777777777,52.047466414096,
    150.28848908415));
#2866 = CARTESIAN_POINT('',(118.77777777777,47.199174013857,
    148.42025217805));
#2867 = CARTESIAN_POINT('',(118.77777777777,40.924478380958,
    117.25403536443));
#2868 = CARTESIAN_POINT('',(118.77777777777,37.613052232296,
    127.90448599515));
#2869 = CARTESIAN_POINT('',(118.77777777777,36.190755180802,
    131.09202830484));
#2870 = CARTESIAN_POINT('',(118.77777777777,36.332439008892,
    129.46835073633));
#2871 = CARTESIAN_POINT('',(118.77777777777,37.50555824485,
    137.02189692428));
#2872 = CARTESIAN_POINT('',(118.77777777777,34.493019882137,
    160.19374163177));
#2873 = CARTESIAN_POINT('',(118.77777777777,23.271687304747,
    173.01211671943));
#2874 = CARTESIAN_POINT('',(118.77777777777,11.492899951193,
    186.23715016954));
#2875 = CARTESIAN_POINT('',(118.77777777777,6.164131806242,
    193.49977338255));
#2876 = CARTESIAN_POINT('',(118.77777777777,-4.375139140934,
    185.98151795043));
#2877 = CARTESIAN_POINT('',(118.77777777777,-1.604303937926,
    165.13236199237));
#2878 = CARTESIAN_POINT('',(118.77777777777,12.050065905591,
    156.06104160149));
#2879 = CARTESIAN_POINT('',(118.77777777777,24.75777888304,
    141.60339012887));
#2880 = CARTESIAN_POINT('',(118.77777777777,47.354299390025,
    137.36762391662));
#2881 = CARTESIAN_POINT('',(129.55555555555,33.138815682233,
    143.5817229809));
#2882 = CARTESIAN_POINT('',(129.55555555555,33.842764534025,
    143.03046191151));
#2883 = CARTESIAN_POINT('',(129.55555555555,33.997919296081,
    140.02479314977));
#2884 = CARTESIAN_POINT('',(129.55555555555,30.288737065644,
    135.15384117045));
#2885 = CARTESIAN_POINT('',(129.55555555555,31.155534984733,
    130.96935067175));
#2886 = CARTESIAN_POINT('',(129.55555555555,32.934017471923,
    127.7857843732));
#2887 = CARTESIAN_POINT('',(129.55555555555,33.596165457566,
    123.4153878213));
#2888 = CARTESIAN_POINT('',(129.55555555555,34.52353699017,
    119.49914271072));
#2889 = CARTESIAN_POINT('',(129.55555555555,35.057464216316,
    114.9829252402));
#2890 = CARTESIAN_POINT('',(129.55555555555,35.433146642566,
    111.48352956114));
#2891 = CARTESIAN_POINT('',(129.55555555555,35.964613294284,
    107.02336343535));
#2892 = CARTESIAN_POINT('',(129.55555555555,36.319059248314,
    102.92473356856));
#2893 = CARTESIAN_POINT('',(129.55555555555,36.615744779262,
    98.295050242346));
#2894 = CARTESIAN_POINT('',(129.55555555555,36.950583545888,
    93.785590140894));
#2895 = CARTESIAN_POINT('',(129.55555555555,37.153428263035,
    90.189303370115));
#2896 = CARTESIAN_POINT('',(129.55555555555,37.338993826307,
    85.735186668965));
#2897 = CARTESIAN_POINT('',(129.55555555555,37.44975996209,
    81.504355224149));
#2898 = CARTESIAN_POINT('',(129.55555555555,37.624417235656,
    77.22171622855));
#2899 = CARTESIAN_POINT('',(129.55555555555,37.389008516183,
    72.917753692845));
#2900 = CARTESIAN_POINT('',(129.55555555555,37.551056968921,
    68.756807038436));
#2901 = CARTESIAN_POINT('',(129.55555555555,37.371072613312,
    64.373838089875));
#2902 = CARTESIAN_POINT('',(129.55555555555,37.643291707653,
    60.141344408638));
#2903 = CARTESIAN_POINT('',(129.55555555555,37.554606677027,
    55.876083822806));
#2904 = CARTESIAN_POINT('',(129.55555555555,37.456139471269,
    51.626037409314));
#2905 = CARTESIAN_POINT('',(129.55555555555,37.132646110924,
    47.375652539942));
#2906 = CARTESIAN_POINT('',(129.55555555555,37.077211451129,
    43.131084754599));
#2907 = CARTESIAN_POINT('',(129.55555555555,36.267984151269,
    38.874996927914));
#2908 = CARTESIAN_POINT('',(129.55555555555,35.920247606455,
    34.660979440532));
#2909 = CARTESIAN_POINT('',(129.55555555555,35.119728963136,
    30.285603355857));
#2910 = CARTESIAN_POINT('',(129.55555555555,34.072464250828,
    26.66991270446));
#2911 = CARTESIAN_POINT('',(129.55555555555,33.106822120884,
    22.448749204268));
#2912 = CARTESIAN_POINT('',(129.55555555555,31.783628222888,
    18.603720603123));
#2913 = CARTESIAN_POINT('',(129.55555555555,29.397267841114,
    14.793104243009));
#2914 = CARTESIAN_POINT('',(129.55555555555,26.07658596799,
    11.838337223908));
#2915 = CARTESIAN_POINT('',(129.55555555555,22.328535122374,
    9.536770615873));
#2916 = CARTESIAN_POINT('',(129.55555555555,18.172427649138,
    8.444849719437));
#2917 = CARTESIAN_POINT('',(129.55555555555,14.126625089735,
    7.871684948286));
#2918 = CARTESIAN_POINT('',(129.55555555555,10.364140403504,
    6.991225468051));
#2919 = CARTESIAN_POINT('',(129.55555555555,3.659551300468,
    6.808710324322));
#2920 = CARTESIAN_POINT('',(129.55555555555,7.675388510673,
    0.402262941436));
#2921 = CARTESIAN_POINT('',(129.55555555555,12.529672636515,
    2.334034042023));
#2922 = CARTESIAN_POINT('',(129.55555555555,16.999701360209,
    3.415273162936));
#2923 = CARTESIAN_POINT('',(129.55555555555,20.628041401651,
    4.144815827015));
#2924 = CARTESIAN_POINT('',(129.55555555555,24.780002677817,
    4.835904337351));
#2925 = CARTESIAN_POINT('',(129.55555555555,28.128192493222,
    6.722977070013));
#2926 = CARTESIAN_POINT('',(129.55555555555,32.79372140698,
    8.602713661161));
#2927 = CARTESIAN_POINT('',(129.55555555555,36.285060579203,
    11.04965430805));
#2928 = CARTESIAN_POINT('',(129.55555555555,38.737660306666,
    14.056302449754));
#2929 = CARTESIAN_POINT('',(129.55555555555,41.518195360934,
    17.45966237726));
#2930 = CARTESIAN_POINT('',(129.55555555555,42.973832451038,
    21.075027153591));
#2931 = CARTESIAN_POINT('',(129.55555555555,44.985463576125,
    25.163144923298));
#2932 = CARTESIAN_POINT('',(129.55555555555,45.21960185354,
    29.422456353201));
#2933 = CARTESIAN_POINT('',(129.55555555555,46.286336789182,
    33.660056979398));
#2934 = CARTESIAN_POINT('',(129.55555555555,46.915156139637,
    37.837899628953));
#2935 = CARTESIAN_POINT('',(129.55555555555,47.621307043786,
    42.053921277698));
#2936 = CARTESIAN_POINT('',(129.55555555555,48.046573221193,
    46.213030894211));
#2937 = CARTESIAN_POINT('',(129.55555555555,48.483296118076,
    50.404295749658));
#2938 = CARTESIAN_POINT('',(129.55555555555,48.812667223918,
    54.659631134768));
#2939 = CARTESIAN_POINT('',(129.55555555555,49.101799261742,
    58.919173275641));
#2940 = CARTESIAN_POINT('',(129.55555555555,49.322560326981,
    63.091625962851));
#2941 = CARTESIAN_POINT('',(129.55555555555,49.480061460445,
    67.342096502444));
#2942 = CARTESIAN_POINT('',(129.55555555555,49.588609723589,
    71.4538222635));
#2943 = CARTESIAN_POINT('',(129.55555555555,49.615661425251,
    75.739863672144));
#2944 = CARTESIAN_POINT('',(129.55555555555,49.707308896714,
    79.989742628672));
#2945 = CARTESIAN_POINT('',(129.55555555555,49.625805776832,
    84.222520097671));
#2946 = CARTESIAN_POINT('',(129.55555555555,49.345312695169,
    88.540871698593));
#2947 = CARTESIAN_POINT('',(129.55555555555,49.72073458121,
    92.462357249877));
#2948 = CARTESIAN_POINT('',(129.55555555555,49.537243812515,
    97.054653532592));
#2949 = CARTESIAN_POINT('',(129.55555555555,49.159422478929,
    101.2009192664));
#2950 = CARTESIAN_POINT('',(129.55555555555,49.108076336191,
    105.43503361625));
#2951 = CARTESIAN_POINT('',(129.55555555555,49.026658151502,
    109.71644963548));
#2952 = CARTESIAN_POINT('',(129.55555555555,48.120618162168,
    113.64395977194));
#2953 = CARTESIAN_POINT('',(129.55555555555,48.255535241229,
    118.26160023724));
#2954 = CARTESIAN_POINT('',(129.55555555555,47.675916327475,
    121.80419493299));
#2955 = CARTESIAN_POINT('',(129.55555555555,49.385979418821,
    126.71274315687));
#2956 = CARTESIAN_POINT('',(129.55555555555,43.802618026747,
    128.93655829499));
#2957 = CARTESIAN_POINT('',(129.55555555555,47.657321071588,
    129.27889608274));
#2958 = CARTESIAN_POINT('',(129.55555555555,49.58344538299,
    135.70628622307));
#2959 = CARTESIAN_POINT('',(129.55555555555,43.88291403651,
    133.05269646006));
#2960 = CARTESIAN_POINT('',(129.55555555555,45.643079845324,
    134.47842601784));
#2961 = CARTESIAN_POINT('',(129.55555555555,41.356752811569,
    124.45447553439));
#2962 = CARTESIAN_POINT('',(129.55555555555,35.519247258127,
    133.43887368958));
#2963 = CARTESIAN_POINT('',(129.55555555555,37.551058486395,
    138.92262086249));
#2964 = CARTESIAN_POINT('',(129.55555555555,36.426826726612,
    143.1572785018));
#2965 = CARTESIAN_POINT('',(129.55555555555,34.79559971065,
    144.50887856155));
#2966 = CARTESIAN_POINT('',(129.55555555555,32.036366682054,
    144.71014237908));
#2967 = CARTESIAN_POINT('',(129.55555555555,26.758942395731,
    141.23761671372));
#2968 = CARTESIAN_POINT('',(129.55555555555,20.953683172171,
    144.28440542161));
#2969 = CARTESIAN_POINT('',(129.55555555555,18.453247007357,
    142.88605996498));
#2970 = CARTESIAN_POINT('',(129.55555555555,21.679079840058,
    135.11337222302));
#2971 = CARTESIAN_POINT('',(129.55555555555,33.138815682233,
    143.5817229809));
#2972 = CARTESIAN_POINT('',(129.55555555555,33.842764534025,
    143.03046191151));
#2973 = CARTESIAN_POINT('',(129.55555555555,33.997919296081,
    140.02479314977));
#2974 = CARTESIAN_POINT('',(139.66666666666,17.875118337918,
    137.82785573192));
#2975 = CARTESIAN_POINT('',(139.66666666666,26.290190530694,
    139.68764117103));
#2976 = CARTESIAN_POINT('',(139.66666666666,29.987810076958,
    138.73374111628));
#2977 = CARTESIAN_POINT('',(139.66666666666,36.855556047119,
    138.8151034558));
#2978 = CARTESIAN_POINT('',(139.66666666666,36.878124229455,
    133.79043794252));
#2979 = CARTESIAN_POINT('',(139.66666666666,37.32447326766,
    129.76646537296));
#2980 = CARTESIAN_POINT('',(139.66666666666,37.827517875126,
    125.78691016811));
#2981 = CARTESIAN_POINT('',(139.66666666666,38.272840966225,
    121.6707018899));
#2982 = CARTESIAN_POINT('',(139.66666666666,38.73150082003,
    117.93038780207));
#2983 = CARTESIAN_POINT('',(139.66666666666,39.252468236638,
    113.24143070261));
#2984 = CARTESIAN_POINT('',(139.66666666666,39.636451622925,
    109.52790691269));
#2985 = CARTESIAN_POINT('',(139.66666666666,40.077967576774,
    105.19245018961));
#2986 = CARTESIAN_POINT('',(139.66666666666,40.502838203467,
    102.36728329041));
#2987 = CARTESIAN_POINT('',(139.66666666666,40.853495390106,
    95.766361868014));
#2988 = CARTESIAN_POINT('',(139.66666666666,41.219616586184,
    93.937765036803));
#2989 = CARTESIAN_POINT('',(139.66666666666,41.532592645564,
    89.364446517596));
#2990 = CARTESIAN_POINT('',(139.66666666666,41.819871656556,
    85.526792638012));
#2991 = CARTESIAN_POINT('',(139.66666666666,42.000690013838,
    81.480764811339));
#2992 = CARTESIAN_POINT('',(139.66666666666,42.331474136528,
    77.528956704237));
#2993 = CARTESIAN_POINT('',(139.66666666666,42.315628967987,
    73.411111636659));
#2994 = CARTESIAN_POINT('',(139.66666666666,42.576369163801,
    69.541255714823));
#2995 = CARTESIAN_POINT('',(139.66666666666,42.272982708473,
    65.520486150664));
#2996 = CARTESIAN_POINT('',(139.66666666666,42.232624009466,
    61.542797729712));
#2997 = CARTESIAN_POINT('',(139.66666666666,42.045829844569,
    57.550855390254));
#2998 = CARTESIAN_POINT('',(139.66666666666,41.941179286907,
    53.555219168468));
#2999 = CARTESIAN_POINT('',(139.66666666666,41.450511674104,
    49.544123366151));
#3000 = CARTESIAN_POINT('',(139.66666666666,41.516484321986,
    45.526534792633));
#3001 = CARTESIAN_POINT('',(139.66666666666,41.016190788266,
    41.451938964016));
#3002 = CARTESIAN_POINT('',(139.66666666666,40.84290171653,
    37.523309969013));
#3003 = CARTESIAN_POINT('',(139.66666666666,40.520355385283,
    32.906020384763));
#3004 = CARTESIAN_POINT('',(139.66666666666,39.897552897562,
    29.043675482635));
#3005 = CARTESIAN_POINT('',(139.66666666666,38.916353771267,
    25.070660404288));
#3006 = CARTESIAN_POINT('',(139.66666666666,37.573380977337,
    21.510648581953));
#3007 = CARTESIAN_POINT('',(139.66666666666,35.799898994096,
    17.717657020659));
#3008 = CARTESIAN_POINT('',(139.66666666666,33.461676401039,
    14.351904464254));
#3009 = CARTESIAN_POINT('',(139.66666666666,30.739567023492,
    11.238868913401));
#3010 = CARTESIAN_POINT('',(139.66666666666,27.107242214759,
    9.271478804833));
#3011 = CARTESIAN_POINT('',(139.66666666666,22.705695812856,
    8.102117869935));
#3012 = CARTESIAN_POINT('',(139.66666666666,19.434790066449,
    8.825009082964));
#3013 = CARTESIAN_POINT('',(139.66666666666,12.49148102386,
    5.700012191518));
#3014 = CARTESIAN_POINT('',(139.66666666666,16.81683396055,
    2.153433594635));
#3015 = CARTESIAN_POINT('',(139.66666666666,21.03204075307,
    3.595495246059));
#3016 = CARTESIAN_POINT('',(139.66666666666,25.029412915369,
    4.191791462618));
#3017 = CARTESIAN_POINT('',(139.66666666666,28.955180314131,
    5.364601267361));
#3018 = CARTESIAN_POINT('',(139.66666666666,33.36778724011,
    6.819579304297));
#3019 = CARTESIAN_POINT('',(139.66666666666,36.019369025835,
    9.036316730617));
#3020 = CARTESIAN_POINT('',(139.66666666666,39.230236355155,
    11.614066474677));
#3021 = CARTESIAN_POINT('',(139.66666666666,42.72919746862,
    14.414930150109));
#3022 = CARTESIAN_POINT('',(139.66666666666,44.759361936234,
    17.687838205503));
#3023 = CARTESIAN_POINT('',(139.66666666666,46.278156490697,
    21.696537095757));
#3024 = CARTESIAN_POINT('',(139.66666666666,46.213103360211,
    25.677202761819));
#3025 = CARTESIAN_POINT('',(139.66666666666,47.565446669021,
    29.62832200599));
#3026 = CARTESIAN_POINT('',(139.66666666666,47.900614822213,
    33.594488195066));
#3027 = CARTESIAN_POINT('',(139.66666666666,48.41235726589,
    37.608901834813));
#3028 = CARTESIAN_POINT('',(139.66666666666,48.888773763531,
    41.61182844082));
#3029 = CARTESIAN_POINT('',(139.66666666666,49.168260093127,
    45.647588625372));
#3030 = CARTESIAN_POINT('',(139.66666666666,49.478766313726,
    49.743836495119));
#3031 = CARTESIAN_POINT('',(139.66666666666,49.739167511419,
    53.66897450961));
#3032 = CARTESIAN_POINT('',(139.66666666666,49.928884469834,
    57.701681438991));
#3033 = CARTESIAN_POINT('',(139.66666666666,50.072381000517,
    61.797016890348));
#3034 = CARTESIAN_POINT('',(139.66666666666,50.179511383814,
    65.723926730177));
#3035 = CARTESIAN_POINT('',(139.66666666666,50.26122807854,
    69.939334389933));
#3036 = CARTESIAN_POINT('',(139.66666666666,50.28413797045,
    73.918790813703));
#3037 = CARTESIAN_POINT('',(139.66666666666,50.366777449909,
    77.957579140692));
#3038 = CARTESIAN_POINT('',(139.66666666666,50.260458434114,
    81.995958449169));
#3039 = CARTESIAN_POINT('',(139.66666666666,50.202526029489,
    85.989244273498));
#3040 = CARTESIAN_POINT('',(139.66666666666,50.013527576739,
    90.198266729777));
#3041 = CARTESIAN_POINT('',(139.66666666666,49.79055074725,
    94.033589972322));
#3042 = CARTESIAN_POINT('',(139.66666666666,49.738688323039,
    98.108717165306));
#3043 = CARTESIAN_POINT('',(139.66666666666,49.440680726183,
    102.13092125165));
#3044 = CARTESIAN_POINT('',(139.66666666666,48.965004255063,
    106.11412042966));
#3045 = CARTESIAN_POINT('',(139.66666666666,49.295002335031,
    110.31162115803));
#3046 = CARTESIAN_POINT('',(139.66666666666,48.500709119832,
    114.01299538925));
#3047 = CARTESIAN_POINT('',(139.66666666666,48.420514581296,
    118.83037568075));
#3048 = CARTESIAN_POINT('',(139.66666666666,46.828866481953,
    122.03265415069));
#3049 = CARTESIAN_POINT('',(139.66666666666,48.24246471389,
    126.77490610559));
#3050 = CARTESIAN_POINT('',(139.66666666666,46.340607032588,
    130.99504631375));
#3051 = CARTESIAN_POINT('',(139.66666666666,52.255962473653,
    135.08396212804));
#3052 = CARTESIAN_POINT('',(139.66666666666,49.607681936378,
    138.26919656913));
#3053 = CARTESIAN_POINT('',(139.66666666666,42.061464241635,
    129.735975943));
#3054 = CARTESIAN_POINT('',(139.66666666666,44.449915647031,
    128.92894548195));
#3055 = CARTESIAN_POINT('',(139.66666666666,44.582076571709,
    118.01776350171));
#3056 = CARTESIAN_POINT('',(139.66666666666,39.796548037927,
    121.77186065206));
#3057 = CARTESIAN_POINT('',(139.66666666666,40.152989329555,
    125.56387105208));
#3058 = CARTESIAN_POINT('',(139.66666666666,39.949362284562,
    130.39298206983));
#3059 = CARTESIAN_POINT('',(139.66666666666,39.856387901646,
    135.65515250647));
#3060 = CARTESIAN_POINT('',(139.66666666666,38.900825328755,
    140.80136247247));
#3061 = CARTESIAN_POINT('',(139.66666666666,35.058721397391,
    141.34044169027));
#3062 = CARTESIAN_POINT('',(139.66666666666,30.224030864207,
    144.77279453821));
#3063 = CARTESIAN_POINT('',(139.66666666666,25.071179276513,
    147.48747757969));
#3064 = CARTESIAN_POINT('',(139.66666666666,17.875118337918,
    137.82785573192));
#3065 = CARTESIAN_POINT('',(139.66666666666,26.290190530694,
    139.68764117103));
#3066 = CARTESIAN_POINT('',(139.66666666666,29.987810076958,
    138.73374111628));
#3067 = CARTESIAN_POINT('',(149.33333333333,31.639491391475,
    135.43201675411));
#3068 = CARTESIAN_POINT('',(149.33333333333,34.111372412951,
    135.83532118653));
#3069 = CARTESIAN_POINT('',(149.33333333333,38.816003223004,
    135.59922322306));
#3070 = CARTESIAN_POINT('',(149.33333333333,38.583698628659,
    130.48692664492));
#3071 = CARTESIAN_POINT('',(149.33333333333,39.355072443787,
    127.28405676737));
#3072 = CARTESIAN_POINT('',(149.33333333333,39.932338977449,
    123.6503031422));
#3073 = CARTESIAN_POINT('',(149.33333333333,40.487327173201,
    120.04345112771));
#3074 = CARTESIAN_POINT('',(149.33333333333,40.884113455367,
    116.51238971371));
#3075 = CARTESIAN_POINT('',(149.33333333333,41.487218381873,
    112.73304967882));
#3076 = CARTESIAN_POINT('',(149.33333333333,41.9454361642,
    109.60970608631));
#3077 = CARTESIAN_POINT('',(149.33333333333,42.451660117817,
    105.80369005047));
#3078 = CARTESIAN_POINT('',(149.33333333333,42.851249201647,
    102.39030538654));
#3079 = CARTESIAN_POINT('',(149.33333333333,43.202280407229,
    98.047817833775));
#3080 = CARTESIAN_POINT('',(149.33333333333,43.543410537245,
    95.826721143131));
#3081 = CARTESIAN_POINT('',(149.33333333333,43.812203490981,
    91.084672689947));
#3082 = CARTESIAN_POINT('',(149.33333333333,44.055913922407,
    87.735165285138));
#3083 = CARTESIAN_POINT('',(149.33333333333,44.258011902561,
    84.008441469332));
#3084 = CARTESIAN_POINT('',(149.33333333333,44.463828867283,
    80.387291784098));
#3085 = CARTESIAN_POINT('',(149.33333333333,44.534710036117,
    76.708890502295));
#3086 = CARTESIAN_POINT('',(149.33333333333,44.863696989588,
    73.140935744635));
#3087 = CARTESIAN_POINT('',(149.33333333333,44.548564858492,
    69.401953539018));
#3088 = CARTESIAN_POINT('',(149.33333333333,45.070809478467,
    65.766893532703));
#3089 = CARTESIAN_POINT('',(149.33333333333,44.979877378103,
    62.105847568329));
#3090 = CARTESIAN_POINT('',(149.33333333333,45.055775456436,
    58.45673863816));
#3091 = CARTESIAN_POINT('',(149.33333333333,44.883288447175,
    54.810310317533));
#3092 = CARTESIAN_POINT('',(149.33333333333,45.263308084363,
    51.175275170108));
#3093 = CARTESIAN_POINT('',(149.33333333333,44.633333538171,
    47.53596284644));
#3094 = CARTESIAN_POINT('',(149.33333333333,44.834975776212,
    43.957894664728));
#3095 = CARTESIAN_POINT('',(149.33333333333,44.39909310164,
    40.198503593667));
#3096 = CARTESIAN_POINT('',(149.33333333333,43.980407045579,
    36.990541010631));
#3097 = CARTESIAN_POINT('',(149.33333333333,43.479350735104,
    33.290149498565));
#3098 = CARTESIAN_POINT('',(149.33333333333,42.89880657524,
    29.732550381345));
#3099 = CARTESIAN_POINT('',(149.33333333333,42.342349240282,
    26.085287549275));
#3100 = CARTESIAN_POINT('',(149.33333333333,41.428535647431,
    22.685475389522));
#3101 = CARTESIAN_POINT('',(149.33333333333,39.82986982854,
    19.686082433651));
#3102 = CARTESIAN_POINT('',(149.33333333333,36.805528843738,
    17.444032956014));
#3103 = CARTESIAN_POINT('',(149.33333333333,33.286972735185,
    15.380088462921));
#3104 = CARTESIAN_POINT('',(149.33333333333,29.815034087224,
    13.939356680694));
#3105 = CARTESIAN_POINT('',(149.33333333333,27.737116983803,
    13.23757268461));
#3106 = CARTESIAN_POINT('',(149.33333333333,22.918731314622,
    11.193092366812));
#3107 = CARTESIAN_POINT('',(149.33333333333,26.09843053197,
    7.937949231272));
#3108 = CARTESIAN_POINT('',(149.33333333333,29.558384641225,
    7.889574276852));
#3109 = CARTESIAN_POINT('',(149.33333333333,32.738617633407,
    9.978653043826));
#3110 = CARTESIAN_POINT('',(149.33333333333,36.030913011516,
    11.597826775938));
#3111 = CARTESIAN_POINT('',(149.33333333333,38.690118279415,
    13.226487752185));
#3112 = CARTESIAN_POINT('',(149.33333333333,42.111897284936,
    15.056133640156));
#3113 = CARTESIAN_POINT('',(149.33333333333,44.72866309095,
    17.489343423031));
#3114 = CARTESIAN_POINT('',(149.33333333333,46.573828710071,
    20.619370320142));
#3115 = CARTESIAN_POINT('',(149.33333333333,48.441648997228,
    24.004567992595));
#3116 = CARTESIAN_POINT('',(149.33333333333,49.041710118743,
    27.431568430007));
#3117 = CARTESIAN_POINT('',(149.33333333333,49.901785617732,
    31.062912131772));
#3118 = CARTESIAN_POINT('',(149.33333333333,49.641465233971,
    34.697558309896));
#3119 = CARTESIAN_POINT('',(149.33333333333,50.002032239987,
    38.347827591738));
#3120 = CARTESIAN_POINT('',(149.33333333333,50.351848033809,
    41.953517768335));
#3121 = CARTESIAN_POINT('',(149.33333333333,50.541091092062,
    45.571374468059));
#3122 = CARTESIAN_POINT('',(149.33333333333,50.947939371523,
    49.21004071903));
#3123 = CARTESIAN_POINT('',(149.33333333333,51.19902741398,
    52.629274219783));
#3124 = CARTESIAN_POINT('',(149.33333333333,51.444765722129,
    56.517036768206));
#3125 = CARTESIAN_POINT('',(149.33333333333,51.615242193725,
    60.105165272454));
#3126 = CARTESIAN_POINT('',(149.33333333333,51.744402757931,
    63.632757868956));
#3127 = CARTESIAN_POINT('',(149.33333333333,51.840618257181,
    67.576797151396));
#3128 = CARTESIAN_POINT('',(149.33333333333,51.861397957742,
    70.831424604695));
#3129 = CARTESIAN_POINT('',(149.33333333333,51.972981613279,
    74.575870080954));
#3130 = CARTESIAN_POINT('',(149.33333333333,51.560970378526,
    78.188173338615));
#3131 = CARTESIAN_POINT('',(149.33333333333,51.820618455424,
    81.821400408217));
#3132 = CARTESIAN_POINT('',(149.33333333333,51.92044651406,
    85.468166103991));
#3133 = CARTESIAN_POINT('',(149.33333333333,51.221336959066,
    88.982116642683));
#3134 = CARTESIAN_POINT('',(149.33333333333,51.102432743106,
    92.708832573551));
#3135 = CARTESIAN_POINT('',(149.33333333333,51.146504878085,
    96.292189286566));
#3136 = CARTESIAN_POINT('',(149.33333333333,50.689384072698,
    99.914709704758));
#3137 = CARTESIAN_POINT('',(149.33333333333,50.551085129473,
    103.57720873447));
#3138 = CARTESIAN_POINT('',(149.33333333333,49.730019351148,
    107.12668351889));
#3139 = CARTESIAN_POINT('',(149.33333333333,49.635315790301,
    110.98023969354));
#3140 = CARTESIAN_POINT('',(149.33333333333,48.950314554581,
    114.02818443263));
#3141 = CARTESIAN_POINT('',(149.33333333333,49.125697842918,
    118.37135795896));
#3142 = CARTESIAN_POINT('',(149.33333333333,48.247746407242,
    121.66183249982));
#3143 = CARTESIAN_POINT('',(149.33333333333,48.381037026104,
    125.3896121944));
#3144 = CARTESIAN_POINT('',(149.33333333333,45.586907099989,
    129.64252713969));
#3145 = CARTESIAN_POINT('',(149.33333333333,52.505666583663,
    130.25380609848));
#3146 = CARTESIAN_POINT('',(149.33333333333,53.672416572216,
    138.56485659543));
#3147 = CARTESIAN_POINT('',(149.33333333333,44.875231095602,
    133.89673257821));
#3148 = CARTESIAN_POINT('',(149.33333333333,44.839672017798,
    130.411415329));
#3149 = CARTESIAN_POINT('',(149.33333333333,43.895511674071,
    123.81739390772));
#3150 = CARTESIAN_POINT('',(149.33333333333,41.812150959891,
    129.59913330204));
#3151 = CARTESIAN_POINT('',(149.33333333333,42.564229443308,
    133.71259041588));
#3152 = CARTESIAN_POINT('',(149.33333333333,40.33682060809,
    136.62541158772));
#3153 = CARTESIAN_POINT('',(149.33333333333,36.477280892968,
    137.37234797983));
#3154 = CARTESIAN_POINT('',(149.33333333333,33.097881671938,
    139.98125796459));
#3155 = CARTESIAN_POINT('',(149.33333333333,28.823799486954,
    140.36131775497));
#3156 = CARTESIAN_POINT('',(149.33333333333,22.487857613984,
    134.23778104861));
#3157 = CARTESIAN_POINT('',(149.33333333333,31.639491391475,
    135.43201675411));
#3158 = CARTESIAN_POINT('',(149.33333333333,34.111372412951,
    135.83532118653));
#3159 = CARTESIAN_POINT('',(149.33333333333,38.816003223004,
    135.59922322306));
#3160 = CARTESIAN_POINT('',(157.77777777777,39.71131085547,
    133.50002741488));
#3161 = CARTESIAN_POINT('',(157.77777777777,42.217807133233,
    129.91732853836));
#3162 = CARTESIAN_POINT('',(157.77777777777,42.687954034256,
    125.61289599992));
#3163 = CARTESIAN_POINT('',(157.77777777777,43.645588303327,
    122.46805588627));
#3164 = CARTESIAN_POINT('',(157.77777777777,43.548893309296,
    118.86107985092));
#3165 = CARTESIAN_POINT('',(157.77777777777,43.96527375592,
    115.38335519537));
#3166 = CARTESIAN_POINT('',(157.77777777777,44.421401888108,
    111.90210551007));
#3167 = CARTESIAN_POINT('',(157.77777777777,45.289642875283,
    108.34618784324));
#3168 = CARTESIAN_POINT('',(157.77777777777,45.70428367899,
    104.9526574328));
#3169 = CARTESIAN_POINT('',(157.77777777777,46.273181393583,
    101.16744807367));
#3170 = CARTESIAN_POINT('',(157.77777777777,46.656396720952,
    97.728700758362));
#3171 = CARTESIAN_POINT('',(157.77777777777,47.076008920119,
    94.192244091723));
#3172 = CARTESIAN_POINT('',(157.77777777777,47.456667457493,
    90.647825433637));
#3173 = CARTESIAN_POINT('',(157.77777777777,47.756470397304,
    87.822519452604));
#3174 = CARTESIAN_POINT('',(157.77777777777,48.058666332358,
    83.398882551343));
#3175 = CARTESIAN_POINT('',(157.77777777777,48.309330533334,
    80.087309572381));
#3176 = CARTESIAN_POINT('',(157.77777777777,48.531179668416,
    76.472416122533));
#3177 = CARTESIAN_POINT('',(157.77777777777,48.683749346204,
    72.9309306663));
#3178 = CARTESIAN_POINT('',(157.77777777777,48.90292299161,
    69.379304107458));
#3179 = CARTESIAN_POINT('',(157.77777777777,48.69357935952,
    65.782463255019));
#3180 = CARTESIAN_POINT('',(157.77777777777,49.481835294852,
    62.264074235179));
#3181 = CARTESIAN_POINT('',(157.77777777777,48.851693513512,
    58.695785733993));
#3182 = CARTESIAN_POINT('',(157.77777777777,49.151089235332,
    55.138644061429));
#3183 = CARTESIAN_POINT('',(157.77777777777,49.065516431829,
    51.574912500015));
#3184 = CARTESIAN_POINT('',(157.77777777777,49.284563300194,
    48.009739790624));
#3185 = CARTESIAN_POINT('',(157.77777777777,48.413955544511,
    44.43452183399));
#3186 = CARTESIAN_POINT('',(157.77777777777,49.124082176623,
    40.873342958553));
#3187 = CARTESIAN_POINT('',(157.77777777777,48.232390194118,
    37.227937702973));
#3188 = CARTESIAN_POINT('',(157.77777777777,48.25002181237,
    33.814722145094));
#3189 = CARTESIAN_POINT('',(157.77777777777,48.04558339157,
    30.004199890095));
#3190 = CARTESIAN_POINT('',(157.77777777777,47.860915882474,
    26.489070051711));
#3191 = CARTESIAN_POINT('',(157.77777777777,47.670520337061,
    22.928070892024));
#3192 = CARTESIAN_POINT('',(157.77777777777,47.203169388168,
    19.223541145198));
#3193 = CARTESIAN_POINT('',(157.77777777777,46.275337332395,
    15.921803390963));
#3194 = CARTESIAN_POINT('',(157.77777777777,44.609153433895,
    12.524026835435));
#3195 = CARTESIAN_POINT('',(157.77777777777,42.467481477442,
    9.290126293381));
#3196 = CARTESIAN_POINT('',(157.77777777777,39.582792652492,
    7.281101187112));
#3197 = CARTESIAN_POINT('',(157.77777777777,35.82601931622,
    5.885507706046));
#3198 = CARTESIAN_POINT('',(157.77777777777,31.442469967675,
    5.154536862724));
#3199 = CARTESIAN_POINT('',(157.77777777777,26.195477237628,
    2.384373401985));
#3200 = CARTESIAN_POINT('',(157.77777777777,30.358126003388,
    1.48712146262));
#3201 = CARTESIAN_POINT('',(157.77777777777,34.719913097835,
    1.942638596109));
#3202 = CARTESIAN_POINT('',(157.77777777777,38.525545491734,
    2.891479646886));
#3203 = CARTESIAN_POINT('',(157.77777777777,42.157989306536,
    4.517625366392));
#3204 = CARTESIAN_POINT('',(157.77777777777,45.514982675051,
    6.757083137571));
#3205 = CARTESIAN_POINT('',(157.77777777777,47.867448032729,
    9.584172216227));
#3206 = CARTESIAN_POINT('',(157.77777777777,49.68619153329,
    12.893863083155));
#3207 = CARTESIAN_POINT('',(157.77777777777,51.077394523437,
    16.197477671313));
#3208 = CARTESIAN_POINT('',(157.77777777777,51.608726432256,
    19.71303374483));
#3209 = CARTESIAN_POINT('',(157.77777777777,51.917777403957,
    23.346671796922));
#3210 = CARTESIAN_POINT('',(157.77777777777,51.938938195388,
    26.886170900681));
#3211 = CARTESIAN_POINT('',(157.77777777777,52.371768480992,
    30.492489170308));
#3212 = CARTESIAN_POINT('',(157.77777777777,52.729168977947,
    34.025005760323));
#3213 = CARTESIAN_POINT('',(157.77777777777,53.039524490483,
    37.578208286201));
#3214 = CARTESIAN_POINT('',(157.77777777777,53.419548065269,
    41.120871656406));
#3215 = CARTESIAN_POINT('',(157.77777777777,53.636391590259,
    44.609055942966));
#3216 = CARTESIAN_POINT('',(157.77777777777,53.79668138643,
    48.532922919368));
#3217 = CARTESIAN_POINT('',(157.77777777777,53.912433461745,
    51.675221739917));
#3218 = CARTESIAN_POINT('',(157.77777777777,53.997812159517,
    55.293014171917));
#3219 = CARTESIAN_POINT('',(157.77777777777,54.049577819835,
    58.978106218377));
#3220 = CARTESIAN_POINT('',(157.77777777777,54.047053372293,
    62.021316092042));
#3221 = CARTESIAN_POINT('',(157.77777777777,54.044638135048,
    66.236277524727));
#3222 = CARTESIAN_POINT('',(157.77777777777,53.842881789302,
    69.622581492204));
#3223 = CARTESIAN_POINT('',(157.77777777777,54.201354726695,
    73.231941110418));
#3224 = CARTESIAN_POINT('',(157.77777777777,53.632955458457,
    76.788654687335));
#3225 = CARTESIAN_POINT('',(157.77777777777,53.372173520791,
    80.348553239022));
#3226 = CARTESIAN_POINT('',(157.77777777777,53.849380041635,
    83.97405707675));
#3227 = CARTESIAN_POINT('',(157.77777777777,53.75844897879,
    87.486789022838));
#3228 = CARTESIAN_POINT('',(157.77777777777,52.861524224896,
    91.064344408552));
#3229 = CARTESIAN_POINT('',(157.77777777777,53.215419402971,
    94.590201682848));
#3230 = CARTESIAN_POINT('',(157.77777777777,52.968437170059,
    98.04433620592));
#3231 = CARTESIAN_POINT('',(157.77777777777,53.051375509843,
    101.53497449182));
#3232 = CARTESIAN_POINT('',(157.77777777777,52.584739272767,
    104.91499452269));
#3233 = CARTESIAN_POINT('',(157.77777777777,52.277281919155,
    108.80667906159));
#3234 = CARTESIAN_POINT('',(157.77777777777,51.404366626668,
    111.70121984815));
#3235 = CARTESIAN_POINT('',(157.77777777777,50.93131425258,
    115.41889662026));
#3236 = CARTESIAN_POINT('',(157.77777777777,50.255061910558,
    118.47051626836));
#3237 = CARTESIAN_POINT('',(157.77777777777,49.875540197738,
    121.71912501277));
#3238 = CARTESIAN_POINT('',(157.77777777777,45.228250242741,
    127.20297427797));
#3239 = CARTESIAN_POINT('',(157.77777777777,50.829128704155,
    126.96249165336));
#3240 = CARTESIAN_POINT('',(157.77777777777,55.939171919249,
    133.68374792325));
#3241 = CARTESIAN_POINT('',(157.77777777777,49.505450324278,
    135.7094916581));
#3242 = CARTESIAN_POINT('',(157.77777777777,47.548920911961,
    129.48555528058));
#3243 = CARTESIAN_POINT('',(157.77777777777,44.797109746046,
    131.35198126716));
#3244 = CARTESIAN_POINT('',(157.77777777777,42.276751650296,
    133.45160295747));
#3245 = CARTESIAN_POINT('',(157.77777777777,38.978637537688,
    135.79815938797));
#3246 = CARTESIAN_POINT('',(157.77777777777,35.286819257346,
    136.96531926439));
#3247 = CARTESIAN_POINT('',(157.77777777777,31.237637683103,
    135.87809972019));
#3248 = CARTESIAN_POINT('',(157.77777777777,28.994980858085,
    131.98942715193));
#3249 = CARTESIAN_POINT('',(157.77777777777,37.386957417482,
    132.84728604247));
#3250 = CARTESIAN_POINT('',(157.77777777777,39.71131085547,
    133.50002741488));
#3251 = CARTESIAN_POINT('',(157.77777777777,42.217807133233,
    129.91732853836));
#3252 = CARTESIAN_POINT('',(157.77777777777,42.687954034256,
    125.61289599992));
#3253 = CARTESIAN_POINT('',(165.88888888888,39.2329004856,
    130.44683700635));
#3254 = CARTESIAN_POINT('',(165.88888888888,42.622602548989,
    131.73011775182));
#3255 = CARTESIAN_POINT('',(165.88888888888,44.938659083239,
    130.89055397857));
#3256 = CARTESIAN_POINT('',(165.88888888888,44.936819280694,
    127.95607266703));
#3257 = CARTESIAN_POINT('',(165.88888888888,46.045123263804,
    125.31463243645));
#3258 = CARTESIAN_POINT('',(165.88888888888,46.320206435564,
    122.69450428098));
#3259 = CARTESIAN_POINT('',(165.88888888888,46.790175009196,
    120.21576263195));
#3260 = CARTESIAN_POINT('',(165.88888888888,46.727729834837,
    117.85329571991));
#3261 = CARTESIAN_POINT('',(165.88888888888,47.15926666496,
    115.39907727728));
#3262 = CARTESIAN_POINT('',(165.88888888888,47.365295141068,
    113.11196375345));
#3263 = CARTESIAN_POINT('',(165.88888888888,47.823017082938,
    110.71930526788));
#3264 = CARTESIAN_POINT('',(165.88888888888,48.193285059217,
    108.22685658602));
#3265 = CARTESIAN_POINT('',(165.88888888888,48.582715725175,
    106.29218795028));
#3266 = CARTESIAN_POINT('',(165.88888888888,49.050064347175,
    102.05777337991));
#3267 = CARTESIAN_POINT('',(165.88888888888,49.458421455284,
    101.59924292365));
#3268 = CARTESIAN_POINT('',(165.88888888888,49.884879762214,
    98.718399252835));
#3269 = CARTESIAN_POINT('',(165.88888888888,50.285655426128,
    96.489871124041));
#3270 = CARTESIAN_POINT('',(165.88888888888,50.721269003634,
    94.088347520691));
#3271 = CARTESIAN_POINT('',(165.88888888888,50.955626735226,
    91.73248294096));
#3272 = CARTESIAN_POINT('',(165.88888888888,51.669407097548,
    89.36663451922));
#3273 = CARTESIAN_POINT('',(165.88888888888,51.161554983838,
    86.995608486425));
#3274 = CARTESIAN_POINT('',(165.88888888888,52.178481522792,
    84.625780750881));
#3275 = CARTESIAN_POINT('',(165.88888888888,52.066742437028,
    82.254043028443));
#3276 = CARTESIAN_POINT('',(165.88888888888,52.337426816831,
    79.882873809919));
#3277 = CARTESIAN_POINT('',(165.88888888888,52.161020301381,
    77.511948338369));
#3278 = CARTESIAN_POINT('',(165.88888888888,53.337685079481,
    75.152803259171));
#3279 = CARTESIAN_POINT('',(165.88888888888,52.395610056774,
    72.770741168812));
#3280 = CARTESIAN_POINT('',(165.88888888888,53.545064197972,
    70.513331847718));
#3281 = CARTESIAN_POINT('',(165.88888888888,53.448824475343,
    67.942242676237));
#3282 = CARTESIAN_POINT('',(165.88888888888,53.689573240773,
    65.675829378441));
#3283 = CARTESIAN_POINT('',(165.88888888888,53.783641141267,
    63.258784159172));
#3284 = CARTESIAN_POINT('',(165.88888888888,53.883714246369,
    60.781817239013));
#3285 = CARTESIAN_POINT('',(165.88888888888,54.002323555237,
    58.785624074659));
#3286 = CARTESIAN_POINT('',(165.88888888888,54.179593530562,
    56.024849834379));
#3287 = CARTESIAN_POINT('',(165.88888888888,54.506187572566,
    53.650205454123));
#3288 = CARTESIAN_POINT('',(165.88888888888,54.845146867835,
    51.449608796565));
#3289 = CARTESIAN_POINT('',(165.88888888888,55.340931216603,
    48.378068824068));
#3290 = CARTESIAN_POINT('',(165.88888888888,55.85598213279,
    45.576216643524));
#3291 = CARTESIAN_POINT('',(165.88888888888,56.766388558799,
    41.446617890383));
#3292 = CARTESIAN_POINT('',(165.88888888888,58.015160343427,
    37.447995995829));
#3293 = CARTESIAN_POINT('',(165.88888888888,60.154574268549,
    36.780847159405));
#3294 = CARTESIAN_POINT('',(165.88888888888,60.367265878899,
    40.293787872691));
#3295 = CARTESIAN_POINT('',(165.88888888888,60.214477253704,
    43.245204571118));
#3296 = CARTESIAN_POINT('',(165.88888888888,60.005747019798,
    46.063375621716));
#3297 = CARTESIAN_POINT('',(165.88888888888,59.764591743717,
    48.746936692592));
#3298 = CARTESIAN_POINT('',(165.88888888888,59.53643723743,
    51.333554806621));
#3299 = CARTESIAN_POINT('',(165.88888888888,59.447154601022,
    53.658049746643));
#3300 = CARTESIAN_POINT('',(165.88888888888,59.277988732889,
    56.251937805591));
#3301 = CARTESIAN_POINT('',(165.88888888888,59.14402044258,
    58.662893323391));
#3302 = CARTESIAN_POINT('',(165.88888888888,59.219930673499,
    61.011517361743));
#3303 = CARTESIAN_POINT('',(165.88888888888,59.043721545796,
    63.500984168755));
#3304 = CARTESIAN_POINT('',(165.88888888888,58.891529045749,
    65.852266340363));
#3305 = CARTESIAN_POINT('',(165.88888888888,58.59781987115,
    68.283050938206));
#3306 = CARTESIAN_POINT('',(165.88888888888,58.385177259267,
    70.681999171291));
#3307 = CARTESIAN_POINT('',(165.88888888888,58.197535866629,
    73.105586579337));
#3308 = CARTESIAN_POINT('',(165.88888888888,57.923486528747,
    75.582342209904));
#3309 = CARTESIAN_POINT('',(165.88888888888,57.763925811564,
    77.583606713887));
#3310 = CARTESIAN_POINT('',(165.88888888888,57.544493794737,
    80.316703251938));
#3311 = CARTESIAN_POINT('',(165.88888888888,57.356733445608,
    82.764627938885));
#3312 = CARTESIAN_POINT('',(165.88888888888,57.141582031877,
    85.180173243006));
#3313 = CARTESIAN_POINT('',(165.88888888888,56.923244163213,
    88.042749720204));
#3314 = CARTESIAN_POINT('',(165.88888888888,56.667157059274,
    89.681946169019));
#3315 = CARTESIAN_POINT('',(165.88888888888,56.501636494957,
    92.273114302129));
#3316 = CARTESIAN_POINT('',(165.88888888888,55.936511670514,
    94.599952291219));
#3317 = CARTESIAN_POINT('',(165.88888888888,55.977964465999,
    96.989279583986));
#3318 = CARTESIAN_POINT('',(165.88888888888,55.431187737839,
    99.342992654771));
#3319 = CARTESIAN_POINT('',(165.88888888888,54.776948534076,
    101.70515010965));
#3320 = CARTESIAN_POINT('',(165.88888888888,54.238557970228,
    104.01592902441));
#3321 = CARTESIAN_POINT('',(165.88888888888,54.344068829611,
    106.37943504153));
#3322 = CARTESIAN_POINT('',(165.88888888888,52.926624563547,
    108.85058496164));
#3323 = CARTESIAN_POINT('',(165.88888888888,51.818833561924,
    111.52085562239));
#3324 = CARTESIAN_POINT('',(165.88888888888,50.733784372043,
    114.26889989756));
#3325 = CARTESIAN_POINT('',(165.88888888888,50.2768956299,116.7833077446
    ));
#3326 = CARTESIAN_POINT('',(165.88888888888,50.221917240906,
    119.03261790525));
#3327 = CARTESIAN_POINT('',(165.88888888888,50.540448279744,
    122.1089686518));
#3328 = CARTESIAN_POINT('',(165.88888888888,50.731043424017,
    124.94628636034));
#3329 = CARTESIAN_POINT('',(165.88888888888,50.266473410644,
    128.69660842019));
#3330 = CARTESIAN_POINT('',(165.88888888888,52.49325823542,
    131.20427944003));
#3331 = CARTESIAN_POINT('',(165.88888888888,59.073472365259,
    131.8860433941));
#3332 = CARTESIAN_POINT('',(165.88888888888,56.00349584603,
    135.16309308139));
#3333 = CARTESIAN_POINT('',(165.88888888888,50.928180543875,
    132.50914628293));
#3334 = CARTESIAN_POINT('',(165.88888888888,50.228410703438,
    127.62945141945));
#3335 = CARTESIAN_POINT('',(165.88888888888,48.470671418323,
    128.45327679141));
#3336 = CARTESIAN_POINT('',(165.88888888888,46.857931317652,
    131.42441238179));
#3337 = CARTESIAN_POINT('',(165.88888888888,45.271219925597,
    133.21897557168));
#3338 = CARTESIAN_POINT('',(165.88888888888,42.988319837003,
    134.05974151279));
#3339 = CARTESIAN_POINT('',(165.88888888888,40.464093793089,
    134.46514529784));
#3340 = CARTESIAN_POINT('',(165.88888888888,38.001915366761,
    134.23521165579));
#3341 = CARTESIAN_POINT('',(165.88888888888,35.251464434249,
    133.24854260072));
#3342 = CARTESIAN_POINT('',(165.88888888888,36.108645568161,
    130.46537815671));
#3343 = CARTESIAN_POINT('',(165.88888888888,39.2329004856,
    130.44683700635));
#3344 = CARTESIAN_POINT('',(165.88888888888,42.622602548989,
    131.73011775182));
#3345 = CARTESIAN_POINT('',(165.88888888888,44.938659083239,
    130.89055397857));
#3346 = CARTESIAN_POINT('',(173.33333333333,40.80724241812,
    128.64454738977));
#3347 = CARTESIAN_POINT('',(173.33333333333,42.090130323935,
    127.87200920049));
#3348 = CARTESIAN_POINT('',(173.33333333333,44.07991169432,
    128.44157272263));
#3349 = CARTESIAN_POINT('',(173.33333333333,46.170357606063,
    128.87382038938));
#3350 = CARTESIAN_POINT('',(173.33333333333,47.622405992719,
    129.03432560637));
#3351 = CARTESIAN_POINT('',(173.33333333333,49.357188543775,
    128.68488474306));
#3352 = CARTESIAN_POINT('',(173.33333333333,50.006022074331,
    127.70339382075));
#3353 = CARTESIAN_POINT('',(173.33333333333,50.657463692991,
    126.35337078587));
#3354 = CARTESIAN_POINT('',(173.33333333333,50.956852333094,
    125.03878049305));
#3355 = CARTESIAN_POINT('',(173.33333333333,51.456244053081,
    123.64238974185));
#3356 = CARTESIAN_POINT('',(173.33333333333,51.576455082427,
    122.2351614562));
#3357 = CARTESIAN_POINT('',(173.33333333333,51.805027828257,
    121.00448458318));
#3358 = CARTESIAN_POINT('',(173.33333333333,51.987327384458,
    118.95980022414));
#3359 = CARTESIAN_POINT('',(173.33333333333,52.025747231115,
    119.9019139413));
#3360 = CARTESIAN_POINT('',(173.33333333333,52.139090882456,
    116.12128030225));
#3361 = CARTESIAN_POINT('',(173.33333333333,52.202460841345,
    115.31771929049));
#3362 = CARTESIAN_POINT('',(173.33333333333,52.292696267729,
    113.70495844034));
#3363 = CARTESIAN_POINT('',(173.33333333333,52.285680334088,
    112.30244630987));
#3364 = CARTESIAN_POINT('',(173.33333333333,52.659783534476,
    110.83053194413));
#3365 = CARTESIAN_POINT('',(173.33333333333,52.447467117134,
    109.39531738274));
#3366 = CARTESIAN_POINT('',(173.33333333333,53.142044726456,
    107.91359265369));
#3367 = CARTESIAN_POINT('',(173.33333333333,52.725554329677,
    106.45437516258));
#3368 = CARTESIAN_POINT('',(173.33333333333,53.140191542164,
    104.98555762584));
#3369 = CARTESIAN_POINT('',(173.33333333333,53.275822597315,
    103.5137948154));
#3370 = CARTESIAN_POINT('',(173.33333333333,53.821616680369,
    102.03667546937));
#3371 = CARTESIAN_POINT('',(173.33333333333,53.072040646555,
    100.53703652911));
#3372 = CARTESIAN_POINT('',(173.33333333333,54.409935209753,
    99.069198471011));
#3373 = CARTESIAN_POINT('',(173.33333333333,53.568232307118,
    97.401612634265));
#3374 = CARTESIAN_POINT('',(173.33333333333,53.987571389018,
    96.203546308811));
#3375 = CARTESIAN_POINT('',(173.33333333333,53.850787264553,
    94.655389560692));
#3376 = CARTESIAN_POINT('',(173.33333333333,54.016218825922,
    93.208453317406));
#3377 = CARTESIAN_POINT('',(173.33333333333,54.108582697543,
    91.906970728383));
#3378 = CARTESIAN_POINT('',(173.33333333333,54.263415814448,
    89.737053930445));
#3379 = CARTESIAN_POINT('',(173.33333333333,54.451190738923,
    88.848630080559));
#3380 = CARTESIAN_POINT('',(173.33333333333,54.718311883391,
    87.256054643763));
#3381 = CARTESIAN_POINT('',(173.33333333333,55.045418475308,
    85.230322642034));
#3382 = CARTESIAN_POINT('',(173.33333333333,55.507054956535,
    84.072824448142));
#3383 = CARTESIAN_POINT('',(173.33333333333,56.16224340256,
    83.090972092624));
#3384 = CARTESIAN_POINT('',(173.33333333333,57.075820380178,
    85.305620633209));
#3385 = CARTESIAN_POINT('',(173.33333333333,57.421140474782,
    87.149978896368));
#3386 = CARTESIAN_POINT('',(173.33333333333,57.219872579705,
    89.956218443964));
#3387 = CARTESIAN_POINT('',(173.33333333333,57.328828975163,
    91.139917330706));
#3388 = CARTESIAN_POINT('',(173.33333333333,57.384195178225,
    92.525221135283));
#3389 = CARTESIAN_POINT('',(173.33333333333,57.404403994715,
    94.040919687027));
#3390 = CARTESIAN_POINT('',(173.33333333333,57.330111569311,
    95.497924490753));
#3391 = CARTESIAN_POINT('',(173.33333333333,57.25377626951,
    96.885656154258));
#3392 = CARTESIAN_POINT('',(173.33333333333,57.055820532144,
    98.533989900591));
#3393 = CARTESIAN_POINT('',(173.33333333333,56.953350067131,
    99.631537094982));
#3394 = CARTESIAN_POINT('',(173.33333333333,56.939657415103,
    100.99321333544));
#3395 = CARTESIAN_POINT('',(173.33333333333,56.741990021046,
    102.42738161465));
#3396 = CARTESIAN_POINT('',(173.33333333333,56.71960019077,
    103.64224034602));
#3397 = CARTESIAN_POINT('',(173.33333333333,56.582965281302,
    105.09109485867));
#3398 = CARTESIAN_POINT('',(173.33333333333,56.525850989699,
    106.42436923714));
#3399 = CARTESIAN_POINT('',(173.33333333333,56.400024854185,
    107.82424871353));
#3400 = CARTESIAN_POINT('',(173.33333333333,56.283389790803,
    109.15287571357));
#3401 = CARTESIAN_POINT('',(173.33333333333,56.171309273578,
    110.54692298001));
#3402 = CARTESIAN_POINT('',(173.33333333333,56.045328502023,
    112.14119883063));
#3403 = CARTESIAN_POINT('',(173.33333333333,55.900122610829,
    113.61523359103));
#3404 = CARTESIAN_POINT('',(173.33333333333,55.763202749684,
    114.75249004414));
#3405 = CARTESIAN_POINT('',(173.33333333333,55.63507157936,
    115.88239439724));
#3406 = CARTESIAN_POINT('',(173.33333333333,55.494084042244,
    117.276453111));
#3407 = CARTESIAN_POINT('',(173.33333333333,55.349068333036,
    119.2543626369));
#3408 = CARTESIAN_POINT('',(173.33333333333,55.145828238116,
    120.53792738284));
#3409 = CARTESIAN_POINT('',(173.33333333333,55.069406972773,
    122.01993304452));
#3410 = CARTESIAN_POINT('',(173.33333333333,54.680903829864,
    123.45419933672));
#3411 = CARTESIAN_POINT('',(173.33333333333,54.907240625725,
    124.9381956543));
#3412 = CARTESIAN_POINT('',(173.33333333333,54.78127483463,
    126.3995796157));
#3413 = CARTESIAN_POINT('',(173.33333333333,54.624332449027,
    128.01854971168));
#3414 = CARTESIAN_POINT('',(173.33333333333,55.136491585096,
    129.44657318646));
#3415 = CARTESIAN_POINT('',(173.33333333333,56.686951231505,
    130.49496193636));
#3416 = CARTESIAN_POINT('',(173.33333333333,59.288454239323,
    130.85478149142));
#3417 = CARTESIAN_POINT('',(173.33333333333,61.349285085869,
    130.95294486805));
#3418 = CARTESIAN_POINT('',(173.33333333333,61.52083076054,
    131.97683107033));
#3419 = CARTESIAN_POINT('',(173.33333333333,60.031604972527,
    133.23138688587));
#3420 = CARTESIAN_POINT('',(173.33333333333,57.845619566437,
    133.40354314754));
#3421 = CARTESIAN_POINT('',(173.33333333333,56.239649488614,
    132.09409905862));
#3422 = CARTESIAN_POINT('',(173.33333333333,55.090352562137,
    129.83325037523));
#3423 = CARTESIAN_POINT('',(173.33333333333,53.526204985998,
    127.90103809439));
#3424 = CARTESIAN_POINT('',(173.33333333333,51.037751445453,
    127.53625011687));
#3425 = CARTESIAN_POINT('',(173.33333333333,50.297043491749,
    127.75432861555));
#3426 = CARTESIAN_POINT('',(173.33333333333,49.7508285741,
    129.85946808157));
#3427 = CARTESIAN_POINT('',(173.33333333333,48.38453224424,
    131.41644577993));
#3428 = CARTESIAN_POINT('',(173.33333333333,47.29159204512,
    132.3282056509));
#3429 = CARTESIAN_POINT('',(173.33333333333,46.081529509962,
    132.39075253833));
#3430 = CARTESIAN_POINT('',(173.33333333333,44.462370384249,
    132.24175053818));
#3431 = CARTESIAN_POINT('',(173.33333333333,43.056017018829,
    132.24628900545));
#3432 = CARTESIAN_POINT('',(173.33333333333,41.626378094745,
    132.27276219349));
#3433 = CARTESIAN_POINT('',(173.33333333333,40.10678976618,
    131.47721740905));
#3434 = CARTESIAN_POINT('',(173.33333333333,39.642029486767,
    130.56405200599));
#3435 = CARTESIAN_POINT('',(173.33333333333,39.913828417103,
    129.43555511902));
#3436 = CARTESIAN_POINT('',(173.33333333333,40.80724241812,
    128.64454738977));
#3437 = CARTESIAN_POINT('',(173.33333333333,42.090130323935,
    127.87200920049));
#3438 = CARTESIAN_POINT('',(173.33333333333,44.07991169432,
    128.44157272263));
#3439 = CARTESIAN_POINT('',(180.76666666666,46.709274742795,
    130.68741263409));
#3440 = CARTESIAN_POINT('',(180.76666666666,46.088598232505,
    130.77919748055));
#3441 = CARTESIAN_POINT('',(180.76666666666,45.2044076846,
    129.96788202548));
#3442 = CARTESIAN_POINT('',(180.76666666666,44.99825694015,
    129.5297355353));
#3443 = CARTESIAN_POINT('',(180.76666666666,44.724288108274,
    129.06366472321));
#3444 = CARTESIAN_POINT('',(180.76666666666,44.03552426113,
    128.80477188961));
#3445 = CARTESIAN_POINT('',(180.76666666666,44.273758333604,
    128.75904689237));
#3446 = CARTESIAN_POINT('',(180.76666666666,44.640113385034,
    128.93698362245));
#3447 = CARTESIAN_POINT('',(180.76666666666,44.998730121844,
    129.09732838766));
#3448 = CARTESIAN_POINT('',(180.76666666666,45.092876242219,
    129.33531766952));
#3449 = CARTESIAN_POINT('',(180.76666666666,45.64762650464,
    129.63185855961));
#3450 = CARTESIAN_POINT('',(180.76666666666,45.982587471104,
    129.64365841336));
#3451 = CARTESIAN_POINT('',(180.76666666666,46.329310009602,
    130.89840394914));
#3452 = CARTESIAN_POINT('',(180.76666666666,46.851648937146,
    127.66690006488));
#3453 = CARTESIAN_POINT('',(180.76666666666,47.2281516326,
    131.44824308305));
#3454 = CARTESIAN_POINT('',(180.76666666666,47.662850372807,
    130.81566555576));
#3455 = CARTESIAN_POINT('',(180.76666666666,48.042786242102,
    131.37918827185));
#3456 = CARTESIAN_POINT('',(180.76666666666,48.598997824771,
    131.6286505829));
#3457 = CARTESIAN_POINT('',(180.76666666666,48.503051605466,
    131.98388026161));
#3458 = CARTESIAN_POINT('',(180.76666666666,49.204753164397,
    132.27612249006));
#3459 = CARTESIAN_POINT('',(180.76666666666,49.277982758165,
    132.65661276121));
#3460 = CARTESIAN_POINT('',(180.76666666666,50.128100163561,
    132.99829158327));
#3461 = CARTESIAN_POINT('',(180.76666666666,50.391362601983,
    133.36359053399));
#3462 = CARTESIAN_POINT('',(180.76666666666,50.816296075956,
    133.74228014942));
#3463 = CARTESIAN_POINT('',(180.76666666666,50.840309182697,
    134.1421310841));
#3464 = CARTESIAN_POINT('',(180.76666666666,52.082996265096,
    134.59245947395));
#3465 = CARTESIAN_POINT('',(180.76666666666,51.199595236392,
    135.01060381502));
#3466 = CARTESIAN_POINT('',(180.76666666666,52.62450224829,
    135.75897058054));
#3467 = CARTESIAN_POINT('',(180.76666666666,52.684087564826,
    135.79375237805));
#3468 = CARTESIAN_POINT('',(180.76666666666,53.558911142724,
    136.35254287143));
#3469 = CARTESIAN_POINT('',(180.76666666666,53.838069844169,
    136.79936912027));
#3470 = CARTESIAN_POINT('',(180.76666666666,54.25504062622,
    136.99999753253));
#3471 = CARTESIAN_POINT('',(180.76666666666,54.582969683547,
    138.56822162606));
#3472 = CARTESIAN_POINT('',(180.76666666666,54.937969266494,
    138.07728750171));
#3473 = CARTESIAN_POINT('',(180.76666666666,55.188457153934,
    138.65565286763));
#3474 = CARTESIAN_POINT('',(180.76666666666,55.58224889549,
    139.92841420034));
#3475 = CARTESIAN_POINT('',(180.76666666666,55.839341144001,
    139.98481177413));
#3476 = CARTESIAN_POINT('',(180.76666666666,56.114337879086,
    140.56666603912));
#3477 = CARTESIAN_POINT('',(180.76666666666,56.246438273371,
    139.70430412748));
#3478 = CARTESIAN_POINT('',(180.76666666666,56.577456120187,
    139.48657068562));
#3479 = CARTESIAN_POINT('',(180.76666666666,57.042647217679,
    138.38481756411));
#3480 = CARTESIAN_POINT('',(180.76666666666,57.473201813233,
    138.1366015693));
#3481 = CARTESIAN_POINT('',(180.76666666666,57.899149957018,
    137.88443365965));
#3482 = CARTESIAN_POINT('',(180.76666666666,58.369487285803,
    137.35002372724));
#3483 = CARTESIAN_POINT('',(180.76666666666,58.806987331487,
    136.96462727435));
#3484 = CARTESIAN_POINT('',(180.76666666666,59.340014323673,
    136.74390287608));
#3485 = CARTESIAN_POINT('',(180.76666666666,59.789708343861,
    136.1677227239));
#3486 = CARTESIAN_POINT('',(180.76666666666,59.900273145149,
    136.62293095471));
#3487 = CARTESIAN_POINT('',(180.76666666666,59.742352353597,
    136.60411077824));
#3488 = CARTESIAN_POINT('',(180.76666666666,59.469584532846,
    136.4445210161));
#3489 = CARTESIAN_POINT('',(180.76666666666,59.247903504596,
    136.62492277907));
#3490 = CARTESIAN_POINT('',(180.76666666666,58.940772398911,
    136.40796677893));
#3491 = CARTESIAN_POINT('',(180.76666666666,58.678493161162,
    136.37576337905));
#3492 = CARTESIAN_POINT('',(180.76666666666,58.409701390241,
    136.22263503768));
#3493 = CARTESIAN_POINT('',(180.76666666666,57.900545273268,
    136.21735337858));
#3494 = CARTESIAN_POINT('',(180.76666666666,57.722809950679,
    135.97148157658));
#3495 = CARTESIAN_POINT('',(180.76666666666,57.273262631751,
    135.85739170885));
#3496 = CARTESIAN_POINT('',(180.76666666666,57.02325495291,
    135.24503361961));
#3497 = CARTESIAN_POINT('',(180.76666666666,56.595589098193,
    135.50318012964));
#3498 = CARTESIAN_POINT('',(180.76666666666,56.163144728168,
    135.73148892412));
#3499 = CARTESIAN_POINT('',(180.76666666666,55.739341321551,
    135.0541553735));
#3500 = CARTESIAN_POINT('',(180.76666666666,55.323636308187,
    134.39899001943));
#3501 = CARTESIAN_POINT('',(180.76666666666,54.940781762079,
    134.15278543159));
#3502 = CARTESIAN_POINT('',(180.76666666666,54.522942509448,
    133.74548801698));
#3503 = CARTESIAN_POINT('',(180.76666666666,54.275129920389,
    133.33107574971));
#3504 = CARTESIAN_POINT('',(180.76666666666,53.432629261105,
    132.86970934756));
#3505 = CARTESIAN_POINT('',(180.76666666666,53.285570564523,
    132.38224210637));
#3506 = CARTESIAN_POINT('',(180.76666666666,53.362025938064,
    131.87346404518));
#3507 = CARTESIAN_POINT('',(180.76666666666,52.243691047692,
    131.38228758798));
#3508 = CARTESIAN_POINT('',(180.76666666666,51.614218283867,
    131.01017048866));
#3509 = CARTESIAN_POINT('',(180.76666666666,50.206227571073,
    130.8003245753));
#3510 = CARTESIAN_POINT('',(180.76666666666,49.600427696398,
    130.81510031305));
#3511 = CARTESIAN_POINT('',(180.76666666666,49.033323937823,
    130.39203105089));
#3512 = CARTESIAN_POINT('',(180.76666666666,48.984978661991,
    130.02955859679));
#3513 = CARTESIAN_POINT('',(180.76666666666,49.224884774465,
    130.0804989167));
#3514 = CARTESIAN_POINT('',(180.76666666666,49.135625614325,
    130.5809140702));
#3515 = CARTESIAN_POINT('',(180.76666666666,48.895397626412,
    131.07017877504));
#3516 = CARTESIAN_POINT('',(180.76666666666,48.729333930842,
    131.6497538964));
#3517 = CARTESIAN_POINT('',(180.76666666666,49.000384646332,
    131.77380893394));
#3518 = CARTESIAN_POINT('',(180.76666666666,48.747508570457,
    131.5962902452));
#3519 = CARTESIAN_POINT('',(180.76666666666,48.63293551751,
    131.24280427595));
#3520 = CARTESIAN_POINT('',(180.76666666666,48.57574185855,
    131.13049397484));
#3521 = CARTESIAN_POINT('',(180.76666666666,48.310674889186,
    130.82819236184));
#3522 = CARTESIAN_POINT('',(180.76666666666,47.972480808054,
    130.68437385711));
#3523 = CARTESIAN_POINT('',(180.76666666666,48.107279193155,
    131.0753241654));
#3524 = CARTESIAN_POINT('',(180.76666666666,48.053594076174,
    130.5502082976));
#3525 = CARTESIAN_POINT('',(180.76666666666,48.034409104746,
    130.0817513863));
#3526 = CARTESIAN_POINT('',(180.76666666666,48.138314076253,
    130.76841066611));
#3527 = CARTESIAN_POINT('',(180.76666666666,47.700441443079,
    130.82668750603));
#3528 = CARTESIAN_POINT('',(180.76666666666,47.317196460977,
    130.48638664571));
#3529 = CARTESIAN_POINT('',(180.76666666666,46.709274742795,
    130.68741263409));
#3530 = CARTESIAN_POINT('',(180.76666666666,46.088598232505,
    130.77919748055));
#3531 = CARTESIAN_POINT('',(180.76666666666,45.2044076846,
    129.96788202548));
#3532 = CARTESIAN_POINT('',(185.64444444444,49.162985863686,
    128.75971693783));
#3533 = CARTESIAN_POINT('',(185.64444444444,49.153265400153,
    128.29874365485));
#3534 = CARTESIAN_POINT('',(185.64444444444,49.286394267138,
    128.22736105932));
#3535 = CARTESIAN_POINT('',(185.64444444444,49.022621478843,
    127.83542302322));
#3536 = CARTESIAN_POINT('',(185.64444444444,49.225493204512,
    127.53827281729));
#3537 = CARTESIAN_POINT('',(185.64444444444,49.800066409527,
    127.24045744372));
#3538 = CARTESIAN_POINT('',(185.64444444444,49.990340873958,
    126.97913694276));
#3539 = CARTESIAN_POINT('',(185.64444444444,50.016868134998,
    126.7001913129));
#3540 = CARTESIAN_POINT('',(185.64444444444,50.281483204932,
    126.51132573759));
#3541 = CARTESIAN_POINT('',(185.64444444444,50.751700085268,
    126.33609603903));
#3542 = CARTESIAN_POINT('',(185.64444444444,50.897651335263,
    126.15579259041));
#3543 = CARTESIAN_POINT('',(185.64444444444,51.235860592723,
    126.27187668731));
#3544 = CARTESIAN_POINT('',(185.64444444444,51.580577619621,
    125.35131759019));
#3545 = CARTESIAN_POINT('',(185.64444444444,51.794335614895,
    128.32217352082));
#3546 = CARTESIAN_POINT('',(185.64444444444,52.1311650469,
    125.29290629261));
#3547 = CARTESIAN_POINT('',(185.64444444444,52.423823323414,
    126.07121527825));
#3548 = CARTESIAN_POINT('',(185.64444444444,52.764567532299,
    125.83763252436));
#3549 = CARTESIAN_POINT('',(185.64444444444,52.951626424358,
    125.88522182461));
#3550 = CARTESIAN_POINT('',(185.64444444444,53.701291499993,
    125.85090395622));
#3551 = CARTESIAN_POINT('',(185.64444444444,53.829633383892,
    125.87615652766));
#3552 = CARTESIAN_POINT('',(185.64444444444,54.259531501381,
    125.82886805461));
#3553 = CARTESIAN_POINT('',(185.64444444444,54.297525289603,
    125.81661324786));
#3554 = CARTESIAN_POINT('',(185.64444444444,54.630155829532,
    125.78411264897));
#3555 = CARTESIAN_POINT('',(185.64444444444,54.914389629316,
    125.73939231233));
#3556 = CARTESIAN_POINT('',(185.64444444444,55.44801798104,
    125.67570882189));
#3557 = CARTESIAN_POINT('',(185.64444444444,55.270063071494,
    125.56939872219));
#3558 = CARTESIAN_POINT('',(185.64444444444,56.429445947945,
    125.49056726536));
#3559 = CARTESIAN_POINT('',(185.64444444444,56.082099128864,
    125.14163873819));
#3560 = CARTESIAN_POINT('',(185.64444444444,56.635909445161,
    125.38286252814));
#3561 = CARTESIAN_POINT('',(185.64444444444,56.523325252768,
    125.20098428986));
#3562 = CARTESIAN_POINT('',(185.64444444444,56.946526073612,
    125.10697832079));
#3563 = CARTESIAN_POINT('',(185.64444444444,57.247884565143,
    125.22340848439));
#3564 = CARTESIAN_POINT('',(185.64444444444,57.628619325212,
    124.21217541463));
#3565 = CARTESIAN_POINT('',(185.64444444444,57.970113288314,
    124.91390449585));
#3566 = CARTESIAN_POINT('',(185.64444444444,58.41285149737,
    124.74201602288));
#3567 = CARTESIAN_POINT('',(185.64444444444,58.673213247973,
    123.99357741249));
#3568 = CARTESIAN_POINT('',(185.64444444444,59.059344760004,
    124.17714317165));
#3569 = CARTESIAN_POINT('',(185.64444444444,59.36535938159,
    123.96578648458));
#3570 = CARTESIAN_POINT('',(185.64444444444,59.777431090197,
    124.26237106783));
#3571 = CARTESIAN_POINT('',(185.64444444444,60.097937162557,
    124.38182711705));
#3572 = CARTESIAN_POINT('',(185.64444444444,60.436297212276,
    124.73275355434));
#3573 = CARTESIAN_POINT('',(185.64444444444,60.703290643172,
    124.87819498809));
#3574 = CARTESIAN_POINT('',(185.64444444444,61.008212284057,
    124.94850675906));
#3575 = CARTESIAN_POINT('',(185.64444444444,61.234923364385,
    125.3370591341));
#3576 = CARTESIAN_POINT('',(185.64444444444,61.536069984534,
    125.64973320236));
#3577 = CARTESIAN_POINT('',(185.64444444444,61.606057331342,
    125.9274700103));
#3578 = CARTESIAN_POINT('',(185.64444444444,61.74419658368,
    126.66597168231));
#3579 = CARTESIAN_POINT('',(185.64444444444,61.773517592326,
    126.73030009693));
#3580 = CARTESIAN_POINT('',(185.64444444444,61.647771248644,
    127.14358120362));
#3581 = CARTESIAN_POINT('',(185.64444444444,61.640612449983,
    127.5991500278));
#3582 = CARTESIAN_POINT('',(185.64444444444,61.297180956541,
    127.68706886469));
#3583 = CARTESIAN_POINT('',(185.64444444444,61.094661058154,
    128.04755485591));
#3584 = CARTESIAN_POINT('',(185.64444444444,60.711832853761,
    128.18560796814));
#3585 = CARTESIAN_POINT('',(185.64444444444,60.350006254454,
    128.37177758051));
#3586 = CARTESIAN_POINT('',(185.64444444444,60.282853426625,
    128.3657208487));
#3587 = CARTESIAN_POINT('',(185.64444444444,59.727372768296,
    128.55180291532));
#3588 = CARTESIAN_POINT('',(185.64444444444,59.526386394678,
    128.44120415768));
#3589 = CARTESIAN_POINT('',(185.64444444444,59.051413860889,
    128.81437221116));
#3590 = CARTESIAN_POINT('',(185.64444444444,58.793340325445,
    128.45494443517));
#3591 = CARTESIAN_POINT('',(185.64444444444,58.521672959903,
    128.11126415038));
#3592 = CARTESIAN_POINT('',(185.64444444444,58.238938178538,
    128.44813517398));
#3593 = CARTESIAN_POINT('',(185.64444444444,57.945561977688,
    128.50341161124));
#3594 = CARTESIAN_POINT('',(185.64444444444,57.638554332968,
    128.38574585246));
#3595 = CARTESIAN_POINT('',(185.64444444444,57.322861081456,
    128.31681583182));
#3596 = CARTESIAN_POINT('',(185.64444444444,56.950823746771,
    128.25128942497));
#3597 = CARTESIAN_POINT('',(185.64444444444,56.965259773933,
    128.19077737875));
#3598 = CARTESIAN_POINT('',(185.64444444444,56.374247638522,
    128.20921948598));
#3599 = CARTESIAN_POINT('',(185.64444444444,55.786572699409,
    128.13767278813));
#3600 = CARTESIAN_POINT('',(185.64444444444,55.99037377117,
    128.17687434872));
#3601 = CARTESIAN_POINT('',(185.64444444444,55.463247675028,
    128.21554247086));
#3602 = CARTESIAN_POINT('',(185.64444444444,55.527797444623,
    128.30627232242));
#3603 = CARTESIAN_POINT('',(185.64444444444,54.931516981405,
    128.32088608267));
#3604 = CARTESIAN_POINT('',(185.64444444444,54.718022073619,
    128.57708172214));
#3605 = CARTESIAN_POINT('',(185.64444444444,54.378628819016,
    128.78462093743));
#3606 = CARTESIAN_POINT('',(185.64444444444,53.929166570332,
    128.91674626269));
#3607 = CARTESIAN_POINT('',(185.64444444444,53.666336226349,
    128.90819900443));
#3608 = CARTESIAN_POINT('',(185.64444444444,53.445457774408,
    129.15336355633));
#3609 = CARTESIAN_POINT('',(185.64444444444,53.259211797862,
    129.24296452742));
#3610 = CARTESIAN_POINT('',(185.64444444444,52.799077738248,
    129.41064907786));
#3611 = CARTESIAN_POINT('',(185.64444444444,52.500290146705,
    129.7296661966));
#3612 = CARTESIAN_POINT('',(185.64444444444,52.058774010256,
    129.67318260207));
#3613 = CARTESIAN_POINT('',(185.64444444444,51.692640188865,
    129.71676468864));
#3614 = CARTESIAN_POINT('',(185.64444444444,51.434268029231,
    129.8068343801));
#3615 = CARTESIAN_POINT('',(185.64444444444,51.273876503385,
    130.05185093558));
#3616 = CARTESIAN_POINT('',(185.64444444444,50.799527583377,
    129.34661886986));
#3617 = CARTESIAN_POINT('',(185.64444444444,50.432759775992,
    130.06779298678));
#3618 = CARTESIAN_POINT('',(185.64444444444,50.063177071027,
    130.14585043986));
#3619 = CARTESIAN_POINT('',(185.64444444444,49.625300638996,
    129.50851358706));
#3620 = CARTESIAN_POINT('',(185.64444444444,49.520841215655,
    129.27873703201));
#3621 = CARTESIAN_POINT('',(185.64444444444,49.274881211048,
    129.31472746075));
#3622 = CARTESIAN_POINT('',(185.64444444444,49.162985863686,
    128.75971693783));
#3623 = CARTESIAN_POINT('',(185.64444444444,49.153265400153,
    128.29874365485));
#3624 = CARTESIAN_POINT('',(185.64444444444,49.286394267138,
    128.22736105932));
#3625 = CARTESIAN_POINT('',(188.3,53.154058686113,127.94926924812));
#3626 = CARTESIAN_POINT('',(188.3,53.11122835044,127.82579039845));
#3627 = CARTESIAN_POINT('',(188.3,53.098997813907,127.65389462267));
#3628 = CARTESIAN_POINT('',(188.3,53.150047417664,127.52865834558));
#3629 = CARTESIAN_POINT('',(188.3,53.173689092711,127.39238782252));
#3630 = CARTESIAN_POINT('',(188.3,53.190721595534,127.26289812035));
#3631 = CARTESIAN_POINT('',(188.3,53.260262330932,127.13628738477));
#3632 = CARTESIAN_POINT('',(188.3,53.396853387551,127.02678494621));
#3633 = CARTESIAN_POINT('',(188.3,53.498066941404,126.92135789823));
#3634 = CARTESIAN_POINT('',(188.3,53.585824504121,126.83243357531));
#3635 = CARTESIAN_POINT('',(188.3,53.73208814096,126.76369960519));
#3636 = CARTESIAN_POINT('',(188.3,53.8564022773,126.66185346932));
#3637 = CARTESIAN_POINT('',(188.3,53.984577647985,126.75171087551));
#3638 = CARTESIAN_POINT('',(188.3,54.136487795942,126.19690363857));
#3639 = CARTESIAN_POINT('',(188.3,54.271480321138,126.67288024283));
#3640 = CARTESIAN_POINT('',(188.3,54.414701356957,126.51578566703));
#3641 = CARTESIAN_POINT('',(188.3,54.550554179318,126.53994239161));
#3642 = CARTESIAN_POINT('',(188.3,54.711721791718,126.52511133312));
#3643 = CARTESIAN_POINT('',(188.3,54.780598831097,126.53116502782));
#3644 = CARTESIAN_POINT('',(188.3,54.946697496362,126.53292764378));
#3645 = CARTESIAN_POINT('',(188.3,55.073784239234,126.55018540322));
#3646 = CARTESIAN_POINT('',(188.3,55.256512446956,126.56330934349));
#3647 = CARTESIAN_POINT('',(188.3,55.39926330025,126.57897230442));
#3648 = CARTESIAN_POINT('',(188.3,55.545225289109,126.59346147717));
#3649 = CARTESIAN_POINT('',(188.3,55.658130754612,126.60569640703));
#3650 = CARTESIAN_POINT('',(188.3,55.85981501129,126.61790350358));
#3651 = CARTESIAN_POINT('',(188.3,55.883851998156,126.61829707455));
#3652 = CARTESIAN_POINT('',(188.3,56.11425497882,126.65484958267));
#3653 = CARTESIAN_POINT('',(188.3,56.219729528185,126.59204705741));
#3654 = CARTESIAN_POINT('',(188.3,56.432375833639,126.59305510633));
#3655 = CARTESIAN_POINT('',(188.3,56.554448353136,126.5795453801));
#3656 = CARTESIAN_POINT('',(188.3,56.696931715552,126.53350517482));
#3657 = CARTESIAN_POINT('',(188.3,56.82588242405,126.67046148051));
#3658 = CARTESIAN_POINT('',(188.3,56.962625999259,126.53888541732));
#3659 = CARTESIAN_POINT('',(188.3,57.080785844283,126.55269213717));
#3660 = CARTESIAN_POINT('',(188.3,57.233869752906,126.66693661669));
#3661 = CARTESIAN_POINT('',(188.3,57.363277605801,126.64997428286));
#3662 = CARTESIAN_POINT('',(188.3,57.508906142562,126.69495941075));
#3663 = CARTESIAN_POINT('',(188.3,57.63307557057,126.72286552472));
#3664 = CARTESIAN_POINT('',(188.3,57.767237275557,126.74237337756));
#3665 = CARTESIAN_POINT('',(188.3,57.883859718204,126.80318617416));
#3666 = CARTESIAN_POINT('',(188.3,58.009974569463,126.87682967629));
#3667 = CARTESIAN_POINT('',(188.3,58.111346104622,126.99489741147));
#3668 = CARTESIAN_POINT('',(188.3,58.209863006288,127.08124654025));
#3669 = CARTESIAN_POINT('',(188.3,58.26092161275,127.20413599609));
#3670 = CARTESIAN_POINT('',(188.3,58.330117549941,127.35053664213));
#3671 = CARTESIAN_POINT('',(188.3,58.330375100792,127.4347411516));
#3672 = CARTESIAN_POINT('',(188.3,58.31551954847,127.62534201648));
#3673 = CARTESIAN_POINT('',(188.3,58.304182722643,127.75698501195));
#3674 = CARTESIAN_POINT('',(188.3,58.21237459768,127.8687680648));
#3675 = CARTESIAN_POINT('',(188.3,58.175238874108,128.0261636195));
#3676 = CARTESIAN_POINT('',(188.3,58.078222124389,128.12239224902));
#3677 = CARTESIAN_POINT('',(188.3,58.007393155832,128.23922832812));
#3678 = CARTESIAN_POINT('',(188.3,57.915574017899,128.33251660203));
#3679 = CARTESIAN_POINT('',(188.3,57.751912122946,128.44359160462));
#3680 = CARTESIAN_POINT('',(188.3,57.68496382526,128.50741956087));
#3681 = CARTESIAN_POINT('',(188.3,57.537778388574,128.61404784333));
#3682 = CARTESIAN_POINT('',(188.3,57.443152166507,128.63980992116));
#3683 = CARTESIAN_POINT('',(188.3,57.300535548994,128.74432219243));
#3684 = CARTESIAN_POINT('',(188.3,57.159861957726,128.82834673287));
#3685 = CARTESIAN_POINT('',(188.3,57.019988341159,128.82449812179));
#3686 = CARTESIAN_POINT('',(188.3,56.881221577079,128.85985200207));
#3687 = CARTESIAN_POINT('',(188.3,56.743094173592,128.9042651144));
#3688 = CARTESIAN_POINT('',(188.3,56.608551727443,128.93901536833));
#3689 = CARTESIAN_POINT('',(188.3,56.476733316003,128.96751057775));
#3690 = CARTESIAN_POINT('',(188.3,56.288645706436,128.99495851885));
#3691 = CARTESIAN_POINT('',(188.3,56.20688201613,128.99919313572));
#3692 = CARTESIAN_POINT('',(188.3,56.07160773994,129.03470446505));
#3693 = CARTESIAN_POINT('',(188.3,55.877077263676,129.04240850134));
#3694 = CARTESIAN_POINT('',(188.3,55.786379523417,129.05226371357));
#3695 = CARTESIAN_POINT('',(188.3,55.60651206124,129.0512906958));
#3696 = CARTESIAN_POINT('',(188.3,55.529919346081,129.05980958456));
#3697 = CARTESIAN_POINT('',(188.3,55.377252776275,129.04434009562));
#3698 = CARTESIAN_POINT('',(188.3,55.232570514937,129.0359969274));
#3699 = CARTESIAN_POINT('',(188.3,55.100382930298,129.02543473072));
#3700 = CARTESIAN_POINT('',(188.3,54.943935770755,129.02712735664));
#3701 = CARTESIAN_POINT('',(188.3,54.78544786747,128.97574270172));
#3702 = CARTESIAN_POINT('',(188.3,54.616100391756,128.94484921277));
#3703 = CARTESIAN_POINT('',(188.3,54.491969884443,128.90793925949));
#3704 = CARTESIAN_POINT('',(188.3,54.349599399617,128.8425697266));
#3705 = CARTESIAN_POINT('',(188.3,54.227226855589,128.85391424394));
#3706 = CARTESIAN_POINT('',(188.3,54.094742177699,128.80649949138));
#3707 = CARTESIAN_POINT('',(188.3,53.949788699225,128.76369886944));
#3708 = CARTESIAN_POINT('',(188.3,53.792316843084,128.64319786818));
#3709 = CARTESIAN_POINT('',(188.3,53.680241289805,128.75231281052));
#3710 = CARTESIAN_POINT('',(188.3,53.564791751617,128.47352149066));
#3711 = CARTESIAN_POINT('',(188.3,53.458410640601,128.38863341597));
#3712 = CARTESIAN_POINT('',(188.3,53.376227618559,128.32533493749));
#3713 = CARTESIAN_POINT('',(188.3,53.265078633956,128.21212069633));
#3714 = CARTESIAN_POINT('',(188.3,53.203237433526,128.05279299164));
#3715 = CARTESIAN_POINT('',(188.3,53.154058686113,127.94926924812));
#3716 = CARTESIAN_POINT('',(188.3,53.11122835044,127.82579039845));
#3717 = CARTESIAN_POINT('',(188.3,53.098997813907,127.65389462267));
#3718 = ADVANCED_FACE('',(#3719),#3730,.T.);
#3719 = FACE_BOUND('',#3720,.T.);
#3720 = EDGE_LOOP('',(#3721,#3722,#3729));
#3721 = ORIENTED_EDGE('',*,*,#21,.T.);
#3722 = ORIENTED_EDGE('',*,*,#3723,.T.);
#3723 = EDGE_CURVE('',#24,#231,#3724,.T.);
#3724 = CIRCLE('',#3725,6.05);
#3725 = AXIS2_PLACEMENT_3D('',#3726,#3727,#3728);
#3726 = CARTESIAN_POINT('',(125.40408447487,41.328311369378,
    113.19871863517));
#3727 = DIRECTION('',(-4.408062642E-02,-1.383351746212E-02,
    0.998932195982));
#3728 = DIRECTION('',(-0.990777856815,0.128843181997,-4.193653416314E-02
    ));
#3729 = ORIENTED_EDGE('',*,*,#277,.T.);
#3730 = CYLINDRICAL_SURFACE('',#3731,6.05);
#3731 = AXIS2_PLACEMENT_3D('',#3732,#3733,#3734);
#3732 = CARTESIAN_POINT('',(125.45698122657,41.344911590332,112.));
#3733 = DIRECTION('',(-4.408062642E-02,-1.383351746212E-02,
    0.998932195982));
#3734 = DIRECTION('',(0.998029641384,4.408062642E-02,4.465124066747E-02)
  );
#3735 = ADVANCED_FACE('',(#3736),#3748,.T.);
#3736 = FACE_BOUND('',#3737,.F.);
#3737 = EDGE_LOOP('',(#3738,#3739,#3740,#3741));
#3738 = ORIENTED_EDGE('',*,*,#128,.F.);
#3739 = ORIENTED_EDGE('',*,*,#3723,.T.);
#3740 = ORIENTED_EDGE('',*,*,#230,.T.);
#3741 = ORIENTED_EDGE('',*,*,#3742,.F.);
#3742 = EDGE_CURVE('',#129,#176,#3743,.T.);
#3743 = CIRCLE('',#3744,4.85);
#3744 = AXIS2_PLACEMENT_3D('',#3745,#3746,#3747);
#3745 = CARTESIAN_POINT('',(125.45698122657,41.344911590332,112.));
#3746 = DIRECTION('',(-4.408062642E-02,-1.383351746212E-02,
    0.998932195982));
#3747 = DIRECTION('',(-0.990777856815,0.128843181997,-4.193653416314E-02
    ));
#3748 = TOROIDAL_SURFACE('',#3749,4.85,1.2);
#3749 = AXIS2_PLACEMENT_3D('',#3750,#3751,#3752);
#3750 = CARTESIAN_POINT('',(125.40408447487,41.328311369378,
    113.19871863517));
#3751 = DIRECTION('',(4.408062642E-02,1.383351746212E-02,-0.998932195982
    ));
#3752 = DIRECTION('',(-0.990777856815,0.128843181997,-4.193653416314E-02
    ));
#3753 = ADVANCED_FACE('',(#3754),#3758,.F.);
#3754 = FACE_BOUND('',#3755,.T.);
#3755 = EDGE_LOOP('',(#3756,#3757));
#3756 = ORIENTED_EDGE('',*,*,#175,.T.);
#3757 = ORIENTED_EDGE('',*,*,#3742,.F.);
#3758 = PLANE('',#3759);
#3759 = AXIS2_PLACEMENT_3D('',#3760,#3761,#3762);
#3760 = CARTESIAN_POINT('',(125.45698122657,41.344911590332,112.));
#3761 = DIRECTION('',(-4.408062642E-02,-1.383351746212E-02,
    0.998932195982));
#3762 = DIRECTION('',(0.998029641384,4.408062642E-02,4.465124066747E-02)
  );
#3763 = ADVANCED_FACE('',(#3764),#3774,.F.);
#3764 = FACE_BOUND('',#3765,.T.);
#3765 = EDGE_LOOP('',(#3766,#3767));
#3766 = ORIENTED_EDGE('',*,*,#332,.F.);
#3767 = ORIENTED_EDGE('',*,*,#3768,.F.);
#3768 = EDGE_CURVE('',#335,#333,#3769,.T.);
#3769 = CIRCLE('',#3770,6.4);
#3770 = AXIS2_PLACEMENT_3D('',#3771,#3772,#3773);
#3771 = CARTESIAN_POINT('',(54.82561867595,33.338203175797,140.));
#3772 = DIRECTION('',(-3.186063773269E-02,-5.036785662969E-02,
    0.998222409477));
#3773 = DIRECTION('',(0.897517888572,0.438048117758,5.074924848172E-02)
  );
#3774 = PLANE('',#3775);
#3775 = AXIS2_PLACEMENT_3D('',#3776,#3777,#3778);
#3776 = CARTESIAN_POINT('',(54.82561867595,33.338203175797,140.));
#3777 = DIRECTION('',(-3.186063773269E-02,-5.036785662969E-02,
    0.998222409477));
#3778 = DIRECTION('',(0.998931059523,3.186063773269E-02,
    3.349086568628E-02));
#3779 = ADVANCED_FACE('',(#3780),#3800,.T.);
#3780 = FACE_BOUND('',#3781,.T.);
#3781 = EDGE_LOOP('',(#3782,#3790,#3799));
#3782 = ORIENTED_EDGE('',*,*,#3783,.T.);
#3783 = EDGE_CURVE('',#398,#3784,#3786,.T.);
#3784 = VERTEX_POINT('',#3785);
#3785 = CARTESIAN_POINT('',(50.034991029235,38.293229419956,
    140.59800460682));
#3786 = ( BOUNDED_CURVE() B_SPLINE_CURVE(2,(#3787,#3788,#3789),
.UNSPECIFIED.,.F.,.F.) B_SPLINE_CURVE_WITH_KNOTS((3,3),(0.,
35.729639019065),.PIECEWISE_BEZIER_KNOTS.) CURVE() 
GEOMETRIC_REPRESENTATION_ITEM() RATIONAL_B_SPLINE_CURVE((1.,
0.845447865099,1.)) REPRESENTATION_ITEM('') );
#3787 = CARTESIAN_POINT('',(49.517697194269,38.190752507117,
    140.68240535898));
#3788 = CARTESIAN_POINT('',(49.811465609845,38.077774828334,
    140.65608063079));
#3789 = CARTESIAN_POINT('',(50.034991029235,38.293229419956,
    140.59800460682));
#3790 = ORIENTED_EDGE('',*,*,#3791,.T.);
#3791 = EDGE_CURVE('',#3784,#333,#3792,.T.);
#3792 = B_SPLINE_CURVE_WITH_KNOTS('',5,(#3793,#3794,#3795,#3796,#3797,
    #3798),.UNSPECIFIED.,.F.,.F.,(6,6),(0.,1.571006685513),
  .PIECEWISE_BEZIER_KNOTS.);
#3793 = CARTESIAN_POINT('',(50.034991286457,38.293228879871,
    140.59800458777));
#3794 = CARTESIAN_POINT('',(50.014409519769,38.276650819785,
    140.43915183037));
#3795 = CARTESIAN_POINT('',(50.036540380025,38.215510474157,
    140.27926702682));
#3796 = CARTESIAN_POINT('',(50.102356166249,38.108452283398,
    140.15155797744));
#3797 = CARTESIAN_POINT('',(50.19129518417,37.976306953054,
    140.0861119159));
#3798 = CARTESIAN_POINT('',(50.279728937933,37.842438179709,
    140.08217979881));
#3799 = ORIENTED_EDGE('',*,*,#397,.T.);
#3800 = B_SPLINE_SURFACE_WITH_KNOTS('',8,8,(
    (#3801,#3802,#3803,#3804,#3805,#3806,#3807,#3808,#3809)
    ,(#3810,#3811,#3812,#3813,#3814,#3815,#3816,#3817,#3818)
    ,(#3819,#3820,#3821,#3822,#3823,#3824,#3825,#3826,#3827)
    ,(#3828,#3829,#3830,#3831,#3832,#3833,#3834,#3835,#3836)
    ,(#3837,#3838,#3839,#3840,#3841,#3842,#3843,#3844,#3845)
    ,(#3846,#3847,#3848,#3849,#3850,#3851,#3852,#3853,#3854)
    ,(#3855,#3856,#3857,#3858,#3859,#3860,#3861,#3862,#3863)
    ,(#3864,#3865,#3866,#3867,#3868,#3869,#3870,#3871,#3872)
    ,(#3873,#3874,#3875,#3876,#3877,#3878,#3879,#3880,#3881
  )),.UNSPECIFIED.,.F.,.F.,.F.,(9,9),(9,9),(-0.579364874094,
    0.508031506247),(-0.139763681427,0.270377239954),
  .PIECEWISE_BEZIER_KNOTS.);
#3801 = CARTESIAN_POINT('',(50.356621724303,37.681942124271,
    140.1158315686));
#3802 = CARTESIAN_POINT('',(50.331323568085,37.784008794428,
    140.06923519345));
#3803 = CARTESIAN_POINT('',(50.311976468231,37.879315907471,
    140.02886076448));
#3804 = CARTESIAN_POINT('',(50.311207221191,37.953757513812,
    140.00793797119));
#3805 = CARTESIAN_POINT('',(50.328067895467,38.008575582761,
    140.00533443426));
#3806 = CARTESIAN_POINT('',(50.317680831775,38.093746050498,
    139.97432916154));
#3807 = CARTESIAN_POINT('',(50.320681735538,38.163987735589,
    139.95725318791));
#3808 = CARTESIAN_POINT('',(50.309344470011,38.250226121635,
    139.92519878146));
#3809 = CARTESIAN_POINT('',(50.293209990785,38.341809284243,
    139.88812661023));
#3810 = CARTESIAN_POINT('',(50.21111680254,37.785750961734,
    140.15297881563));
#3811 = CARTESIAN_POINT('',(50.195546803838,37.876938295985,
    140.11654818109));
#3812 = CARTESIAN_POINT('',(50.182695578149,37.964971519281,
    140.08295819171));
#3813 = CARTESIAN_POINT('',(50.206476701715,38.011954139433,
    140.08772578011));
#3814 = CARTESIAN_POINT('',(50.223587398596,38.066506838614,
    140.08532870158));
#3815 = CARTESIAN_POINT('',(50.227279031168,38.135930200818,
    140.06909335617));
#3816 = CARTESIAN_POINT('',(50.239588185264,38.195771839357,
    140.06172790451));
#3817 = CARTESIAN_POINT('',(50.237688396227,38.271463279887,
    140.03954288095));
#3818 = CARTESIAN_POINT('',(50.231125318857,38.352351248132,
    140.01247655164));
#3819 = CARTESIAN_POINT('',(50.079988353946,37.873466743911,
    140.20514881443));
#3820 = CARTESIAN_POINT('',(50.073272145349,37.95477606987,
    140.17796324364));
#3821 = CARTESIAN_POINT('',(50.044992076201,38.05993399898,
    140.12825305277));
#3822 = CARTESIAN_POINT('',(50.191124208961,37.970473128943,
    140.26092156646));
#3823 = CARTESIAN_POINT('',(50.037022206489,38.216207614834,
    140.07956888129));
#3824 = CARTESIAN_POINT('',(50.195609375745,38.112122532983,
    140.22509065097));
#3825 = CARTESIAN_POINT('',(50.149561475824,38.237771777536,
    140.15698216119));
#3826 = CARTESIAN_POINT('',(50.171249117116,38.286870812526,
    140.15933085695));
#3827 = CARTESIAN_POINT('',(50.17413052976,38.357197265748,
    140.14213826452));
#3828 = CARTESIAN_POINT('',(49.960451892514,37.948262447053,
    140.26943421418));
#3829 = CARTESIAN_POINT('',(49.973213917037,38.007679411952,
    140.26263195559));
#3830 = CARTESIAN_POINT('',(50.091226771137,37.949869302828,
    140.36583068361));
#3831 = CARTESIAN_POINT('',(49.766006759166,38.385691360373,
    140.00551652861));
#3832 = CARTESIAN_POINT('',(50.295874290761,37.86778048387,
    140.53926850696));
#3833 = CARTESIAN_POINT('',(49.937934019083,38.342955247013,
    140.14559845378));
#3834 = CARTESIAN_POINT('',(50.131451780366,38.197975510708,
    140.32673494442));
#3835 = CARTESIAN_POINT('',(50.11123821192,38.295038139315,
    140.28587434047));
#3836 = CARTESIAN_POINT('',(50.123553880626,38.354856092876,
    140.27854496637));
#3837 = CARTESIAN_POINT('',(49.871536042003,37.988707364983,
    140.36571691533));
#3838 = CARTESIAN_POINT('',(49.877497246373,38.055985533906,
    140.35173607807));
#3839 = CARTESIAN_POINT('',(49.719447349744,38.305487385186,
    140.16639383977));
#3840 = CARTESIAN_POINT('',(50.310583316288,37.7207322016,
    140.76439340276));
#3841 = CARTESIAN_POINT('',(49.554630118439,38.63725105102,
    139.95382104085));
#3842 = CARTESIAN_POINT('',(50.201946551998,37.985755038334,
    140.60971484524));
#3843 = CARTESIAN_POINT('',(49.986394054217,38.303477700878,
    140.36542931877));
#3844 = CARTESIAN_POINT('',(50.064584206064,38.288295844564,
    140.42624593265));
#3845 = CARTESIAN_POINT('',(50.08185457005,38.342525519344,
    140.42410541086));
#3846 = CARTESIAN_POINT('',(49.744434638557,38.071976107385,
    140.42208340444));
#3847 = CARTESIAN_POINT('',(49.784748307326,38.100519675653,
    140.4440735126));
#3848 = CARTESIAN_POINT('',(50.000696168712,37.933439512926,
    140.64951656645));
#3849 = CARTESIAN_POINT('',(49.438143684187,38.632697831224,
    140.04124251559));
#3850 = CARTESIAN_POINT('',(50.314395149186,37.730843810352,
    140.93731420283));
#3851 = CARTESIAN_POINT('',(49.691519537657,38.499831772608,
    140.26606588093));
#3852 = CARTESIAN_POINT('',(49.998117024418,38.229351749624,
    140.56596466434));
#3853 = CARTESIAN_POINT('',(49.981770646739,38.322041334871,
    140.5290831712));
#3854 = CARTESIAN_POINT('',(50.023086096924,38.349415330999,
    140.55206147785));
#3855 = CARTESIAN_POINT('',(49.671781573735,38.094243372164,
    140.53535745358));
#3856 = CARTESIAN_POINT('',(49.697908324285,38.138817421028,
    140.54248702094));
#3857 = CARTESIAN_POINT('',(49.605741049613,38.315418355915,
    140.4261603562));
#3858 = CARTESIAN_POINT('',(50.037010106811,37.907166468066,
    140.85649135203));
#3859 = CARTESIAN_POINT('',(49.616654617925,38.449079320286,
    140.3968854418));
#3860 = CARTESIAN_POINT('',(50.015695552852,38.078570879858,
    140.79419731218));
#3861 = CARTESIAN_POINT('',(49.921104321811,38.256881881765,
    140.67486186825));
#3862 = CARTESIAN_POINT('',(49.990654491993,38.252878701271,
    140.72742889141));
#3863 = CARTESIAN_POINT('',(50.030399024254,38.282062196638,
    140.74881440781));
#3864 = CARTESIAN_POINT('',(49.56168142929,38.158389950933,
    140.60950479664));
#3865 = CARTESIAN_POINT('',(49.627291225681,38.158871153901,
    140.65787855878));
#3866 = CARTESIAN_POINT('',(49.705922245777,38.143811060743,
    140.71994639802));
#3867 = CARTESIAN_POINT('',(49.739316272463,38.181255486196,
    140.73465928523));
#3868 = CARTESIAN_POINT('',(49.831807502045,38.149916533561,
    140.81100840067));
#3869 = CARTESIAN_POINT('',(49.866648891721,38.185795348812,
    140.82747073552));
#3870 = CARTESIAN_POINT('',(49.932307545879,38.185401948994,
    140.87578576456));
#3871 = CARTESIAN_POINT('',(49.982035122627,38.203521121547,
    140.90763145873));
#3872 = CARTESIAN_POINT('',(50.032703692656,38.22047264693,
    140.94042683638));
#3873 = CARTESIAN_POINT('',(49.457178732917,38.216302556326,
    140.6894968655));
#3874 = CARTESIAN_POINT('',(49.548898612857,38.187543257931,
    140.76515355205));
#3875 = CARTESIAN_POINT('',(49.653647149876,38.143580559086,
    140.8544769899));
#3876 = CARTESIAN_POINT('',(49.704822097732,38.160372955359,
    140.88780558152));
#3877 = CARTESIAN_POINT('',(49.798915053241,38.128262590345,
    140.96585935603));
#3878 = CARTESIAN_POINT('',(49.855340309586,38.139118059272,
    141.00478841424));
#3879 = CARTESIAN_POINT('',(49.925722065781,38.133850378035,
    141.0581039506));
#3880 = CARTESIAN_POINT('',(49.986844229326,38.139140188944,
    141.10184213897));
#3881 = CARTESIAN_POINT('',(50.047421414959,38.145005393258,
    141.14499434452));
#3882 = ADVANCED_FACE('',(#3883),#3903,.F.);
#3883 = FACE_BOUND('',#3884,.F.);
#3884 = EDGE_LOOP('',(#3885,#3893,#3902));
#3885 = ORIENTED_EDGE('',*,*,#3886,.T.);
#3886 = EDGE_CURVE('',#407,#3887,#3889,.T.);
#3887 = VERTEX_POINT('',#3888);
#3888 = CARTESIAN_POINT('',(60.908180497375,36.521024323783,
    140.85562713262));
#3889 = ( BOUNDED_CURVE() B_SPLINE_CURVE(2,(#3890,#3891,#3892),
.UNSPECIFIED.,.F.,.F.) B_SPLINE_CURVE_WITH_KNOTS((3,3),(0.,
35.729639019065),.PIECEWISE_BEZIER_KNOTS.) CURVE() 
GEOMETRIC_REPRESENTATION_ITEM() RATIONAL_B_SPLINE_CURVE((1.,
0.857115899176,1.)) REPRESENTATION_ITEM('') );
#3890 = CARTESIAN_POINT('',(61.347764236395,36.265140579051,
    140.77413434896));
#3891 = CARTESIAN_POINT('',(61.047659016682,36.263235243721,
    140.78937400263));
#3892 = CARTESIAN_POINT('',(60.908180497375,36.521024323783,
    140.85562713262));
#3893 = ORIENTED_EDGE('',*,*,#3894,.T.);
#3894 = EDGE_CURVE('',#3887,#335,#3895,.T.);
#3895 = B_SPLINE_CURVE_WITH_KNOTS('',5,(#3896,#3897,#3898,#3899,#3900,
    #3901),.UNSPECIFIED.,.F.,.F.,(6,6),(0.,1.570796501995),
  .PIECEWISE_BEZIER_KNOTS.);
#3896 = CARTESIAN_POINT('',(60.908180055681,36.521024143341,
    140.85562710941));
#3897 = CARTESIAN_POINT('',(60.912706895049,36.529840870943,
    140.69885711153));
#3898 = CARTESIAN_POINT('',(60.862875265202,36.510068731762,
    140.53876279261));
#3899 = CARTESIAN_POINT('',(60.756614951308,36.459448501266,
    140.40840924721));
#3900 = CARTESIAN_POINT('',(60.619195717037,36.390234747991,
    140.33891379789));
#3901 = CARTESIAN_POINT('',(60.479973162651,36.317940060212,
    140.3308223668));
#3902 = ORIENTED_EDGE('',*,*,#777,.T.);
#3903 = B_SPLINE_SURFACE_WITH_KNOTS('',8,8,(
    (#3904,#3905,#3906,#3907,#3908,#3909,#3910,#3911,#3912,#3913,#3914
      ,#3915,#3916,#3917,#3918,#3919)
    ,(#3920,#3921,#3922,#3923,#3924,#3925,#3926,#3927,#3928,#3929,#3930
      ,#3931,#3932,#3933,#3934,#3935)
    ,(#3936,#3937,#3938,#3939,#3940,#3941,#3942,#3943,#3944,#3945,#3946
      ,#3947,#3948,#3949,#3950,#3951)
    ,(#3952,#3953,#3954,#3955,#3956,#3957,#3958,#3959,#3960,#3961,#3962
      ,#3963,#3964,#3965,#3966,#3967)
    ,(#3968,#3969,#3970,#3971,#3972,#3973,#3974,#3975,#3976,#3977,#3978
      ,#3979,#3980,#3981,#3982,#3983)
    ,(#3984,#3985,#3986,#3987,#3988,#3989,#3990,#3991,#3992,#3993,#3994
      ,#3995,#3996,#3997,#3998,#3999)
    ,(#4000,#4001,#4002,#4003,#4004,#4005,#4006,#4007,#4008,#4009,#4010
      ,#4011,#4012,#4013,#4014,#4015)
    ,(#4016,#4017,#4018,#4019,#4020,#4021,#4022,#4023,#4024,#4025,#4026
      ,#4027,#4028,#4029,#4030,#4031)
    ,(#4032,#4033,#4034,#4035,#4036,#4037,#4038,#4039,#4040,#4041,#4042
      ,#4043,#4044,#4045,#4046,#4047)
    ,(#4048,#4049,#4050,#4051,#4052,#4053,#4054,#4055,#4056,#4057,#4058
      ,#4059,#4060,#4061,#4062,#4063)
    ,(#4064,#4065,#4066,#4067,#4068,#4069,#4070,#4071,#4072,#4073,#4074
      ,#4075,#4076,#4077,#4078,#4079)
    ,(#4080,#4081,#4082,#4083,#4084,#4085,#4086,#4087,#4088,#4089,#4090
      ,#4091,#4092,#4093,#4094,#4095)
    ,(#4096,#4097,#4098,#4099,#4100,#4101,#4102,#4103,#4104,#4105,#4106
      ,#4107,#4108,#4109,#4110,#4111)
    ,(#4112,#4113,#4114,#4115,#4116,#4117,#4118,#4119,#4120,#4121,#4122
      ,#4123,#4124,#4125,#4126,#4127)
    ,(#4128,#4129,#4130,#4131,#4132,#4133,#4134,#4135,#4136,#4137,#4138
      ,#4139,#4140,#4141,#4142,#4143)
    ,(#4144,#4145,#4146,#4147,#4148,#4149,#4150,#4151,#4152,#4153,#4154
      ,#4155,#4156,#4157,#4158,#4159
  )),.UNSPECIFIED.,.F.,.F.,.F.,(9,7,9),(9,7,9),(-0.56354219028,
    -6.158639084102E-02,0.440369408598),(-0.129494649716,
    5.721343392556E-02,0.243921517567),.UNSPECIFIED.);
#3904 = CARTESIAN_POINT('',(60.345736802635,36.225133792581,
    140.36466483048));
#3905 = CARTESIAN_POINT('',(60.39525910308,36.273832111846,
    140.32920151815));
#3906 = CARTESIAN_POINT('',(60.438440267976,36.319263741729,
    140.29891115929));
#3907 = CARTESIAN_POINT('',(60.477648052172,36.362618310652,
    140.271837485));
#3908 = CARTESIAN_POINT('',(60.499586247476,36.397192499782,
    140.25893743146));
#3909 = CARTESIAN_POINT('',(60.520793464053,36.431413297814,
    140.24663765195));
#3910 = CARTESIAN_POINT('',(60.538684280088,36.463923002521,
    140.23704007932));
#3911 = CARTESIAN_POINT('',(60.554634796347,36.495455585298,
    140.22903801226));
#3912 = CARTESIAN_POINT('',(60.585934323183,36.55820901992,
    140.21351841564));
#3913 = CARTESIAN_POINT('',(60.601211026436,36.589395061825,
    140.20606166353));
#3914 = CARTESIAN_POINT('',(60.617240925955,36.62096260596,
    140.19798371241));
#3915 = CARTESIAN_POINT('',(60.635155215219,36.653486301155,
    140.18835631824));
#3916 = CARTESIAN_POINT('',(60.656010724588,36.687502922366,
    140.17631229682));
#3917 = CARTESIAN_POINT('',(60.680710621569,36.723471025853,
    140.16111058343));
#3918 = CARTESIAN_POINT('',(60.709925110593,36.761730604085,
    140.14220129146));
#3919 = CARTESIAN_POINT('',(60.744012133212,36.802462740876,
    140.11929077185));
#3920 = CARTESIAN_POINT('',(60.403155479446,36.22297917797,
    140.39754308215));
#3921 = CARTESIAN_POINT('',(60.449629790462,36.270135292162,
    140.36458523214));
#3922 = CARTESIAN_POINT('',(60.48922369015,36.313751595033,
    140.33724412402));
#3923 = CARTESIAN_POINT('',(60.527273654031,36.356508311172,
    140.31111181651));
#3924 = CARTESIAN_POINT('',(60.542686575406,36.387774789595,
    140.30357796061));
#3925 = CARTESIAN_POINT('',(60.561517020984,36.420794929635,
    140.29322929305));
#3926 = CARTESIAN_POINT('',(60.57631573932,36.451731668648,
    140.2861688063));
#3927 = CARTESIAN_POINT('',(60.589098382275,36.481658020548,
    140.28076886468));
#3928 = CARTESIAN_POINT('',(60.614100400486,36.541215773583,
    140.27042106764));
#3929 = CARTESIAN_POINT('',(60.626189645304,36.570784113706,
    140.26558209316));
#3930 = CARTESIAN_POINT('',(60.638931610309,36.600682565115,
    140.26020421458));
#3931 = CARTESIAN_POINT('',(60.65344039158,36.631477125006,
    140.25337306859));
#3932 = CARTESIAN_POINT('',(60.670803493783,36.663720271684,
    140.24419630317));
#3933 = CARTESIAN_POINT('',(60.691983164874,36.697900698742,
    140.23188449077));
#3934 = CARTESIAN_POINT('',(60.717695270725,36.734381652076,
    140.21585041079));
#3935 = CARTESIAN_POINT('',(60.748265707341,36.773327869855,
    140.19582669912));
#3936 = CARTESIAN_POINT('',(60.46037916732,36.220722681963,
    140.43057948583));
#3937 = CARTESIAN_POINT('',(60.503816508214,36.26634441284,
    140.40011942091));
#3938 = CARTESIAN_POINT('',(60.539322952903,36.30790102203,
    140.37614563461));
#3939 = CARTESIAN_POINT('',(60.571329082157,36.347566148652,
    140.35495011486));
#3940 = CARTESIAN_POINT('',(60.596177692132,36.383639795524,
    140.33969911938));
#3941 = CARTESIAN_POINT('',(60.597324085431,36.407694358167,
    140.34386280926));
#3942 = CARTESIAN_POINT('',(60.61771591001,36.441459697052,
    140.3322074709));
#3943 = CARTESIAN_POINT('',(60.625849639659,36.469030122059,
    140.33062656528));
#3944 = CARTESIAN_POINT('',(60.645087253557,36.525662348775,
    140.3250130603));
#3945 = CARTESIAN_POINT('',(60.654182894296,36.55371099465,
    140.32263272077));
#3946 = CARTESIAN_POINT('',(60.663807856625,36.582026931064,
    140.31981473415));
#3947 = CARTESIAN_POINT('',(60.674962114522,36.611117750488,
    140.31573775424));
#3948 = CARTESIAN_POINT('',(60.688895320245,36.641618912644,
    140.30937684898));
#3949 = CARTESIAN_POINT('',(60.706554043563,36.674010993149,
    140.29995534596));
#3950 = CARTESIAN_POINT('',(60.728771819235,36.70871722396,
    140.28678977186));
#3951 = CARTESIAN_POINT('',(60.755816439668,36.745872690724,
    140.26966037918));
#3952 = CARTESIAN_POINT('',(60.519523413318,36.219433298283,
    140.46203412921));
#3953 = CARTESIAN_POINT('',(60.561581101079,36.264359909756,
    140.43270951456));
#3954 = CARTESIAN_POINT('',(60.598491614352,36.306602929932,
    140.40756052699));
#3955 = CARTESIAN_POINT('',(60.64383265176,36.353132739862,
    140.37549474693));
#3956 = CARTESIAN_POINT('',(60.59329642008,36.350954430637,
    140.42215086029));
#3957 = CARTESIAN_POINT('',(60.674290232037,36.415432499477,
    140.3606578622));
#3958 = CARTESIAN_POINT('',(60.651451687543,36.427324236607,
    140.38455757864));
#3959 = CARTESIAN_POINT('',(60.665914892189,36.458090009963,
    140.3777658158));
#3960 = CARTESIAN_POINT('',(60.679757948158,36.511984108615,
    140.37658359065));
#3961 = CARTESIAN_POINT('',(60.685901836733,36.538534663987,
    140.37662825632));
#3962 = CARTESIAN_POINT('',(60.69233597512,36.565229872917,
    140.37643021524));
#3963 = CARTESIAN_POINT('',(60.700415223235,36.592759312479,
    140.37487896461));
#3964 = CARTESIAN_POINT('',(60.710519682963,36.62131499634,
    140.37166060937));
#3965 = CARTESIAN_POINT('',(60.724794080584,36.651988427942,
    140.36501766737));
#3966 = CARTESIAN_POINT('',(60.743431036588,36.68487585584,
    140.35479153464));
#3967 = CARTESIAN_POINT('',(60.766894336568,36.720212272323,
    140.34060196356));
#3968 = CARTESIAN_POINT('',(60.579771821813,36.218703157699,
    140.4925848758));
#3969 = CARTESIAN_POINT('',(60.61964760144,36.262532702242,
    140.46505935229));
#3970 = CARTESIAN_POINT('',(60.654079198887,36.303559807168,
    140.44197776507));
#3971 = CARTESIAN_POINT('',(60.66236836768,36.331227877395,
    140.44029909108));
#3972 = CARTESIAN_POINT('',(60.732398371649,36.390214877698,
    140.38787787201));
#3973 = CARTESIAN_POINT('',(60.676283689932,36.385229166444,
    140.43912028448));
#3974 = CARTESIAN_POINT('',(60.713396588529,36.427473464284,
    140.41371317068));
#3975 = CARTESIAN_POINT('',(60.710992896047,36.449698271733,
    140.42079285946));
#3976 = CARTESIAN_POINT('',(60.718283543745,36.500265986401,
    140.4249934251));
#3977 = CARTESIAN_POINT('',(60.721409762863,36.525283601042,
    140.42751597325));
#3978 = CARTESIAN_POINT('',(60.72512678661,36.550599399154,
    140.42955045996));
#3979 = CARTESIAN_POINT('',(60.72893577241,36.575957784237,
    140.43150276302));
#3980 = CARTESIAN_POINT('',(60.736352871606,36.60315043005,
    140.43049237901));
#3981 = CARTESIAN_POINT('',(60.746502564014,36.631727716359,
    140.4272341907));
#3982 = CARTESIAN_POINT('',(60.761595639864,36.662815494396,
    140.41991733347));
#3983 = CARTESIAN_POINT('',(60.781373332354,36.696280059524,
    140.40875327709));
#3984 = CARTESIAN_POINT('',(60.63925852273,36.217594827979,
    140.5237661006));
#3985 = CARTESIAN_POINT('',(60.676998921315,36.260349607378,
    140.49799894559));
#3986 = CARTESIAN_POINT('',(60.709475902628,36.300372192088,
    140.47651029369));
#3987 = CARTESIAN_POINT('',(60.744782973977,36.341801379973,
    140.45267533189));
#3988 = CARTESIAN_POINT('',(60.725941789911,36.355696643447,
    140.47327493307));
#3989 = CARTESIAN_POINT('',(60.767318356718,36.40012421528,
    140.44437738725));
#3990 = CARTESIAN_POINT('',(60.753888479287,36.416760115942,
    140.460518452));
#3991 = CARTESIAN_POINT('',(60.758935421723,36.442755773194,
    140.46146780945));
#3992 = CARTESIAN_POINT('',(60.760609639682,36.490472711855,
    140.47027987049));
#3993 = CARTESIAN_POINT('',(60.760702515441,36.513949886762,
    140.47529359201));
#3994 = CARTESIAN_POINT('',(60.760590595823,36.53732116251,
    140.48047129534));
#3995 = CARTESIAN_POINT('',(60.762697439641,36.561819403075,
    140.48382680442));
#3996 = CARTESIAN_POINT('',(60.764379905184,36.586094504396,
    140.48751960621));
#3997 = CARTESIAN_POINT('',(60.771683111344,36.613228843812,
    140.48660047207));
#3998 = CARTESIAN_POINT('',(60.782836178018,36.642315464142,
    140.48251779931));
#3999 = CARTESIAN_POINT('',(60.798822917917,36.673855060429,
    140.47446597164));
#4000 = CARTESIAN_POINT('',(60.701587428065,36.217934814406,
    140.55261831715));
#4001 = CARTESIAN_POINT('',(60.737555351232,36.259798978901,
    140.52831207591));
#4002 = CARTESIAN_POINT('',(60.769529244282,36.299580979954,
    140.50724700283));
#4003 = CARTESIAN_POINT('',(60.790487273986,36.333707090758,
    140.49518005306));
#4004 = CARTESIAN_POINT('',(60.809455072868,36.366799288881,
    140.48472334908));
#4005 = CARTESIAN_POINT('',(60.804768238947,36.387856467164,
    140.49367049051));
#4006 = CARTESIAN_POINT('',(60.809791847614,36.41384472744,
    140.49464376007));
#4007 = CARTESIAN_POINT('',(60.807847576473,36.436293702726,
    140.50133729958));
#4008 = CARTESIAN_POINT('',(60.80421188157,36.481317153717,140.514512491
    ));
#4009 = CARTESIAN_POINT('',(60.80160638219,36.503427610822,
    140.52174472933));
#4010 = CARTESIAN_POINT('',(60.799589942137,36.525835856382,
    140.52849159656));
#4011 = CARTESIAN_POINT('',(60.795842554866,36.547353146946,
    140.53664567994));
#4012 = CARTESIAN_POINT('',(60.796274774732,36.571002154043,
    140.54137306494));
#4013 = CARTESIAN_POINT('',(60.798671138245,36.595642315893,
    140.54447950384));
#4014 = CARTESIAN_POINT('',(60.806306338206,36.6229441316,
    140.54328593298));
#4015 = CARTESIAN_POINT('',(60.818441094105,36.652528175483,
    140.53839676957));
#4016 = CARTESIAN_POINT('',(60.765721866638,36.219200757354,
    140.57999464544));
#4017 = CARTESIAN_POINT('',(60.799411578139,36.259916786328,
    140.55756376075));
#4018 = CARTESIAN_POINT('',(60.829779197026,36.298885822923,
    140.5378182135));
#4019 = CARTESIAN_POINT('',(60.85256526234,36.333947089475,
    140.52425443676));
#4020 = CARTESIAN_POINT('',(60.860326396657,36.361327038435,
    140.52298328283));
#4021 = CARTESIAN_POINT('',(60.861814291524,36.385518873421,
    140.52685733444));
#4022 = CARTESIAN_POINT('',(60.859568315619,36.407812985211,
    140.53379692247));
#4023 = CARTESIAN_POINT('',(60.855880215568,36.4293769792,140.5419222369
    ));
#4024 = CARTESIAN_POINT('',(60.847144345843,36.471813332174,
    140.55928741412));
#4025 = CARTESIAN_POINT('',(60.842140942664,36.492708477809,
    140.56849119348));
#4026 = CARTESIAN_POINT('',(60.837110892459,36.513587493861,
    140.57771239058));
#4027 = CARTESIAN_POINT('',(60.832568610083,36.534706432932,
    140.58652813495));
#4028 = CARTESIAN_POINT('',(60.827355680764,36.5554877875,
    140.59588675161));
#4029 = CARTESIAN_POINT('',(60.826831921519,36.57864716423,
    140.60139266832));
#4030 = CARTESIAN_POINT('',(60.83061216467,36.60399226485,
    140.60336432804));
#4031 = CARTESIAN_POINT('',(60.838868649782,36.631607668522,
    140.60165979639));
#4032 = CARTESIAN_POINT('',(60.899464766237,36.224527876394,
    140.63026453849));
#4033 = CARTESIAN_POINT('',(60.927168243526,36.262219447461,
    140.61275630335));
#4034 = CARTESIAN_POINT('',(60.953590687243,36.299189040953,
    140.59625084012));
#4035 = CARTESIAN_POINT('',(60.971983098691,36.331998864433,
    140.58627889162));
#4036 = CARTESIAN_POINT('',(60.970254947142,36.354527007596,
    140.59277046754));
#4037 = CARTESIAN_POINT('',(60.9642522793,36.374910990126,
    140.60278602565));
#4038 = CARTESIAN_POINT('',(60.95538984266,36.393839219945,
    140.6151514345));
#4039 = CARTESIAN_POINT('',(60.946177946783,36.412601090611,
    140.62781373426));
#4040 = CARTESIAN_POINT('',(60.927140515829,36.44981421498,
    140.65364361681));
#4041 = CARTESIAN_POINT('',(60.917513566689,36.468366344564,
    140.66664792563));
#4042 = CARTESIAN_POINT('',(60.907180728104,36.486560941339,
    140.68023254831));
#4043 = CARTESIAN_POINT('',(60.89929016668,36.505969074712,
    140.6917815968));
#4044 = CARTESIAN_POINT('',(60.888432073073,36.523899170126,
    140.7058012562));
#4045 = CARTESIAN_POINT('',(60.879754725618,36.542915730413,
    140.71799387004));
#4046 = CARTESIAN_POINT('',(60.876618213285,36.564751915484,
    140.72564816201));
#4047 = CARTESIAN_POINT('',(60.876900879414,36.588319890909,
    140.73049220977));
#4048 = CARTESIAN_POINT('',(60.976075161692,36.232165552276,
    140.64742523821));
#4049 = CARTESIAN_POINT('',(61.002105997893,36.269020352995,
    140.63129774745));
#4050 = CARTESIAN_POINT('',(60.989443372407,36.286017587659,
    140.64678522094));
#4051 = CARTESIAN_POINT('',(61.008725785569,36.319256800487,
    140.63604819996));
#4052 = CARTESIAN_POINT('',(61.061808977828,36.369771778507,
    140.59770373495));
#4053 = CARTESIAN_POINT('',(60.986076916109,36.354623919823,
    140.6648207884));
#4054 = CARTESIAN_POINT('',(61.007290947011,36.388878428453,
    140.65255434374));
#4055 = CARTESIAN_POINT('',(60.988590787601,36.402816017187,
    140.67299787848));
#4056 = CARTESIAN_POINT('',(60.964424274353,36.437431600879,
    140.70304521237));
#4057 = CARTESIAN_POINT('',(60.953682849142,36.4554258133,140.7169768007
    ));
#4058 = CARTESIAN_POINT('',(60.935046521054,36.46939013675,
    140.73734562083));
#4059 = CARTESIAN_POINT('',(60.939492735886,36.495097017415,
    140.73883949976));
#4060 = CARTESIAN_POINT('',(60.908130861075,36.502568453297,
    140.76960097304));
#4061 = CARTESIAN_POINT('',(60.907115379208,36.525499749652,
    140.77555133584));
#4062 = CARTESIAN_POINT('',(60.898219249864,36.544411684561,
    140.78793315245));
#4063 = CARTESIAN_POINT('',(60.894423222064,36.565910072587,
    140.79612823906));
#4064 = CARTESIAN_POINT('',(61.013225535045,36.2196550324,
    140.69689880475));
#4065 = CARTESIAN_POINT('',(61.024737905473,36.249116941706,
    140.69267294945));
#4066 = CARTESIAN_POINT('',(61.16982323736,36.346790139888,
    140.57908213676));
#4067 = CARTESIAN_POINT('',(61.212276017486,36.391813029297,
    140.54944376864));
#4068 = CARTESIAN_POINT('',(60.899006892854,36.255382195625,
    140.81091569813));
#4069 = CARTESIAN_POINT('',(61.177454623275,36.420769216811,
    140.58801444395));
#4070 = CARTESIAN_POINT('',(61.01505774305,36.361447551894,
    140.72612534742));
#4071 = CARTESIAN_POINT('',(61.026317286018,36.390655266706,
    140.72203293532));
#4072 = CARTESIAN_POINT('',(60.994865362393,36.421564000358,
    140.75805160508));
#4073 = CARTESIAN_POINT('',(60.975563861653,36.435178384868,
    140.77894930175));
#4074 = CARTESIAN_POINT('',(60.98824941954,36.465189520979,
    140.77387323151));
#4075 = CARTESIAN_POINT('',(60.904212519402,36.445604618915,
    140.84734773188));
#4076 = CARTESIAN_POINT('',(60.997543336921,36.516883643361,
    140.77661623499));
#4077 = CARTESIAN_POINT('',(60.907833031006,36.494508688642,
    140.85490682028));
#4078 = CARTESIAN_POINT('',(60.914788559564,36.521510456964,
    140.85434379171));
#4079 = CARTESIAN_POINT('',(60.907549544156,36.541260735261,
    140.86536675007));
#4080 = CARTESIAN_POINT('',(61.170068191925,36.268228915302,
    140.64833881559));
#4081 = CARTESIAN_POINT('',(61.195311137684,36.304727485772,
    140.63288621946));
#4082 = CARTESIAN_POINT('',(61.051450072492,36.254599994916,
    140.75570928288));
#4083 = CARTESIAN_POINT('',(60.849904177588,36.175278670122,
    140.92578786239));
#4084 = CARTESIAN_POINT('',(61.49727889082,36.528877494777,
    140.40088843488));
#4085 = CARTESIAN_POINT('',(60.847244159452,36.220943357319,
    140.9382862859));
#4086 = CARTESIAN_POINT('',(61.117856565005,36.38246145635,
    140.72186297771));
#4087 = CARTESIAN_POINT('',(61.050630605421,36.371652007408,
    140.78204433359));
#4088 = CARTESIAN_POINT('',(61.020978764102,36.403516427023,
    140.81662955444));
#4089 = CARTESIAN_POINT('',(61.007418599602,36.420106078986,
    140.83292100189));
#4090 = CARTESIAN_POINT('',(60.962990471823,36.420898682124,
    140.87430947586));
#4091 = CARTESIAN_POINT('',(61.023904089525,36.475576256671,
    140.82994008555));
#4092 = CARTESIAN_POINT('',(60.888176937336,36.429371600937,
    140.9453548646));
#4093 = CARTESIAN_POINT('',(60.975853456363,36.497868603855,
    140.87929182056));
#4094 = CARTESIAN_POINT('',(60.936742480152,36.501346986021,
    140.91634672499));
#4095 = CARTESIAN_POINT('',(60.919701199656,36.516113171146,
    140.93540898254));
#4096 = CARTESIAN_POINT('',(61.143425060296,36.223208870098,
    140.75009128208));
#4097 = CARTESIAN_POINT('',(61.133624323582,36.241826902151,
    140.76333895098));
#4098 = CARTESIAN_POINT('',(61.182158658862,36.290287436951,
    140.72887003763));
#4099 = CARTESIAN_POINT('',(61.615764880533,36.534609972199,
    140.37873519532));
#4100 = CARTESIAN_POINT('',(60.677746892511,36.079394927407,
    141.15177667055));
#4101 = CARTESIAN_POINT('',(61.428216633611,36.486298791195,
    140.54280244777));
#4102 = CARTESIAN_POINT('',(61.053091626019,36.317916082145,
    140.85474658367));
#4103 = CARTESIAN_POINT('',(61.087641400987,36.359165161925,
    140.83169552649));
#4104 = CARTESIAN_POINT('',(61.029930751751,36.376714768512,
    140.88925003524));
#4105 = CARTESIAN_POINT('',(61.00344680399,36.386690478177,
    140.9160661456));
#4106 = CARTESIAN_POINT('',(60.999184012219,36.408039408575,
    140.9247925184));
#4107 = CARTESIAN_POINT('',(60.936193866764,36.399213880734,
    140.98117850895));
#4108 = CARTESIAN_POINT('',(60.986139025884,36.448426984262,
    140.94589893959));
#4109 = CARTESIAN_POINT('',(60.914080730749,36.434946780235,
    141.00966839362));
#4110 = CARTESIAN_POINT('',(60.912500474492,36.457647762877,
    141.01616302001));
#4111 = CARTESIAN_POINT('',(60.898110141485,36.473772672686,
    141.03307120158));
#4112 = CARTESIAN_POINT('',(61.299054166608,36.271053138843,
    140.7024636158));
#4113 = CARTESIAN_POINT('',(61.297882445549,36.29416659484,
    140.70870593934));
#4114 = CARTESIAN_POINT('',(61.447650648778,36.394306041915,
    140.59130986686));
#4115 = CARTESIAN_POINT('',(60.894805161918,36.13464160428,
    141.04855825926));
#4116 = CARTESIAN_POINT('',(61.460747802746,36.448917169963,
    140.59153088922));
#4117 = CARTESIAN_POINT('',(60.970971699695,36.220647063688,
    140.99650120489));
#4118 = CARTESIAN_POINT('',(61.12903392988,36.325666558174,
    140.87278891634));
#4119 = CARTESIAN_POINT('',(61.064105018842,36.315838040325,
    140.93096906971));
#4120 = CARTESIAN_POINT('',(61.010665026811,36.335557173073,
    140.98501608936));
#4121 = CARTESIAN_POINT('',(60.986211222432,36.34657964832,
    141.01019415189));
#4122 = CARTESIAN_POINT('',(60.960046971597,36.356707104874,
    141.0367326997));
#4123 = CARTESIAN_POINT('',(60.95025474049,36.375218217817,
    141.04994166092));
#4124 = CARTESIAN_POINT('',(60.915438949282,36.380846125136,
    141.0834367571));
#4125 = CARTESIAN_POINT('',(60.911257172546,36.402247820806,
    141.09209691716));
#4126 = CARTESIAN_POINT('',(60.888429044469,36.414068360031,
    141.11590092388));
#4127 = CARTESIAN_POINT('',(60.868638561859,36.427442678902,
    141.13723079512));
#4128 = CARTESIAN_POINT('',(61.369972212998,36.275881372112,
    140.72435019249));
#4129 = CARTESIAN_POINT('',(61.31645866902,36.272266847097,
    140.77344494903));
#4130 = CARTESIAN_POINT('',(61.215172955379,36.244159888513,
    140.86158323829));
#4131 = CARTESIAN_POINT('',(61.169871306945,36.24401985228,
    140.90348510864));
#4132 = CARTESIAN_POINT('',(61.159316328303,36.263106995658,
    140.9179294373));
#4133 = CARTESIAN_POINT('',(61.074383444646,36.242529333357,
    140.9921045079));
#4134 = CARTESIAN_POINT('',(61.064235738578,36.261160293737,
    141.00576810549));
#4135 = CARTESIAN_POINT('',(61.027675473803,36.265942193996,
    141.04080760556));
#4136 = CARTESIAN_POINT('',(60.970578700443,36.283804249954,
    141.09785252145));
#4137 = CARTESIAN_POINT('',(60.944715700522,36.294106288418,
    141.12417864685));
#4138 = CARTESIAN_POINT('',(60.921284472692,36.305641084444,
    141.14850449465));
#4139 = CARTESIAN_POINT('',(60.899783156032,36.318148598166,
    141.17123746876));
#4140 = CARTESIAN_POINT('',(60.879568691346,36.331310555234,
    141.19291685142));
#4141 = CARTESIAN_POINT('',(60.859617529268,36.344613261476,
    141.21439002062));
#4142 = CARTESIAN_POINT('',(60.838788043818,36.357468246808,
    141.23658248866));
#4143 = CARTESIAN_POINT('',(60.817432706666,36.370049308411,
    141.2591998941));
#4144 = CARTESIAN_POINT('',(61.415855686222,36.267934924492,
    140.76674026607));
#4145 = CARTESIAN_POINT('',(61.329035686149,36.247319812285,
    140.8431083587));
#4146 = CARTESIAN_POINT('',(61.211440502586,36.210889130814,
    140.94460444921));
#4147 = CARTESIAN_POINT('',(61.126578719972,36.1907933595,
    141.01905187783));
#4148 = CARTESIAN_POINT('',(61.121240815207,36.212129294608,
    141.02894704949));
#4149 = CARTESIAN_POINT('',(61.030739606577,36.189093307767,
    141.10794824785));
#4150 = CARTESIAN_POINT('',(61.013661808118,36.204037629065,
    141.12718379327));
#4151 = CARTESIAN_POINT('',(60.975342961271,36.20796209701,
    141.16369055382));
#4152 = CARTESIAN_POINT('',(60.914286549163,36.223813376884,
    141.22398322384));
#4153 = CARTESIAN_POINT('',(60.887152328407,36.233469259823,
    141.25135107602));
#4154 = CARTESIAN_POINT('',(60.862478995301,36.244373074066,
    141.27669576838));
#4155 = CARTESIAN_POINT('',(60.839673190014,36.256223046092,
    141.30050515828));
#4156 = CARTESIAN_POINT('',(60.817941780562,36.268618780967,
    141.3234342361));
#4157 = CARTESIAN_POINT('',(60.796231721588,36.281026911225,
    141.34634914765));
#4158 = CARTESIAN_POINT('',(60.773649281091,36.292991553686,
    141.36998063838));
#4159 = CARTESIAN_POINT('',(60.750358635891,36.304589574742,
    141.39418692113));
#4160 = ADVANCED_FACE('',(#4161),#4535,.F.);
#4161 = FACE_BOUND('',#4162,.F.);
#4162 = EDGE_LOOP('',(#4163,#4164,#4533,#4534));
#4163 = ORIENTED_EDGE('',*,*,#3783,.T.);
#4164 = ORIENTED_EDGE('',*,*,#4165,.T.);
#4165 = EDGE_CURVE('',#3784,#3887,#4166,.T.);
#4166 = ( BOUNDED_CURVE() B_SPLINE_CURVE(14,(#4167,#4168,#4169,#4170,
    #4171,#4172,#4173,#4174,#4175,#4176,#4177,#4178,#4179,#4180,#4181,
    #4182,#4183,#4184,#4185,#4186,#4187,#4188,#4189,#4190,#4191,#4192,
    #4193,#4194,#4195,#4196,#4197,#4198,#4199,#4200,#4201,#4202,#4203,
    #4204,#4205,#4206,#4207,#4208,#4209,#4210,#4211,#4212,#4213,#4214,
    #4215,#4216,#4217,#4218,#4219,#4220,#4221,#4222,#4223,#4224,#4225,
    #4226,#4227,#4228,#4229,#4230,#4231,#4232,#4233,#4234,#4235,#4236,
    #4237,#4238,#4239,#4240,#4241,#4242,#4243,#4244,#4245,#4246,#4247,
    #4248,#4249,#4250,#4251,#4252,#4253,#4254,#4255,#4256,#4257,#4258,
    #4259,#4260,#4261,#4262,#4263,#4264,#4265,#4266,#4267,#4268,#4269,
    #4270,#4271,#4272,#4273,#4274,#4275,#4276,#4277,#4278,#4279,#4280,
    #4281,#4282,#4283,#4284,#4285,#4286,#4287,#4288,#4289,#4290,#4291,
    #4292,#4293,#4294,#4295,#4296,#4297,#4298,#4299,#4300,#4301,#4302,
    #4303,#4304,#4305,#4306,#4307,#4308,#4309,#4310,#4311,#4312,#4313,
    #4314,#4315,#4316,#4317,#4318,#4319,#4320,#4321,#4322,#4323,#4324,
    #4325,#4326,#4327,#4328,#4329,#4330,#4331,#4332,#4333,#4334,#4335,
    #4336,#4337,#4338,#4339,#4340,#4341,#4342,#4343,#4344,#4345,#4346,
    #4347,#4348,#4349,#4350,#4351,#4352,#4353,#4354,#4355,#4356,#4357,
    #4358,#4359,#4360,#4361,#4362,#4363,#4364,#4365,#4366,#4367,#4368,
    #4369,#4370,#4371,#4372,#4373,#4374,#4375,#4376,#4377,#4378,#4379,
    #4380,#4381,#4382,#4383,#4384,#4385,#4386,#4387,#4388,#4389,#4390,
    #4391,#4392,#4393,#4394,#4395,#4396,#4397,#4398,#4399,#4400,#4401,
    #4402,#4403,#4404,#4405,#4406,#4407,#4408,#4409,#4410,#4411,#4412,
    #4413,#4414,#4415,#4416,#4417,#4418,#4419,#4420,#4421,#4422,#4423,
    #4424,#4425,#4426,#4427,#4428,#4429,#4430,#4431,#4432,#4433,#4434,
    #4435,#4436,#4437,#4438,#4439,#4440,#4441,#4442,#4443,#4444,#4445,
    #4446,#4447,#4448,#4449,#4450,#4451,#4452,#4453,#4454,#4455,#4456,
    #4457,#4458,#4459,#4460,#4461,#4462,#4463,#4464,#4465,#4466,#4467,
    #4468,#4469,#4470,#4471,#4472,#4473,#4474,#4475,#4476,#4477,#4478,
    #4479,#4480,#4481,#4482,#4483,#4484,#4485,#4486,#4487,#4488,#4489,
    #4490,#4491,#4492,#4493,#4494,#4495,#4496,#4497,#4498,#4499,#4500,
    #4501,#4502,#4503,#4504,#4505,#4506,#4507,#4508,#4509,#4510,#4511,
    #4512,#4513,#4514,#4515,#4516,#4517,#4518,#4519,#4520,#4521,#4522,
    #4523,#4524,#4525,#4526,#4527,#4528,#4529,#4530,#4531,#4532),
.UNSPECIFIED.,.F.,.F.) B_SPLINE_CURVE_WITH_KNOTS((15,13,13,13,13,13,13,
    13,13,13,13,13,13,13,13,13,13,13,13,13,13,13,13,13,13,13,13,13,15),(
    -9.217145075788,-9.124024173807,-4.562012086903,-2.281006043452,
    -1.140503021726,0.,5.075000958486,8.95539689084,12.329748515141,
    15.3864451557,17.106628266922,17.765085454089,18.423542641256,
    19.740457015591,20.430554441606,21.120651867621,22.500846719652,
    23.478919786328,23.967956319666,24.456992853004,26.413138986356,
    26.462816464816,26.487655204046,26.500074573661,26.506284258469,
    26.509389100873,26.510941522074,26.511717732675,26.512493943276),
.UNSPECIFIED.) CURVE() GEOMETRIC_REPRESENTATION_ITEM() 
RATIONAL_B_SPLINE_CURVE((1.,1.,1.,1.,1.000000000001,0.999999999998,
    1.000000000003,0.999999999995,1.000000000005,0.999999999996,
    1.000000000003,0.999999999999,1.,1.,1.,0.999999999999,1.000000000002
    ,0.999999999996,1.000000000006,0.999999999993,1.000000000006,
    0.999999999996,1.000000000002,0.999999999999,1.,1.,1.,1.,
    0.999999999999,1.000000000003,0.999999999995,1.000000000008,
    0.999999999991,1.000000000009,0.999999999993,1.000000000004,
    0.999999999998,1.000000000001,1.,1.,1.,0.999999999999,1.000000000003
    ,0.999999999994,1.000000000009,0.999999999988,1.000000000012,
    0.99999999999,1.000000000007,0.999999999996,1.000000000002,
    0.999999999999,1.,0.999999999999,1.000000000003,0.99999999999,
    1.000000000021,0.999999999967,1.000000000043,0.999999999955,
    1.000000000038,0.999999999973,1.000000000015,0.999999999993,
    1.000000000002,1.,1.,1.000000000001,0.999999999996,1.000000000009,
    0.999999999984,1.000000000021,0.999999999977,1.000000000021,
    0.999999999985,1.000000000009,0.999999999996,1.000000000001,1.,1.,
    1.000000000001,0.999999999998,1.000000000004,0.999999999994,
    1.000000000007,0.999999999994,1.000000000005,0.999999999997,
    1.000000000002,0.999999999999,1.,1.,1.,1.,0.999999999998,
    1.000000000004,0.999999999994,1.000000000008,0.999999999991,
    1.000000000007,0.999999999995,1.000000000003,0.999999999999,1.,1.,1.
    ,1.,1.000000000001,0.999999999998,1.000000000003,0.999999999997,
    1.000000000002,0.999999999999,1.,1.,1.,1.,1.,1.,1.,0.999999999999,
    1.000000000002,0.999999999996,1.000000000005,0.999999999995,
    1.000000000004,0.999999999997,1.000000000001,0.999999999999,1.,1.,1.
    ,0.999999999999,1.000000000002,0.999999999997,1.000000000006,
    0.999999999993,1.000000000007,0.999999999994,1.000000000004,
    0.999999999997,1.000000000001,1.,1.,1.,1.,1.,1.000000000001,1.,1.,
    1.000000000001,0.999999999998,1.000000000002,0.999999999998,
    1.000000000001,1.,1.,1.,1.000000000002,0.999999999994,1.000000000013
    ,0.99999999998,1.000000000025,0.999999999974,1.000000000022,
    0.999999999985,1.000000000009,0.999999999996,1.000000000001,1.,1.,1.
    ,1.,0.999999999999,1.000000000002,0.999999999996,1.000000000006,
    0.999999999993,1.000000000006,0.999999999996,1.000000000002,
    0.999999999999,1.,1.,1.000000000001,0.999999999996,1.000000000009,
    0.999999999985,1.000000000019,0.99999999998,1.000000000018,
    0.999999999987,1.000000000007,0.999999999997,1.000000000001,1.,1.,
    1.000000000001,0.999999999995,1.00000000001,0.999999999982,
    1.000000000024,0.999999999974,1.000000000024,0.999999999982,
    1.000000000011,0.999999999995,1.000000000002,1.,1.,0.999999999999,
    1.000000000003,0.999999999995,1.000000000008,0.99999999999,
    1.000000000011,0.999999999991,1.000000000007,0.999999999996,
    1.000000000002,0.999999999999,1.,1.,1.000000000001,0.999999999996,
    1.00000000001,0.999999999984,1.000000000022,0.999999999976,
    1.000000000021,0.999999999985,1.000000000009,0.999999999996,
    1.000000000001,1.,1.,0.999999999998,1.000000000006,0.999999999988,
    1.00000000002,0.999999999973,1.00000000003,0.999999999973,
    1.00000000002,0.999999999988,1.000000000006,0.999999999998,1.,
    0.999999999999,1.000000000003,0.999999999993,1.000000000014,
    0.999999999978,1.000000000028,0.999999999971,1.000000000025,
    0.999999999982,1.00000000001,0.999999999995,1.000000000002,1.,1.,1.,
    1.,1.000000000001,0.999999999998,1.000000000004,0.999999999995,
    1.000000000004,0.999999999997,1.000000000002,0.999999999999,1.,1.,1.
    ,0.999999999999,1.000000000003,0.999999999994,1.00000000001,
    0.999999999986,1.000000000015,0.999999999986,1.00000000001,
    0.999999999994,1.000000000002,1.,1.,1.,0.999999999997,1.000000000009
    ,0.999999999982,1.000000000029,0.999999999962,1.000000000039,
    0.999999999967,1.000000000023,0.999999999988,1.000000000005,
    0.999999999999,1.,1.,0.999999999998,1.000000000006,0.999999999987,
    1.000000000021,0.999999999973,1.000000000028,0.999999999977,
    1.000000000016,0.999999999992,1.000000000003,0.999999999999,1.,1.,
    0.999999999997,1.00000000001,0.999999999978,1.000000000038,
    0.999999999949,1.000000000056,0.999999999949,1.000000000037,
    0.999999999978,1.00000000001,0.999999999997,1.,1.,0.999999999999,
    1.000000000005,0.99999999999,1.000000000016,0.99999999998,
    1.000000000021,0.999999999982,1.000000000013,0.999999999993,
    1.000000000003,0.999999999999,1.,1.,0.999999999999,1.000000000003,
    0.999999999994,1.000000000008,0.99999999999,1.000000000009,
    0.999999999993,1.000000000005,0.999999999998,1.000000000001,1.,1.,1.
    ,1.,0.999999999999,1.000000000002,0.999999999997,1.000000000003,
    0.999999999998,1.000000000001,1.,1.,1.,1.,1.,1.)) 
REPRESENTATION_ITEM('') );
#4167 = CARTESIAN_POINT('',(49.701362915674,38.049782238384,
    133.19552357495));
#4168 = CARTESIAN_POINT('',(49.70135798485,38.049710616249,
    133.20127924069));
#4169 = CARTESIAN_POINT('',(49.701353474433,38.049639510105,
    133.20703305492));
#4170 = CARTESIAN_POINT('',(49.701349383726,38.049568918964,
    133.21278501913));
#4171 = CARTESIAN_POINT('',(49.701345712059,38.049498841838,
    133.21853513484));
#4172 = CARTESIAN_POINT('',(49.701342458691,38.04942927774,
    133.22428340345));
#4173 = CARTESIAN_POINT('',(49.701339623027,38.049360225681,
    133.23002982661));
#4174 = CARTESIAN_POINT('',(49.701337204226,38.049291684677,
    133.23577440559));
#4175 = CARTESIAN_POINT('',(49.70133520179,38.049223653735,
    133.24151714214));
#4176 = CARTESIAN_POINT('',(49.701333614824,38.049156131873,
    133.24725803749));
#4177 = CARTESIAN_POINT('',(49.701332442816,38.049089118099,
    133.25299709334));
#4178 = CARTESIAN_POINT('',(49.701331684946,38.049022611429,
    133.25873431104));
#4179 = CARTESIAN_POINT('',(49.701331340598,38.048956610873,
    133.26446969215));
#4180 = CARTESIAN_POINT('',(49.701331409048,38.048891115445,
    133.27020323814));
#4181 = CARTESIAN_POINT('',(49.701355432686,38.045642187594,
    133.55673271456));
#4182 = CARTESIAN_POINT('',(49.702365204876,38.043664921998,
    133.83312975373));
#4183 = CARTESIAN_POINT('',(49.704286839485,38.042786303069,
    134.10530063213));
#4184 = CARTESIAN_POINT('',(49.707056975587,38.042912645745,
    134.3734170055));
#4185 = CARTESIAN_POINT('',(49.710622418778,38.043963408463,
    134.63764800729));
#4186 = CARTESIAN_POINT('',(49.714939301509,38.045869997422,
    134.89816063519));
#4187 = CARTESIAN_POINT('',(49.719972244063,38.048574570848,
    135.15512013691));
#4188 = CARTESIAN_POINT('',(49.725693514675,38.052028843253,
    135.40869039717));
#4189 = CARTESIAN_POINT('',(49.732082190639,38.056192889704,
    135.65903432295));
#4190 = CARTESIAN_POINT('',(49.739123318429,38.061033950077,
    135.90631423082));
#4191 = CARTESIAN_POINT('',(49.746807074673,38.066525233332,
    136.15069223223));
#4192 = CARTESIAN_POINT('',(49.75512792649,38.072644721764,
    136.39233062047));
#4193 = CARTESIAN_POINT('',(49.764083792233,38.079373975275,
    136.63139225647));
#4194 = CARTESIAN_POINT('',(49.778470906909,38.090358415811,
    136.98636530468));
#4195 = CARTESIAN_POINT('',(49.783426295882,38.094169068677,
    137.10408662905));
#4196 = CARTESIAN_POINT('',(49.788541645102,38.098127270895,
    137.22122525761));
#4197 = CARTESIAN_POINT('',(49.793817640577,38.102231760265,
    137.33780167729));
#4198 = CARTESIAN_POINT('',(49.799255378174,38.10648163572,
    137.45383653268));
#4199 = CARTESIAN_POINT('',(49.804856363568,38.110876357344,
    137.56935062608));
#4200 = CARTESIAN_POINT('',(49.810622512359,38.115415746333,
    137.68436491744));
#4201 = CARTESIAN_POINT('',(49.816556149862,38.120099985055,
    137.79890052446));
#4202 = CARTESIAN_POINT('',(49.822660011411,38.124929616976,
    137.91297872242));
#4203 = CARTESIAN_POINT('',(49.828937241999,38.129905546735,
    138.02662094439));
#4204 = CARTESIAN_POINT('',(49.835391396628,38.13502904008,
    138.13984878105));
#4205 = CARTESIAN_POINT('',(49.842026440029,38.140301723915,
    138.25268398082));
#4206 = CARTESIAN_POINT('',(49.848846746847,38.145725586272,
    138.36514844975));
#4207 = CARTESIAN_POINT('',(49.859362278886,38.154091671346,
    138.53332215254));
#4208 = CARTESIAN_POINT('',(49.862914974431,38.156918718448,
    138.58929294157));
#4209 = CARTESIAN_POINT('',(49.86651604094,38.15978465004,
    138.64517935364));
#4210 = CARTESIAN_POINT('',(49.870166019165,38.162689673865,
    138.70098420588));
#4211 = CARTESIAN_POINT('',(49.87386549962,38.165634040186,
    138.75671032802));
#4212 = CARTESIAN_POINT('',(49.877615251246,38.168618171092,
    138.81236053728));
#4213 = CARTESIAN_POINT('',(49.881416191154,38.171642629089,
    138.86793764418));
#4214 = CARTESIAN_POINT('',(49.88526927348,38.174708002018,
    138.9234444737));
#4215 = CARTESIAN_POINT('',(49.889175369683,38.177814781511,
    138.97888388895));
#4216 = CARTESIAN_POINT('',(49.893135219858,38.180963311989,
    139.03425880114));
#4217 = CARTESIAN_POINT('',(49.89714952672,38.184153887422,
    139.08957215319));
#4218 = CARTESIAN_POINT('',(49.901219271381,38.187387072874,
    139.14482686119));
#4219 = CARTESIAN_POINT('',(49.90534632398,38.190664328024,
    139.20002570028));
#4220 = CARTESIAN_POINT('',(49.913722528885,38.197313691414,
    139.31031653969));
#4221 = CARTESIAN_POINT('',(49.917971354285,38.200685428312,
    139.36540856971));
#4222 = CARTESIAN_POINT('',(49.922283298275,38.204106212241,
    139.42044991252));
#4223 = CARTESIAN_POINT('',(49.926660867397,38.20757810202,
    139.47544324364));
#4224 = CARTESIAN_POINT('',(49.931106678939,38.211103223468,
    139.53039121146));
#4225 = CARTESIAN_POINT('',(49.93562346123,38.214683769394,
    139.58529643742));
#4226 = CARTESIAN_POINT('',(49.940214053178,38.218321999603,
    139.64016151584));
#4227 = CARTESIAN_POINT('',(49.944881404874,38.222020240896,
    139.69498901409));
#4228 = CARTESIAN_POINT('',(49.949628576926,38.225780887065,
    139.74978147242));
#4229 = CARTESIAN_POINT('',(49.954458741082,38.2296063989,139.8045414041
    ));
#4230 = CARTESIAN_POINT('',(49.959375179734,38.233499304184,
    139.85927129535));
#4231 = CARTESIAN_POINT('',(49.964381286253,38.237462197694,
    139.91397360534));
#4232 = CARTESIAN_POINT('',(49.969480564799,38.241497741203,
    139.96865076622));
#4233 = CARTESIAN_POINT('',(49.9977980404,38.263901411569,
    140.26650595738));
#4234 = CARTESIAN_POINT('',(50.022830426819,38.283687453567,
    140.50925762934));
#4235 = CARTESIAN_POINT('',(50.050101440869,38.305196016706,
    140.75162717848));
#4236 = CARTESIAN_POINT('',(50.079952042178,38.32867995155,
    140.99362300694));
#4237 = CARTESIAN_POINT('',(50.112783419218,38.354423556706,
    141.235202608));
#4238 = CARTESIAN_POINT('',(50.149082296972,38.382748640733,
    141.476272156));
#4239 = CARTESIAN_POINT('',(50.189434098824,38.414019027385,
    141.71668165646));
#4240 = CARTESIAN_POINT('',(50.234533434045,38.448643710203,
    141.95621929488));
#4241 = CARTESIAN_POINT('',(50.285201375899,38.487078862823,
    142.19460862418));
#4242 = CARTESIAN_POINT('',(50.342419003349,38.529828910733,
    142.43151222773));
#4243 = CARTESIAN_POINT('',(50.407386670646,38.577446871101,
    142.66654549927));
#4244 = CARTESIAN_POINT('',(50.481618477373,38.630534166275,
    142.89930417607));
#4245 = CARTESIAN_POINT('',(50.567081404659,38.689740117532,
    143.12940926627));
#4246 = CARTESIAN_POINT('',(50.742319842974,38.806241793059,
    143.53026465161));
#4247 = CARTESIAN_POINT('',(50.826291430015,38.860664286314,
    143.70211758427));
#4248 = CARTESIAN_POINT('',(50.919284208501,38.919217225215,
    143.87150715641));
#4249 = CARTESIAN_POINT('',(51.022208827754,38.981890109052,
    144.03751735897));
#4250 = CARTESIAN_POINT('',(51.13595444035,39.048533367829,
    144.19911792034));
#4251 = CARTESIAN_POINT('',(51.261366625525,39.118821512368,
    144.35529280723));
#4252 = CARTESIAN_POINT('',(51.399170885444,39.192184408581,
    144.50513434699));
#4253 = CARTESIAN_POINT('',(51.549862232397,39.267754548232,
    144.64791287274));
#4254 = CARTESIAN_POINT('',(51.713585533317,39.344361233489,
    144.78312747929));
#4255 = CARTESIAN_POINT('',(51.890035436205,39.420585638936,
    144.91053915996));
#4256 = CARTESIAN_POINT('',(52.078408849471,39.494873759796,
    145.03018328256));
#4257 = CARTESIAN_POINT('',(52.277447103767,39.565687301205,
    145.14235404409));
#4258 = CARTESIAN_POINT('',(52.485609073625,39.631655608824,
    145.24754923164));
#4259 = CARTESIAN_POINT('',(52.889088213486,39.743866834821,
    145.43228349857));
#4260 = CARTESIAN_POINT('',(53.082530502145,39.791563987665,
    145.51338865926));
#4261 = CARTESIAN_POINT('',(53.280974288269,39.833992679808,
    145.59009350976));
#4262 = CARTESIAN_POINT('',(53.481092193707,39.870481993813,
    145.66229247538));
#4263 = CARTESIAN_POINT('',(53.696716238568,39.902655573177,
    145.73541714951));
#4264 = CARTESIAN_POINT('',(53.890241794338,39.923643185744,
    145.79664580353));
#4265 = CARTESIAN_POINT('',(54.120622507835,39.944620769188,
    145.86874921251));
#4266 = CARTESIAN_POINT('',(54.317602472658,39.951297456856,
    145.9255767251));
#4267 = CARTESIAN_POINT('',(54.542670079847,39.956500829159,
    145.99155625741));
#4268 = CARTESIAN_POINT('',(54.752592461878,39.950970518556,
    146.05034007168));
#4269 = CARTESIAN_POINT('',(54.969520289488,39.939620442028,
    146.11117250955));
#4270 = CARTESIAN_POINT('',(55.183917011926,39.920436474883,
    146.17068789255));
#4271 = CARTESIAN_POINT('',(55.397937055147,39.894048792142,
    146.23007024954));
#4272 = CARTESIAN_POINT('',(55.803457173442,39.829950893294,
    146.34272245271));
#4273 = CARTESIAN_POINT('',(55.995223826143,39.793544897758,
    146.39605776019));
#4274 = CARTESIAN_POINT('',(56.185705743823,39.751261954023,
    146.44921889971));
#4275 = CARTESIAN_POINT('',(56.374677296064,39.703166000548,
    146.50218884938));
#4276 = CARTESIAN_POINT('',(56.56196423692,39.649327027086,
    146.55488321668));
#4277 = CARTESIAN_POINT('',(56.747426821574,39.589819972819,
    146.60714063816));
#4278 = CARTESIAN_POINT('',(56.930951903577,39.524719556004,
    146.65871786913));
#4279 = CARTESIAN_POINT('',(57.112450444007,39.454093306589,
    146.70928797651));
#4280 = CARTESIAN_POINT('',(57.291856857057,39.377995069526,
    146.75844002636));
#4281 = CARTESIAN_POINT('',(57.469126625106,39.296461251147,
    146.80567868459));
#4282 = CARTESIAN_POINT('',(57.64422860707,39.209512075962,
    146.85042212002));
#4283 = CARTESIAN_POINT('',(57.817128472528,39.11716012594,
    146.89199662678));
#4284 = CARTESIAN_POINT('',(57.987759687031,39.019428430497,
    146.92962636009));
#4285 = CARTESIAN_POINT('',(58.250645094291,38.858389173837,
    146.98086959137));
#4286 = CARTESIAN_POINT('',(58.3445460185,38.798716033276,
    146.99779006051));
#4287 = CARTESIAN_POINT('',(58.43765142977,38.737377260578,147.013016464
    ));
#4288 = CARTESIAN_POINT('',(58.529935277773,38.674382540135,
    147.02639910618));
#4289 = CARTESIAN_POINT('',(58.621327035448,38.609790267181,
    147.03767447541));
#4290 = CARTESIAN_POINT('',(58.711787557658,38.543595515612,
    147.04686774828));
#4291 = CARTESIAN_POINT('',(58.801168008248,38.475957826136,
    147.05339537548));
#4292 = CARTESIAN_POINT('',(58.889346965674,38.406931142256,
    147.05744193493));
#4293 = CARTESIAN_POINT('',(58.976051431962,38.336755996664,
    147.05870270177));
#4294 = CARTESIAN_POINT('',(59.060881962964,38.26587090294,
    147.05650748222));
#4295 = CARTESIAN_POINT('',(59.143651206261,38.194456160664,
    147.05177120327));
#4296 = CARTESIAN_POINT('',(59.224308268735,38.122825533416,
    147.04344946482));
#4297 = CARTESIAN_POINT('',(59.304281700985,38.04972204165,
    147.03195513237));
#4298 = CARTESIAN_POINT('',(59.418220142229,37.942095475122,
    147.00934783478));
#4299 = CARTESIAN_POINT('',(59.450029917564,37.911690457418,
    147.00240197499));
#4300 = CARTESIAN_POINT('',(59.48214139789,37.880626703458,
    146.99471601632));
#4301 = CARTESIAN_POINT('',(59.514571985102,37.848869675116,
    146.98623494233));
#4302 = CARTESIAN_POINT('',(59.547325466351,37.816396650516,
    146.9769012259));
#4303 = CARTESIAN_POINT('',(59.580393460925,37.783196084124,
    146.96665492472));
#4304 = CARTESIAN_POINT('',(59.613756867609,37.749266966876,
    146.95543377719));
#4305 = CARTESIAN_POINT('',(59.647387311347,37.714618186235,
    146.94317329765));
#4306 = CARTESIAN_POINT('',(59.681248590765,37.679267886354,
    146.92980687256));
#4307 = CARTESIAN_POINT('',(59.715298124786,37.643242828106,
    146.91526585556));
#4308 = CARTESIAN_POINT('',(59.74948840007,37.606577749255,
    146.89947966366));
#4309 = CARTESIAN_POINT('',(59.783768417806,37.569314724505,
    146.88237587245));
#4310 = CARTESIAN_POINT('',(59.81808514094,37.531502525632,146.863880312
    ));
#4311 = CARTESIAN_POINT('',(59.886684741379,37.454889437513,
    146.82395401278));
#4312 = CARTESIAN_POINT('',(59.920966865674,37.416088187553,
    146.80252584826));
#4313 = CARTESIAN_POINT('',(59.95516357552,37.37686687258,
    146.77952325387));
#4314 = CARTESIAN_POINT('',(59.989255350964,37.33722748184,
    146.75500077855));
#4315 = CARTESIAN_POINT('',(60.023111154822,37.297351385953,
    146.72863310456));
#4316 = CARTESIAN_POINT('',(60.056689651169,37.257284170527,
    146.70044784533));
#4317 = CARTESIAN_POINT('',(60.089977162606,37.217033514939,
    146.6705629425));
#4318 = CARTESIAN_POINT('',(60.122903461006,37.176701633865,
    146.63887060323));
#4319 = CARTESIAN_POINT('',(60.155386908561,37.136414474345,
    146.6052242462));
#4320 = CARTESIAN_POINT('',(60.187400053365,37.096218715585,
    146.56968885508));
#4321 = CARTESIAN_POINT('',(60.218919970042,37.056159679516,
    146.53233716223));
#4322 = CARTESIAN_POINT('',(60.249859052655,37.016389810876,
    146.49298275488));
#4323 = CARTESIAN_POINT('',(60.280206630315,36.976945960929,
    146.45174490442));
#4324 = CARTESIAN_POINT('',(60.369331494949,36.85989237328,
    146.32227095918));
#4325 = CARTESIAN_POINT('',(60.426201713761,36.78355510659,
    146.22831231986));
#4326 = CARTESIAN_POINT('',(60.480216769374,36.709573349264,
    146.12672755355));
#4327 = CARTESIAN_POINT('',(60.531127068096,36.638622877082,
    146.01769890114));
#4328 = CARTESIAN_POINT('',(60.578746798699,36.571350699032,
    145.90156933627));
#4329 = CARTESIAN_POINT('',(60.622956018095,36.508336310438,
    145.77883414541));
#4330 = CARTESIAN_POINT('',(60.663700249817,36.450061689971,
    145.65012904834));
#4331 = CARTESIAN_POINT('',(60.700987598964,36.396890042024,
    145.51621485763));
#4332 = CARTESIAN_POINT('',(60.734883378611,36.349053282325,
    145.37795867879));
#4333 = CARTESIAN_POINT('',(60.76550225359,36.306648269368,
    145.23631164936));
#4334 = CARTESIAN_POINT('',(60.792997895584,36.269641778999,
    145.09228321844));
#4335 = CARTESIAN_POINT('',(60.817550154934,36.2378842245,
    144.94691196564));
#4336 = CARTESIAN_POINT('',(60.839349744991,36.211132120418,
    144.80123295994));
#4337 = CARTESIAN_POINT('',(60.868657827682,36.177523034482,
    144.58026244056));
#4338 = CARTESIAN_POINT('',(60.878007893755,36.167283584965,
    144.5046628319));
#4339 = CARTESIAN_POINT('',(60.886691527935,36.158275851017,
    144.42935826396));
#4340 = CARTESIAN_POINT('',(60.894761057175,36.150426262309,
    144.3542762488));
#4341 = CARTESIAN_POINT('',(60.902261115114,36.143671549395,
    144.27935537859));
#4342 = CARTESIAN_POINT('',(60.909229508647,36.137957523388,
    144.20454432455));
#4343 = CARTESIAN_POINT('',(60.915698086419,36.13323785538,
    144.12980083703));
#4344 = CARTESIAN_POINT('',(60.921693604488,36.129472856238,
    144.05509074401));
#4345 = CARTESIAN_POINT('',(60.927238595537,36.126628255942,
    143.98038695156));
#4346 = CARTESIAN_POINT('',(60.932352234272,36.124673983394,
    143.90566844215));
#4347 = CARTESIAN_POINT('',(60.937051206345,36.123582945812,
    143.83091927498));
#4348 = CARTESIAN_POINT('',(60.941350574477,36.123329808438,
    143.75612758473));
#4349 = CARTESIAN_POINT('',(60.94526464648,36.123889774045,
    143.68128458131));
#4350 = CARTESIAN_POINT('',(60.952351037904,36.12658495105,
    143.53148251696));
#4351 = CARTESIAN_POINT('',(60.955521590057,36.128722905375,
    143.45652395777));
#4352 = CARTESIAN_POINT('',(60.958335958245,36.1316200812,
    143.38150101326));
#4353 = CARTESIAN_POINT('',(60.960784246942,36.135298974025,
    143.30641385511));
#4354 = CARTESIAN_POINT('',(60.962931386247,36.139623910463,
    143.23125441386));
#4355 = CARTESIAN_POINT('',(60.964709163014,36.144737846644,
    143.15603066649));
#4356 = CARTESIAN_POINT('',(60.966152490886,36.150565485524,
    143.08074429048));
#4357 = CARTESIAN_POINT('',(60.967327148562,36.156966120795,
    143.00539242397));
#4358 = CARTESIAN_POINT('',(60.968196151715,36.164014884566,
    142.92997995025));
#4359 = CARTESIAN_POINT('',(60.96874602268,36.171736623496,
    142.85451205215));
#4360 = CARTESIAN_POINT('',(60.969056712189,36.179959001558,
    142.77898684473));
#4361 = CARTESIAN_POINT('',(60.969074777617,36.188790512408,
    142.70341074904));
#4362 = CARTESIAN_POINT('',(60.968838729198,36.198145454684,
    142.62778519796));
#4363 = CARTESIAN_POINT('',(60.967366550623,36.227770108095,
    142.40077028059));
#4364 = CARTESIAN_POINT('',(60.965372197857,36.249588915142,
    142.24924583559));
#4365 = CARTESIAN_POINT('',(60.96242458373,36.273310975602,
    142.09755855566));
#4366 = CARTESIAN_POINT('',(60.958578752268,36.298778920921,
    141.94573137602));
#4367 = CARTESIAN_POINT('',(60.953885524216,36.325843855445,
    141.79378890783));
#4368 = CARTESIAN_POINT('',(60.948391868849,36.354365413057,
    141.64175451095));
#4369 = CARTESIAN_POINT('',(60.942141275622,36.384211813992,
    141.48964736645));
#4370 = CARTESIAN_POINT('',(60.935174126061,36.415259921432,
    141.33747954944));
#4371 = CARTESIAN_POINT('',(60.927528065329,36.447395298332,
    141.18525310148));
#4372 = CARTESIAN_POINT('',(60.919238374177,36.480512264045,
    141.03295710349));
#4373 = CARTESIAN_POINT('',(60.910338340504,36.514513951086,
    140.88056474815));
#4374 = CARTESIAN_POINT('',(60.900859631251,36.549312361828,
    140.72803041275));
#4375 = CARTESIAN_POINT('',(60.890832664059,36.58482842521,
    140.5752867317));
#4376 = CARTESIAN_POINT('',(60.872813794788,36.646619355818,
    140.31378650918));
#4377 = CARTESIAN_POINT('',(60.865080295299,36.67257158258,
    140.20517732924));
#4378 = CARTESIAN_POINT('',(60.857096647655,36.698820921638,
    140.09640227319));
#4379 = CARTESIAN_POINT('',(60.848873507326,36.725339764008,
    139.9874492259));
#4380 = CARTESIAN_POINT('',(60.840422018121,36.752100703844,
    139.87830581339));
#4381 = CARTESIAN_POINT('',(60.831753812311,36.779076538426,
    139.7689594028));
#4382 = CARTESIAN_POINT('',(60.822881010465,36.806240268164,
    139.65939710241));
#4383 = CARTESIAN_POINT('',(60.81381622162,36.833565096613,
    139.54960576159));
#4384 = CARTESIAN_POINT('',(60.804572543147,36.861024430427,
    139.43957197089));
#4385 = CARTESIAN_POINT('',(60.795163560827,36.888591879436,
    139.32928206193));
#4386 = CARTESIAN_POINT('',(60.785603348825,36.916241256554,
    139.21872210751));
#4387 = CARTESIAN_POINT('',(60.775906469693,36.943946577864,
    139.10787792152));
#4388 = CARTESIAN_POINT('',(60.766087974365,36.971682062555,
    138.99673505898));
#4389 = CARTESIAN_POINT('',(60.751201116075,37.013292168163,
    138.82955069461));
#4390 = CARTESIAN_POINT('',(60.746212586167,37.027163043445,
    138.77374383034));
#4391 = CARTESIAN_POINT('',(60.741199813233,37.041031504345,
    138.71785622254));
#4392 = CARTESIAN_POINT('',(60.736164879683,37.054894249564,
    138.66188580648));
#4393 = CARTESIAN_POINT('',(60.731109950058,37.068747930983,
    138.60583045344));
#4394 = CARTESIAN_POINT('',(60.726037270031,37.082589153629,
    138.54968797074));
#4395 = CARTESIAN_POINT('',(60.720949167994,37.096414475738,
    138.49345610164));
#4396 = CARTESIAN_POINT('',(60.715848052971,37.110220408653,
    138.43713252552));
#4397 = CARTESIAN_POINT('',(60.710736416923,37.124003416961,
    138.38071485764));
#4398 = CARTESIAN_POINT('',(60.705616832597,37.13775991834,
    138.3242006494));
#4399 = CARTESIAN_POINT('',(60.700491955226,37.151486283702,
    138.2675873881));
#4400 = CARTESIAN_POINT('',(60.695364521392,37.165178837082,
    138.21087249712));
#4401 = CARTESIAN_POINT('',(60.690237349664,37.178833855707,
    138.15405333582));
#4402 = CARTESIAN_POINT('',(60.679989330943,37.206061284222,
    138.04020106333));
#4403 = CARTESIAN_POINT('',(60.674867445097,37.219635253418,
    137.98316839724));
#4404 = CARTESIAN_POINT('',(60.669759136243,37.233153006928,
    137.9260229359));
#4405 = CARTESIAN_POINT('',(60.664639681927,37.2466520264,
    137.86877358113));
#4406 = CARTESIAN_POINT('',(60.659557574224,37.260060571235,
    137.81139824119));
#4407 = CARTESIAN_POINT('',(60.654489735785,37.273414439147,
    137.75390558897));
#4408 = CARTESIAN_POINT('',(60.649422875996,37.286734050539,
    137.69629944457));
#4409 = CARTESIAN_POINT('',(60.644374220618,37.299994153407,
    137.63857053456));
#4410 = CARTESIAN_POINT('',(60.639344331582,37.313195041378,
    137.58071708749));
#4411 = CARTESIAN_POINT('',(60.634321287224,37.326355395156,
    137.52274230737));
#4412 = CARTESIAN_POINT('',(60.629313003934,37.339463669488,
    137.46464040279));
#4413 = CARTESIAN_POINT('',(60.624317658826,37.352523793423,
    137.40641036443));
#4414 = CARTESIAN_POINT('',(60.619333973586,37.365538172997,
    137.3480502581));
#4415 = CARTESIAN_POINT('',(60.594474989777,37.4303835904,
    137.05558716998));
#4416 = CARTESIAN_POINT('',(60.574775198678,37.481538099457,
    136.81949611467));
#4417 = CARTESIAN_POINT('',(60.55524136825,37.532051487112,
    136.58114309714));
#4418 = CARTESIAN_POINT('',(60.535839434353,37.582017152587,
    136.34035666675));
#4419 = CARTESIAN_POINT('',(60.516523411923,37.631541381716,
    136.0969345006));
#4420 = CARTESIAN_POINT('',(60.497234959895,37.680744199784,
    135.85064300703));
#4421 = CARTESIAN_POINT('',(60.477901804452,37.729760886226,
    135.60121733338));
#4422 = CARTESIAN_POINT('',(60.458435018453,37.778744151329,
    135.34836177556));
#4423 = CARTESIAN_POINT('',(60.438725159944,37.827866974828,
    135.09175059226));
#4424 = CARTESIAN_POINT('',(60.418637266394,37.877326106418,
    134.83102922112));
#4425 = CARTESIAN_POINT('',(60.398004707996,37.927346228268,
    134.56581589894));
#4426 = CARTESIAN_POINT('',(60.376621897178,37.97818477937,
    134.29570368459));
#4427 = CARTESIAN_POINT('',(60.354235856404,38.030137441915,
    134.02026288536));
#4428 = CARTESIAN_POINT('',(60.32993478757,38.08490058775,
    133.73190216495));
#4429 = CARTESIAN_POINT('',(60.32933208471,38.086257823799,
    133.72475671635));
#4430 = CARTESIAN_POINT('',(60.328728529164,38.087616003358,
    133.71760753311));
#4431 = CARTESIAN_POINT('',(60.32812411562,38.088975132109,
    133.71045460783));
#4432 = CARTESIAN_POINT('',(60.32751883892,38.090335215733,
    133.70329793293));
#4433 = CARTESIAN_POINT('',(60.326912693604,38.091696259914,
    133.69613750116));
#4434 = CARTESIAN_POINT('',(60.326305674696,38.09305827033,
    133.68897330475));
#4435 = CARTESIAN_POINT('',(60.325697776569,38.094421252668,
    133.68180533663));
#4436 = CARTESIAN_POINT('',(60.325088994336,38.095785212606,
    133.67463358895));
#4437 = CARTESIAN_POINT('',(60.3244793224,38.097150155828,
    133.66745805458));
#4438 = CARTESIAN_POINT('',(60.323868755737,38.098516088015,
    133.66027872584));
#4439 = CARTESIAN_POINT('',(60.323257288936,38.09988301485,
    133.65309559539));
#4440 = CARTESIAN_POINT('',(60.322644916802,38.101250942013,
    133.64590865573));
#4441 = CARTESIAN_POINT('',(60.321724992665,38.103304341776,
    133.63512252124));
#4442 = CARTESIAN_POINT('',(60.32141812358,38.103989059905,
    133.6315261889));
#4443 = CARTESIAN_POINT('',(60.321111026093,38.104674030306,
    133.62792890141));
#4444 = CARTESIAN_POINT('',(60.320803699548,38.105359253709,
    133.62433065791));
#4445 = CARTESIAN_POINT('',(60.320496143203,38.106044730843,
    133.62073145728));
#4446 = CARTESIAN_POINT('',(60.320188356459,38.10673046244,
    133.61713129888));
#4447 = CARTESIAN_POINT('',(60.31988033852,38.107416449227,
    133.61353018134));
#4448 = CARTESIAN_POINT('',(60.319572088819,38.108102691939,
    133.60992810424));
#4449 = CARTESIAN_POINT('',(60.319263606565,38.108789191299,
    133.6063250661));
#4450 = CARTESIAN_POINT('',(60.318954891152,38.109475948044,
    133.60272106644));
#4451 = CARTESIAN_POINT('',(60.318645941843,38.110162962899,
    133.59911610399));
#4452 = CARTESIAN_POINT('',(60.318336757981,38.110850236597,
    133.595510178));
#4453 = CARTESIAN_POINT('',(60.318027338868,38.111537769867,
    133.59190328744));
#4454 = CARTESIAN_POINT('',(60.3175628563,38.112569460224,
    133.58649150337));
#4455 = CARTESIAN_POINT('',(60.317407969791,38.112913422087,
    133.58468733397));
#4456 = CARTESIAN_POINT('',(60.317253024205,38.113257449122,
    133.58288292309));
#4457 = CARTESIAN_POINT('',(60.317098019466,38.113601541419,
    133.58107827057));
#4458 = CARTESIAN_POINT('',(60.316942955459,38.113945699072,
    133.57927337637));
#4459 = CARTESIAN_POINT('',(60.316787832148,38.114289922172,
    133.57746824025));
#4460 = CARTESIAN_POINT('',(60.316632649368,38.114634210815,
    133.57566286227));
#4461 = CARTESIAN_POINT('',(60.316477407129,38.114978565087,
    133.57385724208));
#4462 = CARTESIAN_POINT('',(60.316322105241,38.115322985089,
    133.57205137981));
#4463 = CARTESIAN_POINT('',(60.316166743706,38.115667470905,
    133.57024527512));
#4464 = CARTESIAN_POINT('',(60.316011322373,38.116012022635,
    133.56843892806));
#4465 = CARTESIAN_POINT('',(60.315855841191,38.116356640366,
    133.56663233841));
#4466 = CARTESIAN_POINT('',(60.315700300055,38.116701324194,
    133.56482550609));
#4467 = CARTESIAN_POINT('',(60.3154668983,38.117218449217,
    133.56211489342));
#4468 = CARTESIAN_POINT('',(60.315389082707,38.117390840772,
    133.56121129516));
#4469 = CARTESIAN_POINT('',(60.315311252089,38.117563248885,
    133.56030763619));
#4470 = CARTESIAN_POINT('',(60.315233406452,38.117735673569,
    133.55940391651));
#4471 = CARTESIAN_POINT('',(60.315155545745,38.117908114836,
    133.55850013603));
#4472 = CARTESIAN_POINT('',(60.315077670035,38.118080572696,
    133.55759629489));
#4473 = CARTESIAN_POINT('',(60.314999779186,38.118253047161,
    133.55669239285));
#4474 = CARTESIAN_POINT('',(60.314921873352,38.118425538244,
    133.55578843016));
#4475 = CARTESIAN_POINT('',(60.314843952341,38.118598045955,
    133.55488440654));
#4476 = CARTESIAN_POINT('',(60.314766016308,38.118770570306,
    133.5539803222));
#4477 = CARTESIAN_POINT('',(60.314688065115,38.11894311131,
    133.55307617697));
#4478 = CARTESIAN_POINT('',(60.314610098829,38.119115668977,
    133.55217197092));
#4479 = CARTESIAN_POINT('',(60.314532117403,38.11928824332,133.551267704
    ));
#4480 = CARTESIAN_POINT('',(60.314415122554,38.119547129864,
    133.54991121231));
#4481 = CARTESIAN_POINT('',(60.314376120487,38.11963342955,
    133.5494590332));
#4482 = CARTESIAN_POINT('',(60.314337114625,38.11971973341,
    133.54900683885));
#4483 = CARTESIAN_POINT('',(60.314298105,38.119806041444,133.54855462931
    ));
#4484 = CARTESIAN_POINT('',(60.314259091529,38.119892353654,
    133.54810240448));
#4485 = CARTESIAN_POINT('',(60.314220074365,38.119978670043,
    133.54765016454));
#4486 = CARTESIAN_POINT('',(60.314181053271,38.120064990609,
    133.54719790921));
#4487 = CARTESIAN_POINT('',(60.314142028545,38.120151315357,
    133.54674563883));
#4488 = CARTESIAN_POINT('',(60.314102999864,38.120237644286,
    133.54629335305));
#4489 = CARTESIAN_POINT('',(60.314063967518,38.120323977399,
    133.54584105217));
#4490 = CARTESIAN_POINT('',(60.314024931285,38.120410314697,
    133.54538873596));
#4491 = CARTESIAN_POINT('',(60.313985891301,38.120496656181,
    133.54493640457));
#4492 = CARTESIAN_POINT('',(60.313946847496,38.120583001853,
    133.54448405791));
#4493 = CARTESIAN_POINT('',(60.313888276095,38.120712526644,
    133.54380551508));
#4494 = CARTESIAN_POINT('',(60.313868751341,38.120755702622,
    133.54357933032));
#4495 = CARTESIAN_POINT('',(60.313849225646,38.120798879647,
    133.54335314176));
#4496 = CARTESIAN_POINT('',(60.313829698976,38.120842057722,
    133.54312694936));
#4497 = CARTESIAN_POINT('',(60.313810171405,38.120885236841,
    133.54290075321));
#4498 = CARTESIAN_POINT('',(60.313790642799,38.120928417012,
    133.54267455315));
#4499 = CARTESIAN_POINT('',(60.313771113356,38.120971598226,
    133.54244834942));
#4500 = CARTESIAN_POINT('',(60.313751582832,38.121014780495,
    133.54222214171));
#4501 = CARTESIAN_POINT('',(60.313732051478,38.121057963807,
    133.54199593035));
#4502 = CARTESIAN_POINT('',(60.313712519077,38.121101148171,
    133.54176971505));
#4503 = CARTESIAN_POINT('',(60.313692985784,38.121144333583,
    133.54154349602));
#4504 = CARTESIAN_POINT('',(60.313673451509,38.121187520044,
    133.54131727313));
#4505 = CARTESIAN_POINT('',(60.313653916293,38.121230707554,
    133.54109104645));
#4506 = CARTESIAN_POINT('',(60.313624612036,38.121295490394,
    133.5407517007));
#4507 = CARTESIAN_POINT('',(60.31361484371,38.121317084937,
    133.5406385845));
#4508 = CARTESIAN_POINT('',(60.313605075156,38.121338679741,
    133.54052546735));
#4509 = CARTESIAN_POINT('',(60.313595306336,38.121360274809,
    133.54041234923));
#4510 = CARTESIAN_POINT('',(60.313585537334,38.121381870137,
    133.54029923019));
#4511 = CARTESIAN_POINT('',(60.313575768005,38.121403465731,
    133.54018611013));
#4512 = CARTESIAN_POINT('',(60.313565998553,38.121425061584,
    133.54007298922));
#4513 = CARTESIAN_POINT('',(60.313556228737,38.121446657703,
    133.53995986723));
#4514 = CARTESIAN_POINT('',(60.313546458798,38.121468254081,
    133.53984674441));
#4515 = CARTESIAN_POINT('',(60.313536688532,38.121489850724,
    133.53973362054));
#4516 = CARTESIAN_POINT('',(60.313526918084,38.121511447628,
    133.53962049578));
#4517 = CARTESIAN_POINT('',(60.313517147369,38.121533044796,
    133.53950737004));
#4518 = CARTESIAN_POINT('',(60.313507376427,38.121554642226,
    133.53939424335));
#4519 = CARTESIAN_POINT('',(60.313487834059,38.121597837611,
    133.53916798806));
#4520 = CARTESIAN_POINT('',(60.313479769689,38.121609118255,
    133.53914869417));
#4521 = CARTESIAN_POINT('',(60.313457451635,38.121706265882,
    133.53834907504));
#4522 = CARTESIAN_POINT('',(60.31349194683,38.121462503462,
    133.54064450726));
#4523 = CARTESIAN_POINT('',(60.313387265728,38.122049856452,
    133.53540340865));
#4524 = CARTESIAN_POINT('',(60.313505318223,38.121315303175,
    133.54213089356));
#4525 = CARTESIAN_POINT('',(60.313404695555,38.121866439275,
    133.53724516807));
#4526 = CARTESIAN_POINT('',(60.313373321783,38.122025447403,
    133.53586708112));
#4527 = CARTESIAN_POINT('',(60.313504856866,38.121213061611,
    133.54329430996));
#4528 = CARTESIAN_POINT('',(60.31330717002,38.122326926872,
    133.53334381815));
#4529 = CARTESIAN_POINT('',(60.313445865642,38.121497605967,
    133.54086649516));
#4530 = CARTESIAN_POINT('',(60.313360515708,38.121945509054,
    133.53694394971));
#4531 = CARTESIAN_POINT('',(60.313372569388,38.12184630818,
    133.53790475334));
#4532 = CARTESIAN_POINT('',(60.313357771701,38.121873861183,
    133.53779175335));
#4533 = ORIENTED_EDGE('',*,*,#3886,.F.);
#4534 = ORIENTED_EDGE('',*,*,#406,.F.);
#4535 = ( BOUNDED_SURFACE() B_SPLINE_SURFACE(2,14,(
    (#4536,#4537,#4538,#4539,#4540,#4541,#4542,#4543,#4544,#4545,#4546
      ,#4547,#4548,#4549,#4550,#4551,#4552,#4553,#4554,#4555,#4556,#4557
      ,#4558,#4559,#4560,#4561,#4562,#4563,#4564,#4565,#4566,#4567,#4568
      ,#4569,#4570,#4571,#4572,#4573,#4574,#4575,#4576,#4577,#4578,#4579
      ,#4580,#4581,#4582,#4583,#4584,#4585,#4586,#4587,#4588,#4589,#4590
      ,#4591,#4592,#4593,#4594,#4595,#4596,#4597,#4598,#4599,#4600,#4601
      ,#4602,#4603,#4604,#4605,#4606,#4607,#4608,#4609,#4610,#4611,#4612
      ,#4613,#4614,#4615,#4616,#4617,#4618,#4619,#4620,#4621,#4622,#4623
      ,#4624,#4625,#4626,#4627,#4628,#4629,#4630,#4631,#4632,#4633,#4634
      ,#4635,#4636,#4637,#4638,#4639,#4640,#4641,#4642,#4643,#4644,#4645
      ,#4646,#4647,#4648,#4649,#4650,#4651,#4652,#4653,#4654,#4655,#4656
      ,#4657,#4658,#4659,#4660,#4661,#4662,#4663,#4664,#4665,#4666,#4667
      ,#4668,#4669,#4670,#4671,#4672,#4673,#4674,#4675,#4676,#4677,#4678
      ,#4679,#4680,#4681,#4682,#4683,#4684,#4685,#4686,#4687,#4688,#4689
      ,#4690,#4691,#4692,#4693,#4694,#4695,#4696,#4697,#4698,#4699,#4700
      ,#4701,#4702,#4703,#4704,#4705,#4706,#4707,#4708,#4709,#4710,#4711
      ,#4712,#4713,#4714,#4715,#4716,#4717,#4718,#4719,#4720,#4721,#4722
      ,#4723,#4724,#4725,#4726,#4727,#4728,#4729,#4730,#4731,#4732,#4733
      ,#4734,#4735,#4736,#4737,#4738,#4739,#4740,#4741,#4742,#4743,#4744
      ,#4745,#4746,#4747,#4748,#4749,#4750,#4751,#4752,#4753,#4754,#4755
      ,#4756,#4757,#4758,#4759,#4760,#4761,#4762,#4763,#4764,#4765,#4766
      ,#4767,#4768,#4769,#4770,#4771,#4772,#4773,#4774,#4775,#4776,#4777
      ,#4778,#4779,#4780,#4781,#4782,#4783,#4784,#4785,#4786,#4787,#4788
      ,#4789,#4790,#4791,#4792,#4793,#4794,#4795,#4796,#4797,#4798,#4799
      ,#4800,#4801,#4802,#4803,#4804,#4805,#4806,#4807,#4808,#4809,#4810
      ,#4811,#4812,#4813,#4814,#4815,#4816,#4817,#4818,#4819,#4820,#4821
      ,#4822,#4823,#4824,#4825,#4826,#4827,#4828,#4829,#4830,#4831,#4832
      ,#4833,#4834,#4835,#4836,#4837,#4838,#4839,#4840,#4841,#4842,#4843
      ,#4844,#4845,#4846,#4847,#4848,#4849,#4850,#4851,#4852,#4853,#4854
      ,#4855,#4856,#4857,#4858,#4859,#4860,#4861,#4862,#4863,#4864,#4865
      ,#4866,#4867,#4868,#4869,#4870,#4871,#4872,#4873,#4874,#4875,#4876
      ,#4877,#4878,#4879,#4880,#4881,#4882,#4883,#4884,#4885,#4886,#4887
      ,#4888,#4889,#4890,#4891,#4892,#4893,#4894,#4895,#4896,#4897,#4898
      ,#4899,#4900,#4901)
    ,(#4902,#4903,#4904,#4905,#4906,#4907,#4908,#4909,#4910,#4911,#4912
      ,#4913,#4914,#4915,#4916,#4917,#4918,#4919,#4920,#4921,#4922,#4923
      ,#4924,#4925,#4926,#4927,#4928,#4929,#4930,#4931,#4932,#4933,#4934
      ,#4935,#4936,#4937,#4938,#4939,#4940,#4941,#4942,#4943,#4944,#4945
      ,#4946,#4947,#4948,#4949,#4950,#4951,#4952,#4953,#4954,#4955,#4956
      ,#4957,#4958,#4959,#4960,#4961,#4962,#4963,#4964,#4965,#4966,#4967
      ,#4968,#4969,#4970,#4971,#4972,#4973,#4974,#4975,#4976,#4977,#4978
      ,#4979,#4980,#4981,#4982,#4983,#4984,#4985,#4986,#4987,#4988,#4989
      ,#4990,#4991,#4992,#4993,#4994,#4995,#4996,#4997,#4998,#4999,#5000
      ,#5001,#5002,#5003,#5004,#5005,#5006,#5007,#5008,#5009,#5010,#5011
      ,#5012,#5013,#5014,#5015,#5016,#5017,#5018,#5019,#5020,#5021,#5022
      ,#5023,#5024,#5025,#5026,#5027,#5028,#5029,#5030,#5031,#5032,#5033
      ,#5034,#5035,#5036,#5037,#5038,#5039,#5040,#5041,#5042,#5043,#5044
      ,#5045,#5046,#5047,#5048,#5049,#5050,#5051,#5052,#5053,#5054,#5055
      ,#5056,#5057,#5058,#5059,#5060,#5061,#5062,#5063,#5064,#5065,#5066
      ,#5067,#5068,#5069,#5070,#5071,#5072,#5073,#5074,#5075,#5076,#5077
      ,#5078,#5079,#5080,#5081,#5082,#5083,#5084,#5085,#5086,#5087,#5088
      ,#5089,#5090,#5091,#5092,#5093,#5094,#5095,#5096,#5097,#5098,#5099
      ,#5100,#5101,#5102,#5103,#5104,#5105,#5106,#5107,#5108,#5109,#5110
      ,#5111,#5112,#5113,#5114,#5115,#5116,#5117,#5118,#5119,#5120,#5121
      ,#5122,#5123,#5124,#5125,#5126,#5127,#5128,#5129,#5130,#5131,#5132
      ,#5133,#5134,#5135,#5136,#5137,#5138,#5139,#5140,#5141,#5142,#5143
      ,#5144,#5145,#5146,#5147,#5148,#5149,#5150,#5151,#5152,#5153,#5154
      ,#5155,#5156,#5157,#5158,#5159,#5160,#5161,#5162,#5163,#5164,#5165
      ,#5166,#5167,#5168,#5169,#5170,#5171,#5172,#5173,#5174,#5175,#5176
      ,#5177,#5178,#5179,#5180,#5181,#5182,#5183,#5184,#5185,#5186,#5187
      ,#5188,#5189,#5190,#5191,#5192,#5193,#5194,#5195,#5196,#5197,#5198
      ,#5199,#5200,#5201,#5202,#5203,#5204,#5205,#5206,#5207,#5208,#5209
      ,#5210,#5211,#5212,#5213,#5214,#5215,#5216,#5217,#5218,#5219,#5220
      ,#5221,#5222,#5223,#5224,#5225,#5226,#5227,#5228,#5229,#5230,#5231
      ,#5232,#5233,#5234,#5235,#5236,#5237,#5238,#5239,#5240,#5241,#5242
      ,#5243,#5244,#5245,#5246,#5247,#5248,#5249,#5250,#5251,#5252,#5253
      ,#5254,#5255,#5256,#5257,#5258,#5259,#5260,#5261,#5262,#5263,#5264
      ,#5265,#5266,#5267)
    ,(#5268,#5269,#5270,#5271,#5272,#5273,#5274,#5275,#5276,#5277,#5278
      ,#5279,#5280,#5281,#5282,#5283,#5284,#5285,#5286,#5287,#5288,#5289
      ,#5290,#5291,#5292,#5293,#5294,#5295,#5296,#5297,#5298,#5299,#5300
      ,#5301,#5302,#5303,#5304,#5305,#5306,#5307,#5308,#5309,#5310,#5311
      ,#5312,#5313,#5314,#5315,#5316,#5317,#5318,#5319,#5320,#5321,#5322
      ,#5323,#5324,#5325,#5326,#5327,#5328,#5329,#5330,#5331,#5332,#5333
      ,#5334,#5335,#5336,#5337,#5338,#5339,#5340,#5341,#5342,#5343,#5344
      ,#5345,#5346,#5347,#5348,#5349,#5350,#5351,#5352,#5353,#5354,#5355
      ,#5356,#5357,#5358,#5359,#5360,#5361,#5362,#5363,#5364,#5365,#5366
      ,#5367,#5368,#5369,#5370,#5371,#5372,#5373,#5374,#5375,#5376,#5377
      ,#5378,#5379,#5380,#5381,#5382,#5383,#5384,#5385,#5386,#5387,#5388
      ,#5389,#5390,#5391,#5392,#5393,#5394,#5395,#5396,#5397,#5398,#5399
      ,#5400,#5401,#5402,#5403,#5404,#5405,#5406,#5407,#5408,#5409,#5410
      ,#5411,#5412,#5413,#5414,#5415,#5416,#5417,#5418,#5419,#5420,#5421
      ,#5422,#5423,#5424,#5425,#5426,#5427,#5428,#5429,#5430,#5431,#5432
      ,#5433,#5434,#5435,#5436,#5437,#5438,#5439,#5440,#5441,#5442,#5443
      ,#5444,#5445,#5446,#5447,#5448,#5449,#5450,#5451,#5452,#5453,#5454
      ,#5455,#5456,#5457,#5458,#5459,#5460,#5461,#5462,#5463,#5464,#5465
      ,#5466,#5467,#5468,#5469,#5470,#5471,#5472,#5473,#5474,#5475,#5476
      ,#5477,#5478,#5479,#5480,#5481,#5482,#5483,#5484,#5485,#5486,#5487
      ,#5488,#5489,#5490,#5491,#5492,#5493,#5494,#5495,#5496,#5497,#5498
      ,#5499,#5500,#5501,#5502,#5503,#5504,#5505,#5506,#5507,#5508,#5509
      ,#5510,#5511,#5512,#5513,#5514,#5515,#5516,#5517,#5518,#5519,#5520
      ,#5521,#5522,#5523,#5524,#5525,#5526,#5527,#5528,#5529,#5530,#5531
      ,#5532,#5533,#5534,#5535,#5536,#5537,#5538,#5539,#5540,#5541,#5542
      ,#5543,#5544,#5545,#5546,#5547,#5548,#5549,#5550,#5551,#5552,#5553
      ,#5554,#5555,#5556,#5557,#5558,#5559,#5560,#5561,#5562,#5563,#5564
      ,#5565,#5566,#5567,#5568,#5569,#5570,#5571,#5572,#5573,#5574,#5575
      ,#5576,#5577,#5578,#5579,#5580,#5581,#5582,#5583,#5584,#5585,#5586
      ,#5587,#5588,#5589,#5590,#5591,#5592,#5593,#5594,#5595,#5596,#5597
      ,#5598,#5599,#5600,#5601,#5602,#5603,#5604,#5605,#5606,#5607,#5608
      ,#5609,#5610,#5611,#5612,#5613,#5614,#5615,#5616,#5617,#5618,#5619
      ,#5620,#5621,#5622,#5623,#5624,#5625,#5626,#5627,#5628,#5629,#5630
      ,#5631,#5632,#5633
)),.UNSPECIFIED.,.F.,.F.,.F.) B_SPLINE_SURFACE_WITH_KNOTS((3,3),(15,13,
    13,13,13,13,13,13,13,13,13,13,13,13,13,13,13,13,13,13,13,13,13,13,13
    ,13,13,13,15),(0.,35.729639019065),(-9.217145075788,-9.124024173807,
    -4.562012086903,-2.281006043452,-1.140503021726,0.,5.075000958486,
    8.95539689084,12.329748515141,15.3864451557,17.106628266922,
    17.765085454089,18.423542641256,19.740457015591,20.430554441606,
    21.120651867621,22.500846719652,23.478919786328,23.967956319666,
    24.456992853004,26.413138986356,26.462816464816,26.487655204046,
    26.500074573661,26.506284258469,26.509389100873,26.510941522074,
    26.511717732675,26.512493943276),.UNSPECIFIED.) 
GEOMETRIC_REPRESENTATION_ITEM() RATIONAL_B_SPLINE_SURFACE((
    (1.,1.,1.,1.,1.000000000001,0.999999999998,1.000000000003
      ,0.999999999995,1.000000000005,0.999999999996,1.000000000003
      ,0.999999999999,1.,1.,1.,0.999999999999,1.000000000002
      ,0.999999999996,1.000000000006,0.999999999993,1.000000000006
      ,0.999999999996,1.000000000002,0.999999999999,1.,1.,1.,1.
      ,0.999999999999,1.000000000003,0.999999999995,1.000000000008
      ,0.999999999991,1.000000000009,0.999999999993,1.000000000004
      ,0.999999999998,1.000000000001,1.,1.,1.,0.999999999999
      ,1.000000000003,0.999999999994,1.000000000009,0.999999999988
      ,1.000000000012,0.99999999999,1.000000000007,0.999999999996
      ,1.000000000002,0.999999999999,1.,0.999999999999,1.000000000003
      ,0.99999999999,1.000000000021,0.999999999967,1.000000000043
      ,0.999999999955,1.000000000038,0.999999999973,1.000000000015
      ,0.999999999993,1.000000000002,1.,1.,1.000000000001,0.999999999996
      ,1.000000000009,0.999999999984,1.000000000021,0.999999999977
      ,1.000000000021,0.999999999985,1.000000000009,0.999999999996
      ,1.000000000001,1.,1.,1.000000000001,0.999999999998,1.000000000004
      ,0.999999999994,1.000000000007,0.999999999994,1.000000000005
      ,0.999999999997,1.000000000002,0.999999999999,1.,1.,1.,1.
      ,0.999999999998,1.000000000004,0.999999999994,1.000000000008
      ,0.999999999991,1.000000000007,0.999999999995,1.000000000003
      ,0.999999999999,1.,1.,1.,1.,1.000000000001,0.999999999998
      ,1.000000000003,0.999999999997,1.000000000002,0.999999999999,1.,1.
      ,1.,1.,1.,1.,1.,0.999999999999,1.000000000002,0.999999999996
      ,1.000000000005,0.999999999995,1.000000000004,0.999999999997
      ,1.000000000001,0.999999999999,1.,1.,1.,0.999999999999
      ,1.000000000002,0.999999999997,1.000000000006,0.999999999993
      ,1.000000000007,0.999999999994,1.000000000004,0.999999999997
      ,1.000000000001,1.,1.,1.,1.,1.,1.000000000001,1.,1.,1.000000000001
      ,0.999999999998,1.000000000002,0.999999999998,1.000000000001,1.,1.
      ,1.,1.000000000002,0.999999999994,1.000000000013,0.99999999998
      ,1.000000000025,0.999999999974,1.000000000022,0.999999999985
      ,1.000000000009,0.999999999996,1.000000000001,1.,1.,1.,1.
      ,0.999999999999,1.000000000002,0.999999999996,1.000000000006
      ,0.999999999993,1.000000000006,0.999999999996,1.000000000002
      ,0.999999999999,1.,1.,1.000000000001,0.999999999996,1.000000000009
      ,0.999999999985,1.000000000019,0.99999999998,1.000000000018
      ,0.999999999987,1.000000000007,0.999999999997,1.000000000001,1.,1.
      ,1.000000000001,0.999999999995,1.00000000001,0.999999999982
      ,1.000000000024,0.999999999974,1.000000000024,0.999999999982
      ,1.000000000011,0.999999999995,1.000000000002,1.,1.,0.999999999999
      ,1.000000000003,0.999999999995,1.000000000008,0.99999999999
      ,1.000000000011,0.999999999991,1.000000000007,0.999999999996
      ,1.000000000002,0.999999999999,1.,1.,1.000000000001,0.999999999996
      ,1.00000000001,0.999999999984,1.000000000022,0.999999999976
      ,1.000000000021,0.999999999985,1.000000000009,0.999999999996
      ,1.000000000001,1.,1.,0.999999999998,1.000000000006,0.999999999988
      ,1.00000000002,0.999999999973,1.00000000003,0.999999999973
      ,1.00000000002,0.999999999988,1.000000000006,0.999999999998,1.
      ,0.999999999999,1.000000000003,0.999999999993,1.000000000014
      ,0.999999999978,1.000000000028,0.999999999971,1.000000000025
      ,0.999999999982,1.00000000001,0.999999999995,1.000000000002,1.,1.
      ,1.,1.,1.000000000001,0.999999999998,1.000000000004,0.999999999995
      ,1.000000000004,0.999999999997,1.000000000002,0.999999999999,1.,1.
      ,1.,0.999999999999,1.000000000003,0.999999999994,1.00000000001
      ,0.999999999986,1.000000000015,0.999999999986,1.00000000001
      ,0.999999999994,1.000000000002,1.,1.,1.,0.999999999997
      ,1.000000000009,0.999999999982,1.000000000029,0.999999999962
      ,1.000000000039,0.999999999967,1.000000000023,0.999999999988
      ,1.000000000005,0.999999999999,1.,1.,0.999999999998,1.000000000006
      ,0.999999999987,1.000000000021,0.999999999973,1.000000000028
      ,0.999999999977,1.000000000016,0.999999999992,1.000000000003
      ,0.999999999999,1.,1.,0.999999999997,1.00000000001,0.999999999978
      ,1.000000000038,0.999999999949,1.000000000056,0.999999999949
      ,1.000000000037,0.999999999978,1.00000000001,0.999999999997,1.,1.
      ,0.999999999999,1.000000000005,0.99999999999,1.000000000016
      ,0.99999999998,1.000000000021,0.999999999982,1.000000000013
      ,0.999999999993,1.000000000003,0.999999999999,1.,1.,0.999999999999
      ,1.000000000003,0.999999999994,1.000000000008,0.99999999999
      ,1.000000000009,0.999999999993,1.000000000005,0.999999999998
      ,1.000000000001,1.,1.,1.,1.,0.999999999999,1.000000000002
      ,0.999999999997,1.000000000003,0.999999999998,1.000000000001,1.,1.
      ,1.,1.,1.,1.)
    ,(0.673580948336,0.673693033103,0.673805088025,0.673917113213
      ,0.674029108764,0.674141074808,0.674253011415,0.674364918743
      ,0.674476796841,0.674588645875,0.674700465903,0.674812257067
      ,0.674924019455,0.675035753183,0.680619917673,0.686024572205
      ,0.691372445064,0.696673332274,0.701935984675,0.707168289681
      ,0.712377453281,0.717570181709,0.722752863494,0.727931751137
      ,0.733113143102,0.738303565582,0.743509954399,0.751354778062
      ,0.753975478007,0.756602783984,0.759237551268,0.761880643129
      ,0.764532930777,0.767195293442,0.769868618282,0.772553800469
      ,0.775251743125,0.777963357357,0.780689562246,0.783431284845
      ,0.787568547854,0.788953046805,0.790339791604,0.791729943523
      ,0.793125435909,0.794527193739,0.795934707526,0.797346540546
      ,0.798761349997,0.800179000756,0.801601352397,0.803032298343
      ,0.804476637446,0.807398077098,0.808872677052,0.810361121896
      ,0.811863361483,0.813379330503,0.814908948979,0.816452121471
      ,0.818008738149,0.819578673567,0.821161787853,0.822757925729
      ,0.824366917194,0.825988577123,0.834894236298,0.842413985296
      ,0.850163266517,0.858122181891,0.866258169951,0.874519139105
      ,0.882830660092,0.891096694565,0.899203333386,0.907025022416
      ,0.914432749056,0.921303667014,0.927531633386,0.937248459655
      ,0.941037318847,0.944351837745,0.947141526835,0.949369730767
      ,0.951020117702,0.95209921953,0.952635909474,0.952678576371
      ,0.952290631175,0.951544853776,0.950516964221,0.94927867563
      ,0.946683097612,0.945362283531,0.943971620784,0.942506840723
      ,0.941055624393,0.939574672733,0.938094907921,0.936658632439
      ,0.935208739858,0.933817551149,0.932456481398,0.931159617428
      ,0.92993811764,0.927789338378,0.926845193783,0.925990904063
      ,0.925239880259,0.924604858039,0.924096610765,0.923722809323
      ,0.923487054321,0.923388105982,0.92341933755,0.923568437356
      ,0.923817385431,0.924142729876,0.924726355996,0.924940247822
      ,0.925257846227,0.925219310583,0.926023440869,0.925560640702
      ,0.926164520539,0.926623366556,0.926021610477,0.926873646127
      ,0.92663668215,0.926658115398,0.926692146242,0.926708278708
      ,0.926712813938,0.926717389231,0.926722079102,0.926726997507
      ,0.926732233469,0.926737786572,0.926743502677,0.926749009329
      ,0.926753651523,0.926756427116,0.926755922539,0.926750248293
      ,0.926723700849,0.92671281122,0.926637148851,0.926654605585
      ,0.926603363014,0.926458247693,0.926299200305,0.92612947875
      ,0.925892589445,0.925591506821,0.925265066236,0.924873186443
      ,0.924428613711,0.922924125375,0.921695453855,0.92022420548
      ,0.918503111293,0.916535295428,0.914334444687,0.911924382011
      ,0.909338045715,0.906615872009,0.903803583611,0.90094938172
      ,0.89810054364,0.895299424405,0.891153218613,0.889750651166
      ,0.888371243259,0.88701515496,0.885682610599,0.884373885041
      ,0.883089290176,0.881829161052,0.880593842501,0.879383675184
      ,0.878198982222,0.877040055321,0.875907141267,0.873693715131
      ,0.872623784879,0.871511015098,0.870615022341,0.869502088152
      ,0.868478324604,0.867639641513,0.866761626545,0.865870173063
      ,0.865108595506,0.864351899161,0.863638564021,0.862971762237
      ,0.861092611505,0.860006430646,0.859082986877,0.858317692573
      ,0.857705417377,0.857240684397,0.856917865509,0.856731377985
      ,0.856675879454,0.85674646465,0.85693886052,0.857249622624
      ,0.857676330666,0.858601484993,0.8590426952,0.859540523141
      ,0.86009420486,0.860703104469,0.861366714102,0.86208465398
      ,0.862856672329,0.863682645469,0.86456257773,0.865496601522
      ,0.866484977284,0.867528093516,0.869175653387,0.869738654072
      ,0.870315533209,0.870906363431,0.871511225551,0.872130208699
      ,0.872763410087,0.873410935341,0.874072898108,0.874749420449
      ,0.875440632507,0.876146672743,0.876867687794,0.878339977299
      ,0.879089964039,0.879876907096,0.88056542753,0.88153899768
      ,0.882287054122,0.882939607388,0.883834958501,0.884670179694
      ,0.885305096787,0.886195340367,0.886927597345,0.887708351442
      ,0.89156308769,0.894608279315,0.897612865251,0.900575245992
      ,0.903494231686,0.906369024532,0.909199181694,0.911984560246
      ,0.914725242236,0.917421441957,0.920073393454,0.922681219876
      ,0.925244783537,0.927827482102,0.927891417927,0.927955324843
      ,0.928019202842,0.928083051911,0.928146872047,0.928210663228
      ,0.928274425463,0.928338158722,0.928401863012,0.928465538312
      ,0.92852918462,0.928592801921,0.928688184352,0.928719971241
      ,0.928751750877,0.928783523251,0.928815288378,0.928847046226
      ,0.928878796839,0.928910540162,0.928942276245,0.928974005046
      ,0.92900572659,0.929037440863,0.929069147867,0.929116697467
      ,0.929132545513,0.929148391755,0.929164236142,0.929180078783
      ,0.929195919493,0.929211758528,0.929227595593,0.92924343097
      ,0.929259264434,0.929275096134,0.929290925989,0.929306754032
      ,0.929330493366,0.929338406019,0.929346318231,0.92935422995
      ,0.929362141289,0.929370052056,0.929377962517,0.929385872365
      ,0.929393781897,0.929401690873,0.929409599453,0.92941750755
      ,0.929425415202,0.929437275993,0.929441229474,0.929445182853
      ,0.929449136084,0.929453089272,0.929457042232,0.929460995229
      ,0.929464947948,0.9294689007,0.929472853229,0.929476805711
      ,0.929480758047,0.92948471028,0.929490638456,0.929492614485
      ,0.929494590492,0.929496566453,0.929498542419,0.929500518305
      ,0.929502494227,0.929504470054,0.929506445911,0.929508421697
      ,0.929510397479,0.929512373221,0.929514348939,0.929517312472
      ,0.929518300308,0.929519288142,0.929520275957,0.929521263785
      ,0.929522251579,0.929523239396,0.929524227177,0.929525214974
      ,0.929526202749,0.929527190524,0.929528178289,0.929529166048
      ,0.929531141552,0.929531598257,0.929536471401,0.929523825665
      ,0.929553843466,0.929516099258,0.929544117627,0.929552258546
      ,0.929510549483,0.929567255083,0.929524985258,0.929547557421
      ,0.929542459217,0.929543446884)
    ,(1.,1.,1.,1.,1.000000000001,0.999999999998,1.000000000003
      ,0.999999999995,1.000000000005,0.999999999996,1.000000000003
      ,0.999999999999,1.,1.,1.,0.999999999999,1.000000000002
      ,0.999999999996,1.000000000006,0.999999999993,1.000000000006
      ,0.999999999996,1.000000000002,0.999999999999,1.,1.,1.,1.
      ,0.999999999999,1.000000000003,0.999999999995,1.000000000008
      ,0.999999999991,1.000000000009,0.999999999993,1.000000000004
      ,0.999999999998,1.000000000001,1.,1.,1.,0.999999999999
      ,1.000000000003,0.999999999994,1.000000000009,0.999999999988
      ,1.000000000012,0.99999999999,1.000000000007,0.999999999996
      ,1.000000000002,0.999999999999,1.,0.999999999999,1.000000000003
      ,0.99999999999,1.000000000021,0.999999999967,1.000000000043
      ,0.999999999955,1.000000000038,0.999999999973,1.000000000015
      ,0.999999999993,1.000000000002,1.,1.,1.000000000001,0.999999999996
      ,1.000000000009,0.999999999984,1.000000000021,0.999999999977
      ,1.000000000021,0.999999999985,1.000000000009,0.999999999996
      ,1.000000000001,1.,1.,1.000000000001,0.999999999998,1.000000000004
      ,0.999999999994,1.000000000007,0.999999999994,1.000000000005
      ,0.999999999997,1.000000000002,0.999999999999,1.,1.,1.,1.
      ,0.999999999998,1.000000000004,0.999999999994,1.000000000008
      ,0.999999999991,1.000000000007,0.999999999995,1.000000000003
      ,0.999999999999,1.,1.,1.,1.,1.000000000001,0.999999999998
      ,1.000000000003,0.999999999997,1.000000000002,0.999999999999,1.,1.
      ,1.,1.,1.,1.,1.,0.999999999999,1.000000000002,0.999999999996
      ,1.000000000005,0.999999999995,1.000000000004,0.999999999997
      ,1.000000000001,0.999999999999,1.,1.,1.,0.999999999999
      ,1.000000000002,0.999999999997,1.000000000006,0.999999999993
      ,1.000000000007,0.999999999994,1.000000000004,0.999999999997
      ,1.000000000001,1.,1.,1.,1.,1.,1.000000000001,1.,1.,1.000000000001
      ,0.999999999998,1.000000000002,0.999999999998,1.000000000001,1.,1.
      ,1.,1.000000000002,0.999999999994,1.000000000013,0.99999999998
      ,1.000000000025,0.999999999974,1.000000000022,0.999999999985
      ,1.000000000009,0.999999999996,1.000000000001,1.,1.,1.,1.
      ,0.999999999999,1.000000000002,0.999999999996,1.000000000006
      ,0.999999999993,1.000000000006,0.999999999996,1.000000000002
      ,0.999999999999,1.,1.,1.000000000001,0.999999999996,1.000000000009
      ,0.999999999985,1.000000000019,0.99999999998,1.000000000018
      ,0.999999999987,1.000000000007,0.999999999997,1.000000000001,1.,1.
      ,1.000000000001,0.999999999995,1.00000000001,0.999999999982
      ,1.000000000024,0.999999999974,1.000000000024,0.999999999982
      ,1.000000000011,0.999999999995,1.000000000002,1.,1.,0.999999999999
      ,1.000000000003,0.999999999995,1.000000000008,0.99999999999
      ,1.000000000011,0.999999999991,1.000000000007,0.999999999996
      ,1.000000000002,0.999999999999,1.,1.,1.000000000001,0.999999999996
      ,1.00000000001,0.999999999984,1.000000000022,0.999999999976
      ,1.000000000021,0.999999999985,1.000000000009,0.999999999996
      ,1.000000000001,1.,1.,0.999999999998,1.000000000006,0.999999999988
      ,1.00000000002,0.999999999973,1.00000000003,0.999999999973
      ,1.00000000002,0.999999999988,1.000000000006,0.999999999998,1.
      ,0.999999999999,1.000000000003,0.999999999993,1.000000000014
      ,0.999999999978,1.000000000028,0.999999999971,1.000000000025
      ,0.999999999982,1.00000000001,0.999999999995,1.000000000002,1.,1.
      ,1.,1.,1.000000000001,0.999999999998,1.000000000004,0.999999999995
      ,1.000000000004,0.999999999997,1.000000000002,0.999999999999,1.,1.
      ,1.,0.999999999999,1.000000000003,0.999999999994,1.00000000001
      ,0.999999999986,1.000000000015,0.999999999986,1.00000000001
      ,0.999999999994,1.000000000002,1.,1.,1.,0.999999999997
      ,1.000000000009,0.999999999982,1.000000000029,0.999999999962
      ,1.000000000039,0.999999999967,1.000000000023,0.999999999988
      ,1.000000000005,0.999999999999,1.,1.,0.999999999998,1.000000000006
      ,0.999999999987,1.000000000021,0.999999999973,1.000000000028
      ,0.999999999977,1.000000000016,0.999999999992,1.000000000003
      ,0.999999999999,1.,1.,0.999999999997,1.00000000001,0.999999999978
      ,1.000000000038,0.999999999949,1.000000000056,0.999999999949
      ,1.000000000037,0.999999999978,1.00000000001,0.999999999997,1.,1.
      ,0.999999999999,1.000000000005,0.99999999999,1.000000000016
      ,0.99999999998,1.000000000021,0.999999999982,1.000000000013
      ,0.999999999993,1.000000000003,0.999999999999,1.,1.,0.999999999999
      ,1.000000000003,0.999999999994,1.000000000008,0.99999999999
      ,1.000000000009,0.999999999993,1.000000000005,0.999999999998
      ,1.000000000001,1.,1.,1.,1.,0.999999999999,1.000000000002
      ,0.999999999997,1.000000000003,0.999999999998,1.000000000001,1.,1.
,1.,1.,1.,1.))) REPRESENTATION_ITEM('') SURFACE() );
#4536 = CARTESIAN_POINT('',(48.96523130506,38.003518993965,
    133.14799810694));
#4537 = CARTESIAN_POINT('',(48.965328397902,38.003383646919,
    133.15382412316));
#4538 = CARTESIAN_POINT('',(48.965425924143,38.003248894404,
    133.15964831176));
#4539 = CARTESIAN_POINT('',(48.965523883198,38.003114735191,
    133.16547067433));
#4540 = CARTESIAN_POINT('',(48.965622274401,38.002981168055,
    133.1712912124));
#4541 = CARTESIAN_POINT('',(48.965721097275,38.002848191767,
    133.17710992759));
#4542 = CARTESIAN_POINT('',(48.965820350995,38.002715805104,
    133.18292682139));
#4543 = CARTESIAN_POINT('',(48.965920035257,38.002584006834,
    133.18874189546));
#4544 = CARTESIAN_POINT('',(48.966020149107,38.002452795734,
    133.19455515129));
#4545 = CARTESIAN_POINT('',(48.966120692276,38.002322170576,
    133.20036659049));
#4546 = CARTESIAN_POINT('',(48.966221663883,38.002192130133,
    133.2061762146));
#4547 = CARTESIAN_POINT('',(48.966323063509,38.002062673178,
    133.21198402521));
#4548 = CARTESIAN_POINT('',(48.966424890444,38.001933798485,
    133.21779002388));
#4549 = CARTESIAN_POINT('',(48.966527144127,38.001805504826,
    133.22359421217));
#4550 = CARTESIAN_POINT('',(48.971660128938,37.995421063201,
    133.51365635253));
#4551 = CARTESIAN_POINT('',(48.97771065908,37.990551480353,
    133.79357536499));
#4552 = CARTESIAN_POINT('',(48.984716290193,37.986935652255,
    134.06933630587));
#4553 = CARTESIAN_POINT('',(48.992622792643,37.984458588532,
    134.34111748751));
#4554 = CARTESIAN_POINT('',(49.001386124228,37.983022116094,
    134.60909327058));
#4555 = CARTESIAN_POINT('',(49.010971723052,37.98254329663,
    134.87343447635));
#4556 = CARTESIAN_POINT('',(49.02135380043,37.982952844096,
    135.1343087998));
#4557 = CARTESIAN_POINT('',(49.032514633786,37.984193542206,
    135.39188122162));
#4558 = CARTESIAN_POINT('',(49.044443859481,37.986218661919,
    135.64631442152));
#4559 = CARTESIAN_POINT('',(49.057137765821,37.988990378933,
    135.8977691902));
#4560 = CARTESIAN_POINT('',(49.070598585792,37.99247819117,
    136.14640484247));
#4561 = CARTESIAN_POINT('',(49.084833790102,37.996657336271,
    136.39237962954));
#4562 = CARTESIAN_POINT('',(49.099855379949,38.001507209081,
    136.63585115183));
#4563 = CARTESIAN_POINT('',(49.123591080007,38.009761064173,
    136.99753958134));
#4564 = CARTESIAN_POINT('',(49.131704309182,38.012676423286,
    137.11751601856));
#4565 = CARTESIAN_POINT('',(49.140020974829,38.015754157254,
    137.23692558535));
#4566 = CARTESIAN_POINT('',(49.148543669064,38.018992971799,
    137.35578783278));
#4567 = CARTESIAN_POINT('',(49.157275468963,38.022391977588,
    137.47412236092));
#4568 = CARTESIAN_POINT('',(49.166219936232,38.025950690238,
    137.59194881872));
#4569 = CARTESIAN_POINT('',(49.175381117765,38.029669030312,
    137.7092869041));
#4570 = CARTESIAN_POINT('',(49.184763544851,38.033547323324,
    137.82615636393));
#4571 = CARTESIAN_POINT('',(49.194372234126,38.037586299731,
    137.94257699396));
#4572 = CARTESIAN_POINT('',(49.204212686608,38.041787094944,
    138.05856863895));
#4573 = CARTESIAN_POINT('',(49.214290888523,38.046151249315,
    138.17415119253));
#4574 = CARTESIAN_POINT('',(49.224613310708,38.05068070815,
    138.28934459732));
#4575 = CARTESIAN_POINT('',(49.235186908972,38.055377821698,
    138.40416884483));
#4576 = CARTESIAN_POINT('',(49.251435231393,38.062679106889,
    138.57588154092));
#4577 = CARTESIAN_POINT('',(49.256917930307,38.065154424561,
    138.63303181415));
#4578 = CARTESIAN_POINT('',(49.262463558396,38.067674442143,
    138.69009741903));
#4579 = CARTESIAN_POINT('',(49.268074532752,38.070238590663,
    138.74708086671));
#4580 = CARTESIAN_POINT('',(49.273754476806,38.072845754723,
    138.8039846332));
#4581 = CARTESIAN_POINT('',(49.279505718516,38.075495794125,
    138.86081121286));
#4582 = CARTESIAN_POINT('',(49.285328621873,38.078189834681,
    138.91756314772));
#4583 = CARTESIAN_POINT('',(49.291222212679,38.080929742296,
    138.97424303323));
#4584 = CARTESIAN_POINT('',(49.29718556141,38.083717194396,
    139.03085350029));
#4585 = CARTESIAN_POINT('',(49.303219383445,38.086552762803,
    139.08739717435));
#4586 = CARTESIAN_POINT('',(49.309327319883,38.089435422103,
    139.14387661112));
#4587 = CARTESIAN_POINT('',(49.315516359241,38.092362897635,
    139.20029420981));
#4588 = CARTESIAN_POINT('',(49.321795862838,38.095333267141,
    139.25665210372));
#4589 = CARTESIAN_POINT('',(49.334553446791,38.10136319323,
    139.36925195327));
#4590 = CARTESIAN_POINT('',(49.341027413031,38.104424228145,
    139.42549409768));
#4591 = CARTESIAN_POINT('',(49.347599337013,38.107533760579,
    139.48168071215));
#4592 = CARTESIAN_POINT('',(49.354272098015,38.110694297819,
    139.53781401173));
#4593 = CARTESIAN_POINT('',(49.361048670891,38.113908428798,
    139.59389617599));
#4594 = CARTESIAN_POINT('',(49.367932126509,38.117178824085,
    139.6499293491));
#4595 = CARTESIAN_POINT('',(49.374925631045,38.120508235901,
    139.70591563984));
#4596 = CARTESIAN_POINT('',(49.382032446934,38.123899498094,
    139.76185712148));
#4597 = CARTESIAN_POINT('',(49.389255931784,38.127355526173,
    139.81775583199));
#4598 = CARTESIAN_POINT('',(49.396599539436,38.130879317268,
    139.87361377379));
#4599 = CARTESIAN_POINT('',(49.40406681908,38.134473950169,
    139.92943291397));
#4600 = CARTESIAN_POINT('',(49.41166141588,38.138142585297,
    139.98521518414));
#4601 = CARTESIAN_POINT('',(49.419387070605,38.14188846472,
    140.04096248052));
#4602 = CARTESIAN_POINT('',(49.462225426942,38.162741806403,
    140.34459317847));
#4603 = CARTESIAN_POINT('',(49.499870590495,38.181362925633,
    140.59185888827));
#4604 = CARTESIAN_POINT('',(49.540563306729,38.201889835584,
    140.83877059973));
#4605 = CARTESIAN_POINT('',(49.5847066226,38.224661681696,
    141.08555737253));
#4606 = CARTESIAN_POINT('',(49.63275638191,38.250066141525,
    141.3323565263));
#4607 = CARTESIAN_POINT('',(49.685231290057,38.27854883865,
    141.57919627569));
#4608 = CARTESIAN_POINT('',(49.742713106932,38.310613480752,
    141.82598587754));
#4609 = CARTESIAN_POINT('',(49.805846976708,38.346814984966,
    142.07251417497));
#4610 = CARTESIAN_POINT('',(49.875351904574,38.387747853094,
    142.31845742252));
#4611 = CARTESIAN_POINT('',(49.952051388639,38.434032059793,
    142.56339727617));
#4612 = CARTESIAN_POINT('',(50.036934217418,38.486298716414,
    142.80684983375));
#4613 = CARTESIAN_POINT('',(50.131255441062,38.545177773452,
    143.04830660837));
#4614 = CARTESIAN_POINT('',(50.236687526488,38.611290024439,
    143.28728832086));
#4615 = CARTESIAN_POINT('',(50.446401139532,38.74179289543,
    143.70395519636));
#4616 = CARTESIAN_POINT('',(50.545209922162,38.802982253011,
    143.88302682588));
#4617 = CARTESIAN_POINT('',(50.65282120184,38.86899431079,
    144.06001076286));
#4618 = CARTESIAN_POINT('',(50.770003645244,38.939775646615,
    144.23394587879));
#4619 = CARTESIAN_POINT('',(50.89749687621,39.015096813884,
    144.40374004232));
#4620 = CARTESIAN_POINT('',(51.036013764949,39.094525194227,
    144.56831367139));
#4621 = CARTESIAN_POINT('',(51.186186305826,39.177369507373,
    144.7266958033));
#4622 = CARTESIAN_POINT('',(51.3484688632,39.262638343156,
    144.87808938611));
#4623 = CARTESIAN_POINT('',(51.523019601328,39.349040682696,
    145.02191661622));
#4624 = CARTESIAN_POINT('',(51.709587956146,39.435041973405,
    145.15784928182));
#4625 = CARTESIAN_POINT('',(51.907443042788,39.518974925377,
    145.2858231919));
#4626 = CARTESIAN_POINT('',(52.115384934229,39.599189794178,
    145.40602990479));
#4627 = CARTESIAN_POINT('',(52.33188778341,39.674214517407,
    145.51887309262));
#4628 = CARTESIAN_POINT('',(52.749821466568,39.802592038179,
    145.71704568561));
#4629 = CARTESIAN_POINT('',(52.949542338367,39.857500843036,
    145.80405796674));
#4630 = CARTESIAN_POINT('',(53.153581659698,39.906753382742,
    145.88619750809));
#4631 = CARTESIAN_POINT('',(53.360734547446,39.950169039096,
    145.96431140653));
#4632 = CARTESIAN_POINT('',(53.578706592523,39.987987469181,
    146.04098241832));
#4633 = CARTESIAN_POINT('',(53.781253833739,40.01579565493,
    146.10867998284));
#4634 = CARTESIAN_POINT('',(54.012374402014,40.041673997053,
    146.18317742546));
#4635 = CARTESIAN_POINT('',(54.216947633164,40.054435150904,
    146.24547325812));
#4636 = CARTESIAN_POINT('',(54.444546821054,40.064544859461,
    146.31432329353));
#4637 = CARTESIAN_POINT('',(54.65942795729,40.064228958776,
    146.37696507831));
#4638 = CARTESIAN_POINT('',(54.88018092453,40.05769898233,
    146.44089168687));
#4639 = CARTESIAN_POINT('',(55.098683879833,40.043185812503,
    146.50339653645));
#4640 = CARTESIAN_POINT('',(55.316820500814,40.021215190121,
    146.56549036745));
#4641 = CARTESIAN_POINT('',(55.730512636311,39.964968785564,
    146.6828566672));
#4642 = CARTESIAN_POINT('',(55.926298406819,39.932050936196,
    146.7382350423));
#4643 = CARTESIAN_POINT('',(56.121010300433,39.892967501441,
    146.79324810696));
#4644 = CARTESIAN_POINT('',(56.314498154288,39.847729590656,
    146.84788697227));
#4645 = CARTESIAN_POINT('',(56.506663882784,39.796341401866,
    146.90207887493));
#4646 = CARTESIAN_POINT('',(56.69744255694,39.738798988664,
    146.95567803258));
#4647 = CARTESIAN_POINT('',(56.886790689569,39.675088263064,
    147.00846009183));
#4648 = CARTESIAN_POINT('',(57.074679567208,39.605182862048,
    147.06011880232));
#4649 = CARTESIAN_POINT('',(57.261091467159,39.529042503988,
    147.11026353455));
#4650 = CARTESIAN_POINT('',(57.446016601165,39.446612462949,
    147.15841627872));
#4651 = CARTESIAN_POINT('',(57.629448623924,39.357824787015,
    147.20400674093));
#4652 = CARTESIAN_POINT('',(57.81137654764,39.262601888445,
    147.24636417237));
#4653 = CARTESIAN_POINT('',(57.991770901468,39.160863132156,
    147.28470455167));
#4654 = CARTESIAN_POINT('',(58.27117823743,38.991572462103,
    147.33691194898));
#4655 = CARTESIAN_POINT('',(58.371300451909,38.928537711809,
    147.35417293793));
#4656 = CARTESIAN_POINT('',(58.470777749399,38.863296928017,
    147.36951639678));
#4657 = CARTESIAN_POINT('',(58.570167743698,38.796380970125,
    147.38370183238));
#4658 = CARTESIAN_POINT('',(58.667849241918,38.726396930421,
    147.39401105998));
#4659 = CARTESIAN_POINT('',(58.766435975762,38.655862219723,
    147.40471753613));
#4660 = CARTESIAN_POINT('',(58.862782723342,38.582111375161,
    147.41045181201));
#4661 = CARTESIAN_POINT('',(58.958196738566,38.506730785099,
    147.41385661222));
#4662 = CARTESIAN_POINT('',(59.053618246823,38.430990146245,
    147.41643535086));
#4663 = CARTESIAN_POINT('',(59.14554558318,38.352202970954,
    147.41237469843));
#4664 = CARTESIAN_POINT('',(59.237006985566,38.273627084253,
    147.40779109404));
#4665 = CARTESIAN_POINT('',(59.326757988736,38.193390389784,
    147.39862824957));
#4666 = CARTESIAN_POINT('',(59.415964798118,38.110983634375,
    147.38575606789));
#4667 = CARTESIAN_POINT('',(59.541713191623,37.990679048004,
    147.36095023039));
#4668 = CARTESIAN_POINT('',(59.576891181795,37.956588099465,
    147.35331668347));
#4669 = CARTESIAN_POINT('',(59.612488082525,37.921636682027,
    147.34485132178));
#4670 = CARTESIAN_POINT('',(59.648532086859,37.885770754481,
    147.33548535437));
#4671 = CARTESIAN_POINT('',(59.685031268949,37.848953505213,
    147.3251466851));
#4672 = CARTESIAN_POINT('',(59.721975968047,37.811164286891,
    147.31376035906));
#4673 = CARTESIAN_POINT('',(59.759341171457,37.772397551205,
    147.30124900699));
#4674 = CARTESIAN_POINT('',(59.79708889901,37.732661783521,
    147.28753329277));
#4675 = CARTESIAN_POINT('',(59.835170585661,37.691978437655,
    147.27253235688));
#4676 = CARTESIAN_POINT('',(59.873529466047,37.650380870504,
    147.2561642644));
#4677 = CARTESIAN_POINT('',(59.912102957312,37.60791327682,
    147.23834644864));
#4678 = CARTESIAN_POINT('',(59.950825043225,37.564629623867,
    147.21899615835));
#4679 = CARTESIAN_POINT('',(59.989628657486,37.520592586154,
    147.19803090244));
#4680 = CARTESIAN_POINT('',(60.067267477429,37.431152374105,
    147.15270688988));
#4681 = CARTESIAN_POINT('',(60.106081991604,37.385744895415,
    147.12833262257));
#4682 = CARTESIAN_POINT('',(60.14493268916,37.33977147295,
    147.10224861904));
#4683 = CARTESIAN_POINT('',(60.18348522239,37.293173086197,
    147.07421135522));
#4684 = CARTESIAN_POINT('',(60.221890074886,37.246238377474,
    147.04418769418));
#4685 = CARTESIAN_POINT('',(60.26014185471,37.199034954459,
    147.01224143672));
#4686 = CARTESIAN_POINT('',(60.298066082721,37.151541611338,
    146.97833593434));
#4687 = CARTESIAN_POINT('',(60.335569403538,37.103883564365,
    146.94235610135));
#4688 = CARTESIAN_POINT('',(60.372660722627,37.056239300756,
    146.90425908008));
#4689 = CARTESIAN_POINT('',(60.409299721888,37.00866633299,
    146.86410160661));
#4690 = CARTESIAN_POINT('',(60.445383651884,36.96120511982,
    146.82188500328));
#4691 = CARTESIAN_POINT('',(60.480886182515,36.914057796803,
    146.77750364298));
#4692 = CARTESIAN_POINT('',(60.515771212877,36.867264320646,
    146.7310545042));
#4693 = CARTESIAN_POINT('',(60.618435127816,36.728313524846,
    146.58543790643));
#4694 = CARTESIAN_POINT('',(60.684230711116,36.637579306644,
    146.48003844341));
#4695 = CARTESIAN_POINT('',(60.747064287952,36.549547143797,
    146.3664041925));
#4696 = CARTESIAN_POINT('',(60.806688533963,36.465025752687,
    146.24479719331));
#4697 = CARTESIAN_POINT('',(60.862920133376,36.384782931001,
    146.11564426653));
#4698 = CARTESIAN_POINT('',(60.915635634721,36.309506519669,
    145.97952652259));
#4699 = CARTESIAN_POINT('',(60.96476680953,36.239773551907,
    145.83716869773));
#4700 = CARTESIAN_POINT('',(61.010295513228,36.176027589835,
    145.68942831219));
#4701 = CARTESIAN_POINT('',(61.052248049456,36.118564247898,
    145.53728465725));
#4702 = CARTESIAN_POINT('',(61.090689036209,36.067524904115,
    145.38182760382));
#4703 = CARTESIAN_POINT('',(61.125714775556,36.022898598033,
    145.22424623943));
#4704 = CARTESIAN_POINT('',(61.157446125324,35.984532116409,
    145.06581732799));
#4705 = CARTESIAN_POINT('',(61.186020873982,35.952148265844,
    144.90789359639));
#4706 = CARTESIAN_POINT('',(61.224982209518,35.911341046701,
    144.67014286535));
#4707 = CARTESIAN_POINT('',(61.237572576651,35.89882758709,
    144.58881072382));
#4708 = CARTESIAN_POINT('',(61.249418278485,35.887739999527,
    144.50782901285));
#4709 = CARTESIAN_POINT('',(61.260572775944,35.8779975349,
    144.42713969543));
#4710 = CARTESIAN_POINT('',(61.271082218357,35.869529521565,
    144.34669254594));
#4711 = CARTESIAN_POINT('',(61.280986229445,35.86227423773,
    144.26644459085));
#4712 = CARTESIAN_POINT('',(61.290318694397,35.85617778329,
    144.18635954909));
#4713 = CARTESIAN_POINT('',(61.299108545407,35.851192952479,
    144.10640727287));
#4714 = CARTESIAN_POINT('',(61.307380549037,35.847278105505,
    144.026563188));
#4715 = CARTESIAN_POINT('',(61.315156091737,35.844396041257,
    143.94680773469));
#4716 = CARTESIAN_POINT('',(61.322453966958,35.842512869048,
    143.86712580793));
#4717 = CARTESIAN_POINT('',(61.329291161084,35.841596881099,
    143.78750619821));
#4718 = CARTESIAN_POINT('',(61.335683640113,35.841617424536,
    143.70794103198));
#4719 = CARTESIAN_POINT('',(61.347610631759,35.843470122784,
    143.54890939261));
#4720 = CARTESIAN_POINT('',(61.353122335672,35.845306830332,
    143.46944215107));
#4721 = CARTESIAN_POINT('',(61.358361219906,35.848000339122,
    143.39002239249));
#4722 = CARTESIAN_POINT('',(61.362796512909,35.851623562622,
    143.31063341063));
#4723 = CARTESIAN_POINT('',(61.36736791433,35.855936808502,
    143.23129896994));
#4724 = CARTESIAN_POINT('',(61.371393609584,35.8611571135,
    143.15200152706));
#4725 = CARTESIAN_POINT('',(61.374716098129,35.867216184443,
    143.07274064634));
#4726 = CARTESIAN_POINT('',(61.377853552525,35.873909868338,
    142.99353335155));
#4727 = CARTESIAN_POINT('',(61.380719056687,35.881324613891,
    142.91437866317));
#4728 = CARTESIAN_POINT('',(61.383011850661,35.889513688846,
    142.83527141043));
#4729 = CARTESIAN_POINT('',(61.385063169589,35.898257309307,
    142.75622486006));
#4730 = CARTESIAN_POINT('',(61.386744276525,35.907682095868,
    142.67723647676));
#4731 = CARTESIAN_POINT('',(61.388087334597,35.917690599008,
    142.59831033149));
#4732 = CARTESIAN_POINT('',(61.391140139766,35.949446009505,
    142.36172475344));
#4733 = CARTESIAN_POINT('',(61.391868216801,35.972914977651,
    142.20425371291));
#4734 = CARTESIAN_POINT('',(61.391363378478,35.998475319705,
    142.04706032705));
#4735 = CARTESIAN_POINT('',(61.389693829418,36.025936025285,
    141.89015776242));
#4736 = CARTESIAN_POINT('',(61.386922227862,36.055121193437,
    141.73354864848));
#4737 = CARTESIAN_POINT('',(61.383106145849,36.085868831846,
    141.57722635059));
#4738 = CARTESIAN_POINT('',(61.378298529242,36.118029656102,
    141.42117624268));
#4739 = CARTESIAN_POINT('',(61.372548157887,36.15146588886,
    141.26537698053));
#4740 = CARTESIAN_POINT('',(61.365900105718,36.186050059169,
    141.10980177415));
#4741 = CARTESIAN_POINT('',(61.358396200799,36.221663801579,
    140.95441966122));
#4742 = CARTESIAN_POINT('',(61.350075485535,36.25819665549,
    140.79919677946));
#4743 = CARTESIAN_POINT('',(61.340974676663,36.295544864282,
    140.64409763999));
#4744 = CARTESIAN_POINT('',(61.331128625445,36.33361017461,
    140.48908639985));
#4745 = CARTESIAN_POINT('',(61.313088974351,36.399715156982,
    140.2243171871));
#4746 = CARTESIAN_POINT('',(61.305250639382,36.427442701447,
    140.11453377727));
#4747 = CARTESIAN_POINT('',(61.297066899427,36.455450290315,
    140.00476175799));
#4748 = CARTESIAN_POINT('',(61.288548919923,36.483707452561,
    139.89498468242));
#4749 = CARTESIAN_POINT('',(61.279707905253,36.512184224852,
    139.78518580458));
#4750 = CARTESIAN_POINT('',(61.270555098456,36.540851151462,
    139.6753480793));
#4751 = CARTESIAN_POINT('',(61.261101781777,36.569679284412,
    139.56545416227));
#4752 = CARTESIAN_POINT('',(61.251359275814,36.598640183282,
    139.45548640996));
#4753 = CARTESIAN_POINT('',(61.241338940621,36.627705915417,
    139.34542687976));
#4754 = CARTESIAN_POINT('',(61.23105217451,36.656849055739,
    139.23525732979));
#4755 = CARTESIAN_POINT('',(61.220510415146,36.686042686894,
    139.12495921909));
#4756 = CARTESIAN_POINT('',(61.209725138707,36.715260399152,
    139.01451370747));
#4757 = CARTESIAN_POINT('',(61.19870786042,36.744476290466,
    138.90390165563));
#4758 = CARTESIAN_POINT('',(61.181851271213,36.788259304429,
    138.73770460975));
#4759 = CARTESIAN_POINT('',(61.176177537617,36.802846456132,
    138.68225874177));
#4760 = CARTESIAN_POINT('',(61.170450433103,36.817423155226,
    138.62676344536));
#4761 = CARTESIAN_POINT('',(61.164671502562,36.831986099574,
    138.57121608192));
#4762 = CARTESIAN_POINT('',(61.15884233619,36.846531951232,
    138.51561395004));
#4763 = CARTESIAN_POINT('',(61.152964569458,36.86105733642,
    138.45995428544));
#4764 = CARTESIAN_POINT('',(61.147039883137,36.875558845585,
    138.40423426099));
#4765 = CARTESIAN_POINT('',(61.141070003307,36.890033033301,
    138.34845098677));
#4766 = CARTESIAN_POINT('',(61.13505670128,36.904476418403,
    138.29260150993));
#4767 = CARTESIAN_POINT('',(61.129001793754,36.918885483831,
    138.23668281488));
#4768 = CARTESIAN_POINT('',(61.122907142614,36.933256676785,
    138.1806918231));
#4769 = CARTESIAN_POINT('',(61.116774655122,36.947586408596,
    138.12462539327));
#4770 = CARTESIAN_POINT('',(61.110606283777,36.961871054815,
    138.06848032124));
#4771 = CARTESIAN_POINT('',(61.098201769012,36.990342855511,
    137.9560263587));
#4772 = CARTESIAN_POINT('',(61.091967476906,37.004531656705,
    137.89971770284));
#4773 = CARTESIAN_POINT('',(61.085661904802,37.018655987532,
    137.84332434953));
#4774 = CARTESIAN_POINT('',(61.079549362838,37.032758369671,
    137.78683209622));
#4775 = CARTESIAN_POINT('',(61.072863121315,37.046754863508,
    137.73028217007));
#4776 = CARTESIAN_POINT('',(61.066658039839,37.060696262382,
    137.67359744084));
#4777 = CARTESIAN_POINT('',(61.060649589652,37.074600489384,
    137.61680292868));
#4778 = CARTESIAN_POINT('',(61.054140259183,37.088432786251,
    137.55994525339));
#4779 = CARTESIAN_POINT('',(61.047767622989,37.102201769224,
    137.50297145193));
#4780 = CARTESIAN_POINT('',(61.041816601105,37.115930724515,
    137.4458607806));
#4781 = CARTESIAN_POINT('',(61.035335186608,37.129595933648,
    137.38868298408));
#4782 = CARTESIAN_POINT('',(61.029191168173,37.143212684067,
    137.33136742935));
#4783 = CARTESIAN_POINT('',(61.022949029499,37.15677826165,
    137.27394612315));
#4784 = CARTESIAN_POINT('',(60.991861260016,37.224361679378,
    136.98624707521));
#4785 = CARTESIAN_POINT('',(60.967133030599,37.277645963015,
    136.75421108958));
#4786 = CARTESIAN_POINT('',(60.942525630832,37.330248551183,
    136.52012069238));
#4787 = CARTESIAN_POINT('',(60.918004891693,37.382282494989,
    136.28376833924));
#4788 = CARTESIAN_POINT('',(60.893524562811,37.43387315723,
    136.04491591692));
#4789 = CARTESIAN_POINT('',(60.869026122976,37.485158944586,
    135.80329447354));
#4790 = CARTESIAN_POINT('',(60.844437471381,37.536292756248,
    135.55860436951));
#4791 = CARTESIAN_POINT('',(60.819670497464,37.587444149059,
    135.31051584666));
#4792 = CARTESIAN_POINT('',(60.794617532178,37.638802219155,
    135.05867001868));
#4793 = CARTESIAN_POINT('',(60.769146677453,37.690579200022,
    134.80268027955));
#4794 = CARTESIAN_POINT('',(60.743096017056,37.743014777145,
    134.54213413308));
#4795 = CARTESIAN_POINT('',(60.716266706093,37.796381119024,
    134.27659544097));
#4796 = CARTESIAN_POINT('',(60.688414941207,37.850988624773,
    134.00560709123));
#4797 = CARTESIAN_POINT('',(60.658501966773,37.908619715678,
    133.72166171769));
#4798 = CARTESIAN_POINT('',(60.657760271296,37.910048072661,
    133.71462552782));
#4799 = CARTESIAN_POINT('',(60.657017718662,37.911477465019,
    133.70758550841));
#4800 = CARTESIAN_POINT('',(60.656274303803,37.912907898678,
    133.70054165158));
#4801 = CARTESIAN_POINT('',(60.655530021668,37.914339379567,
    133.69349394946));
#4802 = CARTESIAN_POINT('',(60.654784867174,37.915771913613,
    133.68644239419));
#4803 = CARTESIAN_POINT('',(60.654038835288,37.917205506746,
    133.67938697788));
#4804 = CARTESIAN_POINT('',(60.653291920916,37.918640164892,
    133.67232769268));
#4805 = CARTESIAN_POINT('',(60.652544119022,37.920075893981,
    133.66526453069));
#4806 = CARTESIAN_POINT('',(60.651795424527,37.921512699938,
    133.65819748407));
#4807 = CARTESIAN_POINT('',(60.651045832376,37.922950588694,
    133.65112654492));
#4808 = CARTESIAN_POINT('',(60.650295337505,37.924389566176,
    133.64405170539));
#4809 = CARTESIAN_POINT('',(60.649543934852,37.925829638311,
    133.63697295759));
#4810 = CARTESIAN_POINT('',(60.648415461605,37.927991397386,
    133.62634896171));
#4811 = CARTESIAN_POINT('',(60.648039075594,37.92871225893,
    133.62280665069));
#4812 = CARTESIAN_POINT('',(60.647662460664,37.929433396418,
    133.61926335963));
#4813 = CARTESIAN_POINT('',(60.64728561615,37.930154810613,
    133.61571908755));
#4814 = CARTESIAN_POINT('',(60.64690854141,37.930876502276,
    133.61217383341));
#4815 = CARTESIAN_POINT('',(60.646531235747,37.931598472167,
    133.60862759628));
#4816 = CARTESIAN_POINT('',(60.646153698571,37.932320721046,
    133.6050803751));
#4817 = CARTESIAN_POINT('',(60.645775929127,37.933043249676,
    133.60153216894));
#4818 = CARTESIAN_POINT('',(60.645397926864,37.933766058817,
    133.59798297676));
#4819 = CARTESIAN_POINT('',(60.645019691025,37.93448914923,
    133.59443279759));
#4820 = CARTESIAN_POINT('',(60.644641221025,37.935212521675,
    133.59088163044));
#4821 = CARTESIAN_POINT('',(60.644262516159,37.935936176914,
    133.5873294743));
#4822 = CARTESIAN_POINT('',(60.643883575792,37.936660115708,
    133.58377632819));
#4823 = CARTESIAN_POINT('',(60.643314810988,37.937746450371,
    133.57844512257));
#4824 = CARTESIAN_POINT('',(60.643125163679,37.938108633007,
    133.57666780628));
#4825 = CARTESIAN_POINT('',(60.642935457224,37.938470886821,
    133.57489024215));
#4826 = CARTESIAN_POINT('',(60.642745691601,37.938833211908,
    133.57311242997));
#4827 = CARTESIAN_POINT('',(60.64255586659,37.939195608367,
    133.57133436979));
#4828 = CARTESIAN_POINT('',(60.642365982346,37.939558076292,
    133.56955606118));
#4829 = CARTESIAN_POINT('',(60.642176038436,37.939920615781,
    133.56777750444));
#4830 = CARTESIAN_POINT('',(60.641986035205,37.940283226928,
    133.56599869896));
#4831 = CARTESIAN_POINT('',(60.641795972124,37.940645909833,
    133.56421964509));
#4832 = CARTESIAN_POINT('',(60.641605849499,37.941008664589,
    133.56244034231));
#4833 = CARTESIAN_POINT('',(60.641415666958,37.941371491295,
    133.56066079077));
#4834 = CARTESIAN_POINT('',(60.641225424593,37.941734390045,
    133.55888099018));
#4835 = CARTESIAN_POINT('',(60.641035122233,37.942097360937,
    133.55710094051));
#4836 = CARTESIAN_POINT('',(60.640749578625,37.942641925633,
    133.55443049213));
#4837 = CARTESIAN_POINT('',(60.640654382405,37.942823465257,
    133.55354028036));
#4838 = CARTESIAN_POINT('',(60.640559171176,37.943005022954,
    133.55265000625));
#4839 = CARTESIAN_POINT('',(60.640463944873,37.943186598734,
    133.55175966985));
#4840 = CARTESIAN_POINT('',(60.6403687036,37.94336819261,133.55086927098
    ));
#4841 = CARTESIAN_POINT('',(60.640273447157,37.943549804595,
    133.54997880993));
#4842 = CARTESIAN_POINT('',(60.640178175788,37.9437314347,
    133.54908828624));
#4843 = CARTESIAN_POINT('',(60.640082889199,37.943913082937,
    133.54819770042));
#4844 = CARTESIAN_POINT('',(60.639987587642,37.944094749319,
    133.54730705193));
#4845 = CARTESIAN_POINT('',(60.639892270903,37.944276433858,
    133.5464163412));
#4846 = CARTESIAN_POINT('',(60.639796939103,37.944458136565,
    133.54552556789));
#4847 = CARTESIAN_POINT('',(60.639701592162,37.944639857453,
    133.54463473218));
#4848 = CARTESIAN_POINT('',(60.639606230097,37.944821596534,
    133.54374383397));
#4849 = CARTESIAN_POINT('',(60.639463164288,37.945094232464,
    133.54240739291));
#4850 = CARTESIAN_POINT('',(60.639415471897,37.945185115658,
    133.54196189694));
#4851 = CARTESIAN_POINT('',(60.639367775731,37.945276003406,
    133.54151638533));
#4852 = CARTESIAN_POINT('',(60.639320075746,37.945366895707,
    133.54107085811));
#4853 = CARTESIAN_POINT('',(60.639272372035,37.945457792565,
    133.54062531522));
#4854 = CARTESIAN_POINT('',(60.639224664433,37.94554869398,
    133.54017975676));
#4855 = CARTESIAN_POINT('',(60.639176953168,37.945639599954,
    133.53973418259));
#4856 = CARTESIAN_POINT('',(60.639129237974,37.945730510488,
    133.53928859287));
#4857 = CARTESIAN_POINT('',(60.639081519102,37.945821425584,
    133.53884298744));
#4858 = CARTESIAN_POINT('',(60.639033796353,37.945912345244,
    133.53839736641));
#4859 = CARTESIAN_POINT('',(60.638986069853,37.946003269469,
    133.53795172972));
#4860 = CARTESIAN_POINT('',(60.638938339533,37.94609419826,
    133.53750607739));
#4861 = CARTESIAN_POINT('',(60.638890605421,37.946185131619,
    133.53706040942));
#4862 = CARTESIAN_POINT('',(60.638818998548,37.946321538512,
    133.53639188399));
#4863 = CARTESIAN_POINT('',(60.63879512864,37.946367008619,
    133.53616903826));
#4864 = CARTESIAN_POINT('',(60.638771257785,37.946412479869,
    133.53594618863));
#4865 = CARTESIAN_POINT('',(60.638747385968,37.946457952261,
    133.53572333508));
#4866 = CARTESIAN_POINT('',(60.638723513224,37.946503425796,
    133.53550047762));
#4867 = CARTESIAN_POINT('',(60.638699639488,37.946548900474,
    133.53527761625));
#4868 = CARTESIAN_POINT('',(60.638675764858,37.946594376296,
    133.53505475096));
#4869 = CARTESIAN_POINT('',(60.638651889212,37.946639853261,
    133.53483188176));
#4870 = CARTESIAN_POINT('',(60.638628012676,37.94668533137,
    133.53460900865));
#4871 = CARTESIAN_POINT('',(60.638604135139,37.946730810623,
    133.53438613162));
#4872 = CARTESIAN_POINT('',(60.638580256683,37.946776291019,
    133.53416325068));
#4873 = CARTESIAN_POINT('',(60.638556377258,37.946821772561,
    133.53394036582));
#4874 = CARTESIAN_POINT('',(60.638532496887,37.946867255246,
    133.53371747705));
#4875 = CARTESIAN_POINT('',(60.6384966749,37.946935480992,
    133.53338313803));
#4876 = CARTESIAN_POINT('',(60.638484734,37.946958223193,133.5332716907)
  );
#4877 = CARTESIAN_POINT('',(60.638472792859,37.946980965681,
    133.53316024241));
#4878 = CARTESIAN_POINT('',(60.63846085149,37.947003708454,
    133.53304879312));
#4879 = CARTESIAN_POINT('',(60.638448909861,37.947026451514,
    133.53293734287));
#4880 = CARTESIAN_POINT('',(60.638436968029,37.94704919486,
    133.53282589163));
#4881 = CARTESIAN_POINT('',(60.638425025912,37.947071938493,
    133.53271443942));
#4882 = CARTESIAN_POINT('',(60.63841308361,37.947094682412,
    133.53260298622));
#4883 = CARTESIAN_POINT('',(60.638401141019,37.947117426617,
    133.53249153205));
#4884 = CARTESIAN_POINT('',(60.63838919823,37.947140171109,
    133.5323800769));
#4885 = CARTESIAN_POINT('',(60.638377255177,37.947162915887,
    133.53226862077));
#4886 = CARTESIAN_POINT('',(60.638365311899,37.947185660951,
    133.53215716365));
#4887 = CARTESIAN_POINT('',(60.638353368377,37.947208406302,
    133.53204570557));
#4888 = CARTESIAN_POINT('',(60.63832948086,37.947253897576,
    133.53182278743));
#4889 = CARTESIAN_POINT('',(60.638319728228,37.94726564958,
    133.53176745134));
#4890 = CARTESIAN_POINT('',(60.638291685123,37.947368836367,
    133.53124538207));
#4891 = CARTESIAN_POINT('',(60.638336512818,37.947109314073,
    133.53257458215));
#4892 = CARTESIAN_POINT('',(60.638202920666,37.947733137307,
    133.52939577988));
#4893 = CARTESIAN_POINT('',(60.63835469013,37.946953857191,
    133.53337624278));
#4894 = CARTESIAN_POINT('',(60.638226536161,37.94753644162,
    133.53040971527));
#4895 = CARTESIAN_POINT('',(60.638186761613,37.947707164159,
    133.52954178941));
#4896 = CARTESIAN_POINT('',(60.638355741277,37.946845774184,
    133.53394089368));
#4897 = CARTESIAN_POINT('',(60.638103452605,37.948022573741,
    133.52794447979));
#4898 = CARTESIAN_POINT('',(60.638281262576,37.947149117628,
    133.53240114072));
#4899 = CARTESIAN_POINT('',(60.63817276875,37.947619212809,
    133.53001060973));
#4900 = CARTESIAN_POINT('',(60.638188705505,37.947515764119,
    133.53054166204));
#4901 = CARTESIAN_POINT('',(60.638201585818,37.947541332012,
    133.53039982721));
#4902 = CARTESIAN_POINT('',(49.354956910185,37.625475074713,
    133.22678857479));
#4903 = CARTESIAN_POINT('',(49.355039312152,37.625545904932,
    133.23251184444));
#4904 = CARTESIAN_POINT('',(49.355122067747,37.625617214284,
    133.23823348693));
#4905 = CARTESIAN_POINT('',(49.355205176575,37.62568900191,
    133.24395350345));
#4906 = CARTESIAN_POINT('',(49.355288638098,37.62576126694,
    133.24967189518));
#4907 = CARTESIAN_POINT('',(49.355372452118,37.62583400853,
    133.25538866341));
#4908 = CARTESIAN_POINT('',(49.35545661779,37.62590722579,
    133.26110380915));
#4909 = CARTESIAN_POINT('',(49.355541135295,37.625980917905,
    133.26681733388));
#4910 = CARTESIAN_POINT('',(49.355626003443,37.626055083962,
    133.27252923838));
#4911 = CARTESIAN_POINT('',(49.355711222599,37.626129723158,
    133.27823952428));
#4912 = CARTESIAN_POINT('',(49.355796791635,37.626204834587,
    133.28394819234));
#4913 = CARTESIAN_POINT('',(49.355882710632,37.626280417428,
    133.28965524404));
#4914 = CARTESIAN_POINT('',(49.355968978856,37.626356470803,
    133.29536068036));
#4915 = CARTESIAN_POINT('',(49.356055596022,37.626432993866,
    133.30106450254));
#4916 = CARTESIAN_POINT('',(49.360368070688,37.630250888179,
    133.58382715391));
#4917 = CARTESIAN_POINT('',(49.365416465445,37.635098279864,
    133.85716591258));
#4918 = CARTESIAN_POINT('',(49.371242262365,37.640959321191,
    134.1269086271));
#4919 = CARTESIAN_POINT('',(49.37780721016,37.647753875363,
    134.39318184374));
#4920 = CARTESIAN_POINT('',(49.385079888152,37.655413398433,
    134.65611478672));
#4921 = CARTESIAN_POINT('',(49.393035346707,37.663879921959,
    134.91584052693));
#4922 = CARTESIAN_POINT('',(49.401654776469,37.673105109319,
    135.17249660594));
#4923 = CARTESIAN_POINT('',(49.410925200968,37.683049370215,
    135.42622516207));
#4924 = CARTESIAN_POINT('',(49.420839180382,37.693681021072,
    135.67717260634));
#4925 = CARTESIAN_POINT('',(49.431394525346,37.704975480937,
    135.9254888839));
#4926 = CARTESIAN_POINT('',(49.442594009853,37.716914494664,
    136.17132636026));
#4927 = CARTESIAN_POINT('',(49.454445082905,37.729485376118,
    136.41483836078));
#4928 = CARTESIAN_POINT('',(49.466959570763,37.742680265508,
    136.65617739437));
#4929 = CARTESIAN_POINT('',(49.486681388548,37.763330839296,
    137.0139015948));
#4930 = CARTESIAN_POINT('',(49.493376609804,37.770318922785,
    137.13181944708));
#4931 = CARTESIAN_POINT('',(49.500240744802,37.777459183213,
    137.24926426985));
#4932 = CARTESIAN_POINT('',(49.507276007108,37.784751600172,
    137.36625397796));
#4933 = CARTESIAN_POINT('',(49.514485099249,37.792196585911,
    137.48280676586));
#4934 = CARTESIAN_POINT('',(49.52187120201,37.799794975733,
    137.59894110012));
#4935 = CARTESIAN_POINT('',(49.529437962933,37.807548018484,
    137.71467571094));
#4936 = CARTESIAN_POINT('',(49.537189486113,37.815457367126,
    137.83002958461));
#4937 = CARTESIAN_POINT('',(49.545130320461,37.823525069348,
    137.94502195421));
#4938 = CARTESIAN_POINT('',(49.553265449593,37.831753558247,
    138.05967229167));
#4939 = CARTESIAN_POINT('',(49.56160028026,37.84014564301,
    138.17400029808));
#4940 = CARTESIAN_POINT('',(49.570140631847,37.848704499636,
    138.2880258949));
#4941 = CARTESIAN_POINT('',(49.578892725121,37.85743366164,
    138.40176921411));
#4942 = CARTESIAN_POINT('',(49.592324832584,37.870765299735,
    138.57169320495));
#4943 = CARTESIAN_POINT('',(49.596841750597,37.875237909856,
    138.62807093592));
#4944 = CARTESIAN_POINT('',(49.601411852632,37.879752319325,
    138.68438473293));
#4945 = CARTESIAN_POINT('',(49.60603693085,37.884309975756,
    138.74063772859));
#4946 = CARTESIAN_POINT('',(49.610719534566,37.88891310054,
    138.79683303432));
#4947 = CARTESIAN_POINT('',(49.615461414216,37.893563084655,
    138.85297319864));
#4948 = CARTESIAN_POINT('',(49.620263125698,37.898260075429,
    138.90906045189));
#4949 = CARTESIAN_POINT('',(49.625124423056,37.903003376521,
    138.96509711573));
#4950 = CARTESIAN_POINT('',(49.630045094963,37.907792306387,
    139.02108580255));
#4951 = CARTESIAN_POINT('',(49.635025918393,37.912627184253,
    139.07702927188));
#4952 = CARTESIAN_POINT('',(49.640069433887,37.917510136896,
    139.13293004821));
#4953 = CARTESIAN_POINT('',(49.645180266062,37.922445444324,
    139.18879013646));
#4954 = CARTESIAN_POINT('',(49.650364743879,37.927439167526,
    139.24461140017));
#4955 = CARTESIAN_POINT('',(49.660875403774,37.937538183461,
    139.35598152769));
#4956 = CARTESIAN_POINT('',(49.666198126542,37.942639988464,
    139.4115273312));
#4957 = CARTESIAN_POINT('',(49.671600242279,37.947805338246,
    139.46703749896));
#4958 = CARTESIAN_POINT('',(49.677084339845,37.953036391928,
    139.52251466087));
#4959 = CARTESIAN_POINT('',(49.682653120935,37.958335371553,
    139.57796138374));
#4960 = CARTESIAN_POINT('',(49.688309399071,37.963704561666,
    139.63338017666));
#4961 = CARTESIAN_POINT('',(49.694056098818,37.969146308902,
    139.68877349594));
#4962 = CARTESIAN_POINT('',(49.699896254714,37.974663021593,
    139.74414375052));
#4963 = CARTESIAN_POINT('',(49.705833010564,37.98025716939,
    139.79949330681));
#4964 = CARTESIAN_POINT('',(49.711869618408,37.985931282887,
    139.85482449388));
#4965 = CARTESIAN_POINT('',(49.718009437797,37.991687953296,
    139.91013960836));
#4966 = CARTESIAN_POINT('',(49.724255934886,37.9975298321,
    139.96544091945));
#4967 = CARTESIAN_POINT('',(49.730612681679,38.003459630771,
    140.02073067378));
#4968 = CARTESIAN_POINT('',(49.765569374089,38.035984282925,
    140.31937359662));
#4969 = CARTESIAN_POINT('',(49.796242065315,38.064232411239,
    140.56242992949));
#4970 = CARTESIAN_POINT('',(49.829446961723,38.094466369256,
    140.80537322364));
#4971 = CARTESIAN_POINT('',(49.865542834082,38.126950413097,
    141.04834373192));
#4972 = CARTESIAN_POINT('',(49.904949914047,38.161977643562,
    141.29142001491));
#4973 = CARTESIAN_POINT('',(49.948172674296,38.199872989609,
    141.53460495427));
#4974 = CARTESIAN_POINT('',(49.99580885332,38.240993758062,
    141.7778094764));
#4975 = CARTESIAN_POINT('',(50.048555701069,38.285728700727,
    142.02083767276));
#4976 = CARTESIAN_POINT('',(50.107223626191,38.334496413737,
    142.26337765085));
#4977 = CARTESIAN_POINT('',(50.172766620447,38.387743703223,
    142.5050030617));
#4978 = CARTESIAN_POINT('',(50.246338103921,38.445944335331,
    142.7451909671));
#4979 = CARTESIAN_POINT('',(50.329380316493,38.509598362517,
    142.98336268087));
#4980 = CARTESIAN_POINT('',(50.423755116292,38.579232001715,
    143.21895556155));
#4981 = CARTESIAN_POINT('',(50.613773529406,38.713031257124,
    143.62752471159));
#4982 = CARTESIAN_POINT('',(50.703701862259,38.774524622431,
    143.80217056062));
#4983 = CARTESIAN_POINT('',(50.802684829824,38.840036696838,
    143.97487508588));
#4984 = CARTESIAN_POINT('',(50.911608395813,38.909509408365,
    144.1446908809));
#4985 = CARTESIAN_POINT('',(51.031318992036,38.982729684346,
    144.31051206493));
#4986 = CARTESIAN_POINT('',(51.162601063225,39.059298141829,
    144.47122161679));
#4987 = CARTESIAN_POINT('',(51.306102279812,39.138569147238,
    144.62580386473));
#4988 = CARTESIAN_POINT('',(51.462228483386,39.219608205526,
    144.77342837486));
#4989 = CARTESIAN_POINT('',(51.631032612482,39.30119546776,
    144.91350875227));
#4990 = CARTESIAN_POINT('',(51.812124750007,39.381887753139,
    145.04573716267));
#4991 = CARTESIAN_POINT('',(52.004633918274,39.460135172004,
    145.17009287868));
#4992 = CARTESIAN_POINT('',(52.207256058955,39.534431593394,
    145.28682104972));
#4993 = CARTESIAN_POINT('',(52.418426368737,39.603460523361,
    145.39637629987));
#4994 = CARTESIAN_POINT('',(52.826949313177,39.720868792679,
    145.58909309352));
#4995 = CARTESIAN_POINT('',(53.022707277697,39.770794380736,
    145.67389662874));
#4996 = CARTESIAN_POINT('',(53.22299597491,39.815180969175,
    145.75406479216));
#4997 = CARTESIAN_POINT('',(53.425426782843,39.853582192083,
    145.82992799147));
#4998 = CARTESIAN_POINT('',(53.641054714722,39.887108623099,
    145.90563232367));
#4999 = CARTESIAN_POINT('',(53.837234852169,39.90989813597,
    145.97061438132));
#5000 = CARTESIAN_POINT('',(54.066653386381,39.931951351721,
    146.04482266165));
#5001 = CARTESIAN_POINT('',(54.265091804125,39.940179208136,
    146.10481612873));
#5002 = CARTESIAN_POINT('',(54.489582641943,39.946579358721,
    146.17302006954));
#5003 = CARTESIAN_POINT('',(54.699528600805,39.942432233405,
    146.23425670975));
#5004 = CARTESIAN_POINT('',(54.915966342146,39.932449179387,
    146.29724217545));
#5005 = CARTESIAN_POINT('',(55.129821429701,39.914711970139,
    146.35878644938));
#5006 = CARTESIAN_POINT('',(55.343242273936,39.889833078696,
    146.4200289637));
#5007 = CARTESIAN_POINT('',(55.748177128578,39.828637518946,
    146.53605071696));
#5008 = CARTESIAN_POINT('',(55.939875533283,39.793599335553,
    146.590902767));
#5009 = CARTESIAN_POINT('',(56.13032325088,39.752702770554,
    146.64542718615));
#5010 = CARTESIAN_POINT('',(56.319359130764,39.706001246364,
    146.69960532244));
#5011 = CARTESIAN_POINT('',(56.506880637776,39.653542759847,
    146.7533547005));
#5012 = CARTESIAN_POINT('',(56.692824372941,39.595366411077,
    146.80652090872));
#5013 = CARTESIAN_POINT('',(56.877153645931,39.531497525414,
    146.85887264882));
#5014 = CARTESIAN_POINT('',(57.059850632415,39.461942699233,
    146.91009876702));
#5015 = CARTESIAN_POINT('',(57.240910591449,39.386686149816,
    146.95980602314));
#5016 = CARTESIAN_POINT('',(57.420335581041,39.305688794026,
    147.00751631973));
#5017 = CARTESIAN_POINT('',(57.598125074333,39.218891518956,
    147.05266204714));
#5018 = CARTESIAN_POINT('',(57.774260864891,39.126224143157,
    147.0945781777));
#5019 = CARTESIAN_POINT('',(57.948683629999,39.027621607305,
    147.13248969979));
#5020 = CARTESIAN_POINT('',(58.218315246711,38.864236961129,
    147.18405414042));
#5021 = CARTESIAN_POINT('',(58.314766232319,38.803550219991,
    147.20107843918));
#5022 = CARTESIAN_POINT('',(58.410680221457,38.740926643741,
    147.21624526058));
#5023 = CARTESIAN_POINT('',(58.505667832764,38.676586414024,
    147.2300944742));
#5024 = CARTESIAN_POINT('',(58.600524013754,38.610030870502,
    147.24050953569));
#5025 = CARTESIAN_POINT('',(58.693835171801,38.542076695257,
    147.25075166478));
#5026 = CARTESIAN_POINT('',(58.786784419883,38.472068790741,
    147.25659942197));
#5027 = CARTESIAN_POINT('',(58.878539083187,38.400472693014,
    147.26010331476));
#5028 = CARTESIAN_POINT('',(58.968635157575,38.327572321292,
    147.26237275307));
#5029 = CARTESIAN_POINT('',(59.057292907525,38.253566278847,
    147.25878294669));
#5030 = CARTESIAN_POINT('',(59.14394805963,38.178646948044,
    147.25422328146));
#5031 = CARTESIAN_POINT('',(59.228819820979,38.103007530757,
    147.24543628549));
#5032 = CARTESIAN_POINT('',(59.313154424077,38.02548689846,
    147.23317281669));
#5033 = CARTESIAN_POINT('',(59.432675025278,37.911753738845,
    147.20930696471));
#5034 = CARTESIAN_POINT('',(59.466073287019,37.879574016608,
    147.20196893717));
#5035 = CARTESIAN_POINT('',(59.499829064301,37.846635324253,
    147.193840033));
#5036 = CARTESIAN_POINT('',(59.533967833393,37.812890782822,
    147.18485743806));
#5037 = CARTESIAN_POINT('',(59.568497769282,37.778308352209,
    147.17495521931));
#5038 = CARTESIAN_POINT('',(59.603411610309,37.74286997627,
    147.16406468478));
#5039 = CARTESIAN_POINT('',(59.638688539514,37.706570713235,
    147.15211474197));
#5040 = CARTESIAN_POINT('',(59.674296077662,37.669417850478,
    147.13903224648));
#5041 = CARTESIAN_POINT('',(59.710191995986,37.63143000189,
    147.12474234833));
#5042 = CARTESIAN_POINT('',(59.746326239901,37.592636187394,
    147.10916882273));
#5043 = CARTESIAN_POINT('',(59.782642872683,37.553074893001,
    147.09223439426));
#5044 = CARTESIAN_POINT('',(59.819082030819,37.512793111466,
    147.07386104168));
#5045 = CARTESIAN_POINT('',(59.855581896404,37.471845362741,
    147.05397028792));
#5046 = CARTESIAN_POINT('',(59.928580513035,37.3887388362,
    147.01099603045));
#5047 = CARTESIAN_POINT('',(59.965075965518,37.346583795374,
    146.98790013733));
#5048 = CARTESIAN_POINT('',(60.001512418579,37.303874150383,
    146.96317496769));
#5049 = CARTESIAN_POINT('',(60.037802934212,37.260708993615,
    146.93664859285));
#5050 = CARTESIAN_POINT('',(60.073870455759,37.217185735503,
    146.90821464916));
#5051 = CARTESIAN_POINT('',(60.109676899682,37.173339907025,
    146.8779280375));
#5052 = CARTESIAN_POINT('',(60.145160779232,37.129244118527,
    146.84579791442));
#5053 = CARTESIAN_POINT('',(60.180241501014,37.085015717786,
    146.81171130937));
#5054 = CARTESIAN_POINT('',(60.214862269706,37.040746983634,
    146.77559040915));
#5055 = CARTESIAN_POINT('',(60.248985261714,36.996498438351,
    146.73749657902));
#5056 = CARTESIAN_POINT('',(60.282554265898,36.952363157433,
    146.6974604434));
#5057 = CARTESIAN_POINT('',(60.315507173996,36.908465148542,
    146.65534141479));
#5058 = CARTESIAN_POINT('',(60.347816013247,36.864867110345,
    146.61125072347));
#5059 = CARTESIAN_POINT('',(60.442772716016,36.735147940412,
    146.47282919582));
#5060 = CARTESIAN_POINT('',(60.503395322752,36.650180332676,
    146.37245026774));
#5061 = CARTESIAN_POINT('',(60.560968802893,36.567498573234,
    146.26404903619));
#5062 = CARTESIAN_POINT('',(60.61523063227,36.487854289046,
    146.14785172633));
#5063 = CARTESIAN_POINT('',(60.665991134483,36.411972418515,
    146.02426123113));
#5064 = CARTESIAN_POINT('',(60.713133298243,36.340509994534,
    145.89383697429));
#5065 = CARTESIAN_POINT('',(60.756610238058,36.274024209334,
    145.75727793802));
#5066 = CARTESIAN_POINT('',(60.796440451093,36.212949213735,
    145.61540788439));
#5067 = CARTESIAN_POINT('',(60.832700905226,36.157581362346,
    145.46916161134));
#5068 = CARTESIAN_POINT('',(60.865517862383,36.108072910289,
    145.31957095814));
#5069 = CARTESIAN_POINT('',(60.895055269491,36.064434447494,
    145.16774922071));
#5070 = CARTESIAN_POINT('',(60.921500475908,36.026546601004,
    145.01487267583));
#5071 = CARTESIAN_POINT('',(60.945047031834,35.994181697738,
    144.86215805311));
#5072 = CARTESIAN_POINT('',(60.976839150986,35.952744992291,
    144.63116891324));
#5073 = CARTESIAN_POINT('',(60.987055578459,35.939896734052,
    144.55190285322));
#5074 = CARTESIAN_POINT('',(60.996585158061,35.928402415223,
    144.4729623853));
#5075 = CARTESIAN_POINT('',(61.005481234085,35.918184414953,
    144.39428311341));
#5076 = CARTESIAN_POINT('',(61.013789718884,35.9091753288,
    144.31581001013));
#5077 = CARTESIAN_POINT('',(61.021549876676,35.90131682929,
    144.23749668083));
#5078 = CARTESIAN_POINT('',(61.028795118454,35.894558511296,
    144.1593046097));
#5079 = CARTESIAN_POINT('',(61.035553806874,35.888856722011,
    144.08120238975));
#5080 = CARTESIAN_POINT('',(61.041850071569,35.884173377893,
    144.00316493476));
#5081 = CARTESIAN_POINT('',(61.047704633186,35.880474767625,
    143.92517267603));
#5082 = CARTESIAN_POINT('',(61.053135636917,35.877730343785,
    143.84721074148));
#5083 = CARTESIAN_POINT('',(61.058159493907,35.875911502458,
    143.76926811996));
#5084 = CARTESIAN_POINT('',(61.062791730812,35.874990352931,
    143.69133680885));
#5085 = CARTESIAN_POINT('',(61.071314744663,35.874886470744,
    143.53528766673));
#5086 = CARTESIAN_POINT('',(61.075195490351,35.875723684184,
    143.45717719538));
#5087 = CARTESIAN_POINT('',(61.078752789968,35.877318600105,
    143.37908248148));
#5088 = CARTESIAN_POINT('',(61.081831819646,35.880005289369,
    143.300995619));
#5089 = CARTESIAN_POINT('',(61.084743221915,35.883117899575,
    143.22288559211));
#5090 = CARTESIAN_POINT('',(61.08724891323,35.887169504565,
    143.14481076183));
#5091 = CARTESIAN_POINT('',(61.089327340992,35.892195435327,
    143.06678754647));
#5092 = CARTESIAN_POINT('',(61.091172576626,35.897779292474,
    142.98872845523));
#5093 = CARTESIAN_POINT('',(61.092735280326,35.904027330719,
    142.91067096831));
#5094 = CARTESIAN_POINT('',(61.093919163462,35.911133295014,
    142.83269916785));
#5095 = CARTESIAN_POINT('',(61.094875219862,35.918770177092,
    142.75469436805));
#5096 = CARTESIAN_POINT('',(61.095529654519,35.92709280764,
    142.67673667765));
#5097 = CARTESIAN_POINT('',(61.095918145315,35.936015347545,
    142.59880152692));
#5098 = CARTESIAN_POINT('',(61.096296169576,35.964587326726,
    142.36474283118));
#5099 = CARTESIAN_POINT('',(61.095495388654,35.985994610619,
    142.20879546911));
#5100 = CARTESIAN_POINT('',(61.093706201694,36.009553504453,
    142.05306560509));
#5101 = CARTESIAN_POINT('',(61.090986839113,36.035083274606,
    141.8975603182));
#5102 = CARTESIAN_POINT('',(61.08738973991,36.062415909517,
    141.74228050817));
#5103 = CARTESIAN_POINT('',(61.08296212303,36.09139565197,
    141.58722025138));
#5104 = CARTESIAN_POINT('',(61.077746581637,36.121878450733,
    141.43236638683));
#5105 = CARTESIAN_POINT('',(61.071781699011,36.153731327286,
    141.27769833054));
#5106 = CARTESIAN_POINT('',(61.065102690667,36.1868316524,
    141.12318811893));
#5107 = CARTESIAN_POINT('',(61.057742068981,36.221066333109,
    140.96880067776));
#5108 = CARTESIAN_POINT('',(61.049730334727,36.256330908114,
    140.81449431509));
#5109 = CARTESIAN_POINT('',(61.041096692028,36.292528554634,
    140.66022143511));
#5110 = CARTESIAN_POINT('',(61.031869789039,36.32956900787,
    140.50592947034));
#5111 = CARTESIAN_POINT('',(61.015147363716,36.394124308351,
    140.24228764043));
#5112 = CARTESIAN_POINT('',(61.007936191132,36.421251371729,
    140.13300784948));
#5113 = CARTESIAN_POINT('',(61.000454126294,36.44871927016,
    140.02370573545));
#5114 = CARTESIAN_POINT('',(60.992710624846,36.476499252347,
    139.91436351595));
#5115 = CARTESIAN_POINT('',(60.984715432849,36.504563132314,
    139.80496264313));
#5116 = CARTESIAN_POINT('',(60.976478582947,36.532883287447,
    139.69548389895));
#5117 = CARTESIAN_POINT('',(60.968010392235,36.561432654695,
    139.58590749069));
#5118 = CARTESIAN_POINT('',(60.959321458583,36.590184725875,
    139.47621314656));
#5119 = CARTESIAN_POINT('',(60.950422659778,36.619113541143,
    139.36638021127));
#5120 = CARTESIAN_POINT('',(60.941325150223,36.648193682123,
    139.25638774179));
#5121 = CARTESIAN_POINT('',(60.932040360435,36.677400263463,
    139.14621460297));
#5122 = CARTESIAN_POINT('',(60.922579994659,36.706708924202,
    139.03583956333));
#5123 = CARTESIAN_POINT('',(60.912956029993,36.736095818139,
    138.92524139066));
#5124 = CARTESIAN_POINT('',(60.898302321931,36.780230592804,
    138.75908277964));
#5125 = CARTESIAN_POINT('',(60.893386970993,36.794935534323,
    138.70371012663));
#5126 = CARTESIAN_POINT('',(60.888436254711,36.80964944636,
    138.64827812066));
#5127 = CARTESIAN_POINT('',(60.88345183524,36.824369312893,
    138.59278379472));
#5128 = CARTESIAN_POINT('',(60.878435443843,36.839092084015,
    138.53722408642));
#5129 = CARTESIAN_POINT('',(60.873388880763,36.853814675691,
    138.48159584143));
#5130 = CARTESIAN_POINT('',(60.868314014766,36.868533969929,
    138.42589581702));
#5131 = CARTESIAN_POINT('',(60.863212783145,36.883246814359,
    138.37012068556));
#5132 = CARTESIAN_POINT('',(60.858087191089,36.897950022615,
    138.31426703815));
#5133 = CARTESIAN_POINT('',(60.852939311715,36.912640373865,
    138.25833138814));
#5134 = CARTESIAN_POINT('',(60.847771285458,36.927314613179,
    138.20231017475));
#5135 = CARTESIAN_POINT('',(60.842585319919,36.941969451258,
    138.14619976672));
#5136 = CARTESIAN_POINT('',(60.837383689398,36.956601564634,
    138.08999646596));
#5137 = CARTESIAN_POINT('',(60.826962521104,36.98578914374,
    137.9774909275));
#5138 = CARTESIAN_POINT('',(60.821743565122,37.000343513069,
    137.9211942015));
#5139 = CARTESIAN_POINT('',(60.816503580031,37.014882762847,
    137.86479430957));
#5140 = CARTESIAN_POINT('',(60.811324685537,37.029286826403,
    137.8082943815));
#5141 = CARTESIAN_POINT('',(60.80596028066,37.043917681281,
    137.75173884498));
#5142 = CARTESIAN_POINT('',(60.800770113436,37.058246736445,
    137.69499472337));
#5143 = CARTESIAN_POINT('',(60.795645808022,37.072438308637,
    137.63810353413));
#5144 = CARTESIAN_POINT('',(60.790356713359,37.08682541511,
    137.58120850069));
#5145 = CARTESIAN_POINT('',(60.785122622014,37.101089570881,
    137.52416257496));
#5146 = CARTESIAN_POINT('',(60.780031653054,37.115109631467,
    137.46687400658));
#5147 = CARTESIAN_POINT('',(60.774769006745,37.129332505853,
    137.40963443286));
#5148 = CARTESIAN_POINT('',(60.769623013845,37.143351333473,
    137.35215373212));
#5149 = CARTESIAN_POINT('',(60.764448651155,37.157371375969,
    137.29458387016));
#5150 = CARTESIAN_POINT('',(60.738726676801,37.22695671649,
    137.00704067755));
#5151 = CARTESIAN_POINT('',(60.718272941197,37.281832359939,
    136.77507728723));
#5152 = CARTESIAN_POINT('',(60.697905022672,37.336052073679,
    136.54081557634));
#5153 = CARTESIAN_POINT('',(60.67759005891,37.38971675018,
    136.30405812762));
#5154 = CARTESIAN_POINT('',(60.657283544474,37.442939826419,
    136.06457830384));
#5155 = CARTESIAN_POINT('',(60.636929114688,37.495848062167,
    135.82211927081));
#5156 = CARTESIAN_POINT('',(60.616457089056,37.548583040376,
    135.57639367883));
#5157 = CARTESIAN_POINT('',(60.59578180184,37.601303380454,
    135.32708394816));
#5158 = CARTESIAN_POINT('',(60.574797735777,37.65418765774,
    135.07384311589));
#5159 = CARTESIAN_POINT('',(60.553374485087,37.707438021821,
    134.8162961876));
#5160 = CARTESIAN_POINT('',(60.531350557581,37.761284510278,
    134.55404194963));
#5161 = CARTESIAN_POINT('',(60.508526036597,37.815990054295,
    134.28665518331));
#5162 = CARTESIAN_POINT('',(60.484654108982,37.871856177222,
    134.01368922799));
#5163 = CARTESIAN_POINT('',(60.458792708833,37.930682360054,
    133.7276129202));
#5164 = CARTESIAN_POINT('',(60.458153079478,37.932136301358,
    133.72054311367));
#5165 = CARTESIAN_POINT('',(60.457512576354,37.933591219121,
    133.71346940213));
#5166 = CARTESIAN_POINT('',(60.456871194304,37.935047119098,
    133.70639177787));
#5167 = CARTESIAN_POINT('',(60.456228928265,37.936504007043,
    133.69931023328));
#5168 = CARTESIAN_POINT('',(60.455585772993,37.937961888707,
    133.69222476056));
#5169 = CARTESIAN_POINT('',(60.454941723536,37.939420769842,
    133.68513535224));
#5170 = CARTESIAN_POINT('',(60.454296774559,37.940880656197,
    133.67804200038));
#5171 = CARTESIAN_POINT('',(60.453650921152,37.942341553521,
    133.6709446976));
#5172 = CARTESIAN_POINT('',(60.453004158016,37.943803467561,
    133.66384343598));
#5173 = CARTESIAN_POINT('',(60.452356480151,37.945266404062,
    133.65673820803));
#5174 = CARTESIAN_POINT('',(60.451707882374,37.946730368769,
    133.64962900596));
#5175 = CARTESIAN_POINT('',(60.451058359591,37.948195367424,
    133.64251582219));
#5176 = CARTESIAN_POINT('',(60.450082713628,37.950394349657,
    133.6318404279));
#5177 = CARTESIAN_POINT('',(60.449757288013,37.951127553495,
    133.62828120945));
#5178 = CARTESIAN_POINT('',(60.449431629199,37.951861018022,
    133.62472099264));
#5179 = CARTESIAN_POINT('',(60.449105736425,37.952594743978,
    133.62115977662));
#5180 = CARTESIAN_POINT('',(60.448779609226,37.953328732101,
    133.61759756017));
#5181 = CARTESIAN_POINT('',(60.44845324659,37.954062983129,
    133.61403434275));
#5182 = CARTESIAN_POINT('',(60.448126648331,37.954797497802,
    133.6104701228));
#5183 = CARTESIAN_POINT('',(60.44779981322,37.955532276857,
    133.60690490005));
#5184 = CARTESIAN_POINT('',(60.447472741138,37.956267321034,
    133.60333867282));
#5185 = CARTESIAN_POINT('',(60.447145430971,37.957002631069,
    133.59977144076));
#5186 = CARTESIAN_POINT('',(60.446817882356,37.957738207702,
    133.59620320246));
#5187 = CARTESIAN_POINT('',(60.446490094456,37.958474051671,
    133.5926339572));
#5188 = CARTESIAN_POINT('',(60.44616206668,37.959210163713,
    133.58906370391));
#5189 = CARTESIAN_POINT('',(60.445669672562,37.96031471615,
    133.58370690191));
#5190 = CARTESIAN_POINT('',(60.445505486653,37.960682954938,
    133.58192110992));
#5191 = CARTESIAN_POINT('',(60.445341240503,37.961051261023,
    133.58013506558));
#5192 = CARTESIAN_POINT('',(60.445176934084,37.961419634498,
    133.5783487687));
#5193 = CARTESIAN_POINT('',(60.445012567181,37.961788075458,
    133.57656221933));
#5194 = CARTESIAN_POINT('',(60.444848139945,37.962156583996,
    133.57477541705));
#5195 = CARTESIAN_POINT('',(60.44468365194,37.962525160206,
    133.57298836215));
#5196 = CARTESIAN_POINT('',(60.444519103514,37.96289380418,
    133.57120105402));
#5197 = CARTESIAN_POINT('',(60.444354494133,37.963262516013,
    133.56941349304));
#5198 = CARTESIAN_POINT('',(60.444189824103,37.963631295799,
    133.56762567866));
#5199 = CARTESIAN_POINT('',(60.444025093054,37.96400014363,
    133.56583761106));
#5200 = CARTESIAN_POINT('',(60.443860301072,37.964369059601,
    133.56404928994));
#5201 = CARTESIAN_POINT('',(60.443695447989,37.964738043804,
    133.56226071527));
#5202 = CARTESIAN_POINT('',(60.443448078739,37.965291617885,
    133.55957749554));
#5203 = CARTESIAN_POINT('',(60.443365608433,37.965476156518,
    133.55868304077));
#5204 = CARTESIAN_POINT('',(60.443283122835,37.965660712244,
    133.55778852257));
#5205 = CARTESIAN_POINT('',(60.443200621906,37.965845285075,
    133.55689394088));
#5206 = CARTESIAN_POINT('',(60.44311810569,37.966029875023,
    133.55599929579));
#5207 = CARTESIAN_POINT('',(60.443035574087,37.9662144821,
    133.55510458709));
#5208 = CARTESIAN_POINT('',(60.442953027208,37.966399106317,
    133.55420981507));
#5209 = CARTESIAN_POINT('',(60.442870464902,37.966583747686,
    133.55331497932));
#5210 = CARTESIAN_POINT('',(60.442787887295,37.966768406219,
    133.55242008024));
#5211 = CARTESIAN_POINT('',(60.442705294263,37.966953081928,
    133.55152511746));
#5212 = CARTESIAN_POINT('',(60.442622685875,37.967137774824,
    133.55063009122));
#5213 = CARTESIAN_POINT('',(60.442540062073,37.96732248492,
    133.54973500134));
#5214 = CARTESIAN_POINT('',(60.442457422869,37.967507212226,
    133.54883984789));
#5215 = CARTESIAN_POINT('',(60.442333441459,37.967784327842,
    133.54749702802));
#5216 = CARTESIAN_POINT('',(60.44229211082,37.967876703233,
    133.5470494093));
#5217 = CARTESIAN_POINT('',(60.442250776322,37.967969082932,
    133.54660177467));
#5218 = CARTESIAN_POINT('',(60.442209437975,37.968061466939,
    133.54615412414));
#5219 = CARTESIAN_POINT('',(60.44216809575,37.968153855257,
    133.54570645771));
#5220 = CARTESIAN_POINT('',(60.442126749698,37.968246247886,
    133.54525877536));
#5221 = CARTESIAN_POINT('',(60.44208539974,37.968338644828,
    133.54481107711));
#5222 = CARTESIAN_POINT('',(60.442044045966,37.968431046085,
    133.54436336292));
#5223 = CARTESIAN_POINT('',(60.442002688288,37.968523451658,
    133.54391563285));
#5224 = CARTESIAN_POINT('',(60.441961326772,37.968615861548,
    133.54346788684));
#5225 = CARTESIAN_POINT('',(60.441919961374,37.968708275757,
    133.54302012492));
#5226 = CARTESIAN_POINT('',(60.441878592114,37.968800694287,
    133.54257234707));
#5227 = CARTESIAN_POINT('',(60.441837218983,37.968893117138,
    133.54212455331));
#5228 = CARTESIAN_POINT('',(60.441775153612,37.969031757606,
    133.5414528402));
#5229 = CARTESIAN_POINT('',(60.441754464274,37.969077971979,
    133.5412289328));
#5230 = CARTESIAN_POINT('',(60.441733773972,37.969124187434,
    133.54100502141));
#5231 = CARTESIAN_POINT('',(60.441713082694,37.96917040397,
    133.54078110606));
#5232 = CARTESIAN_POINT('',(60.441692390459,37.969216621587,
    133.5405571867));
#5233 = CARTESIAN_POINT('',(60.441671697245,37.969262840286,
    133.5403332634));
#5234 = CARTESIAN_POINT('',(60.441651003066,37.969309060066,
    133.54010933606));
#5235 = CARTESIAN_POINT('',(60.441630307926,37.969355280929,
    133.5398854048));
#5236 = CARTESIAN_POINT('',(60.441609611801,37.969401502874,
    133.5396614695));
#5237 = CARTESIAN_POINT('',(60.441588914725,37.969447725901,
    133.53943753026));
#5238 = CARTESIAN_POINT('',(60.441568216665,37.96949395001,
    133.53921358701));
#5239 = CARTESIAN_POINT('',(60.441547517644,37.969540175202,
    133.53898963979));
#5240 = CARTESIAN_POINT('',(60.44152681765,37.969586401477,
    133.53876568858));
#5241 = CARTESIAN_POINT('',(60.441495766239,37.969655742441,
    133.53842975615));
#5242 = CARTESIAN_POINT('',(60.441485415549,37.969678856317,
    133.53831777791));
#5243 = CARTESIAN_POINT('',(60.441475064612,37.969701970464,
    133.53820579869));
#5244 = CARTESIAN_POINT('',(60.441464713445,37.969725084882,
    133.53809381845));
#5245 = CARTESIAN_POINT('',(60.44145436201,37.969748199571,
    133.53798183725));
#5246 = CARTESIAN_POINT('',(60.441444010374,37.96977131453,133.537869855
    ));
#5247 = CARTESIAN_POINT('',(60.44143365844,37.96979442976,
    133.53775787181));
#5248 = CARTESIAN_POINT('',(60.441423306326,37.969817545262,
    133.53764588757));
#5249 = CARTESIAN_POINT('',(60.44141295391,37.969840661034,
    133.53753390239));
#5250 = CARTESIAN_POINT('',(60.441402601297,37.969863777077,
    133.53742191617));
#5251 = CARTESIAN_POINT('',(60.441392248414,37.969886893391,
    133.53730992898));
#5252 = CARTESIAN_POINT('',(60.441381895301,37.969910009976,
    133.53719794078));
#5253 = CARTESIAN_POINT('',(60.441371541941,37.969933126832,
    133.53708595158));
#5254 = CARTESIAN_POINT('',(60.441350834759,37.969979361037,
    133.53686197144));
#5255 = CARTESIAN_POINT('',(60.441342243889,37.969991317757,
    133.53682793615));
#5256 = CARTESIAN_POINT('',(60.441318931721,37.970096129452,
    133.5361456243));
#5257 = CARTESIAN_POINT('',(60.44135430208,37.969832430839,
    133.53803464277));
#5258 = CARTESIAN_POINT('',(60.441245901214,37.970466689976,
    133.5336624221));
#5259 = CARTESIAN_POINT('',(60.441367628172,37.969673624101,
    133.53923360812));
#5260 = CARTESIAN_POINT('',(60.441263348203,37.97026745562,
    133.53515642068));
#5261 = CARTESIAN_POINT('',(60.441230740862,37.970439951629,
    133.53399362373));
#5262 = CARTESIAN_POINT('',(60.441366402094,37.969563078904,
    133.54014623603));
#5263 = CARTESIAN_POINT('',(60.441161744558,37.970763031634,
    133.53186124683));
#5264 = CARTESIAN_POINT('',(60.44130501569,37.969870725068,
    133.53809316023));
#5265 = CARTESIAN_POINT('',(60.441216378153,37.970351687206,
    133.53481616113));
#5266 = CARTESIAN_POINT('',(60.441228662709,37.97024534295,
    133.53559642051));
#5267 = CARTESIAN_POINT('',(60.441218306029,37.97026846352,
    133.53548441763));
#5268 = CARTESIAN_POINT('',(49.701362915674,38.049782238384,
    133.19552357495));
#5269 = CARTESIAN_POINT('',(49.70135798485,38.049710616249,
    133.20127924069));
#5270 = CARTESIAN_POINT('',(49.701353474433,38.049639510105,
    133.20703305492));
#5271 = CARTESIAN_POINT('',(49.701349383726,38.049568918964,
    133.21278501913));
#5272 = CARTESIAN_POINT('',(49.701345712059,38.049498841838,
    133.21853513484));
#5273 = CARTESIAN_POINT('',(49.701342458691,38.04942927774,
    133.22428340345));
#5274 = CARTESIAN_POINT('',(49.701339623027,38.049360225681,
    133.23002982661));
#5275 = CARTESIAN_POINT('',(49.701337204226,38.049291684677,
    133.23577440559));
#5276 = CARTESIAN_POINT('',(49.70133520179,38.049223653735,
    133.24151714214));
#5277 = CARTESIAN_POINT('',(49.701333614824,38.049156131873,
    133.24725803749));
#5278 = CARTESIAN_POINT('',(49.701332442816,38.049089118099,
    133.25299709334));
#5279 = CARTESIAN_POINT('',(49.701331684946,38.049022611429,
    133.25873431104));
#5280 = CARTESIAN_POINT('',(49.701331340598,38.048956610873,
    133.26446969215));
#5281 = CARTESIAN_POINT('',(49.701331409048,38.048891115445,
    133.27020323814));
#5282 = CARTESIAN_POINT('',(49.701355432686,38.045642187594,
    133.55673271456));
#5283 = CARTESIAN_POINT('',(49.702365204876,38.043664921998,
    133.83312975373));
#5284 = CARTESIAN_POINT('',(49.704286839485,38.042786303069,
    134.10530063213));
#5285 = CARTESIAN_POINT('',(49.707056975587,38.042912645745,
    134.3734170055));
#5286 = CARTESIAN_POINT('',(49.710622418778,38.043963408463,
    134.63764800729));
#5287 = CARTESIAN_POINT('',(49.714939301509,38.045869997422,
    134.89816063519));
#5288 = CARTESIAN_POINT('',(49.719972244063,38.048574570848,
    135.15512013691));
#5289 = CARTESIAN_POINT('',(49.725693514675,38.052028843253,
    135.40869039717));
#5290 = CARTESIAN_POINT('',(49.732082190639,38.056192889704,
    135.65903432295));
#5291 = CARTESIAN_POINT('',(49.739123318429,38.061033950077,
    135.90631423082));
#5292 = CARTESIAN_POINT('',(49.746807074673,38.066525233332,
    136.15069223223));
#5293 = CARTESIAN_POINT('',(49.75512792649,38.072644721764,
    136.39233062047));
#5294 = CARTESIAN_POINT('',(49.764083792233,38.079373975275,
    136.63139225647));
#5295 = CARTESIAN_POINT('',(49.778470906909,38.090358415811,
    136.98636530468));
#5296 = CARTESIAN_POINT('',(49.783426295882,38.094169068677,
    137.10408662905));
#5297 = CARTESIAN_POINT('',(49.788541645102,38.098127270895,
    137.22122525761));
#5298 = CARTESIAN_POINT('',(49.793817640577,38.102231760265,
    137.33780167729));
#5299 = CARTESIAN_POINT('',(49.799255378174,38.10648163572,
    137.45383653268));
#5300 = CARTESIAN_POINT('',(49.804856363568,38.110876357344,
    137.56935062608));
#5301 = CARTESIAN_POINT('',(49.810622512359,38.115415746333,
    137.68436491744));
#5302 = CARTESIAN_POINT('',(49.816556149862,38.120099985055,
    137.79890052446));
#5303 = CARTESIAN_POINT('',(49.822660011411,38.124929616976,
    137.91297872242));
#5304 = CARTESIAN_POINT('',(49.828937241999,38.129905546735,
    138.02662094439));
#5305 = CARTESIAN_POINT('',(49.835391396628,38.13502904008,
    138.13984878105));
#5306 = CARTESIAN_POINT('',(49.842026440029,38.140301723915,
    138.25268398082));
#5307 = CARTESIAN_POINT('',(49.848846746847,38.145725586272,
    138.36514844975));
#5308 = CARTESIAN_POINT('',(49.859362278886,38.154091671346,
    138.53332215254));
#5309 = CARTESIAN_POINT('',(49.862914974431,38.156918718448,
    138.58929294157));
#5310 = CARTESIAN_POINT('',(49.86651604094,38.15978465004,
    138.64517935364));
#5311 = CARTESIAN_POINT('',(49.870166019165,38.162689673865,
    138.70098420588));
#5312 = CARTESIAN_POINT('',(49.87386549962,38.165634040186,
    138.75671032802));
#5313 = CARTESIAN_POINT('',(49.877615251246,38.168618171092,
    138.81236053728));
#5314 = CARTESIAN_POINT('',(49.881416191154,38.171642629089,
    138.86793764418));
#5315 = CARTESIAN_POINT('',(49.88526927348,38.174708002018,
    138.9234444737));
#5316 = CARTESIAN_POINT('',(49.889175369683,38.177814781511,
    138.97888388895));
#5317 = CARTESIAN_POINT('',(49.893135219858,38.180963311989,
    139.03425880114));
#5318 = CARTESIAN_POINT('',(49.89714952672,38.184153887422,
    139.08957215319));
#5319 = CARTESIAN_POINT('',(49.901219271381,38.187387072874,
    139.14482686119));
#5320 = CARTESIAN_POINT('',(49.90534632398,38.190664328024,
    139.20002570028));
#5321 = CARTESIAN_POINT('',(49.913722528885,38.197313691414,
    139.31031653969));
#5322 = CARTESIAN_POINT('',(49.917971354285,38.200685428312,
    139.36540856971));
#5323 = CARTESIAN_POINT('',(49.922283298275,38.204106212241,
    139.42044991252));
#5324 = CARTESIAN_POINT('',(49.926660867397,38.20757810202,
    139.47544324364));
#5325 = CARTESIAN_POINT('',(49.931106678939,38.211103223468,
    139.53039121146));
#5326 = CARTESIAN_POINT('',(49.93562346123,38.214683769394,
    139.58529643742));
#5327 = CARTESIAN_POINT('',(49.940214053178,38.218321999603,
    139.64016151584));
#5328 = CARTESIAN_POINT('',(49.944881404874,38.222020240896,
    139.69498901409));
#5329 = CARTESIAN_POINT('',(49.949628576926,38.225780887065,
    139.74978147242));
#5330 = CARTESIAN_POINT('',(49.954458741082,38.2296063989,139.8045414041
    ));
#5331 = CARTESIAN_POINT('',(49.959375179734,38.233499304184,
    139.85927129535));
#5332 = CARTESIAN_POINT('',(49.964381286253,38.237462197694,
    139.91397360534));
#5333 = CARTESIAN_POINT('',(49.969480564799,38.241497741203,
    139.96865076622));
#5334 = CARTESIAN_POINT('',(49.9977980404,38.263901411569,
    140.26650595738));
#5335 = CARTESIAN_POINT('',(50.022830426819,38.283687453567,
    140.50925762934));
#5336 = CARTESIAN_POINT('',(50.050101440869,38.305196016706,
    140.75162717848));
#5337 = CARTESIAN_POINT('',(50.079952042178,38.32867995155,
    140.99362300694));
#5338 = CARTESIAN_POINT('',(50.112783419218,38.354423556706,
    141.235202608));
#5339 = CARTESIAN_POINT('',(50.149082296972,38.382748640733,
    141.476272156));
#5340 = CARTESIAN_POINT('',(50.189434098824,38.414019027385,
    141.71668165646));
#5341 = CARTESIAN_POINT('',(50.234533434045,38.448643710203,
    141.95621929488));
#5342 = CARTESIAN_POINT('',(50.285201375899,38.487078862823,
    142.19460862418));
#5343 = CARTESIAN_POINT('',(50.342419003349,38.529828910733,
    142.43151222773));
#5344 = CARTESIAN_POINT('',(50.407386670646,38.577446871101,
    142.66654549927));
#5345 = CARTESIAN_POINT('',(50.481618477373,38.630534166275,
    142.89930417607));
#5346 = CARTESIAN_POINT('',(50.567081404659,38.689740117532,
    143.12940926627));
#5347 = CARTESIAN_POINT('',(50.742319842974,38.806241793059,
    143.53026465161));
#5348 = CARTESIAN_POINT('',(50.826291430015,38.860664286314,
    143.70211758427));
#5349 = CARTESIAN_POINT('',(50.919284208501,38.919217225215,
    143.87150715641));
#5350 = CARTESIAN_POINT('',(51.022208827754,38.981890109052,
    144.03751735897));
#5351 = CARTESIAN_POINT('',(51.13595444035,39.048533367829,
    144.19911792034));
#5352 = CARTESIAN_POINT('',(51.261366625525,39.118821512368,
    144.35529280723));
#5353 = CARTESIAN_POINT('',(51.399170885444,39.192184408581,
    144.50513434699));
#5354 = CARTESIAN_POINT('',(51.549862232397,39.267754548232,
    144.64791287274));
#5355 = CARTESIAN_POINT('',(51.713585533317,39.344361233489,
    144.78312747929));
#5356 = CARTESIAN_POINT('',(51.890035436205,39.420585638936,
    144.91053915996));
#5357 = CARTESIAN_POINT('',(52.078408849471,39.494873759796,
    145.03018328256));
#5358 = CARTESIAN_POINT('',(52.277447103767,39.565687301205,
    145.14235404409));
#5359 = CARTESIAN_POINT('',(52.485609073625,39.631655608824,
    145.24754923164));
#5360 = CARTESIAN_POINT('',(52.889088213486,39.743866834821,
    145.43228349857));
#5361 = CARTESIAN_POINT('',(53.082530502145,39.791563987665,
    145.51338865926));
#5362 = CARTESIAN_POINT('',(53.280974288269,39.833992679808,
    145.59009350976));
#5363 = CARTESIAN_POINT('',(53.481092193707,39.870481993813,
    145.66229247538));
#5364 = CARTESIAN_POINT('',(53.696716238568,39.902655573177,
    145.73541714951));
#5365 = CARTESIAN_POINT('',(53.890241794338,39.923643185744,
    145.79664580353));
#5366 = CARTESIAN_POINT('',(54.120622507835,39.944620769188,
    145.86874921251));
#5367 = CARTESIAN_POINT('',(54.317602472658,39.951297456856,
    145.9255767251));
#5368 = CARTESIAN_POINT('',(54.542670079847,39.956500829159,
    145.99155625741));
#5369 = CARTESIAN_POINT('',(54.752592461878,39.950970518556,
    146.05034007168));
#5370 = CARTESIAN_POINT('',(54.969520289488,39.939620442028,
    146.11117250955));
#5371 = CARTESIAN_POINT('',(55.183917011926,39.920436474883,
    146.17068789255));
#5372 = CARTESIAN_POINT('',(55.397937055147,39.894048792142,
    146.23007024954));
#5373 = CARTESIAN_POINT('',(55.803457173442,39.829950893294,
    146.34272245271));
#5374 = CARTESIAN_POINT('',(55.995223826143,39.793544897758,
    146.39605776019));
#5375 = CARTESIAN_POINT('',(56.185705743823,39.751261954023,
    146.44921889971));
#5376 = CARTESIAN_POINT('',(56.374677296064,39.703166000548,
    146.50218884938));
#5377 = CARTESIAN_POINT('',(56.56196423692,39.649327027086,
    146.55488321668));
#5378 = CARTESIAN_POINT('',(56.747426821574,39.589819972819,
    146.60714063816));
#5379 = CARTESIAN_POINT('',(56.930951903577,39.524719556004,
    146.65871786913));
#5380 = CARTESIAN_POINT('',(57.112450444007,39.454093306589,
    146.70928797651));
#5381 = CARTESIAN_POINT('',(57.291856857057,39.377995069526,
    146.75844002636));
#5382 = CARTESIAN_POINT('',(57.469126625106,39.296461251147,
    146.80567868459));
#5383 = CARTESIAN_POINT('',(57.64422860707,39.209512075962,
    146.85042212002));
#5384 = CARTESIAN_POINT('',(57.817128472528,39.11716012594,
    146.89199662678));
#5385 = CARTESIAN_POINT('',(57.987759687031,39.019428430497,
    146.92962636009));
#5386 = CARTESIAN_POINT('',(58.250645094291,38.858389173837,
    146.98086959137));
#5387 = CARTESIAN_POINT('',(58.3445460185,38.798716033276,
    146.99779006051));
#5388 = CARTESIAN_POINT('',(58.43765142977,38.737377260578,147.013016464
    ));
#5389 = CARTESIAN_POINT('',(58.529935277773,38.674382540135,
    147.02639910618));
#5390 = CARTESIAN_POINT('',(58.621327035448,38.609790267181,
    147.03767447541));
#5391 = CARTESIAN_POINT('',(58.711787557658,38.543595515612,
    147.04686774828));
#5392 = CARTESIAN_POINT('',(58.801168008248,38.475957826136,
    147.05339537548));
#5393 = CARTESIAN_POINT('',(58.889346965674,38.406931142256,
    147.05744193493));
#5394 = CARTESIAN_POINT('',(58.976051431962,38.336755996664,
    147.05870270177));
#5395 = CARTESIAN_POINT('',(59.060881962964,38.26587090294,
    147.05650748222));
#5396 = CARTESIAN_POINT('',(59.143651206261,38.194456160664,
    147.05177120327));
#5397 = CARTESIAN_POINT('',(59.224308268735,38.122825533416,
    147.04344946482));
#5398 = CARTESIAN_POINT('',(59.304281700985,38.04972204165,
    147.03195513237));
#5399 = CARTESIAN_POINT('',(59.418220142229,37.942095475122,
    147.00934783478));
#5400 = CARTESIAN_POINT('',(59.450029917564,37.911690457418,
    147.00240197499));
#5401 = CARTESIAN_POINT('',(59.48214139789,37.880626703458,
    146.99471601632));
#5402 = CARTESIAN_POINT('',(59.514571985102,37.848869675116,
    146.98623494233));
#5403 = CARTESIAN_POINT('',(59.547325466351,37.816396650516,
    146.9769012259));
#5404 = CARTESIAN_POINT('',(59.580393460925,37.783196084124,
    146.96665492472));
#5405 = CARTESIAN_POINT('',(59.613756867609,37.749266966876,
    146.95543377719));
#5406 = CARTESIAN_POINT('',(59.647387311347,37.714618186235,
    146.94317329765));
#5407 = CARTESIAN_POINT('',(59.681248590765,37.679267886354,
    146.92980687256));
#5408 = CARTESIAN_POINT('',(59.715298124786,37.643242828106,
    146.91526585556));
#5409 = CARTESIAN_POINT('',(59.74948840007,37.606577749255,
    146.89947966366));
#5410 = CARTESIAN_POINT('',(59.783768417806,37.569314724505,
    146.88237587245));
#5411 = CARTESIAN_POINT('',(59.81808514094,37.531502525632,146.863880312
    ));
#5412 = CARTESIAN_POINT('',(59.886684741379,37.454889437513,
    146.82395401278));
#5413 = CARTESIAN_POINT('',(59.920966865674,37.416088187553,
    146.80252584826));
#5414 = CARTESIAN_POINT('',(59.95516357552,37.37686687258,
    146.77952325387));
#5415 = CARTESIAN_POINT('',(59.989255350964,37.33722748184,
    146.75500077855));
#5416 = CARTESIAN_POINT('',(60.023111154822,37.297351385953,
    146.72863310456));
#5417 = CARTESIAN_POINT('',(60.056689651169,37.257284170527,
    146.70044784533));
#5418 = CARTESIAN_POINT('',(60.089977162606,37.217033514939,
    146.6705629425));
#5419 = CARTESIAN_POINT('',(60.122903461006,37.176701633865,
    146.63887060323));
#5420 = CARTESIAN_POINT('',(60.155386908561,37.136414474345,
    146.6052242462));
#5421 = CARTESIAN_POINT('',(60.187400053365,37.096218715585,
    146.56968885508));
#5422 = CARTESIAN_POINT('',(60.218919970042,37.056159679516,
    146.53233716223));
#5423 = CARTESIAN_POINT('',(60.249859052655,37.016389810876,
    146.49298275488));
#5424 = CARTESIAN_POINT('',(60.280206630315,36.976945960929,
    146.45174490442));
#5425 = CARTESIAN_POINT('',(60.369331494949,36.85989237328,
    146.32227095918));
#5426 = CARTESIAN_POINT('',(60.426201713761,36.78355510659,
    146.22831231986));
#5427 = CARTESIAN_POINT('',(60.480216769374,36.709573349264,
    146.12672755355));
#5428 = CARTESIAN_POINT('',(60.531127068096,36.638622877082,
    146.01769890114));
#5429 = CARTESIAN_POINT('',(60.578746798699,36.571350699032,
    145.90156933627));
#5430 = CARTESIAN_POINT('',(60.622956018095,36.508336310438,
    145.77883414541));
#5431 = CARTESIAN_POINT('',(60.663700249817,36.450061689971,
    145.65012904834));
#5432 = CARTESIAN_POINT('',(60.700987598964,36.396890042024,
    145.51621485763));
#5433 = CARTESIAN_POINT('',(60.734883378611,36.349053282325,
    145.37795867879));
#5434 = CARTESIAN_POINT('',(60.76550225359,36.306648269368,
    145.23631164936));
#5435 = CARTESIAN_POINT('',(60.792997895584,36.269641778999,
    145.09228321844));
#5436 = CARTESIAN_POINT('',(60.817550154934,36.2378842245,
    144.94691196564));
#5437 = CARTESIAN_POINT('',(60.839349744991,36.211132120418,
    144.80123295994));
#5438 = CARTESIAN_POINT('',(60.868657827682,36.177523034482,
    144.58026244056));
#5439 = CARTESIAN_POINT('',(60.878007893755,36.167283584965,
    144.5046628319));
#5440 = CARTESIAN_POINT('',(60.886691527935,36.158275851017,
    144.42935826396));
#5441 = CARTESIAN_POINT('',(60.894761057175,36.150426262309,
    144.3542762488));
#5442 = CARTESIAN_POINT('',(60.902261115114,36.143671549395,
    144.27935537859));
#5443 = CARTESIAN_POINT('',(60.909229508647,36.137957523388,
    144.20454432455));
#5444 = CARTESIAN_POINT('',(60.915698086419,36.13323785538,
    144.12980083703));
#5445 = CARTESIAN_POINT('',(60.921693604488,36.129472856238,
    144.05509074401));
#5446 = CARTESIAN_POINT('',(60.927238595537,36.126628255942,
    143.98038695156));
#5447 = CARTESIAN_POINT('',(60.932352234272,36.124673983394,
    143.90566844215));
#5448 = CARTESIAN_POINT('',(60.937051206345,36.123582945812,
    143.83091927498));
#5449 = CARTESIAN_POINT('',(60.941350574477,36.123329808438,
    143.75612758473));
#5450 = CARTESIAN_POINT('',(60.94526464648,36.123889774045,
    143.68128458131));
#5451 = CARTESIAN_POINT('',(60.952351037904,36.12658495105,
    143.53148251696));
#5452 = CARTESIAN_POINT('',(60.955521590057,36.128722905375,
    143.45652395777));
#5453 = CARTESIAN_POINT('',(60.958335958245,36.1316200812,
    143.38150101326));
#5454 = CARTESIAN_POINT('',(60.960784246942,36.135298974025,
    143.30641385511));
#5455 = CARTESIAN_POINT('',(60.962931386247,36.139623910463,
    143.23125441386));
#5456 = CARTESIAN_POINT('',(60.964709163014,36.144737846644,
    143.15603066649));
#5457 = CARTESIAN_POINT('',(60.966152490886,36.150565485524,
    143.08074429048));
#5458 = CARTESIAN_POINT('',(60.967327148562,36.156966120795,
    143.00539242397));
#5459 = CARTESIAN_POINT('',(60.968196151715,36.164014884566,
    142.92997995025));
#5460 = CARTESIAN_POINT('',(60.96874602268,36.171736623496,
    142.85451205215));
#5461 = CARTESIAN_POINT('',(60.969056712189,36.179959001558,
    142.77898684473));
#5462 = CARTESIAN_POINT('',(60.969074777617,36.188790512408,
    142.70341074904));
#5463 = CARTESIAN_POINT('',(60.968838729198,36.198145454684,
    142.62778519796));
#5464 = CARTESIAN_POINT('',(60.967366550623,36.227770108095,
    142.40077028059));
#5465 = CARTESIAN_POINT('',(60.965372197857,36.249588915142,
    142.24924583559));
#5466 = CARTESIAN_POINT('',(60.96242458373,36.273310975602,
    142.09755855566));
#5467 = CARTESIAN_POINT('',(60.958578752268,36.298778920921,
    141.94573137602));
#5468 = CARTESIAN_POINT('',(60.953885524216,36.325843855445,
    141.79378890783));
#5469 = CARTESIAN_POINT('',(60.948391868849,36.354365413057,
    141.64175451095));
#5470 = CARTESIAN_POINT('',(60.942141275622,36.384211813992,
    141.48964736645));
#5471 = CARTESIAN_POINT('',(60.935174126061,36.415259921432,
    141.33747954944));
#5472 = CARTESIAN_POINT('',(60.927528065329,36.447395298332,
    141.18525310148));
#5473 = CARTESIAN_POINT('',(60.919238374177,36.480512264045,
    141.03295710349));
#5474 = CARTESIAN_POINT('',(60.910338340504,36.514513951086,
    140.88056474815));
#5475 = CARTESIAN_POINT('',(60.900859631251,36.549312361828,
    140.72803041275));
#5476 = CARTESIAN_POINT('',(60.890832664059,36.58482842521,
    140.5752867317));
#5477 = CARTESIAN_POINT('',(60.872813794788,36.646619355818,
    140.31378650918));
#5478 = CARTESIAN_POINT('',(60.865080295299,36.67257158258,
    140.20517732924));
#5479 = CARTESIAN_POINT('',(60.857096647655,36.698820921638,
    140.09640227319));
#5480 = CARTESIAN_POINT('',(60.848873507326,36.725339764008,
    139.9874492259));
#5481 = CARTESIAN_POINT('',(60.840422018121,36.752100703844,
    139.87830581339));
#5482 = CARTESIAN_POINT('',(60.831753812311,36.779076538426,
    139.7689594028));
#5483 = CARTESIAN_POINT('',(60.822881010465,36.806240268164,
    139.65939710241));
#5484 = CARTESIAN_POINT('',(60.81381622162,36.833565096613,
    139.54960576159));
#5485 = CARTESIAN_POINT('',(60.804572543147,36.861024430427,
    139.43957197089));
#5486 = CARTESIAN_POINT('',(60.795163560827,36.888591879436,
    139.32928206193));
#5487 = CARTESIAN_POINT('',(60.785603348825,36.916241256554,
    139.21872210751));
#5488 = CARTESIAN_POINT('',(60.775906469693,36.943946577864,
    139.10787792152));
#5489 = CARTESIAN_POINT('',(60.766087974365,36.971682062555,
    138.99673505898));
#5490 = CARTESIAN_POINT('',(60.751201116075,37.013292168163,
    138.82955069461));
#5491 = CARTESIAN_POINT('',(60.746212586167,37.027163043445,
    138.77374383034));
#5492 = CARTESIAN_POINT('',(60.741199813233,37.041031504345,
    138.71785622254));
#5493 = CARTESIAN_POINT('',(60.736164879683,37.054894249564,
    138.66188580648));
#5494 = CARTESIAN_POINT('',(60.731109950058,37.068747930983,
    138.60583045344));
#5495 = CARTESIAN_POINT('',(60.726037270031,37.082589153629,
    138.54968797074));
#5496 = CARTESIAN_POINT('',(60.720949167994,37.096414475738,
    138.49345610164));
#5497 = CARTESIAN_POINT('',(60.715848052971,37.110220408653,
    138.43713252552));
#5498 = CARTESIAN_POINT('',(60.710736416923,37.124003416961,
    138.38071485764));
#5499 = CARTESIAN_POINT('',(60.705616832597,37.13775991834,
    138.3242006494));
#5500 = CARTESIAN_POINT('',(60.700491955226,37.151486283702,
    138.2675873881));
#5501 = CARTESIAN_POINT('',(60.695364521392,37.165178837082,
    138.21087249712));
#5502 = CARTESIAN_POINT('',(60.690237349664,37.178833855707,
    138.15405333582));
#5503 = CARTESIAN_POINT('',(60.679989330943,37.206061284222,
    138.04020106333));
#5504 = CARTESIAN_POINT('',(60.674867445097,37.219635253418,
    137.98316839724));
#5505 = CARTESIAN_POINT('',(60.669759136243,37.233153006928,
    137.9260229359));
#5506 = CARTESIAN_POINT('',(60.664639681927,37.2466520264,
    137.86877358113));
#5507 = CARTESIAN_POINT('',(60.659557574224,37.260060571235,
    137.81139824119));
#5508 = CARTESIAN_POINT('',(60.654489735785,37.273414439147,
    137.75390558897));
#5509 = CARTESIAN_POINT('',(60.649422875996,37.286734050539,
    137.69629944457));
#5510 = CARTESIAN_POINT('',(60.644374220618,37.299994153407,
    137.63857053456));
#5511 = CARTESIAN_POINT('',(60.639344331582,37.313195041378,
    137.58071708749));
#5512 = CARTESIAN_POINT('',(60.634321287224,37.326355395156,
    137.52274230737));
#5513 = CARTESIAN_POINT('',(60.629313003934,37.339463669488,
    137.46464040279));
#5514 = CARTESIAN_POINT('',(60.624317658826,37.352523793423,
    137.40641036443));
#5515 = CARTESIAN_POINT('',(60.619333973586,37.365538172997,
    137.3480502581));
#5516 = CARTESIAN_POINT('',(60.594474989777,37.4303835904,
    137.05558716998));
#5517 = CARTESIAN_POINT('',(60.574775198678,37.481538099457,
    136.81949611467));
#5518 = CARTESIAN_POINT('',(60.55524136825,37.532051487112,
    136.58114309714));
#5519 = CARTESIAN_POINT('',(60.535839434353,37.582017152587,
    136.34035666675));
#5520 = CARTESIAN_POINT('',(60.516523411923,37.631541381716,
    136.0969345006));
#5521 = CARTESIAN_POINT('',(60.497234959895,37.680744199784,
    135.85064300703));
#5522 = CARTESIAN_POINT('',(60.477901804452,37.729760886226,
    135.60121733338));
#5523 = CARTESIAN_POINT('',(60.458435018453,37.778744151329,
    135.34836177556));
#5524 = CARTESIAN_POINT('',(60.438725159944,37.827866974828,
    135.09175059226));
#5525 = CARTESIAN_POINT('',(60.418637266394,37.877326106418,
    134.83102922112));
#5526 = CARTESIAN_POINT('',(60.398004707996,37.927346228268,
    134.56581589894));
#5527 = CARTESIAN_POINT('',(60.376621897178,37.97818477937,
    134.29570368459));
#5528 = CARTESIAN_POINT('',(60.354235856404,38.030137441915,
    134.02026288536));
#5529 = CARTESIAN_POINT('',(60.32993478757,38.08490058775,
    133.73190216495));
#5530 = CARTESIAN_POINT('',(60.32933208471,38.086257823799,
    133.72475671635));
#5531 = CARTESIAN_POINT('',(60.328728529164,38.087616003358,
    133.71760753311));
#5532 = CARTESIAN_POINT('',(60.32812411562,38.088975132109,
    133.71045460783));
#5533 = CARTESIAN_POINT('',(60.32751883892,38.090335215733,
    133.70329793293));
#5534 = CARTESIAN_POINT('',(60.326912693604,38.091696259914,
    133.69613750116));
#5535 = CARTESIAN_POINT('',(60.326305674696,38.09305827033,
    133.68897330475));
#5536 = CARTESIAN_POINT('',(60.325697776569,38.094421252668,
    133.68180533663));
#5537 = CARTESIAN_POINT('',(60.325088994336,38.095785212606,
    133.67463358895));
#5538 = CARTESIAN_POINT('',(60.3244793224,38.097150155828,
    133.66745805458));
#5539 = CARTESIAN_POINT('',(60.323868755737,38.098516088015,
    133.66027872584));
#5540 = CARTESIAN_POINT('',(60.323257288936,38.09988301485,
    133.65309559539));
#5541 = CARTESIAN_POINT('',(60.322644916802,38.101250942013,
    133.64590865573));
#5542 = CARTESIAN_POINT('',(60.321724992665,38.103304341776,
    133.63512252124));
#5543 = CARTESIAN_POINT('',(60.32141812358,38.103989059905,
    133.6315261889));
#5544 = CARTESIAN_POINT('',(60.321111026093,38.104674030306,
    133.62792890141));
#5545 = CARTESIAN_POINT('',(60.320803699548,38.105359253709,
    133.62433065791));
#5546 = CARTESIAN_POINT('',(60.320496143203,38.106044730843,
    133.62073145728));
#5547 = CARTESIAN_POINT('',(60.320188356459,38.10673046244,
    133.61713129888));
#5548 = CARTESIAN_POINT('',(60.31988033852,38.107416449227,
    133.61353018134));
#5549 = CARTESIAN_POINT('',(60.319572088819,38.108102691939,
    133.60992810424));
#5550 = CARTESIAN_POINT('',(60.319263606565,38.108789191299,
    133.6063250661));
#5551 = CARTESIAN_POINT('',(60.318954891152,38.109475948044,
    133.60272106644));
#5552 = CARTESIAN_POINT('',(60.318645941843,38.110162962899,
    133.59911610399));
#5553 = CARTESIAN_POINT('',(60.318336757981,38.110850236597,
    133.595510178));
#5554 = CARTESIAN_POINT('',(60.318027338868,38.111537769867,
    133.59190328744));
#5555 = CARTESIAN_POINT('',(60.3175628563,38.112569460224,
    133.58649150337));
#5556 = CARTESIAN_POINT('',(60.317407969791,38.112913422087,
    133.58468733397));
#5557 = CARTESIAN_POINT('',(60.317253024205,38.113257449122,
    133.58288292309));
#5558 = CARTESIAN_POINT('',(60.317098019466,38.113601541419,
    133.58107827057));
#5559 = CARTESIAN_POINT('',(60.316942955459,38.113945699072,
    133.57927337637));
#5560 = CARTESIAN_POINT('',(60.316787832148,38.114289922172,
    133.57746824025));
#5561 = CARTESIAN_POINT('',(60.316632649368,38.114634210815,
    133.57566286227));
#5562 = CARTESIAN_POINT('',(60.316477407129,38.114978565087,
    133.57385724208));
#5563 = CARTESIAN_POINT('',(60.316322105241,38.115322985089,
    133.57205137981));
#5564 = CARTESIAN_POINT('',(60.316166743706,38.115667470905,
    133.57024527512));
#5565 = CARTESIAN_POINT('',(60.316011322373,38.116012022635,
    133.56843892806));
#5566 = CARTESIAN_POINT('',(60.315855841191,38.116356640366,
    133.56663233841));
#5567 = CARTESIAN_POINT('',(60.315700300055,38.116701324194,
    133.56482550609));
#5568 = CARTESIAN_POINT('',(60.3154668983,38.117218449217,
    133.56211489342));
#5569 = CARTESIAN_POINT('',(60.315389082707,38.117390840772,
    133.56121129516));
#5570 = CARTESIAN_POINT('',(60.315311252089,38.117563248885,
    133.56030763619));
#5571 = CARTESIAN_POINT('',(60.315233406452,38.117735673569,
    133.55940391651));
#5572 = CARTESIAN_POINT('',(60.315155545745,38.117908114836,
    133.55850013603));
#5573 = CARTESIAN_POINT('',(60.315077670035,38.118080572696,
    133.55759629489));
#5574 = CARTESIAN_POINT('',(60.314999779186,38.118253047161,
    133.55669239285));
#5575 = CARTESIAN_POINT('',(60.314921873352,38.118425538244,
    133.55578843016));
#5576 = CARTESIAN_POINT('',(60.314843952341,38.118598045955,
    133.55488440654));
#5577 = CARTESIAN_POINT('',(60.314766016308,38.118770570306,
    133.5539803222));
#5578 = CARTESIAN_POINT('',(60.314688065115,38.11894311131,
    133.55307617697));
#5579 = CARTESIAN_POINT('',(60.314610098829,38.119115668977,
    133.55217197092));
#5580 = CARTESIAN_POINT('',(60.314532117403,38.11928824332,133.551267704
    ));
#5581 = CARTESIAN_POINT('',(60.314415122554,38.119547129864,
    133.54991121231));
#5582 = CARTESIAN_POINT('',(60.314376120487,38.11963342955,
    133.5494590332));
#5583 = CARTESIAN_POINT('',(60.314337114625,38.11971973341,
    133.54900683885));
#5584 = CARTESIAN_POINT('',(60.314298105,38.119806041444,133.54855462931
    ));
#5585 = CARTESIAN_POINT('',(60.314259091529,38.119892353654,
    133.54810240448));
#5586 = CARTESIAN_POINT('',(60.314220074365,38.119978670043,
    133.54765016454));
#5587 = CARTESIAN_POINT('',(60.314181053271,38.120064990609,
    133.54719790921));
#5588 = CARTESIAN_POINT('',(60.314142028545,38.120151315357,
    133.54674563883));
#5589 = CARTESIAN_POINT('',(60.314102999864,38.120237644286,
    133.54629335305));
#5590 = CARTESIAN_POINT('',(60.314063967518,38.120323977399,
    133.54584105217));
#5591 = CARTESIAN_POINT('',(60.314024931285,38.120410314697,
    133.54538873596));
#5592 = CARTESIAN_POINT('',(60.313985891301,38.120496656181,
    133.54493640457));
#5593 = CARTESIAN_POINT('',(60.313946847496,38.120583001853,
    133.54448405791));
#5594 = CARTESIAN_POINT('',(60.313888276095,38.120712526644,
    133.54380551508));
#5595 = CARTESIAN_POINT('',(60.313868751341,38.120755702622,
    133.54357933032));
#5596 = CARTESIAN_POINT('',(60.313849225646,38.120798879647,
    133.54335314176));
#5597 = CARTESIAN_POINT('',(60.313829698976,38.120842057722,
    133.54312694936));
#5598 = CARTESIAN_POINT('',(60.313810171405,38.120885236841,
    133.54290075321));
#5599 = CARTESIAN_POINT('',(60.313790642799,38.120928417012,
    133.54267455315));
#5600 = CARTESIAN_POINT('',(60.313771113356,38.120971598226,
    133.54244834942));
#5601 = CARTESIAN_POINT('',(60.313751582832,38.121014780495,
    133.54222214171));
#5602 = CARTESIAN_POINT('',(60.313732051478,38.121057963807,
    133.54199593035));
#5603 = CARTESIAN_POINT('',(60.313712519077,38.121101148171,
    133.54176971505));
#5604 = CARTESIAN_POINT('',(60.313692985784,38.121144333583,
    133.54154349602));
#5605 = CARTESIAN_POINT('',(60.313673451509,38.121187520044,
    133.54131727313));
#5606 = CARTESIAN_POINT('',(60.313653916293,38.121230707554,
    133.54109104645));
#5607 = CARTESIAN_POINT('',(60.313624612036,38.121295490394,
    133.5407517007));
#5608 = CARTESIAN_POINT('',(60.31361484371,38.121317084937,
    133.5406385845));
#5609 = CARTESIAN_POINT('',(60.313605075156,38.121338679741,
    133.54052546735));
#5610 = CARTESIAN_POINT('',(60.313595306336,38.121360274809,
    133.54041234923));
#5611 = CARTESIAN_POINT('',(60.313585537334,38.121381870137,
    133.54029923019));
#5612 = CARTESIAN_POINT('',(60.313575768005,38.121403465731,
    133.54018611013));
#5613 = CARTESIAN_POINT('',(60.313565998553,38.121425061584,
    133.54007298922));
#5614 = CARTESIAN_POINT('',(60.313556228737,38.121446657703,
    133.53995986723));
#5615 = CARTESIAN_POINT('',(60.313546458798,38.121468254081,
    133.53984674441));
#5616 = CARTESIAN_POINT('',(60.313536688532,38.121489850724,
    133.53973362054));
#5617 = CARTESIAN_POINT('',(60.313526918084,38.121511447628,
    133.53962049578));
#5618 = CARTESIAN_POINT('',(60.313517147369,38.121533044796,
    133.53950737004));
#5619 = CARTESIAN_POINT('',(60.313507376427,38.121554642226,
    133.53939424335));
#5620 = CARTESIAN_POINT('',(60.313487834059,38.121597837611,
    133.53916798806));
#5621 = CARTESIAN_POINT('',(60.313479769689,38.121609118255,
    133.53914869417));
#5622 = CARTESIAN_POINT('',(60.313457451635,38.121706265882,
    133.53834907504));
#5623 = CARTESIAN_POINT('',(60.31349194683,38.121462503462,
    133.54064450726));
#5624 = CARTESIAN_POINT('',(60.313387265728,38.122049856452,
    133.53540340865));
#5625 = CARTESIAN_POINT('',(60.313505318223,38.121315303175,
    133.54213089356));
#5626 = CARTESIAN_POINT('',(60.313404695555,38.121866439275,
    133.53724516807));
#5627 = CARTESIAN_POINT('',(60.313373321783,38.122025447403,
    133.53586708112));
#5628 = CARTESIAN_POINT('',(60.313504856866,38.121213061611,
    133.54329430996));
#5629 = CARTESIAN_POINT('',(60.31330717002,38.122326926872,
    133.53334381815));
#5630 = CARTESIAN_POINT('',(60.313445865642,38.121497605967,
    133.54086649516));
#5631 = CARTESIAN_POINT('',(60.313360515708,38.121945509054,
    133.53694394971));
#5632 = CARTESIAN_POINT('',(60.313372569388,38.12184630818,
    133.53790475334));
#5633 = CARTESIAN_POINT('',(60.313357771701,38.121873861183,
    133.53779175335));
#5634 = ADVANCED_FACE('',(#5635),#5638,.T.);
#5635 = FACE_BOUND('',#5636,.T.);
#5636 = EDGE_LOOP('',(#5637));
#5637 = ORIENTED_EDGE('',*,*,#786,.F.);
#5638 = PLANE('',#5639);
#5639 = AXIS2_PLACEMENT_3D('',#5640,#5641,#5642);
#5640 = CARTESIAN_POINT('',(0.8,36.8813696621,183.44410064548));
#5641 = DIRECTION('',(-1.,-0.,-0.));
#5642 = DIRECTION('',(0.,0.,-1.));
#5643 = ADVANCED_FACE('',(#5644),#5647,.T.);
#5644 = FACE_BOUND('',#5645,.T.);
#5645 = EDGE_LOOP('',(#5646));
#5646 = ORIENTED_EDGE('',*,*,#913,.T.);
#5647 = PLANE('',#5648);
#5648 = AXIS2_PLACEMENT_3D('',#5649,#5650,#5651);
#5649 = CARTESIAN_POINT('',(188.3,55.666663019549,127.6879624313));
#5650 = DIRECTION('',(1.,0.,0.));
#5651 = DIRECTION('',(0.,0.,1.));
#5652 = ADVANCED_FACE('',(#5653),#5673,.T.);
#5653 = FACE_BOUND('',#5654,.T.);
#5654 = EDGE_LOOP('',(#5655,#5656,#5664,#5671,#5672));
#5655 = ORIENTED_EDGE('',*,*,#1027,.T.);
#5656 = ORIENTED_EDGE('',*,*,#5657,.T.);
#5657 = EDGE_CURVE('',#1013,#5658,#5660,.T.);
#5658 = VERTEX_POINT('',#5659);
#5659 = CARTESIAN_POINT('',(60.048964339332,30.919111737748,
    192.53108697323));
#5660 = LINE('',#5661,#5662);
#5661 = CARTESIAN_POINT('',(61.718242986655,33.558041576153,
    140.23108697323));
#5662 = VECTOR('',#5663,1.);
#5663 = DIRECTION('',(-3.186063773269E-02,-5.036785662969E-02,
    0.998222409477));
#5664 = ORIENTED_EDGE('',*,*,#5665,.F.);
#5665 = EDGE_CURVE('',#5658,#5658,#5666,.T.);
#5666 = CIRCLE('',#5667,6.9);
#5667 = AXIS2_PLACEMENT_3D('',#5668,#5669,#5670);
#5668 = CARTESIAN_POINT('',(53.156340028626,30.699273337392,192.3));
#5669 = DIRECTION('',(-3.186063773269E-02,-5.036785662969E-02,
    0.998222409477));
#5670 = DIRECTION('',(0.998931059523,3.186063773269E-02,
    3.349086568628E-02));
#5671 = ORIENTED_EDGE('',*,*,#5657,.F.);
#5672 = ORIENTED_EDGE('',*,*,#1012,.T.);
#5673 = CYLINDRICAL_SURFACE('',#5674,6.9);
#5674 = AXIS2_PLACEMENT_3D('',#5675,#5676,#5677);
#5675 = CARTESIAN_POINT('',(54.82561867595,33.338203175797,140.));
#5676 = DIRECTION('',(-3.186063773269E-02,-5.036785662969E-02,
    0.998222409477));
#5677 = DIRECTION('',(0.998931059523,3.186063773269E-02,
    3.349086568628E-02));
#5678 = ADVANCED_FACE('',(#5679),#5682,.T.);
#5679 = FACE_BOUND('',#5680,.T.);
#5680 = EDGE_LOOP('',(#5681));
#5681 = ORIENTED_EDGE('',*,*,#1202,.T.);
#5682 = CYLINDRICAL_SURFACE('',#5683,6.05);
#5683 = AXIS2_PLACEMENT_3D('',#5684,#5685,#5686);
#5684 = CARTESIAN_POINT('',(125.45698122657,41.344911590332,112.));
#5685 = DIRECTION('',(-4.408062642E-02,-1.383351746212E-02,
    0.998932195982));
#5686 = DIRECTION('',(0.998029641384,4.408062642E-02,4.465124066747E-02)
  );
#5687 = ADVANCED_FACE('',(#5688),#5742,.T.);
#5688 = FACE_BOUND('',#5689,.T.);
#5689 = EDGE_LOOP('',(#5690,#5698,#5731,#5741));
#5690 = ORIENTED_EDGE('',*,*,#5691,.T.);
#5691 = EDGE_CURVE('',#1275,#5692,#5694,.T.);
#5692 = VERTEX_POINT('',#5693);
#5693 = CARTESIAN_POINT('',(54.763359412783,26.946737509146,
    139.67551515263));
#5694 = ( BOUNDED_CURVE() B_SPLINE_CURVE(2,(#5695,#5696,#5697),
.UNSPECIFIED.,.F.,.F.) B_SPLINE_CURVE_WITH_KNOTS((3,3),(0.,
0.894411139154),.PIECEWISE_BEZIER_KNOTS.) CURVE() 
GEOMETRIC_REPRESENTATION_ITEM() RATIONAL_B_SPLINE_CURVE((1.,
0.748846680916,1.)) REPRESENTATION_ITEM('') );
#5695 = CARTESIAN_POINT('',(54.917424206193,27.444126293945,
    139.26551870792));
#5696 = CARTESIAN_POINT('',(54.888250115937,27.370498374965,
    139.70088327074));
#5697 = CARTESIAN_POINT('',(54.763359412783,26.946737509146,
    139.67551515263));
#5698 = ORIENTED_EDGE('',*,*,#5699,.T.);
#5699 = EDGE_CURVE('',#5692,#5700,#5702,.T.);
#5700 = VERTEX_POINT('',#5701);
#5701 = CARTESIAN_POINT('',(51.296458285465,28.012829804863,
    139.61865317835));
#5702 = ( BOUNDED_CURVE() B_SPLINE_CURVE(14,(#5703,#5704,#5705,#5706,
    #5707,#5708,#5709,#5710,#5711,#5712,#5713,#5714,#5715,#5716,#5717,
    #5718,#5719,#5720,#5721,#5722,#5723,#5724,#5725,#5726,#5727,#5728,
#5729,#5730),.UNSPECIFIED.,.F.,.F.) B_SPLINE_CURVE_WITH_KNOTS((15,13,15)
,(-0.88872965759,3.949907421211,8.788544500011),.UNSPECIFIED.) CURVE() 
GEOMETRIC_REPRESENTATION_ITEM() RATIONAL_B_SPLINE_CURVE((1.,1.,
    0.999999999999,1.000000000002,0.999999999995,1.000000000008,
    0.99999999999,1.000000000011,0.999999999991,1.000000000006,
    0.999999999997,1.000000000001,1.,1.,1.000000000001,0.999999999997,
    1.00000000001,0.999999999979,1.000000000034,0.999999999957,
    1.000000000045,0.999999999962,1.000000000027,0.999999999984,
    1.000000000007,0.999999999998,1.000000000001,1.)) 
REPRESENTATION_ITEM('') );
#5703 = CARTESIAN_POINT('',(57.683952067025,26.116293628174,
    139.72683063673));
#5704 = CARTESIAN_POINT('',(57.34965951063,26.205555253697,
    139.72066481915));
#5705 = CARTESIAN_POINT('',(57.015971826314,26.296237063278,
    139.71458996651));
#5706 = CARTESIAN_POINT('',(56.682928032666,26.388342142213,
    139.70860747985));
#5707 = CARTESIAN_POINT('',(56.350282277143,26.481793406203,
    139.70270562272));
#5708 = CARTESIAN_POINT('',(56.018331366911,26.576670369795,
    139.69689788054));
#5709 = CARTESIAN_POINT('',(55.686769549647,26.672620780157,
    139.69115672067));
#5710 = CARTESIAN_POINT('',(55.355454201919,26.769684915744,
    139.68547962331));
#5711 = CARTESIAN_POINT('',(55.024549919989,26.867769204131,
    139.67986712051));
#5712 = CARTESIAN_POINT('',(54.694006581777,26.966380346305,
    139.67429272183));
#5713 = CARTESIAN_POINT('',(54.363515765477,27.065511700159,
    139.66874624811));
#5714 = CARTESIAN_POINT('',(54.032877493083,27.165525554357,
    139.66323959679));
#5715 = CARTESIAN_POINT('',(53.70195698773,27.265692918128,
    139.65773168306));
#5716 = CARTESIAN_POINT('',(53.370805434118,27.3665555425,
    139.65225147601));
#5717 = CARTESIAN_POINT('',(52.708060439433,27.569646116925,
    139.64134584902));
#5718 = CARTESIAN_POINT('',(52.37648796933,27.671879951593,
    139.63592139534));
#5719 = CARTESIAN_POINT('',(52.044503696701,27.774990525952,
    139.63052803614));
#5720 = CARTESIAN_POINT('',(51.713475414085,27.878649201261,
    139.62519284545));
#5721 = CARTESIAN_POINT('',(51.37855520373,27.984693050377,
    139.61985378471));
#5722 = CARTESIAN_POINT('',(51.052717164958,28.088817477973,
    139.61470775366));
#5723 = CARTESIAN_POINT('',(50.710842232937,28.199816948447,
    139.609396765));
#5724 = CARTESIAN_POINT('',(50.391441251408,28.304555916772,
    139.60448719614));
#5725 = CARTESIAN_POINT('',(50.049419093881,28.418581521206,
    139.5993241997));
#5726 = CARTESIAN_POINT('',(49.726383332718,28.527566037511,
    139.59451283819));
#5727 = CARTESIAN_POINT('',(49.393576213639,28.641255923396,
    139.58962702203));
#5728 = CARTESIAN_POINT('',(49.066426959554,28.754082136448,
    139.58487821125));
#5729 = CARTESIAN_POINT('',(48.739360427182,28.8675839121,
    139.58016612795));
#5730 = CARTESIAN_POINT('',(48.413870008287,28.980796522672,
    139.5754897595));
#5731 = ORIENTED_EDGE('',*,*,#5732,.F.);
#5732 = EDGE_CURVE('',#1277,#5700,#5733,.T.);
#5733 = B_SPLINE_CURVE_WITH_KNOTS('',6,(#5734,#5735,#5736,#5737,#5738,
    #5739,#5740),.UNSPECIFIED.,.F.,.F.,(7,7),(0.,1.),
  .PIECEWISE_BEZIER_KNOTS.);
#5734 = CARTESIAN_POINT('',(51.460030034902,28.505494010405,
    139.21784863399));
#5735 = CARTESIAN_POINT('',(51.45122914868,28.483706601362,
    139.33467279971));
#5736 = CARTESIAN_POINT('',(51.432354525867,28.430030568,139.4449521554)
  );
#5737 = CARTESIAN_POINT('',(51.40428149778,28.34659737203,
    139.53635148731));
#5738 = CARTESIAN_POINT('',(51.369735326286,28.241426842168,
    139.5983898287));
#5739 = CARTESIAN_POINT('',(51.332530031397,28.126194944194,
    139.62552462088));
#5740 = CARTESIAN_POINT('',(51.296458285465,28.012829804863,
    139.61865317835));
#5741 = ORIENTED_EDGE('',*,*,#1274,.F.);
#5742 = ( BOUNDED_SURFACE() B_SPLINE_SURFACE(2,14,(
    (#5743,#5744,#5745,#5746,#5747,#5748,#5749,#5750,#5751,#5752,#5753
      ,#5754,#5755,#5756,#5757,#5758,#5759,#5760,#5761,#5762,#5763,#5764
      ,#5765,#5766,#5767,#5768,#5769,#5770)
    ,(#5771,#5772,#5773,#5774,#5775,#5776,#5777,#5778,#5779,#5780,#5781
      ,#5782,#5783,#5784,#5785,#5786,#5787,#5788,#5789,#5790,#5791,#5792
      ,#5793,#5794,#5795,#5796,#5797,#5798)
    ,(#5799,#5800,#5801,#5802,#5803,#5804,#5805,#5806,#5807,#5808,#5809
      ,#5810,#5811,#5812,#5813,#5814,#5815,#5816,#5817,#5818,#5819,#5820
      ,#5821,#5822,#5823,#5824,#5825,#5826
)),.UNSPECIFIED.,.F.,.F.,.F.) B_SPLINE_SURFACE_WITH_KNOTS((3,3),(15,13,
    15),(0.,9.677274157601),(-0.88872965759,3.949907421211,
8.788544500011),.UNSPECIFIED.) GEOMETRIC_REPRESENTATION_ITEM() 
RATIONAL_B_SPLINE_SURFACE((
    (1.,1.,0.999999999999,1.000000000002,0.999999999995,1.000000000008
      ,0.99999999999,1.000000000011,0.999999999991,1.000000000006
      ,0.999999999997,1.000000000001,1.,1.,1.000000000001,0.999999999997
      ,1.00000000001,0.999999999979,1.000000000034,0.999999999957
      ,1.000000000045,0.999999999962,1.000000000027,0.999999999984
      ,1.000000000007,0.999999999998,1.000000000001,1.)
    ,(0.748328507916,0.748215456481,0.748065587606,0.748003140262
      ,0.747725805889,0.747880654851,0.747905931808,0.747891959527
      ,0.748320198626,0.748880067327,0.749212575142,0.74988419674
      ,0.75089607647,0.75159585036,0.752985488538,0.753623123124
      ,0.754184322047,0.754661339423,0.755012991018,0.755295108561
      ,0.755374056817,0.755418594737,0.75522266277,0.754954220347
      ,0.754486062604,0.753880524558,0.753113443865,0.752207218252)
    ,(1.,1.,0.999999999999,1.000000000002,0.999999999995,1.000000000008
      ,0.99999999999,1.000000000011,0.999999999991,1.000000000006
      ,0.999999999997,1.000000000001,1.,1.,1.000000000001,0.999999999997
      ,1.00000000001,0.999999999979,1.000000000034,0.999999999957
      ,1.000000000045,0.999999999962,1.000000000027,0.999999999984
      ,1.000000000007,0.999999999998,1.000000000001,1.
))) REPRESENTATION_ITEM('') SURFACE() );
#5743 = CARTESIAN_POINT('',(57.825496084306,26.61735099038,
    139.3158424919));
#5744 = CARTESIAN_POINT('',(57.493237196373,26.706099958153,
    139.3095462157));
#5745 = CARTESIAN_POINT('',(57.161512663784,26.796288102548,
    139.30328440252));
#5746 = CARTESIAN_POINT('',(56.830259791214,26.887913375141,
    139.29724149067));
#5747 = CARTESIAN_POINT('',(56.499445872632,26.980924763868,
    139.2909598678));
#5748 = CARTESIAN_POINT('',(56.168942685713,27.075342365436,
    139.28540760012));
#5749 = CARTESIAN_POINT('',(55.838660466868,27.170913269171,
    139.27972636038));
#5750 = CARTESIAN_POINT('',(55.508560982361,27.267626337035,
    139.27404864252));
#5751 = CARTESIAN_POINT('',(55.178524477287,27.365335109547,
    139.26908626603));
#5752 = CARTESIAN_POINT('',(54.848416792066,27.46365855098,
    139.2643513942));
#5753 = CARTESIAN_POINT('',(54.518260286544,27.562598751547,
    139.25930473059));
#5754 = CARTESIAN_POINT('',(54.188073992861,27.662291469842,
    139.25480300651));
#5755 = CARTESIAN_POINT('',(53.857621364644,27.762022810719,
    139.25081094561));
#5756 = CARTESIAN_POINT('',(53.527122087028,27.862482547464,
    139.24638497961));
#5757 = CARTESIAN_POINT('',(52.865973797559,28.064672711558,
    139.23757942968));
#5758 = CARTESIAN_POINT('',(52.535358706056,28.166420569776,
    139.23312313515));
#5759 = CARTESIAN_POINT('',(52.204478604709,28.269018048334,
    139.22858680451));
#5760 = CARTESIAN_POINT('',(51.874781740846,28.37211956171,
    139.22398717953));
#5761 = CARTESIAN_POINT('',(51.54166028696,28.477469561041,
    139.21920268635));
#5762 = CARTESIAN_POINT('',(51.216548028831,28.581322725704,
    139.21449308871));
#5763 = CARTESIAN_POINT('',(50.878970090242,28.690825457871,
    139.20936361095));
#5764 = CARTESIAN_POINT('',(50.557598368536,28.796298188806,
    139.20449528035));
#5765 = CARTESIAN_POINT('',(50.222216279476,28.908088156974,
    139.19913496422));
#5766 = CARTESIAN_POINT('',(49.897255979852,29.017855083246,
    139.193895038));
#5767 = CARTESIAN_POINT('',(49.568651384061,29.130230623774,
    139.18836880406));
#5768 = CARTESIAN_POINT('',(49.242048584567,29.243058684414,
    139.18272227527));
#5769 = CARTESIAN_POINT('',(48.916333574069,29.356324380067,
    139.17688358195));
#5770 = CARTESIAN_POINT('',(48.591734598492,29.469498567084,
    139.1708679606));
#5771 = CARTESIAN_POINT('',(57.79781475198,26.543882094293,
    139.75203990079));
#5772 = CARTESIAN_POINT('',(57.465317344044,26.632821006287,
    139.74591509631));
#5773 = CARTESIAN_POINT('',(57.13341012719,26.723225722931,
    139.73988309008));
#5774 = CARTESIAN_POINT('',(56.801698564818,26.815052833467,
    139.73392909914));
#5775 = CARTESIAN_POINT('',(56.471288174028,26.908256634562,
    139.72808610261));
#5776 = CARTESIAN_POINT('',(56.140259126497,27.002655913693,
    139.72228368107));
#5777 = CARTESIAN_POINT('',(55.809984545326,27.098198016836,
    139.71656300422));
#5778 = CARTESIAN_POINT('',(55.480302330508,27.194800646403,
    139.71091474572));
#5779 = CARTESIAN_POINT('',(55.150247455415,27.29203028148,
    139.70528623003));
#5780 = CARTESIAN_POINT('',(54.819845453191,27.389812640164,
    139.69967452404));
#5781 = CARTESIAN_POINT('',(54.489624474371,27.488397623723,
    139.69410909433));
#5782 = CARTESIAN_POINT('',(54.159629976911,27.587277235493,
    139.68856575952));
#5783 = CARTESIAN_POINT('',(53.828259960042,27.686162095453,
    139.68297878655));
#5784 = CARTESIAN_POINT('',(53.497200931765,27.78601739108,
    139.67745070533));
#5785 = CARTESIAN_POINT('',(52.835457210844,27.986859821381,
    139.66646360053));
#5786 = CARTESIAN_POINT('',(52.504747657493,28.087937411762,
    139.66100834763));
#5787 = CARTESIAN_POINT('',(52.173674409197,28.1899804468,
    139.65559020052));
#5788 = CARTESIAN_POINT('',(51.843640643383,28.292665669201,
    139.65023763413));
#5789 = CARTESIAN_POINT('',(51.510156435315,28.397746493055,
    139.64489581497));
#5790 = CARTESIAN_POINT('',(51.184565072635,28.501440481754,
    139.63973593818));
#5791 = CARTESIAN_POINT('',(50.846376880578,28.611061246898,
    139.63447305463));
#5792 = CARTESIAN_POINT('',(50.524809242648,28.716539634991,
    139.62953164094));
#5793 = CARTESIAN_POINT('',(50.188576319035,28.828837234896,
    139.62446623089));
#5794 = CARTESIAN_POINT('',(49.863678056774,28.93887347161,
    139.61964849041));
#5795 = CARTESIAN_POINT('',(49.534656376424,29.051910161657,
    139.61485053687));
#5796 = CARTESIAN_POINT('',(49.208225032099,29.165346732713,
    139.61015543704));
#5797 = CARTESIAN_POINT('',(48.882822566856,29.279352923281,
    139.60552191794));
#5798 = CARTESIAN_POINT('',(48.558821229697,29.39332754555,
    139.60093152631));
#5799 = CARTESIAN_POINT('',(57.683952067025,26.116293628174,
    139.72683063673));
#5800 = CARTESIAN_POINT('',(57.34965951063,26.205555253697,
    139.72066481915));
#5801 = CARTESIAN_POINT('',(57.015971826314,26.296237063278,
    139.71458996651));
#5802 = CARTESIAN_POINT('',(56.682928032666,26.388342142213,
    139.70860747985));
#5803 = CARTESIAN_POINT('',(56.350282277143,26.481793406203,
    139.70270562272));
#5804 = CARTESIAN_POINT('',(56.018331366911,26.576670369795,
    139.69689788054));
#5805 = CARTESIAN_POINT('',(55.686769549647,26.672620780157,
    139.69115672067));
#5806 = CARTESIAN_POINT('',(55.355454201919,26.769684915744,
    139.68547962331));
#5807 = CARTESIAN_POINT('',(55.024549919989,26.867769204131,
    139.67986712051));
#5808 = CARTESIAN_POINT('',(54.694006581777,26.966380346305,
    139.67429272183));
#5809 = CARTESIAN_POINT('',(54.363515765477,27.065511700159,
    139.66874624811));
#5810 = CARTESIAN_POINT('',(54.032877493083,27.165525554357,
    139.66323959679));
#5811 = CARTESIAN_POINT('',(53.70195698773,27.265692918128,
    139.65773168306));
#5812 = CARTESIAN_POINT('',(53.370805434118,27.3665555425,
    139.65225147601));
#5813 = CARTESIAN_POINT('',(52.708060439433,27.569646116925,
    139.64134584902));
#5814 = CARTESIAN_POINT('',(52.37648796933,27.671879951593,
    139.63592139534));
#5815 = CARTESIAN_POINT('',(52.044503696701,27.774990525952,
    139.63052803614));
#5816 = CARTESIAN_POINT('',(51.713475414085,27.878649201261,
    139.62519284545));
#5817 = CARTESIAN_POINT('',(51.37855520373,27.984693050377,
    139.61985378471));
#5818 = CARTESIAN_POINT('',(51.052717164958,28.088817477973,
    139.61470775366));
#5819 = CARTESIAN_POINT('',(50.710842232937,28.199816948447,
    139.609396765));
#5820 = CARTESIAN_POINT('',(50.391441251408,28.304555916772,
    139.60448719614));
#5821 = CARTESIAN_POINT('',(50.049419093881,28.418581521206,
    139.5993241997));
#5822 = CARTESIAN_POINT('',(49.726383332718,28.527566037511,
    139.59451283819));
#5823 = CARTESIAN_POINT('',(49.393576213639,28.641255923396,
    139.58962702203));
#5824 = CARTESIAN_POINT('',(49.066426959554,28.754082136448,
    139.58487821125));
#5825 = CARTESIAN_POINT('',(48.739360427182,28.8675839121,
    139.58016612795));
#5826 = CARTESIAN_POINT('',(48.413870008287,28.980796522672,
    139.5754897595));
#5827 = ADVANCED_FACE('',(#5828),#5851,.F.);
#5828 = FACE_BOUND('',#5829,.F.);
#5829 = EDGE_LOOP('',(#5830,#5831,#5844,#5850));
#5830 = ORIENTED_EDGE('',*,*,#5691,.T.);
#5831 = ORIENTED_EDGE('',*,*,#5832,.T.);
#5832 = EDGE_CURVE('',#5692,#5833,#5835,.T.);
#5833 = VERTEX_POINT('',#5834);
#5834 = CARTESIAN_POINT('',(54.891904867083,26.946571448539,
    139.67960960692));
#5835 = ( BOUNDED_CURVE() B_SPLINE_CURVE(7,(#5836,#5837,#5838,#5839,
    #5840,#5841,#5842,#5843),.UNSPECIFIED.,.F.,.F.) 
B_SPLINE_CURVE_WITH_KNOTS((8,8),(1.033147144372E-06,0.894412172301),
.PIECEWISE_BEZIER_KNOTS.) CURVE() GEOMETRIC_REPRESENTATION_ITEM() 
RATIONAL_B_SPLINE_CURVE((1.,1.,1.,1.,1.,1.,1.,1.)) REPRESENTATION_ITEM(
  '') );
#5836 = CARTESIAN_POINT('',(54.763359412783,26.946737509146,
    139.67551515263));
#5837 = CARTESIAN_POINT('',(54.775381268421,26.944808809155,
    139.67580154121));
#5838 = CARTESIAN_POINT('',(54.787594495791,26.943480850257,
    139.67613189529));
#5839 = CARTESIAN_POINT('',(54.801022241462,26.942739864816,
    139.6765293151));
#5840 = CARTESIAN_POINT('',(54.815386832097,26.942568932326,
    139.67698033319));
#5841 = CARTESIAN_POINT('',(54.834012635005,26.94308101304,
    139.67759492932));
#5842 = CARTESIAN_POINT('',(54.855558030549,26.944276914168,
    139.67833373478));
#5843 = CARTESIAN_POINT('',(54.891904867083,26.946571448539,
    139.67960960692));
#5844 = ORIENTED_EDGE('',*,*,#5845,.F.);
#5845 = EDGE_CURVE('',#1310,#5833,#5846,.T.);
#5846 = ( BOUNDED_CURVE() B_SPLINE_CURVE(2,(#5847,#5848,#5849),
.UNSPECIFIED.,.F.,.F.) B_SPLINE_CURVE_WITH_KNOTS((3,3),(0.,
0.894411139154),.PIECEWISE_BEZIER_KNOTS.) CURVE() 
GEOMETRIC_REPRESENTATION_ITEM() RATIONAL_B_SPLINE_CURVE((1.,
0.772879251862,1.)) REPRESENTATION_ITEM('') );
#5847 = CARTESIAN_POINT('',(55.390323115309,27.26966067697,
    139.45633788379));
#5848 = CARTESIAN_POINT('',(55.066344513496,27.317383891565,
    139.70388754951));
#5849 = CARTESIAN_POINT('',(54.891904867083,26.946571448539,
    139.67960960692));
#5850 = ORIENTED_EDGE('',*,*,#1309,.F.);
#5851 = ( BOUNDED_SURFACE() B_SPLINE_SURFACE(2,7,(
    (#5852,#5853,#5854,#5855,#5856,#5857,#5858,#5859)
    ,(#5860,#5861,#5862,#5863,#5864,#5865,#5866,#5867)
    ,(#5868,#5869,#5870,#5871,#5872,#5873,#5874,#5875
)),.UNSPECIFIED.,.F.,.F.,.F.) B_SPLINE_SURFACE_WITH_KNOTS((3,3),(8,8),(
    0.,0.894411139154),(1.033147144372E-06,0.894412172301),
.PIECEWISE_BEZIER_KNOTS.) GEOMETRIC_REPRESENTATION_ITEM() 
RATIONAL_B_SPLINE_SURFACE((
    (1.,1.,1.,1.,1.,1.,1.,1.)
    ,(0.748846680916,0.749801919977,0.751220046507,0.753280107546
      ,0.755937902569,0.759815715092,0.764706402809,0.772879251862)
,(1.,1.,1.,1.,1.,1.,1.,1.))) REPRESENTATION_ITEM('') SURFACE() );
#5852 = CARTESIAN_POINT('',(54.917424206193,27.444126293945,
    139.26551870792));
#5853 = CARTESIAN_POINT('',(54.989893597711,27.422576572634,
    139.26646092848));
#5854 = CARTESIAN_POINT('',(55.061779736152,27.399451576738,
    139.27685767079));
#5855 = CARTESIAN_POINT('',(55.132260353423,27.375008373299,
    139.29672031482));
#5856 = CARTESIAN_POINT('',(55.199466637028,27.349873602906,
    139.32564287779));
#5857 = CARTESIAN_POINT('',(55.264528146815,27.323889246829,
    139.3627318826));
#5858 = CARTESIAN_POINT('',(55.325238070756,27.297899432379,
    139.40680110528));
#5859 = CARTESIAN_POINT('',(55.390323115309,27.26966067697,
    139.45633788379));
#5860 = CARTESIAN_POINT('',(54.888250115937,27.370498374965,
    139.70088327074));
#5861 = CARTESIAN_POINT('',(54.906638403908,27.365439798819,
    139.69968620061));
#5862 = CARTESIAN_POINT('',(54.925344155354,27.360129023678,
    139.69901771569));
#5863 = CARTESIAN_POINT('',(54.945464661193,27.354242306702,
    139.69885744771));
#5864 = CARTESIAN_POINT('',(54.966501609324,27.347922084753,
    139.69922439022));
#5865 = CARTESIAN_POINT('',(54.992377388453,27.340044047171,
    139.70012844966));
#5866 = CARTESIAN_POINT('',(55.021137053276,27.331174455838,
    139.70165882868));
#5867 = CARTESIAN_POINT('',(55.066344513496,27.317383891565,
    139.70388754951));
#5868 = CARTESIAN_POINT('',(54.763359412783,26.946737509146,
    139.67551515263));
#5869 = CARTESIAN_POINT('',(54.775381268421,26.944808809155,
    139.67580154121));
#5870 = CARTESIAN_POINT('',(54.787594495791,26.943480850257,
    139.67613189529));
#5871 = CARTESIAN_POINT('',(54.801022241462,26.942739864816,
    139.6765293151));
#5872 = CARTESIAN_POINT('',(54.815386832097,26.942568932326,
    139.67698033319));
#5873 = CARTESIAN_POINT('',(54.834012635005,26.94308101304,
    139.67759492932));
#5874 = CARTESIAN_POINT('',(54.855558030549,26.944276914168,
    139.67833373478));
#5875 = CARTESIAN_POINT('',(54.891904867083,26.946571448539,
    139.67960960692));
#5876 = ADVANCED_FACE('',(#5877),#5918,.F.);
#5877 = FACE_BOUND('',#5878,.F.);
#5878 = EDGE_LOOP('',(#5879,#5880,#5881,#5893));
#5879 = ORIENTED_EDGE('',*,*,#5732,.F.);
#5880 = ORIENTED_EDGE('',*,*,#1461,.T.);
#5881 = ORIENTED_EDGE('',*,*,#5882,.T.);
#5882 = EDGE_CURVE('',#1323,#5883,#5885,.T.);
#5883 = VERTEX_POINT('',#5884);
#5884 = CARTESIAN_POINT('',(49.55512723265,28.858186363853,
    140.10661946271));
#5885 = B_SPLINE_CURVE_WITH_KNOTS('',6,(#5886,#5887,#5888,#5889,#5890,
    #5891,#5892),.UNSPECIFIED.,.F.,.F.,(7,7),(0.,1.),
  .PIECEWISE_BEZIER_KNOTS.);
#5886 = CARTESIAN_POINT('',(49.333765058174,28.998742785633,
    140.17757428472));
#5887 = CARTESIAN_POINT('',(49.376723081878,28.986067958045,
    140.16776842684));
#5888 = CARTESIAN_POINT('',(49.41807034805,28.968723862294,
    140.15693376409));
#5889 = CARTESIAN_POINT('',(49.457154188,28.946902403314,140.14521898926
    ));
#5890 = CARTESIAN_POINT('',(49.493366031198,28.9209140247,
    140.13279862126));
#5891 = CARTESIAN_POINT('',(49.526170127984,28.891174825497,
    140.11986506999));
#5892 = CARTESIAN_POINT('',(49.55512723265,28.858186363853,
    140.10661946271));
#5893 = ORIENTED_EDGE('',*,*,#5894,.F.);
#5894 = EDGE_CURVE('',#5700,#5883,#5895,.T.);
#5895 = B_SPLINE_CURVE_WITH_KNOTS('',11,(#5896,#5897,#5898,#5899,#5900,
    #5901,#5902,#5903,#5904,#5905,#5906,#5907,#5908,#5909,#5910,#5911,
    #5912,#5913,#5914,#5915,#5916,#5917),.UNSPECIFIED.,.F.,.F.,(12,10,12
    ),(0.,0.5,1.),.UNSPECIFIED.);
#5896 = CARTESIAN_POINT('',(51.296458285465,28.012829804863,
    139.61865317835));
#5897 = CARTESIAN_POINT('',(51.204727846507,28.029067291702,
    139.61654468744));
#5898 = CARTESIAN_POINT('',(51.113172150622,28.046710763358,
    139.61756267582));
#5899 = CARTESIAN_POINT('',(51.021974683202,28.065978427417,
    139.62166860821));
#5900 = CARTESIAN_POINT('',(50.931323685491,28.087067272461,
    139.62879731403));
#5901 = CARTESIAN_POINT('',(50.841410096421,28.110153158058,
    139.63885963377));
#5902 = CARTESIAN_POINT('',(50.752425513421,28.13539093148,
    139.65174506972));
#5903 = CARTESIAN_POINT('',(50.66456015022,28.162914539547,
    139.66732443277));
#5904 = CARTESIAN_POINT('',(50.578000794347,28.192837141027,
    139.68545249363));
#5905 = CARTESIAN_POINT('',(50.492928765041,28.22525121849,
    139.70597062953));
#5906 = CARTESIAN_POINT('',(50.409517870735,28.260228690614,
    139.72870947474));
#5907 = CARTESIAN_POINT('',(50.246346863033,28.33541335774,
    139.77827366227));
#5908 = CARTESIAN_POINT('',(50.166589494895,28.375620377595,
    139.80509788294));
#5909 = CARTESIAN_POINT('',(50.088821616411,28.418496718284,
    139.8337867229));
#5910 = CARTESIAN_POINT('',(50.013198572661,28.464078864381,
    139.86415394119));
#5911 = CARTESIAN_POINT('',(49.939886235348,28.512372740845,
    139.89599714824));
#5912 = CARTESIAN_POINT('',(49.868989494638,28.563396222763,
    139.92912729692));
#5913 = CARTESIAN_POINT('',(49.800675325252,28.617111331933,
    139.96332374006));
#5914 = CARTESIAN_POINT('',(49.735026539714,28.673504319919,
    139.99838815671));
#5915 = CARTESIAN_POINT('',(49.672165040896,28.73251993374,
    140.03410099503));
#5916 = CARTESIAN_POINT('',(49.612172834829,28.79410428903,
    140.07025024774));
#5917 = CARTESIAN_POINT('',(49.55512723265,28.858186363853,
    140.10661946271));
#5918 = B_SPLINE_SURFACE_WITH_KNOTS('',11,6,(
    (#5919,#5920,#5921,#5922,#5923,#5924,#5925)
    ,(#5926,#5927,#5928,#5929,#5930,#5931,#5932)
    ,(#5933,#5934,#5935,#5936,#5937,#5938,#5939)
    ,(#5940,#5941,#5942,#5943,#5944,#5945,#5946)
    ,(#5947,#5948,#5949,#5950,#5951,#5952,#5953)
    ,(#5954,#5955,#5956,#5957,#5958,#5959,#5960)
    ,(#5961,#5962,#5963,#5964,#5965,#5966,#5967)
    ,(#5968,#5969,#5970,#5971,#5972,#5973,#5974)
    ,(#5975,#5976,#5977,#5978,#5979,#5980,#5981)
    ,(#5982,#5983,#5984,#5985,#5986,#5987,#5988)
    ,(#5989,#5990,#5991,#5992,#5993,#5994,#5995)
    ,(#5996,#5997,#5998,#5999,#6000,#6001,#6002)
    ,(#6003,#6004,#6005,#6006,#6007,#6008,#6009)
    ,(#6010,#6011,#6012,#6013,#6014,#6015,#6016)
    ,(#6017,#6018,#6019,#6020,#6021,#6022,#6023)
    ,(#6024,#6025,#6026,#6027,#6028,#6029,#6030)
    ,(#6031,#6032,#6033,#6034,#6035,#6036,#6037)
    ,(#6038,#6039,#6040,#6041,#6042,#6043,#6044)
    ,(#6045,#6046,#6047,#6048,#6049,#6050,#6051)
    ,(#6052,#6053,#6054,#6055,#6056,#6057,#6058)
    ,(#6059,#6060,#6061,#6062,#6063,#6064,#6065)
    ,(#6066,#6067,#6068,#6069,#6070,#6071,#6072
  )),.UNSPECIFIED.,.F.,.F.,.F.,(12,10,12),(7,7),(0.,0.5,1.),(0.,1.),
  .UNSPECIFIED.);
#5919 = CARTESIAN_POINT('',(51.460030034902,28.505494010405,
    139.21784863399));
#5920 = CARTESIAN_POINT('',(51.45122914868,28.483706601362,
    139.33467279971));
#5921 = CARTESIAN_POINT('',(51.432354525867,28.430030568,139.4449521554)
  );
#5922 = CARTESIAN_POINT('',(51.40428149778,28.34659737203,
    139.53635148731));
#5923 = CARTESIAN_POINT('',(51.369735326286,28.241426842168,
    139.5983898287));
#5924 = CARTESIAN_POINT('',(51.332530031397,28.126194944194,
    139.62552462088));
#5925 = CARTESIAN_POINT('',(51.296458285465,28.012829804863,
    139.61865317835));
#5926 = CARTESIAN_POINT('',(51.337721332037,28.544624123852,
    139.21605944742));
#5927 = CARTESIAN_POINT('',(51.334855825036,28.521194331769,
    139.33157957525));
#5928 = CARTESIAN_POINT('',(51.322031259461,28.466279397987,
    139.44099970853));
#5929 = CARTESIAN_POINT('',(51.299130365932,28.379091569489,
    139.53361273142));
#5930 = CARTESIAN_POINT('',(51.268459775642,28.2662477101,
    139.59498968217));
#5931 = CARTESIAN_POINT('',(51.235649733044,28.145240063607,
    139.62061724064));
#5932 = CARTESIAN_POINT('',(51.204727846507,28.029067291702,
    139.61654468744));
#5933 = CARTESIAN_POINT('',(51.215574048904,28.584537835854,
    139.21114781689));
#5934 = CARTESIAN_POINT('',(51.218566342189,28.559277625523,
    139.32634795499));
#5935 = CARTESIAN_POINT('',(51.206576823756,28.498711588698,
    139.44092282782));
#5936 = CARTESIAN_POINT('',(51.193579892643,28.410945720771,
    139.52977406543));
#5937 = CARTESIAN_POINT('',(51.171906118776,28.294718804895,
    139.58642257547));
#5938 = CARTESIAN_POINT('',(51.138830401351,28.165174583214,
    139.61789108163));
#5939 = CARTESIAN_POINT('',(51.113172150622,28.046710763358,
    139.61756267582));
#5940 = CARTESIAN_POINT('',(51.093669453901,28.624883024862,
    139.20468144136));
#5941 = CARTESIAN_POINT('',(51.102445425706,28.597658676914,
    139.32026753701));
#5942 = CARTESIAN_POINT('',(51.093416145061,28.534082402691,
    139.43769663824));
#5943 = CARTESIAN_POINT('',(51.088061324693,28.443008149845,
    139.52656458162));
#5944 = CARTESIAN_POINT('',(51.073338846551,28.321233026423,
    139.58250449888));
#5945 = CARTESIAN_POINT('',(51.042345751585,28.186390665956,
    139.61759176855));
#5946 = CARTESIAN_POINT('',(51.021974683202,28.065978427417,
    139.62166860821));
#5947 = CARTESIAN_POINT('',(50.971935620742,28.665419293534,
    139.19793252965));
#5948 = CARTESIAN_POINT('',(50.986451704518,28.636133624042,
    139.31437863216));
#5949 = CARTESIAN_POINT('',(50.980351856672,28.569951219147,
    139.43482502889));
#5950 = CARTESIAN_POINT('',(50.982655413051,28.475223061197,
    139.52429335943));
#5951 = CARTESIAN_POINT('',(50.97512134253,28.348188728046,
    139.58052689716));
#5952 = CARTESIAN_POINT('',(50.946420253423,28.209203986217,
    139.61985652565));
#5953 = CARTESIAN_POINT('',(50.931323685491,28.087067272461,
    139.62879731403));
#5954 = CARTESIAN_POINT('',(50.850214313208,28.705975082835,
    139.19197640267));
#5955 = CARTESIAN_POINT('',(50.870473126688,28.674556594564,
    139.30955475776));
#5956 = CARTESIAN_POINT('',(50.867515612534,28.606187318949,
    139.43300882284));
#5957 = CARTESIAN_POINT('',(50.877441599784,28.507722651627,
    139.52344347383));
#5958 = CARTESIAN_POINT('',(50.877247303302,28.375912161637,
    139.58072794525));
#5959 = CARTESIAN_POINT('',(50.851240424483,28.233856861321,
    139.62474371376));
#5960 = CARTESIAN_POINT('',(50.841410096421,28.110153158058,
    139.63885963377));
#5961 = CARTESIAN_POINT('',(50.728327869981,28.746404770094,
    139.18779024486));
#5962 = CARTESIAN_POINT('',(50.754382375272,28.712803735393,
    139.30658528062));
#5963 = CARTESIAN_POINT('',(50.755020408915,28.642645894651,
    139.43288189567));
#5964 = CARTESIAN_POINT('',(50.772469119492,28.540593786692,
    139.52442566433));
#5965 = CARTESIAN_POINT('',(50.779673295793,28.40466362564,
    139.58327089422));
#5966 = CARTESIAN_POINT('',(50.756966142828,28.260521409762,
    139.63226237167));
#5967 = CARTESIAN_POINT('',(50.752425513421,28.13539093148,
    139.65174506972));
#5968 = CARTESIAN_POINT('',(50.60614608937,28.786545768972,
    139.18635183029));
#5969 = CARTESIAN_POINT('',(50.638092284066,28.750737244318,
    139.30625803463));
#5970 = CARTESIAN_POINT('',(50.642996071394,28.679149022314,
    139.43506930127));
#5971 = CARTESIAN_POINT('',(50.667791115018,28.573865582451,
    139.52763872539));
#5972 = CARTESIAN_POINT('',(50.68235112515,28.434629662097,
    139.58830456989));
#5973 = CARTESIAN_POINT('',(50.663741956455,28.289302704555,
    139.64240175355));
#5974 = CARTESIAN_POINT('',(50.66456015022,28.162914539547,
    139.66732443277));
#5975 = CARTESIAN_POINT('',(50.483653114156,28.82617563047,
    139.18873824887));
#5976 = CARTESIAN_POINT('',(50.521611253476,28.788169402649,
    139.30944193852));
#5977 = CARTESIAN_POINT('',(50.531624741826,28.715466634223,
    139.44024539914));
#5978 = CARTESIAN_POINT('',(50.563498753059,28.607496988006,
    139.53352989913));
#5979 = CARTESIAN_POINT('',(50.585260202462,28.465915254378,
    139.59602387448));
#5980 = CARTESIAN_POINT('',(50.571708392497,28.320241927147,
    139.65516087087));
#5981 = CARTESIAN_POINT('',(50.578000794347,28.192837141027,
    139.68545249363));
#5982 = CARTESIAN_POINT('',(50.36101431632,28.8649691429,139.19622463297
    ));
#5983 = CARTESIAN_POINT('',(50.405098666271,28.824826606837,
    139.31716961404));
#5984 = CARTESIAN_POINT('',(50.421176365374,28.751297490728,
    139.44919198048));
#5985 = CARTESIAN_POINT('',(50.459755339935,28.641364367256,
    139.54265526592));
#5986 = CARTESIAN_POINT('',(50.488439912718,28.498536024211,
    139.60673028529));
#5987 = CARTESIAN_POINT('',(50.481013266817,28.353319520776,
    139.67057802972));
#5988 = CARTESIAN_POINT('',(50.492928765041,28.22525121849,
    139.70597062953));
#5989 = CARTESIAN_POINT('',(50.238643181874,28.902455432708,
    139.2103828834));
#5990 = CARTESIAN_POINT('',(50.28892030343,28.860313400943,
    139.33072000338));
#5991 = CARTESIAN_POINT('',(50.312044177459,28.786250152808,
    139.46285639509));
#5992 = CARTESIAN_POINT('',(50.356830437186,28.675249081297,
    139.5557401366));
#5993 = CARTESIAN_POINT('',(50.39202198251,28.532410429301,
    139.62089235582));
#5994 = CARTESIAN_POINT('',(50.391822993188,28.388458344287,
    139.688760372));
#5995 = CARTESIAN_POINT('',(50.409517870735,28.260228690614,
    139.72870947474));
#5996 = CARTESIAN_POINT('',(49.995893209357,28.973494696739,
    139.25597790847));
#5997 = CARTESIAN_POINT('',(50.058487216429,28.927839616116,
    139.3726819713));
#5998 = CARTESIAN_POINT('',(50.097516204093,28.853397755485,
    139.50196296055));
#5999 = CARTESIAN_POINT('',(50.153437517434,28.74240105947,
    139.59173875077));
#6000 = CARTESIAN_POINT('',(50.200503713382,28.602293491774,
    139.65752007464));
#6001 = CARTESIAN_POINT('',(50.216844792434,28.462595306991,
    139.7310664559));
#6002 = CARTESIAN_POINT('',(50.246346863033,28.33541335774,
    139.77827366227));
#6003 = CARTESIAN_POINT('',(49.875103442058,29.00712929691,
    139.28768087901));
#6004 = CARTESIAN_POINT('',(49.94389042887,28.959946485946,
    139.40131510357));
#6005 = CARTESIAN_POINT('',(49.991908060737,28.885639362121,
    139.5275446409));
#6006 = CARTESIAN_POINT('',(50.052777979563,28.775717258964,
    139.61478087611));
#6007 = CARTESIAN_POINT('',(50.10522989705,28.638351529406,
    139.68010388053));
#6008 = CARTESIAN_POINT('',(50.131004712645,28.501616570401,
    139.75522910112));
#6009 = CARTESIAN_POINT('',(50.166589494895,28.375620377595,
    139.80509788294));
#6010 = CARTESIAN_POINT('',(49.759508598537,29.037232879749,
    139.32861748241));
#6011 = CARTESIAN_POINT('',(49.833775180377,28.989026770287,
    139.43784304084));
#6012 = CARTESIAN_POINT('',(49.890546269579,28.915497211511,
    139.55942845224));
#6013 = CARTESIAN_POINT('',(49.955436075312,28.807888788745,
    139.64294786225));
#6014 = CARTESIAN_POINT('',(50.012416092703,28.674787737379,
    139.7068171183));
#6015 = CARTESIAN_POINT('',(50.047578127075,28.542218144682,
    139.78227364876));
#6016 = CARTESIAN_POINT('',(50.088821616411,28.418496718284,
    139.8337867229));
#6017 = CARTESIAN_POINT('',(49.636588154364,29.066624193557,
    139.38574002685));
#6018 = CARTESIAN_POINT('',(49.717726880692,29.017411908053,
    139.48802396258));
#6019 = CARTESIAN_POINT('',(49.787047752756,28.944427786734,
    139.60149710545));
#6020 = CARTESIAN_POINT('',(49.855496737052,28.840586979912,
    139.67981550007));
#6021 = CARTESIAN_POINT('',(49.916536280164,28.713394174383,
    139.74085644846));
#6022 = CARTESIAN_POINT('',(49.964883355531,28.585142266161,
    139.81337899555));
#6023 = CARTESIAN_POINT('',(50.013198572661,28.464078864381,
    139.86415394119));
#6024 = CARTESIAN_POINT('',(49.542339891205,29.08306381056,
    139.45855919737));
#6025 = CARTESIAN_POINT('',(49.6257638255,29.034919050202,
    139.55142227103));
#6026 = CARTESIAN_POINT('',(49.700416595992,28.965424910851,
    139.65343543962));
#6027 = CARTESIAN_POINT('',(49.770198833741,28.866928995878,
    139.72471390665));
#6028 = CARTESIAN_POINT('',(49.833231922119,28.747541623722,
    139.78123989744));
#6029 = CARTESIAN_POINT('',(49.888100798174,28.627434723613,
    139.84788583492));
#6030 = CARTESIAN_POINT('',(49.939886235348,28.512372740845,
    139.89599714824));
#6031 = CARTESIAN_POINT('',(49.427031874781,29.105344507486,
    139.53830426122));
#6032 = CARTESIAN_POINT('',(49.516472494561,29.057211681368,
    139.62068862083));
#6033 = CARTESIAN_POINT('',(49.604906848003,28.988955789836,
    139.71104272908));
#6034 = CARTESIAN_POINT('',(49.676102392372,28.897646487073,
    139.77404695416));
#6035 = CARTESIAN_POINT('',(49.741044277276,28.787891479885,
    139.82475016821));
#6036 = CARTESIAN_POINT('',(49.810514758922,28.673664026433,
    139.8851225245));
#6037 = CARTESIAN_POINT('',(49.868989494638,28.563396222763,
    139.92912729692));
#6038 = CARTESIAN_POINT('',(49.352066672403,29.101823600423,
    139.67645734644));
#6039 = CARTESIAN_POINT('',(49.441003219093,29.057833841557,
    139.73869192546));
#6040 = CARTESIAN_POINT('',(49.532604744267,28.997084662687,
    139.80128158897));
#6041 = CARTESIAN_POINT('',(49.602167007659,28.915045023362,
    139.85215335434));
#6042 = CARTESIAN_POINT('',(49.666192380876,28.817362704006,
    139.89335981114));
#6043 = CARTESIAN_POINT('',(49.740488137101,28.716493010714,
    139.93200287846));
#6044 = CARTESIAN_POINT('',(49.800675325252,28.617111331933,
    139.96332374006));
#6045 = CARTESIAN_POINT('',(49.322211340268,29.085462523856,
    139.79937585616));
#6046 = CARTESIAN_POINT('',(49.403417709636,29.047814579731,
    139.84404234488));
#6047 = CARTESIAN_POINT('',(49.486577597761,28.99721308206,
    139.88561158974));
#6048 = CARTESIAN_POINT('',(49.551531847559,28.926643351502,
    139.92355036318));
#6049 = CARTESIAN_POINT('',(49.611709023838,28.843319074503,
    139.95429490018));
#6050 = CARTESIAN_POINT('',(49.679574345951,28.758948965991,
    139.97763011431));
#6051 = CARTESIAN_POINT('',(49.735026539714,28.673504319919,
    139.99838815671));
#6052 = CARTESIAN_POINT('',(49.307934158623,29.062072822394,
    139.92982817504));
#6053 = CARTESIAN_POINT('',(49.379096562342,29.031870270259,
    139.95566196266));
#6054 = CARTESIAN_POINT('',(49.451358947538,28.992216922945,
    139.97609264367));
#6055 = CARTESIAN_POINT('',(49.509812301259,28.935430722002,
    139.99917863631));
#6056 = CARTESIAN_POINT('',(49.564200754791,28.868798565859,
    140.01742162787));
#6057 = CARTESIAN_POINT('',(49.623310520872,28.802142907486,
    140.02521697019));
#6058 = CARTESIAN_POINT('',(49.672165040896,28.73251993374,
    140.03410099503));
#6059 = CARTESIAN_POINT('',(49.314349841375,29.032471785928,
    140.05493270108));
#6060 = CARTESIAN_POINT('',(49.372330724276,29.010716963429,
    140.06278236422));
#6061 = CARTESIAN_POINT('',(49.427444895706,28.980101178057,
    140.06867798513));
#6062 = CARTESIAN_POINT('',(49.479527122874,28.941606995882,
    140.07232764619));
#6063 = CARTESIAN_POINT('',(49.528236205744,28.896298064435,
    140.07351383162));
#6064 = CARTESIAN_POINT('',(49.572555663562,28.846113244333,
    140.07255398914));
#6065 = CARTESIAN_POINT('',(49.612172834829,28.79410428903,
    140.07025024774));
#6066 = CARTESIAN_POINT('',(49.333765058174,28.998742785633,
    140.17757428472));
#6067 = CARTESIAN_POINT('',(49.376723081878,28.986067958045,
    140.16776842684));
#6068 = CARTESIAN_POINT('',(49.41807034805,28.968723862294,
    140.15693376409));
#6069 = CARTESIAN_POINT('',(49.457154188,28.946902403314,140.14521898926
    ));
#6070 = CARTESIAN_POINT('',(49.493366031198,28.9209140247,
    140.13279862126));
#6071 = CARTESIAN_POINT('',(49.526170127984,28.891174825497,
    140.11986506999));
#6072 = CARTESIAN_POINT('',(49.55512723265,28.858186363853,
    140.10661946271));
#6073 = ADVANCED_FACE('',(#6074),#6216,.F.);
#6074 = FACE_BOUND('',#6075,.F.);
#6075 = EDGE_LOOP('',(#6076,#6077,#6214,#6215));
#6076 = ORIENTED_EDGE('',*,*,#5845,.T.);
#6077 = ORIENTED_EDGE('',*,*,#6078,.T.);
#6078 = EDGE_CURVE('',#5833,#5883,#6079,.T.);
#6079 = ( BOUNDED_CURVE() B_SPLINE_CURVE(13,(#6080,#6081,#6082,#6083,
    #6084,#6085,#6086,#6087,#6088,#6089,#6090,#6091,#6092,#6093,#6094,
    #6095,#6096,#6097,#6098,#6099,#6100,#6101,#6102,#6103,#6104,#6105,
    #6106,#6107,#6108,#6109,#6110,#6111,#6112,#6113,#6114,#6115,#6116,
    #6117,#6118,#6119,#6120,#6121,#6122,#6123,#6124,#6125,#6126,#6127,
    #6128,#6129,#6130,#6131,#6132,#6133,#6134,#6135,#6136,#6137,#6138,
    #6139,#6140,#6141,#6142,#6143,#6144,#6145,#6146,#6147,#6148,#6149,
    #6150,#6151,#6152,#6153,#6154,#6155,#6156,#6157,#6158,#6159,#6160,
    #6161,#6162,#6163,#6164,#6165,#6166,#6167,#6168,#6169,#6170,#6171,
    #6172,#6173,#6174,#6175,#6176,#6177,#6178,#6179,#6180,#6181,#6182,
    #6183,#6184,#6185,#6186,#6187,#6188,#6189,#6190,#6191,#6192,#6193,
    #6194,#6195,#6196,#6197,#6198,#6199,#6200,#6201,#6202,#6203,#6204,
    #6205,#6206,#6207,#6208,#6209,#6210,#6211,#6212,#6213),
.UNSPECIFIED.,.F.,.F.) B_SPLINE_CURVE_WITH_KNOTS((14,12,12,12,12,12,12,
    12,12,12,12,14),(-2.592105011509,0.,2.843849019365,5.687698038729,
    8.056874980553,10.426051922377,11.622301949448,12.69157777641,
    15.610656588308,18.350555744346,19.632267123294,19.852310411757),
.UNSPECIFIED.) CURVE() GEOMETRIC_REPRESENTATION_ITEM() 
RATIONAL_B_SPLINE_CURVE((1.,1.,0.999999999999,1.000000000003,
    0.999999999995,1.000000000008,0.99999999999,1.00000000001,
    0.999999999992,1.000000000005,0.999999999997,1.000000000001,1.,1.,
    0.999999999999,1.000000000003,0.999999999994,1.000000000009,
    0.999999999988,1.000000000012,0.99999999999,1.000000000006,
    0.999999999997,1.000000000001,1.,1.,1.,1.,1.000000000001,
    0.999999999997,1.000000000004,0.999999999996,1.000000000003,
    0.999999999998,1.000000000001,1.,1.,1.,1.000000000001,0.999999999998
    ,1.000000000004,0.999999999994,1.000000000006,0.999999999994,
    1.000000000004,0.999999999997,1.000000000001,0.999999999999,1.,1.,
    1.000000000001,0.999999999997,1.000000000005,0.999999999992,
    1.00000000001,0.999999999991,1.000000000007,0.999999999996,
    1.000000000002,0.999999999999,1.,1.,0.999999999999,1.000000000002,
    0.999999999997,1.000000000005,0.999999999994,1.000000000005,
    0.999999999996,1.000000000002,0.999999999999,1.,1.,1.,1.,1.,1.,1.,1.
    ,1.,1.,1.,1.,1.,1.,1.,0.999999999999,1.000000000002,0.999999999995,
    1.000000000007,0.999999999991,1.000000000009,0.999999999993,
    1.000000000005,0.999999999998,1.000000000001,1.,1.,0.999999999999,
    1.000000000002,0.999999999997,1.000000000005,0.999999999994,
    1.000000000006,0.999999999995,1.000000000003,0.999999999998,1.,1.,1.
    ,1.000000000001,0.999999999998,1.000000000003,0.999999999995,
    1.000000000006,0.999999999995,1.000000000004,0.999999999998,
    1.000000000001,1.,1.,1.,0.999999999999,1.000000000002,0.999999999995
    ,1.000000000007,0.999999999992,1.000000000007,0.999999999994,
    1.000000000003,0.999999999998,1.000000000001,1.,1.)) 
REPRESENTATION_ITEM('') );
#6080 = CARTESIAN_POINT('',(57.252900201596,26.960923935567,
    137.76070046282));
#6081 = CARTESIAN_POINT('',(57.219606211217,26.942992800934,
    137.90966484699));
#6082 = CARTESIAN_POINT('',(57.186251381992,26.925192750258,
    138.05866682998));
#6083 = CARTESIAN_POINT('',(57.152824421281,26.907519090571,
    138.20770555342));
#6084 = CARTESIAN_POINT('',(57.119311632812,26.889966982858,
    138.35677919326));
#6085 = CARTESIAN_POINT('',(57.085696916724,26.872531442042,
    138.50588495983));
#6086 = CARTESIAN_POINT('',(57.051961769486,26.855207337009,
    138.65501909779));
#6087 = CARTESIAN_POINT('',(57.018085284015,26.83798939057,
    138.80417688618));
#6088 = CARTESIAN_POINT('',(56.984044149531,26.820872179508,
    138.95335263835));
#6089 = CARTESIAN_POINT('',(56.949812651712,26.803850134532,
    139.10253970203));
#6090 = CARTESIAN_POINT('',(56.915362672552,26.786917540312,
    139.25173045931));
#6091 = CARTESIAN_POINT('',(56.880663690469,26.77006853546,
    139.40091632658));
#6092 = CARTESIAN_POINT('',(56.845682780239,26.753297112534,
    139.55008775465));
#6093 = CARTESIAN_POINT('',(56.771658304577,26.718275228019,
    139.86286573734));
#6094 = CARTESIAN_POINT('',(56.732563449619,26.700043198556,
    140.02647113804));
#6095 = CARTESIAN_POINT('',(56.692904152186,26.681861565859,
    140.18994560637));
#6096 = CARTESIAN_POINT('',(56.65340224197,26.663904301833,
    140.35349210526));
#6097 = CARTESIAN_POINT('',(56.611552830611,26.645591529233,
    140.51634009517));
#6098 = CARTESIAN_POINT('',(56.57274049616,26.628196540771,
    140.68014972218));
#6099 = CARTESIAN_POINT('',(56.527962935073,26.6095980243,
    140.84219431364));
#6100 = CARTESIAN_POINT('',(56.487900729219,26.592358171579,
    141.00573530111));
#6101 = CARTESIAN_POINT('',(56.443084706775,26.574199434867,
    141.16795331014));
#6102 = CARTESIAN_POINT('',(56.398849415599,26.556462637311,
    141.330448677));
#6103 = CARTESIAN_POINT('',(56.353170806529,26.538654394865,
    141.49265649754));
#6104 = CARTESIAN_POINT('',(56.306455534828,26.520907612939,
    141.65471077467));
#6105 = CARTESIAN_POINT('',(56.210729385321,26.485531142791,
    141.97848326694));
#6106 = CARTESIAN_POINT('',(56.161723998355,26.46790237017,
    142.14019964192));
#6107 = CARTESIAN_POINT('',(56.111518316066,26.450347169514,
    142.30175358508));
#6108 = CARTESIAN_POINT('',(56.060059546738,26.432881632719,
    142.46313959734));
#6109 = CARTESIAN_POINT('',(56.007294495951,26.415524252859,
    142.62434437422));
#6110 = CARTESIAN_POINT('',(55.953167015086,26.398296557363,
    142.78534749471));
#6111 = CARTESIAN_POINT('',(55.897618492174,26.381223955392,
    142.94611766594));
#6112 = CARTESIAN_POINT('',(55.8405913855,26.364336799688,
    143.10660452364));
#6113 = CARTESIAN_POINT('',(55.782035799426,26.347671662545,
    143.26672598852));
#6114 = CARTESIAN_POINT('',(55.721919103017,26.331272826293,
    143.42635117833));
#6115 = CARTESIAN_POINT('',(55.660238590931,26.315193987921,
    143.58527887586));
#6116 = CARTESIAN_POINT('',(55.597037186995,26.299500178141,
    143.74321155266));
#6117 = CARTESIAN_POINT('',(55.478592201508,26.271581725898,
    144.03011440549));
#6118 = CARTESIAN_POINT('',(55.423742708014,26.259204173742,
    144.15963147379));
#6119 = CARTESIAN_POINT('',(55.367838093781,26.24716311608,
    144.28822781912));
#6120 = CARTESIAN_POINT('',(55.310818317057,26.235474684314,
    144.41596870088));
#6121 = CARTESIAN_POINT('',(55.252588888273,26.224152138606,
    144.54297762721));
#6122 = CARTESIAN_POINT('',(55.193024450658,26.213210830986,
    144.6693971234));
#6123 = CARTESIAN_POINT('',(55.131980498556,26.202671642121,
    144.79536235558));
#6124 = CARTESIAN_POINT('',(55.069307767024,26.19256327812,
    144.92098435137));
#6125 = CARTESIAN_POINT('',(55.004863828327,26.182923812904,
    145.04633955936));
#6126 = CARTESIAN_POINT('',(54.938516428629,26.173801862687,
    145.17146248907));
#6127 = CARTESIAN_POINT('',(54.870133100421,26.165257778067,
    145.29633817336));
#6128 = CARTESIAN_POINT('',(54.799551584373,26.15736524015,
    145.42089119469));
#6129 = CARTESIAN_POINT('',(54.653499606857,26.143062052714,
    145.66904484023));
#6130 = CARTESIAN_POINT('',(54.578036927305,26.136657647758,
    145.79262484271));
#6131 = CARTESIAN_POINT('',(54.499937090746,26.131067834733,
    145.91566495522));
#6132 = CARTESIAN_POINT('',(54.418954668855,26.126432150734,
    146.03785256705));
#6133 = CARTESIAN_POINT('',(54.334839134829,26.12287720978,
    146.15894105839));
#6134 = CARTESIAN_POINT('',(54.247299456664,26.120536209532,
    146.27870549266));
#6135 = CARTESIAN_POINT('',(54.155965275609,26.119590043429,
    146.39680448461));
#6136 = CARTESIAN_POINT('',(54.060370413817,26.120285810752,
    146.51271633799));
#6137 = CARTESIAN_POINT('',(53.959938344219,26.122927268654,
    146.62579961914));
#6138 = CARTESIAN_POINT('',(53.853903144251,26.12787052076,
    146.73541041259));
#6139 = CARTESIAN_POINT('',(53.741053343844,26.135596988594,
    146.84089057661));
#6140 = CARTESIAN_POINT('',(53.619139966932,26.146974462696,
    146.94112339612));
#6141 = CARTESIAN_POINT('',(53.415379502207,26.172379534465,
    147.07974434915));
#6142 = CARTESIAN_POINT('',(53.343716520214,26.18228977659,
    147.12408093717));
#6143 = CARTESIAN_POINT('',(53.267768668372,26.193882883346,
    147.16613401852));
#6144 = CARTESIAN_POINT('',(53.187269333716,26.207433607123,
    147.20499489724));
#6145 = CARTESIAN_POINT('',(53.102457306082,26.22318666285,
    147.23925947248));
#6146 = CARTESIAN_POINT('',(53.013926062479,26.241334783153,
    147.26731567806));
#6147 = CARTESIAN_POINT('',(52.922524137675,26.261988099473,
    147.28760835694));
#6148 = CARTESIAN_POINT('',(52.829294058527,26.28513970522,
    147.29887400609));
#6149 = CARTESIAN_POINT('',(52.735437319721,26.310632257196,
    147.30033782972));
#6150 = CARTESIAN_POINT('',(52.642292878355,26.338130471309,
    147.29186553603));
#6151 = CARTESIAN_POINT('',(52.551316645113,26.367104368843,
    147.2740623155));
#6152 = CARTESIAN_POINT('',(52.464049449447,26.396828129304,
    147.24831143618));
#6153 = CARTESIAN_POINT('',(52.308775011484,26.452831883165,
    147.18852893481));
#6154 = CARTESIAN_POINT('',(52.239779617178,26.479114812628,
    147.15570219819));
#6155 = CARTESIAN_POINT('',(52.17437420348,26.50527426519,
    147.11902571572));
#6156 = CARTESIAN_POINT('',(52.112184409421,26.531267866937,
    147.07916311197));
#6157 = CARTESIAN_POINT('',(52.052986697595,26.55703100975,
    147.03668975505));
#6158 = CARTESIAN_POINT('',(51.996603765908,26.582503627453,
    146.99210165583));
#6159 = CARTESIAN_POINT('',(51.942853478953,26.607642883874,
    146.94582155046));
#6160 = CARTESIAN_POINT('',(51.891534041422,26.632427118836,
    146.89819959896));
#6161 = CARTESIAN_POINT('',(51.842428135857,26.656856398345,
    146.84950613602));
#6162 = CARTESIAN_POINT('',(51.795308747207,26.680955014932,
    146.79991390623));
#6163 = CARTESIAN_POINT('',(51.749929396448,26.704781284441,
    146.74946721984));
#6164 = CARTESIAN_POINT('',(51.70598150574,26.728449985249,
    146.69803546188));
#6165 = CARTESIAN_POINT('',(51.545668298765,26.816935052042,
    146.50114186496));
#6166 = CARTESIAN_POINT('',(51.436273707507,26.881719459911,
    146.34778040988));
#6167 = CARTESIAN_POINT('',(51.326614542341,26.950284056316,
    146.17861419483));
#6168 = CARTESIAN_POINT('',(51.213262613867,27.025209863469,
    145.98651178352));
#6169 = CARTESIAN_POINT('',(51.095634605948,27.107725593293,
    145.76716782151));
#6170 = CARTESIAN_POINT('',(50.974863169962,27.198084445611,
    145.51857431096));
#6171 = CARTESIAN_POINT('',(50.852897077055,27.29575133519,
    145.24113267211));
#6172 = CARTESIAN_POINT('',(50.731952241555,27.399510148684,
    144.9380971098));
#6173 = CARTESIAN_POINT('',(50.614356865301,27.507465540878,
    144.61555981131));
#6174 = CARTESIAN_POINT('',(50.502478569354,27.616982756835,
    144.28195202753));
#6175 = CARTESIAN_POINT('',(50.398276919579,27.725040748244,
    143.94721010816));
#6176 = CARTESIAN_POINT('',(50.302570854005,27.829395487172,
    143.62084115074));
#6177 = CARTESIAN_POINT('',(50.134391657523,28.021438347643,
    143.01232486991));
#6178 = CARTESIAN_POINT('',(50.060946599684,28.109617625426,
    142.72931646593));
#6179 = CARTESIAN_POINT('',(49.991895566892,28.196151415045,
    142.44809272687));
#6180 = CARTESIAN_POINT('',(49.926232631178,28.281985594728,
    142.16526667859));
#6181 = CARTESIAN_POINT('',(49.863887937574,28.367089641486,
    141.88041442205));
#6182 = CARTESIAN_POINT('',(49.804953077196,28.451137923771,
    141.59409494791));
#6183 = CARTESIAN_POINT('',(49.749428297987,28.533820478923,
    141.30690173908));
#6184 = CARTESIAN_POINT('',(49.697223679563,28.614931544693,
    141.01915800215));
#6185 = CARTESIAN_POINT('',(49.648228058001,28.694350123022,
    140.73094856348));
#6186 = CARTESIAN_POINT('',(49.602341140912,28.771992863783,
    140.44226265994));
#6187 = CARTESIAN_POINT('',(49.559445913193,28.847785564874,140.15310305
    ));
#6188 = CARTESIAN_POINT('',(49.519380088491,28.921665594682,
    139.86349806443));
#6189 = CARTESIAN_POINT('',(49.464582794628,29.027241096954,
    139.43774405818));
#6190 = CARTESIAN_POINT('',(49.447714821766,29.060461438205,
    139.30195455978));
#6191 = CARTESIAN_POINT('',(49.431426670815,29.093257574385,
    139.16606691167));
#6192 = CARTESIAN_POINT('',(49.415769913261,29.125530492884,
    139.0300608321));
#6193 = CARTESIAN_POINT('',(49.400357157602,29.157797132987,
    138.89407344552));
#6194 = CARTESIAN_POINT('',(49.386456902425,29.188328820484,
    138.75762143765));
#6195 = CARTESIAN_POINT('',(49.371146556029,29.220978916066,
    138.62183596502));
#6196 = CARTESIAN_POINT('',(49.358969185815,29.249779305022,
    138.48492580351));
#6197 = CARTESIAN_POINT('',(49.345070976327,29.281015677128,
    138.34882195269));
#6198 = CARTESIAN_POINT('',(49.332807422861,29.310343648169,
    138.21217338415));
#6199 = CARTESIAN_POINT('',(49.32048319358,29.339933312966,
    138.07565799495));
#6200 = CARTESIAN_POINT('',(49.308613151684,29.369116194989,
    137.93906143376));
#6201 = CARTESIAN_POINT('',(49.295066384875,29.403043782912,
    137.77898289007));
#6202 = CARTESIAN_POINT('',(49.293090856047,29.408007903802,
    137.75552658879));
#6203 = CARTESIAN_POINT('',(49.291124574277,29.412965103014,
    137.73206940261));
#6204 = CARTESIAN_POINT('',(49.289167387293,29.417915548112,
    137.70861137938));
#6205 = CARTESIAN_POINT('',(49.287219142836,29.422859406659,
    137.68515256688));
#6206 = CARTESIAN_POINT('',(49.285279688625,29.427796846216,
    137.66169301308));
#6207 = CARTESIAN_POINT('',(49.28334887241,29.432728034349,
    137.63823276564));
#6208 = CARTESIAN_POINT('',(49.281426541905,29.437653138619,
    137.61477187261));
#6209 = CARTESIAN_POINT('',(49.279512544859,29.442572326589,
    137.59131038163));
#6210 = CARTESIAN_POINT('',(49.277606728993,29.447485765823,
    137.5678483407));
#6211 = CARTESIAN_POINT('',(49.275708942045,29.452393623884,
    137.54438579756));
#6212 = CARTESIAN_POINT('',(49.273819031746,29.457296068334,
    137.5209228001));
#6213 = CARTESIAN_POINT('',(49.271936845828,29.462193266737,
    137.49745939615));
#6214 = ORIENTED_EDGE('',*,*,#5882,.F.);
#6215 = ORIENTED_EDGE('',*,*,#1322,.F.);
#6216 = ( BOUNDED_SURFACE() B_SPLINE_SURFACE(2,13,(
    (#6217,#6218,#6219,#6220,#6221,#6222,#6223,#6224,#6225,#6226,#6227
      ,#6228,#6229,#6230,#6231,#6232,#6233,#6234,#6235,#6236,#6237,#6238
      ,#6239,#6240,#6241,#6242,#6243,#6244,#6245,#6246,#6247,#6248,#6249
      ,#6250,#6251,#6252,#6253,#6254,#6255,#6256,#6257,#6258,#6259,#6260
      ,#6261,#6262,#6263,#6264,#6265,#6266,#6267,#6268,#6269,#6270,#6271
      ,#6272,#6273,#6274,#6275,#6276,#6277,#6278,#6279,#6280,#6281,#6282
      ,#6283,#6284,#6285,#6286,#6287,#6288,#6289,#6290,#6291,#6292,#6293
      ,#6294,#6295,#6296,#6297,#6298,#6299,#6300,#6301,#6302,#6303,#6304
      ,#6305,#6306,#6307,#6308,#6309,#6310,#6311,#6312,#6313,#6314,#6315
      ,#6316,#6317,#6318,#6319,#6320,#6321,#6322,#6323,#6324,#6325,#6326
      ,#6327,#6328,#6329,#6330,#6331,#6332,#6333,#6334,#6335,#6336,#6337
      ,#6338,#6339,#6340,#6341,#6342,#6343,#6344,#6345,#6346,#6347,#6348
      ,#6349,#6350)
    ,(#6351,#6352,#6353,#6354,#6355,#6356,#6357,#6358,#6359,#6360,#6361
      ,#6362,#6363,#6364,#6365,#6366,#6367,#6368,#6369,#6370,#6371,#6372
      ,#6373,#6374,#6375,#6376,#6377,#6378,#6379,#6380,#6381,#6382,#6383
      ,#6384,#6385,#6386,#6387,#6388,#6389,#6390,#6391,#6392,#6393,#6394
      ,#6395,#6396,#6397,#6398,#6399,#6400,#6401,#6402,#6403,#6404,#6405
      ,#6406,#6407,#6408,#6409,#6410,#6411,#6412,#6413,#6414,#6415,#6416
      ,#6417,#6418,#6419,#6420,#6421,#6422,#6423,#6424,#6425,#6426,#6427
      ,#6428,#6429,#6430,#6431,#6432,#6433,#6434,#6435,#6436,#6437,#6438
      ,#6439,#6440,#6441,#6442,#6443,#6444,#6445,#6446,#6447,#6448,#6449
      ,#6450,#6451,#6452,#6453,#6454,#6455,#6456,#6457,#6458,#6459,#6460
      ,#6461,#6462,#6463,#6464,#6465,#6466,#6467,#6468,#6469,#6470,#6471
      ,#6472,#6473,#6474,#6475,#6476,#6477,#6478,#6479,#6480,#6481,#6482
      ,#6483,#6484)
    ,(#6485,#6486,#6487,#6488,#6489,#6490,#6491,#6492,#6493,#6494,#6495
      ,#6496,#6497,#6498,#6499,#6500,#6501,#6502,#6503,#6504,#6505,#6506
      ,#6507,#6508,#6509,#6510,#6511,#6512,#6513,#6514,#6515,#6516,#6517
      ,#6518,#6519,#6520,#6521,#6522,#6523,#6524,#6525,#6526,#6527,#6528
      ,#6529,#6530,#6531,#6532,#6533,#6534,#6535,#6536,#6537,#6538,#6539
      ,#6540,#6541,#6542,#6543,#6544,#6545,#6546,#6547,#6548,#6549,#6550
      ,#6551,#6552,#6553,#6554,#6555,#6556,#6557,#6558,#6559,#6560,#6561
      ,#6562,#6563,#6564,#6565,#6566,#6567,#6568,#6569,#6570,#6571,#6572
      ,#6573,#6574,#6575,#6576,#6577,#6578,#6579,#6580,#6581,#6582,#6583
      ,#6584,#6585,#6586,#6587,#6588,#6589,#6590,#6591,#6592,#6593,#6594
      ,#6595,#6596,#6597,#6598,#6599,#6600,#6601,#6602,#6603,#6604,#6605
      ,#6606,#6607,#6608,#6609,#6610,#6611,#6612,#6613,#6614,#6615,#6616
      ,#6617,#6618
)),.UNSPECIFIED.,.F.,.F.,.F.) B_SPLINE_SURFACE_WITH_KNOTS((3,3),(14,12,
    12,12,12,12,12,12,12,12,12,14),(0.,22.444415423266),(-2.592105011509
    ,0.,2.843849019365,5.687698038729,8.056874980553,10.426051922377,
    11.622301949448,12.69157777641,15.610656588308,18.350555744346,
    19.632267123294,19.852310411757),.UNSPECIFIED.) 
GEOMETRIC_REPRESENTATION_ITEM() RATIONAL_B_SPLINE_SURFACE((
    (1.,1.,0.999999999999,1.000000000003,0.999999999995,1.000000000008
      ,0.99999999999,1.00000000001,0.999999999992,1.000000000005
      ,0.999999999997,1.000000000001,1.,1.,0.999999999999,1.000000000003
      ,0.999999999994,1.000000000009,0.999999999988,1.000000000012
      ,0.99999999999,1.000000000006,0.999999999997,1.000000000001,1.,1.
      ,1.,1.,1.000000000001,0.999999999997,1.000000000004,0.999999999996
      ,1.000000000003,0.999999999998,1.000000000001,1.,1.,1.
      ,1.000000000001,0.999999999998,1.000000000004,0.999999999994
      ,1.000000000006,0.999999999994,1.000000000004,0.999999999997
      ,1.000000000001,0.999999999999,1.,1.,1.000000000001,0.999999999997
      ,1.000000000005,0.999999999992,1.00000000001,0.999999999991
      ,1.000000000007,0.999999999996,1.000000000002,0.999999999999,1.,1.
      ,0.999999999999,1.000000000002,0.999999999997,1.000000000005
      ,0.999999999994,1.000000000005,0.999999999996,1.000000000002
      ,0.999999999999,1.,1.,1.,1.,1.,1.,1.,1.,1.,1.,1.,1.,1.,1.,1.
      ,0.999999999999,1.000000000002,0.999999999995,1.000000000007
      ,0.999999999991,1.000000000009,0.999999999993,1.000000000005
      ,0.999999999998,1.000000000001,1.,1.,0.999999999999,1.000000000002
      ,0.999999999997,1.000000000005,0.999999999994,1.000000000006
      ,0.999999999995,1.000000000003,0.999999999998,1.,1.,1.
      ,1.000000000001,0.999999999998,1.000000000003,0.999999999995
      ,1.000000000006,0.999999999995,1.000000000004,0.999999999998
      ,1.000000000001,1.,1.,1.,0.999999999999,1.000000000002
      ,0.999999999995,1.000000000007,0.999999999992,1.000000000007
      ,0.999999999994,1.000000000003,0.999999999998,1.000000000001,1.,1.
      )
    ,(0.951938667369,0.952545835955,0.953141158437,0.953726592767
      ,0.954304042442,0.954875356572,0.955442329753,0.956006702264
      ,0.956570159813,0.957134333811,0.957700801123,0.95827108426
      ,0.958846651254,0.960067729445,0.960714479802,0.961376086741
      ,0.962011382695,0.962822447318,0.963192911048,0.964484089801
      ,0.964514570207,0.96584861261,0.966364261334,0.967227292523
      ,0.968020703258,0.969645783084,0.97046836697,0.971300122588
      ,0.972140071212,0.972987147542,0.973840200948,0.974697977935
      ,0.97555908605,0.976421938901,0.97728468268,0.978145103812
      ,0.979000518029,0.980553368516,0.98125442353,0.981949417412
      ,0.982638086732,0.983320711201,0.983997723198,0.984669475805
      ,0.985336137382,0.985997679714,0.986653927855,0.987304638769
      ,0.987949576692,0.989227528454,0.989860187021,0.990486287474
      ,0.991104338147,0.991713209815,0.992311926721,0.992898995434
      ,0.993472081958,0.994028294484,0.994564780194,0.995078791349
      ,0.995565826442,0.99624014215,0.9964553738,0.996659631943
      ,0.996848810236,0.997016367427,0.997154825315,0.997257053375
      ,0.997317336552,0.997332223682,0.997301152934,0.997226851676
      ,0.997115507356,0.996852638519,0.996706956226,0.996543152921
      ,0.996364273431,0.996172962846,0.995971512126,0.995761887282
      ,0.995545729281,0.995324311153,0.995098439544,0.994868287223
      ,0.994633143658,0.993730220189,0.993027906904,0.992242915029
      ,0.991369349217,0.990336948254,0.989174751399,0.987887508257
      ,0.986447270695,0.984899702819,0.983319223624,0.981681080736
      ,0.980082236226,0.977083538515,0.975684602146,0.974288794529
      ,0.972878255241,0.971450009019,0.970006303418,0.968550023244
      ,0.96708325916,0.965607511015,0.964124409018,0.962636239056
      ,0.961145961112,0.958960196474,0.958271481593,0.957514600428
      ,0.95705758764,0.955788600128,0.956021340739,0.95435380336
      ,0.95430158709,0.953379708846,0.952792496216,0.95214683152
      ,0.951522590961,0.950806446603,0.950701902084,0.950597744947
      ,0.950493974646,0.950390590685,0.950287592479,0.95018497957
      ,0.950082751352,0.949980907362,0.949879447022,0.94977836983
      ,0.949677675244,0.949577362737)
    ,(1.,1.,0.999999999999,1.000000000003,0.999999999995,1.000000000008
      ,0.99999999999,1.00000000001,0.999999999992,1.000000000005
      ,0.999999999997,1.000000000001,1.,1.,0.999999999999,1.000000000003
      ,0.999999999994,1.000000000009,0.999999999988,1.000000000012
      ,0.99999999999,1.000000000006,0.999999999997,1.000000000001,1.,1.
      ,1.,1.,1.000000000001,0.999999999997,1.000000000004,0.999999999996
      ,1.000000000003,0.999999999998,1.000000000001,1.,1.,1.
      ,1.000000000001,0.999999999998,1.000000000004,0.999999999994
      ,1.000000000006,0.999999999994,1.000000000004,0.999999999997
      ,1.000000000001,0.999999999999,1.,1.,1.000000000001,0.999999999997
      ,1.000000000005,0.999999999992,1.00000000001,0.999999999991
      ,1.000000000007,0.999999999996,1.000000000002,0.999999999999,1.,1.
      ,0.999999999999,1.000000000002,0.999999999997,1.000000000005
      ,0.999999999994,1.000000000005,0.999999999996,1.000000000002
      ,0.999999999999,1.,1.,1.,1.,1.,1.,1.,1.,1.,1.,1.,1.,1.,1.,1.
      ,0.999999999999,1.000000000002,0.999999999995,1.000000000007
      ,0.999999999991,1.000000000009,0.999999999993,1.000000000005
      ,0.999999999998,1.000000000001,1.,1.,0.999999999999,1.000000000002
      ,0.999999999997,1.000000000005,0.999999999994,1.000000000006
      ,0.999999999995,1.000000000003,0.999999999998,1.,1.,1.
      ,1.000000000001,0.999999999998,1.000000000003,0.999999999995
      ,1.000000000006,0.999999999995,1.000000000004,0.999999999998
      ,1.000000000001,1.,1.,1.,0.999999999999,1.000000000002
      ,0.999999999995,1.000000000007,0.999999999992,1.000000000007
      ,0.999999999994,1.000000000003,0.999999999998,1.000000000001,1.,1.
))) REPRESENTATION_ITEM('') SURFACE() );
#6217 = CARTESIAN_POINT('',(57.552356733856,26.96779202723,
    137.82466442276));
#6218 = CARTESIAN_POINT('',(57.517098619401,26.949023306445,
    137.97387793392));
#6219 = CARTESIAN_POINT('',(57.481801224248,26.930389744766,
    138.12311937448));
#6220 = CARTESIAN_POINT('',(57.446447882894,26.91188769233,
    138.27238690726));
#6221 = CARTESIAN_POINT('',(57.411019524036,26.893513311816,
    138.42167766386));
#6222 = CARTESIAN_POINT('',(57.375494670511,26.875262578442,
    138.57098774443));
#6223 = CARTESIAN_POINT('',(57.339849439416,26.857131279971,
    138.72031221808));
#6224 = CARTESIAN_POINT('',(57.304057541909,26.839115016706,
    138.86964512229));
#6225 = CARTESIAN_POINT('',(57.268090283486,26.821209201487,
    139.0189794636));
#6226 = CARTESIAN_POINT('',(57.231916563655,26.803409059709,
    139.16830721692));
#6227 = CARTESIAN_POINT('',(57.195502876259,26.785709629288,
    139.31761932616));
#6228 = CARTESIAN_POINT('',(57.15881330921,26.768105760701,
    139.4669057037));
#6229 = CARTESIAN_POINT('',(57.121809544669,26.750592116955,
    139.61615523077));
#6230 = CARTESIAN_POINT('',(57.043463915406,26.714041539548,
    139.92904656798));
#6231 = CARTESIAN_POINT('',(57.002063792169,26.695026033715,
    140.09268276981));
#6232 = CARTESIAN_POINT('',(56.960007141698,26.676070398986,
    140.25622901037));
#6233 = CARTESIAN_POINT('',(56.918164798391,26.657319067021,
    140.41998212362));
#6234 = CARTESIAN_POINT('',(56.873257778781,26.638345371715,
    140.58296425584));
#6235 = CARTESIAN_POINT('',(56.832970216744,26.619884842905,
    140.74747499397));
#6236 = CARTESIAN_POINT('',(56.783271465656,26.601095174536,
    140.90942044671));
#6237 = CARTESIAN_POINT('',(56.742831134951,26.58238431736,
    141.07413765429));
#6238 = CARTESIAN_POINT('',(56.692851930444,26.564107122159,
    141.23638840058));
#6239 = CARTESIAN_POINT('',(56.646343290202,26.545359401688,
    141.39968582652));
#6240 = CARTESIAN_POINT('',(56.597083194349,26.526915711947,
    141.5624044149));
#6241 = CARTESIAN_POINT('',(56.546974738891,26.508451509671,
    141.72503253077));
#6242 = CARTESIAN_POINT('',(56.444199058874,26.471679260258,
    142.04990431131));
#6243 = CARTESIAN_POINT('',(56.391569698679,26.453361801953,
    142.21215473367));
#6244 = CARTESIAN_POINT('',(56.337642325346,26.435128748314,
    142.37421644188));
#6245 = CARTESIAN_POINT('',(56.282364490471,26.416997111829,
    142.5360797659));
#6246 = CARTESIAN_POINT('',(56.225682206865,26.398985874043,
    142.69773180687));
#6247 = CARTESIAN_POINT('',(56.167537594545,26.38111686938,
    142.85915541423));
#6248 = CARTESIAN_POINT('',(56.107869756655,26.363415858036,
    143.02032394512));
#6249 = CARTESIAN_POINT('',(56.046618884454,26.34591378783,
    143.18119180604));
#6250 = CARTESIAN_POINT('',(55.983733592391,26.328648245137,
    143.34168077666));
#6251 = CARTESIAN_POINT('',(55.919181482265,26.311665094795,
    143.50166211591));
#6252 = CARTESIAN_POINT('',(55.852962937285,26.295020309061,
    143.6609344503));
#6253 = CARTESIAN_POINT('',(55.785128145483,26.278781985576,
    143.81919744445));
#6254 = CARTESIAN_POINT('',(55.658038690383,26.249911889695,
    144.10666931244));
#6255 = CARTESIAN_POINT('',(55.59929991967,26.237143522349,
    144.23619328567));
#6256 = CARTESIAN_POINT('',(55.539449410908,26.224727604565,
    144.36479261139));
#6257 = CARTESIAN_POINT('',(55.478394633388,26.212675362807,
    144.49259679613));
#6258 = CARTESIAN_POINT('',(55.416041658499,26.201004408708,
    144.6197056805));
#6259 = CARTESIAN_POINT('',(55.3522776503,26.189736600778,
    144.74621238828));
#6260 = CARTESIAN_POINT('',(55.286969379753,26.178897924354,
    144.87221192019));
#6261 = CARTESIAN_POINT('',(55.219970799009,26.168519856747,
    144.99779835114));
#6262 = CARTESIAN_POINT('',(55.151132711818,26.15864168533,
    145.12305359307));
#6263 = CARTESIAN_POINT('',(55.080307576514,26.149313245339,
    145.24803068137));
#6264 = CARTESIAN_POINT('',(55.007342477641,26.140597545167,
    145.37273454709));
#6265 = CARTESIAN_POINT('',(54.932053302617,26.132572746047,
    145.49710323353));
#6266 = CARTESIAN_POINT('',(54.776293016565,26.118093181308,
    145.74488180346));
#6267 = CARTESIAN_POINT('',(54.69583277846,26.111643227442,
    145.86827553625));
#6268 = CARTESIAN_POINT('',(54.612564136142,26.106060475284,
    145.99112401812));
#6269 = CARTESIAN_POINT('',(54.526236654706,26.101484340404,
    146.11313773711));
#6270 = CARTESIAN_POINT('',(54.436582806985,26.098049857074,
    146.23406699059));
#6271 = CARTESIAN_POINT('',(54.343289483267,26.095904575961,
    146.35366301645));
#6272 = CARTESIAN_POINT('',(54.245969457617,26.095242159136,
    146.47156724695));
#6273 = CARTESIAN_POINT('',(54.144138376579,26.096318454423,
    146.58726905707));
#6274 = CARTESIAN_POINT('',(54.037174922297,26.099448239121,
    146.70016613592));
#6275 = CARTESIAN_POINT('',(53.92421388743,26.105013228601,
    146.80965536779));
#6276 = CARTESIAN_POINT('',(53.803893985394,26.113544353611,
    146.9150758661));
#6277 = CARTESIAN_POINT('',(53.673854305021,26.125973715681,
    147.01521956155));
#6278 = CARTESIAN_POINT('',(53.457132114228,26.153378833763,
    147.15336982537));
#6279 = CARTESIAN_POINT('',(53.380708922391,26.164065250389,
    147.19769355575));
#6280 = CARTESIAN_POINT('',(53.299695480029,26.176544187621,
    147.23973499521));
#6281 = CARTESIAN_POINT('',(53.213846872463,26.19110173682,
    147.27855590366));
#6282 = CARTESIAN_POINT('',(53.123401295055,26.207996179754,
    147.31276587975));
#6283 = CARTESIAN_POINT('',(53.028964593862,26.227432256476,
    147.34076871343));
#6284 = CARTESIAN_POINT('',(52.931425499835,26.24952733515,
    147.36100972416));
#6285 = CARTESIAN_POINT('',(52.831895385042,26.274274117112,
    147.37221009614));
#6286 = CARTESIAN_POINT('',(52.731666369527,26.301504509928,
    147.37357422495));
#6287 = CARTESIAN_POINT('',(52.63218160717,26.330859301925,
    147.3649560864));
#6288 = CARTESIAN_POINT('',(52.535011579248,26.361768270868,
    147.34697064209));
#6289 = CARTESIAN_POINT('',(52.441830224032,26.393445360223,
    147.32103629289));
#6290 = CARTESIAN_POINT('',(52.276221011406,26.453022667509,
    147.26099744668));
#6291 = CARTESIAN_POINT('',(52.20256956935,26.480991527498,
    147.2280297502));
#6292 = CARTESIAN_POINT('',(52.132773478918,26.508807773491,
    147.19122500362));
#6293 = CARTESIAN_POINT('',(52.066446356393,26.536422225357,
    147.15125725758));
#6294 = CARTESIAN_POINT('',(52.003333948563,26.563771843327,
    147.10870263772));
#6295 = CARTESIAN_POINT('',(51.943229237535,26.590799569473,
    147.06405427574));
#6296 = CARTESIAN_POINT('',(51.885928390522,26.61746458993,
    147.01773028655));
#6297 = CARTESIAN_POINT('',(51.831214882633,26.643746555171,
    146.97007463423));
#6298 = CARTESIAN_POINT('',(51.778859121127,26.669647295881,
    146.92135072375));
#6299 = CARTESIAN_POINT('',(51.728620899135,26.695193571663,
    146.87172756195));
#6300 = CARTESIAN_POINT('',(51.68024200728,26.720444390155,
    146.82125832494));
#6301 = CARTESIAN_POINT('',(51.633416331268,26.745506433821,
    146.7698511743));
#6302 = CARTESIAN_POINT('',(51.462988673112,26.838959422146,
    146.5735844286));
#6303 = CARTESIAN_POINT('',(51.345995512109,26.907724226686,
    146.41993904213));
#6304 = CARTESIAN_POINT('',(51.228739568712,26.980506642836,
    146.25035080054));
#6305 = CARTESIAN_POINT('',(51.108059122549,27.05973774991,
    146.05831729563));
#6306 = CARTESIAN_POINT('',(50.982750365218,27.1469168066,
    145.83945755982));
#6307 = CARTESIAN_POINT('',(50.854124311181,27.242322836053,
    145.59150882063));
#6308 = CARTESIAN_POINT('',(50.724303235769,27.345389578131,
    145.31477408668));
#6309 = CARTESIAN_POINT('',(50.595374307935,27.454933782182,
    145.01245734694));
#6310 = CARTESIAN_POINT('',(50.469884361825,27.568968991435,
    144.69050455998));
#6311 = CARTESIAN_POINT('',(50.350594903006,27.684660675548,
    144.35723154807));
#6312 = CARTESIAN_POINT('',(50.23920713108,27.79892843456,
    144.02264645238));
#6313 = CARTESIAN_POINT('',(50.136962581557,27.909276949625,
    143.69632447845));
#6314 = CARTESIAN_POINT('',(49.957593714662,28.111896732253,
    143.08930366648));
#6315 = CARTESIAN_POINT('',(49.879078299049,28.205118390339,
    142.8063846822));
#6316 = CARTESIAN_POINT('',(49.805172725944,28.296672545727,
    142.5250122408));
#6317 = CARTESIAN_POINT('',(49.734821887625,28.387518072702,
    142.24194001889));
#6318 = CARTESIAN_POINT('',(49.667934121892,28.477623466898,
    141.95675227351));
#6319 = CARTESIAN_POINT('',(49.604585175104,28.566658525978,
    141.66996996991));
#6320 = CARTESIAN_POINT('',(49.544761614418,28.654306154063,
    141.38215347168));
#6321 = CARTESIAN_POINT('',(49.488364273958,28.740349529674,
    141.09361824974));
#6322 = CARTESIAN_POINT('',(49.435278373145,28.824652961135,
    140.80446404399));
#6323 = CARTESIAN_POINT('',(49.385402996083,28.907117837572,
    140.51470188802));
#6324 = CARTESIAN_POINT('',(49.338618674804,28.98765816771,
    140.22434738552));
#6325 = CARTESIAN_POINT('',(49.294757869903,29.066203282952,
    139.9334326026));
#6326 = CARTESIAN_POINT('',(49.234536182914,29.178482389341,
    139.50562950948));
#6327 = CARTESIAN_POINT('',(49.215985226964,29.21381059848,
    139.36916323859));
#6328 = CARTESIAN_POINT('',(49.197817517806,29.248758884296,
    139.23261977813));
#6329 = CARTESIAN_POINT('',(49.181250892701,29.282867652331,
    139.0957733597));
#6330 = CARTESIAN_POINT('',(49.162373443005,29.317751170438,
    138.95939483765));
#6331 = CARTESIAN_POINT('',(49.149776469096,29.349365217227,
    138.82167057197));
#6332 = CARTESIAN_POINT('',(49.129783286792,29.385030180609,
    138.68571756358));
#6333 = CARTESIAN_POINT('',(49.118023257297,29.415100700148,
    138.54764678296));
#6334 = CARTESIAN_POINT('',(49.101829163174,29.448559864064,
    138.41091929275));
#6335 = CARTESIAN_POINT('',(49.088326286025,29.479693858492,
    138.27341478597));
#6336 = CARTESIAN_POINT('',(49.074596921707,29.511154885991,
    138.13608237766));
#6337 = CARTESIAN_POINT('',(49.06140078959,29.542165184447,
    137.9986500667));
#6338 = CARTESIAN_POINT('',(49.046363287031,29.578202297497,
    137.83757930965));
#6339 = CARTESIAN_POINT('',(49.044170924369,29.583474687352,
    137.81397732963));
#6340 = CARTESIAN_POINT('',(49.041989398874,29.588739342278,
    137.79037414671));
#6341 = CARTESIAN_POINT('',(49.039818553518,29.59399644393,
    137.76676978635));
#6342 = CARTESIAN_POINT('',(49.037658231173,29.599246174003,
    137.74316427388));
#6343 = CARTESIAN_POINT('',(49.035508274884,29.604488714118,
    137.71955763482));
#6344 = CARTESIAN_POINT('',(49.033368527454,29.609724246001,
    137.69594989446));
#6345 = CARTESIAN_POINT('',(49.031238831964,29.614952951255,
    137.67234107833));
#6346 = CARTESIAN_POINT('',(49.029119031229,29.620175011605,
    137.64873121174));
#6347 = CARTESIAN_POINT('',(49.027008968276,29.625390608674,
    137.62512032018));
#6348 = CARTESIAN_POINT('',(49.024908485992,29.630599924156,
    137.60150842901));
#6349 = CARTESIAN_POINT('',(49.022817427341,29.635803139704,
    137.57789556367));
#6350 = CARTESIAN_POINT('',(49.020735635252,29.641000436991,
    137.55428174956));
#6351 = CARTESIAN_POINT('',(57.400331589358,27.013270620401,
    137.79818364602));
#6352 = CARTESIAN_POINT('',(57.366222315943,26.994303343603,
    137.94711477933));
#6353 = CARTESIAN_POINT('',(57.332055985355,26.975479022114,
    138.09609924294));
#6354 = CARTESIAN_POINT('',(57.297819024708,26.956791638169,
    138.24513403737));
#6355 = CARTESIAN_POINT('',(57.26349536621,26.938235059688,
    138.39421528907));
#6356 = CARTESIAN_POINT('',(57.229066445193,26.919803032083,
    138.54333829422));
#6357 = CARTESIAN_POINT('',(57.194511198275,26.901489170363,
    138.69249756257));
#6358 = CARTESIAN_POINT('',(57.159806062232,26.883286951716,
    138.84168686115));
#6359 = CARTESIAN_POINT('',(57.124924973034,26.865189708291,
    138.99089925819));
#6360 = CARTESIAN_POINT('',(57.089839365982,26.847190620518,
    139.14012716684));
#6361 = CARTESIAN_POINT('',(57.054518176169,26.82928271058,
    139.28936238937));
#6362 = CARTESIAN_POINT('',(57.018927840156,26.811458836388,
    139.43859616114));
#6363 = CARTESIAN_POINT('',(56.98303229831,26.793711685779,
    139.58781919494));
#6364 = CARTESIAN_POINT('',(56.907084722616,26.75666365332,
    139.90050653911));
#6365 = CARTESIAN_POINT('',(56.866979129418,26.737381719057,
    140.06396360234));
#6366 = CARTESIAN_POINT('',(56.826249453706,26.718135362541,
    140.22734354802));
#6367 = CARTESIAN_POINT('',(56.785728207899,26.699139172411,
    140.39079673094));
#6368 = CARTESIAN_POINT('',(56.742390961512,26.679637510188,
    140.55378967175));
#6369 = CARTESIAN_POINT('',(56.703101222191,26.661372400936,
    140.71751870903));
#6370 = CARTESIAN_POINT('',(56.655749124254,26.641290825601,
    140.87984451756));
#6371 = CARTESIAN_POINT('',(56.615788678966,26.623321829467,
    141.04362492582));
#6372 = CARTESIAN_POINT('',(56.568345390908,26.60370660232,
    141.20590964798));
#6373 = CARTESIAN_POINT('',(56.523076713499,26.58492358975,
    141.36881877083));
#6374 = CARTESIAN_POINT('',(56.4756533279,26.565898288785,
    141.53127576081));
#6375 = CARTESIAN_POINT('',(56.427282356539,26.546960985142,
    141.69365727599));
#6376 = CARTESIAN_POINT('',(56.328169712776,26.509211927717,
    142.01782470381));
#6377 = CARTESIAN_POINT('',(56.277456163212,26.490405443888,
    142.17961135973));
#6378 = CARTESIAN_POINT('',(56.225485589163,26.471666880514,
    142.34124042757));
#6379 = CARTESIAN_POINT('',(56.172204638347,26.453013699347,
    142.50270534796));
#6380 = CARTESIAN_POINT('',(56.117558955751,26.43446564059,
    142.6639940112));
#6381 = CARTESIAN_POINT('',(56.061490588999,26.416045482981,
    142.82508872599));
#6382 = CARTESIAN_POINT('',(56.003938657768,26.397780038073,
    142.98596166323));
#6383 = CARTESIAN_POINT('',(55.944843259133,26.379701375028,
    143.14656582392));
#6384 = CARTESIAN_POINT('',(55.884152579736,26.361848272226,
    143.30682158039));
#6385 = CARTESIAN_POINT('',(55.821833184913,26.344267892614,
    143.46659883837));
#6386 = CARTESIAN_POINT('',(55.757883454729,26.327017679842,
    143.62569486576));
#6387 = CARTESIAN_POINT('',(55.692350137531,26.31016747327,
    143.78380782967));
#6388 = CARTESIAN_POINT('',(55.569617698031,26.280189417334,
    144.07084279628));
#6389 = CARTESIAN_POINT('',(55.512876653645,26.266910978037,
    144.20020494182));
#6390 = CARTESIAN_POINT('',(55.455043290724,26.253981720615,
    144.32866149111));
#6391 = CARTESIAN_POINT('',(55.396041999883,26.241415900375,
    144.45630736375));
#6392 = CARTESIAN_POINT('',(55.335778409324,26.229228773812,
    144.58325369264));
#6393 = CARTESIAN_POINT('',(55.274132846446,26.217438561144,
    144.70961840771));
#6394 = CARTESIAN_POINT('',(55.210965740883,26.206068418614,
    144.83551671292));
#6395 = CARTESIAN_POINT('',(55.146128751043,26.195148405777,
    144.9610510812));
#6396 = CARTESIAN_POINT('',(55.079475419175,26.184717430141,
    145.08630042712));
#6397 = CARTESIAN_POINT('',(55.010865180559,26.174825145937,
    145.21130815771));
#6398 = CARTESIAN_POINT('',(54.940154571131,26.165533781879,
    145.33606883278));
#6399 = CARTESIAN_POINT('',(54.867169493616,26.156919868321,
    145.46051320323));
#6400 = CARTESIAN_POINT('',(54.716232893603,26.141241930283,
    145.7083094872));
#6401 = CARTESIAN_POINT('',(54.638295434932,26.134181619334,
    145.83164717703));
#6402 = CARTESIAN_POINT('',(54.557624242675,26.127967546676,
    145.9544596136));
#6403 = CARTESIAN_POINT('',(54.473971728734,26.122741034625,
    146.07644403935));
#6404 = CARTESIAN_POINT('',(54.387078156909,26.118634212568,
    146.19735254164));
#6405 = CARTESIAN_POINT('',(54.296640065832,26.115788636312,
    146.31694918519));
#6406 = CARTESIAN_POINT('',(54.202277687309,26.114393486816,
    146.43488369976));
#6407 = CARTESIAN_POINT('',(54.103515704029,26.114703142204,
    146.55063809899));
#6408 = CARTESIAN_POINT('',(53.999755677779,26.117030352386,
    146.66358815671));
#6409 = CARTESIAN_POINT('',(53.890182241218,26.121747451352,
    146.77310847956));
#6410 = CARTESIAN_POINT('',(53.773508558062,26.12936407567,
    146.87853788101));
#6411 = CARTESIAN_POINT('',(53.647429418287,26.140785823989,
    146.97871067219));
#6412 = CARTESIAN_POINT('',(53.437063235211,26.166527034598,
    147.11703922646));
#6413 = CARTESIAN_POINT('',(53.363008891505,26.176609512785,
    147.16133389422));
#6414 = CARTESIAN_POINT('',(53.284516394034,26.188440315471,
    147.20335009128));
#6415 = CARTESIAN_POINT('',(53.201328239617,26.202304243353,
    147.24216626172));
#6416 = CARTESIAN_POINT('',(53.113681821484,26.218459798732,
    147.27638612245));
#6417 = CARTESIAN_POINT('',(53.022177778956,26.237113557397,
    147.30440477159));
#6418 = CARTESIAN_POINT('',(52.927688119037,26.258386371581,
    147.32466532253));
#6419 = CARTESIAN_POINT('',(52.83129508143,26.282276228328,
    147.3358945999));
#6420 = CARTESIAN_POINT('',(52.734251649107,26.308622572519,
    147.33730658086));
#6421 = CARTESIAN_POINT('',(52.63795452778,26.337076915075,
    147.32876231583));
#6422 = CARTESIAN_POINT('',(52.543920341393,26.367084586133,
    147.31087497753));
#6423 = CARTESIAN_POINT('',(52.453755722701,26.397882562402,
    147.28504846814));
#6424 = CARTESIAN_POINT('',(52.293432569368,26.455909629463,
    147.22517476434));
#6425 = CARTESIAN_POINT('',(52.222161371999,26.483171664685,
    147.192292197));
#6426 = CARTESIAN_POINT('',(52.154620393908,26.510312347704,
    147.15556763086));
#6427 = CARTESIAN_POINT('',(52.090429459787,26.537282498351,
    147.11567038862));
#6428 = CARTESIAN_POINT('',(52.029349478828,26.564015406797,
    147.07317676206));
#6429 = CARTESIAN_POINT('',(51.971187829444,26.590450092913,
    147.02858178622));
#6430 = CARTESIAN_POINT('',(51.915750878737,26.616542750845,
    146.98230617808));
#6431 = CARTESIAN_POINT('',(51.862828709909,26.642270817463,
    146.93469709128));
#6432 = CARTESIAN_POINT('',(51.812197116354,26.667634109854,
    146.88602132786));
#6433 = CARTESIAN_POINT('',(51.763621900079,26.692657486238,
    146.83644963354));
#6434 = CARTESIAN_POINT('',(51.716850482496,26.717399494952,
    146.78603069431));
#6435 = CARTESIAN_POINT('',(51.67157580552,26.741971487841,
    146.73465343771));
#6436 = CARTESIAN_POINT('',(51.506533537979,26.833790237756,
    146.53811360537));
#6437 = CARTESIAN_POINT('',(51.393592939277,26.901234711924,
    146.38460232518));
#6438 = CARTESIAN_POINT('',(51.280430197633,26.972652794362,
    146.21521580089));
#6439 = CARTESIAN_POINT('',(51.163720744011,27.050586037855,
    146.02304659556));
#6440 = CARTESIAN_POINT('',(51.042655307593,27.136423134594,
    145.80385997315));
#6441 = CARTESIAN_POINT('',(50.918437000312,27.230420165618,
    145.5554491865));
#6442 = CARTESIAN_POINT('',(50.793136208773,27.331997568359,
    145.2782239115));
#6443 = CARTESIAN_POINT('',(50.668968005795,27.43992959128,
    144.97556772174));
#6444 = CARTESIAN_POINT('',(50.548354372562,27.552215043573,
    144.65355109688));
#6445 = CARTESIAN_POINT('',(50.433812878774,27.666046964241,
    144.32056257631));
#6446 = CARTESIAN_POINT('',(50.327154911129,27.77840929671,
    143.98657544222));
#6447 = CARTESIAN_POINT('',(50.229324568095,27.886888735771,
    143.66098024212));
#6448 = CARTESIAN_POINT('',(50.057447356746,28.086620253119,
    143.05370752795));
#6449 = CARTESIAN_POINT('',(49.982295665462,28.178530918314,
    142.77065609362));
#6450 = CARTESIAN_POINT('',(49.911675821405,28.26876035623,
    142.48930350869));
#6451 = CARTESIAN_POINT('',(49.844564411661,28.358277034077,
    142.20633185805));
#6452 = CARTESIAN_POINT('',(49.780887024834,28.447045123594,
    141.92134512772));
#6453 = CARTESIAN_POINT('',(49.720725942937,28.534731352427,
    141.63489854601));
#6454 = CARTESIAN_POINT('',(49.664067270532,28.621021679117,
    141.3475707672));
#6455 = CARTESIAN_POINT('',(49.610808482781,28.705707073387,
    141.05967745543));
#6456 = CARTESIAN_POINT('',(49.560831736573,28.788660768289,
    140.7713103759));
#6457 = CARTESIAN_POINT('',(49.514034107586,28.869791646864,
    140.48247361844));
#6458 = CARTESIAN_POINT('',(49.470293209886,28.949019900485,
    140.1931781511));
#6459 = CARTESIAN_POINT('',(49.429435436719,29.026281698932,
    139.90344771492));
#6460 = CARTESIAN_POINT('',(49.373514241541,29.136810039461,
    139.47723632558));
#6461 = CARTESIAN_POINT('',(49.356282490926,29.17163876139,
    139.34108577612));
#6462 = CARTESIAN_POINT('',(49.339573403562,29.206114179551,
    139.20491257464));
#6463 = CARTESIAN_POINT('',(49.323821681927,29.239660294326,
    139.06836284164));
#6464 = CARTESIAN_POINT('',(49.30746418405,29.274276080516,
    138.93244083834));
#6465 = CARTESIAN_POINT('',(49.294242887508,29.305055761185,
    138.79518137271));
#6466 = CARTESIAN_POINT('',(49.277553219983,29.340677263184,
    138.65938913529));
#6467 = CARTESIAN_POINT('',(49.265785637739,29.370001303693,
    138.5221189828));
#6468 = CARTESIAN_POINT('',(49.251331891535,29.403133627377,
    138.38564178008));
#6469 = CARTESIAN_POINT('',(49.238900190166,29.433779951993,
    138.24872217858));
#6470 = CARTESIAN_POINT('',(49.226346538725,29.46479402804,
    138.11187934589));
#6471 = CARTESIAN_POINT('',(49.214278875259,29.49535313147,
    137.97497133052));
#6472 = CARTESIAN_POINT('',(49.200524214056,29.530865549333,
    137.81450806324));
#6473 = CARTESIAN_POINT('',(49.19851759419,29.53606436476,
    137.79098042326));
#6474 = CARTESIAN_POINT('',(49.196520885348,29.541255400577,
    137.76745202604));
#6475 = CARTESIAN_POINT('',(49.1945339332,29.546438832404,
    137.74392290193));
#6476 = CARTESIAN_POINT('',(49.192556583337,29.551614835911,
    137.72039308124));
#6477 = CARTESIAN_POINT('',(49.190588681219,29.556783586981,
    137.69686259429));
#6478 = CARTESIAN_POINT('',(49.188630072271,29.561945261445,
    137.67333147127));
#6479 = CARTESIAN_POINT('',(49.186680601746,29.567100035431,
    137.64979974246));
#6480 = CARTESIAN_POINT('',(49.184740114889,29.572248084974,
    137.62626743798));
#6481 = CARTESIAN_POINT('',(49.182808456774,29.577389586383,
    137.60273458799));
#6482 = CARTESIAN_POINT('',(49.180885472442,29.582524715946,
    137.57920122257));
#6483 = CARTESIAN_POINT('',(49.178971006806,29.587653650128,
    137.55566737178));
#6484 = CARTESIAN_POINT('',(49.177064904707,29.592776565459,
    137.53213306565));
#6485 = CARTESIAN_POINT('',(57.252900201596,26.960923935567,
    137.76070046282));
#6486 = CARTESIAN_POINT('',(57.219606211217,26.942992800934,
    137.90966484699));
#6487 = CARTESIAN_POINT('',(57.186251381992,26.925192750258,
    138.05866682998));
#6488 = CARTESIAN_POINT('',(57.152824421281,26.907519090571,
    138.20770555342));
#6489 = CARTESIAN_POINT('',(57.119311632812,26.889966982858,
    138.35677919326));
#6490 = CARTESIAN_POINT('',(57.085696916724,26.872531442042,
    138.50588495983));
#6491 = CARTESIAN_POINT('',(57.051961769486,26.855207337009,
    138.65501909779));
#6492 = CARTESIAN_POINT('',(57.018085284015,26.83798939057,
    138.80417688618));
#6493 = CARTESIAN_POINT('',(56.984044149531,26.820872179508,
    138.95335263835));
#6494 = CARTESIAN_POINT('',(56.949812651712,26.803850134532,
    139.10253970203));
#6495 = CARTESIAN_POINT('',(56.915362672552,26.786917540312,
    139.25173045931));
#6496 = CARTESIAN_POINT('',(56.880663690469,26.77006853546,
    139.40091632658));
#6497 = CARTESIAN_POINT('',(56.845682780239,26.753297112534,
    139.55008775465));
#6498 = CARTESIAN_POINT('',(56.771658304577,26.718275228019,
    139.86286573734));
#6499 = CARTESIAN_POINT('',(56.732563449619,26.700043198556,
    140.02647113804));
#6500 = CARTESIAN_POINT('',(56.692904152186,26.681861565859,
    140.18994560637));
#6501 = CARTESIAN_POINT('',(56.65340224197,26.663904301833,
    140.35349210526));
#6502 = CARTESIAN_POINT('',(56.611552830611,26.645591529233,
    140.51634009517));
#6503 = CARTESIAN_POINT('',(56.57274049616,26.628196540771,
    140.68014972218));
#6504 = CARTESIAN_POINT('',(56.527962935073,26.6095980243,
    140.84219431364));
#6505 = CARTESIAN_POINT('',(56.487900729219,26.592358171579,
    141.00573530111));
#6506 = CARTESIAN_POINT('',(56.443084706775,26.574199434867,
    141.16795331014));
#6507 = CARTESIAN_POINT('',(56.398849415599,26.556462637311,
    141.330448677));
#6508 = CARTESIAN_POINT('',(56.353170806529,26.538654394865,
    141.49265649754));
#6509 = CARTESIAN_POINT('',(56.306455534828,26.520907612939,
    141.65471077467));
#6510 = CARTESIAN_POINT('',(56.210729385321,26.485531142791,
    141.97848326694));
#6511 = CARTESIAN_POINT('',(56.161723998355,26.46790237017,
    142.14019964192));
#6512 = CARTESIAN_POINT('',(56.111518316066,26.450347169514,
    142.30175358508));
#6513 = CARTESIAN_POINT('',(56.060059546738,26.432881632719,
    142.46313959734));
#6514 = CARTESIAN_POINT('',(56.007294495951,26.415524252859,
    142.62434437422));
#6515 = CARTESIAN_POINT('',(55.953167015086,26.398296557363,
    142.78534749471));
#6516 = CARTESIAN_POINT('',(55.897618492174,26.381223955392,
    142.94611766594));
#6517 = CARTESIAN_POINT('',(55.8405913855,26.364336799688,
    143.10660452364));
#6518 = CARTESIAN_POINT('',(55.782035799426,26.347671662545,
    143.26672598852));
#6519 = CARTESIAN_POINT('',(55.721919103017,26.331272826293,
    143.42635117833));
#6520 = CARTESIAN_POINT('',(55.660238590931,26.315193987921,
    143.58527887586));
#6521 = CARTESIAN_POINT('',(55.597037186995,26.299500178141,
    143.74321155266));
#6522 = CARTESIAN_POINT('',(55.478592201508,26.271581725898,
    144.03011440549));
#6523 = CARTESIAN_POINT('',(55.423742708014,26.259204173742,
    144.15963147379));
#6524 = CARTESIAN_POINT('',(55.367838093781,26.24716311608,
    144.28822781912));
#6525 = CARTESIAN_POINT('',(55.310818317057,26.235474684314,
    144.41596870088));
#6526 = CARTESIAN_POINT('',(55.252588888273,26.224152138606,
    144.54297762721));
#6527 = CARTESIAN_POINT('',(55.193024450658,26.213210830986,
    144.6693971234));
#6528 = CARTESIAN_POINT('',(55.131980498556,26.202671642121,
    144.79536235558));
#6529 = CARTESIAN_POINT('',(55.069307767024,26.19256327812,
    144.92098435137));
#6530 = CARTESIAN_POINT('',(55.004863828327,26.182923812904,
    145.04633955936));
#6531 = CARTESIAN_POINT('',(54.938516428629,26.173801862687,
    145.17146248907));
#6532 = CARTESIAN_POINT('',(54.870133100421,26.165257778067,
    145.29633817336));
#6533 = CARTESIAN_POINT('',(54.799551584373,26.15736524015,
    145.42089119469));
#6534 = CARTESIAN_POINT('',(54.653499606857,26.143062052714,
    145.66904484023));
#6535 = CARTESIAN_POINT('',(54.578036927305,26.136657647758,
    145.79262484271));
#6536 = CARTESIAN_POINT('',(54.499937090746,26.131067834733,
    145.91566495522));
#6537 = CARTESIAN_POINT('',(54.418954668855,26.126432150734,
    146.03785256705));
#6538 = CARTESIAN_POINT('',(54.334839134829,26.12287720978,
    146.15894105839));
#6539 = CARTESIAN_POINT('',(54.247299456664,26.120536209532,
    146.27870549266));
#6540 = CARTESIAN_POINT('',(54.155965275609,26.119590043429,
    146.39680448461));
#6541 = CARTESIAN_POINT('',(54.060370413817,26.120285810752,
    146.51271633799));
#6542 = CARTESIAN_POINT('',(53.959938344219,26.122927268654,
    146.62579961914));
#6543 = CARTESIAN_POINT('',(53.853903144251,26.12787052076,
    146.73541041259));
#6544 = CARTESIAN_POINT('',(53.741053343844,26.135596988594,
    146.84089057661));
#6545 = CARTESIAN_POINT('',(53.619139966932,26.146974462696,
    146.94112339612));
#6546 = CARTESIAN_POINT('',(53.415379502207,26.172379534465,
    147.07974434915));
#6547 = CARTESIAN_POINT('',(53.343716520214,26.18228977659,
    147.12408093717));
#6548 = CARTESIAN_POINT('',(53.267768668372,26.193882883346,
    147.16613401852));
#6549 = CARTESIAN_POINT('',(53.187269333716,26.207433607123,
    147.20499489724));
#6550 = CARTESIAN_POINT('',(53.102457306082,26.22318666285,
    147.23925947248));
#6551 = CARTESIAN_POINT('',(53.013926062479,26.241334783153,
    147.26731567806));
#6552 = CARTESIAN_POINT('',(52.922524137675,26.261988099473,
    147.28760835694));
#6553 = CARTESIAN_POINT('',(52.829294058527,26.28513970522,
    147.29887400609));
#6554 = CARTESIAN_POINT('',(52.735437319721,26.310632257196,
    147.30033782972));
#6555 = CARTESIAN_POINT('',(52.642292878355,26.338130471309,
    147.29186553603));
#6556 = CARTESIAN_POINT('',(52.551316645113,26.367104368843,
    147.2740623155));
#6557 = CARTESIAN_POINT('',(52.464049449447,26.396828129304,
    147.24831143618));
#6558 = CARTESIAN_POINT('',(52.308775011484,26.452831883165,
    147.18852893481));
#6559 = CARTESIAN_POINT('',(52.239779617178,26.479114812628,
    147.15570219819));
#6560 = CARTESIAN_POINT('',(52.17437420348,26.50527426519,
    147.11902571572));
#6561 = CARTESIAN_POINT('',(52.112184409421,26.531267866937,
    147.07916311197));
#6562 = CARTESIAN_POINT('',(52.052986697595,26.55703100975,
    147.03668975505));
#6563 = CARTESIAN_POINT('',(51.996603765908,26.582503627453,
    146.99210165583));
#6564 = CARTESIAN_POINT('',(51.942853478953,26.607642883874,
    146.94582155046));
#6565 = CARTESIAN_POINT('',(51.891534041422,26.632427118836,
    146.89819959896));
#6566 = CARTESIAN_POINT('',(51.842428135857,26.656856398345,
    146.84950613602));
#6567 = CARTESIAN_POINT('',(51.795308747207,26.680955014932,
    146.79991390623));
#6568 = CARTESIAN_POINT('',(51.749929396448,26.704781284441,
    146.74946721984));
#6569 = CARTESIAN_POINT('',(51.70598150574,26.728449985249,
    146.69803546188));
#6570 = CARTESIAN_POINT('',(51.545668298765,26.816935052042,
    146.50114186496));
#6571 = CARTESIAN_POINT('',(51.436273707507,26.881719459911,
    146.34778040988));
#6572 = CARTESIAN_POINT('',(51.326614542341,26.950284056316,
    146.17861419483));
#6573 = CARTESIAN_POINT('',(51.213262613867,27.025209863469,
    145.98651178352));
#6574 = CARTESIAN_POINT('',(51.095634605948,27.107725593293,
    145.76716782151));
#6575 = CARTESIAN_POINT('',(50.974863169962,27.198084445611,
    145.51857431096));
#6576 = CARTESIAN_POINT('',(50.852897077055,27.29575133519,
    145.24113267211));
#6577 = CARTESIAN_POINT('',(50.731952241555,27.399510148684,
    144.9380971098));
#6578 = CARTESIAN_POINT('',(50.614356865301,27.507465540878,
    144.61555981131));
#6579 = CARTESIAN_POINT('',(50.502478569354,27.616982756835,
    144.28195202753));
#6580 = CARTESIAN_POINT('',(50.398276919579,27.725040748244,
    143.94721010816));
#6581 = CARTESIAN_POINT('',(50.302570854005,27.829395487172,
    143.62084115074));
#6582 = CARTESIAN_POINT('',(50.134391657523,28.021438347643,
    143.01232486991));
#6583 = CARTESIAN_POINT('',(50.060946599684,28.109617625426,
    142.72931646593));
#6584 = CARTESIAN_POINT('',(49.991895566892,28.196151415045,
    142.44809272687));
#6585 = CARTESIAN_POINT('',(49.926232631178,28.281985594728,
    142.16526667859));
#6586 = CARTESIAN_POINT('',(49.863887937574,28.367089641486,
    141.88041442205));
#6587 = CARTESIAN_POINT('',(49.804953077196,28.451137923771,
    141.59409494791));
#6588 = CARTESIAN_POINT('',(49.749428297987,28.533820478923,
    141.30690173908));
#6589 = CARTESIAN_POINT('',(49.697223679563,28.614931544693,
    141.01915800215));
#6590 = CARTESIAN_POINT('',(49.648228058001,28.694350123022,
    140.73094856348));
#6591 = CARTESIAN_POINT('',(49.602341140912,28.771992863783,
    140.44226265994));
#6592 = CARTESIAN_POINT('',(49.559445913193,28.847785564874,140.15310305
    ));
#6593 = CARTESIAN_POINT('',(49.519380088491,28.921665594682,
    139.86349806443));
#6594 = CARTESIAN_POINT('',(49.464582794628,29.027241096954,
    139.43774405818));
#6595 = CARTESIAN_POINT('',(49.447714821766,29.060461438205,
    139.30195455978));
#6596 = CARTESIAN_POINT('',(49.431426670815,29.093257574385,
    139.16606691167));
#6597 = CARTESIAN_POINT('',(49.415769913261,29.125530492884,
    139.0300608321));
#6598 = CARTESIAN_POINT('',(49.400357157602,29.157797132987,
    138.89407344552));
#6599 = CARTESIAN_POINT('',(49.386456902425,29.188328820484,
    138.75762143765));
#6600 = CARTESIAN_POINT('',(49.371146556029,29.220978916066,
    138.62183596502));
#6601 = CARTESIAN_POINT('',(49.358969185815,29.249779305022,
    138.48492580351));
#6602 = CARTESIAN_POINT('',(49.345070976327,29.281015677128,
    138.34882195269));
#6603 = CARTESIAN_POINT('',(49.332807422861,29.310343648169,
    138.21217338415));
#6604 = CARTESIAN_POINT('',(49.32048319358,29.339933312966,
    138.07565799495));
#6605 = CARTESIAN_POINT('',(49.308613151684,29.369116194989,
    137.93906143376));
#6606 = CARTESIAN_POINT('',(49.295066384875,29.403043782912,
    137.77898289007));
#6607 = CARTESIAN_POINT('',(49.293090856047,29.408007903802,
    137.75552658879));
#6608 = CARTESIAN_POINT('',(49.291124574277,29.412965103014,
    137.73206940261));
#6609 = CARTESIAN_POINT('',(49.289167387293,29.417915548112,
    137.70861137938));
#6610 = CARTESIAN_POINT('',(49.287219142836,29.422859406659,
    137.68515256688));
#6611 = CARTESIAN_POINT('',(49.285279688625,29.427796846216,
    137.66169301308));
#6612 = CARTESIAN_POINT('',(49.28334887241,29.432728034349,
    137.63823276564));
#6613 = CARTESIAN_POINT('',(49.281426541905,29.437653138619,
    137.61477187261));
#6614 = CARTESIAN_POINT('',(49.279512544859,29.442572326589,
    137.59131038163));
#6615 = CARTESIAN_POINT('',(49.277606728993,29.447485765823,
    137.5678483407));
#6616 = CARTESIAN_POINT('',(49.275708942045,29.452393623884,
    137.54438579756));
#6617 = CARTESIAN_POINT('',(49.273819031746,29.457296068334,
    137.5209228001));
#6618 = CARTESIAN_POINT('',(49.271936845828,29.462193266737,
    137.49745939615));
#6619 = ADVANCED_FACE('',(#6620),#6632,.T.);
#6620 = FACE_BOUND('',#6621,.T.);
#6621 = EDGE_LOOP('',(#6622,#6623,#6624,#6625));
#6622 = ORIENTED_EDGE('',*,*,#3894,.T.);
#6623 = ORIENTED_EDGE('',*,*,#3768,.T.);
#6624 = ORIENTED_EDGE('',*,*,#3791,.F.);
#6625 = ORIENTED_EDGE('',*,*,#6626,.F.);
#6626 = EDGE_CURVE('',#3887,#3784,#6627,.T.);
#6627 = CIRCLE('',#6628,6.9);
#6628 = AXIS2_PLACEMENT_3D('',#6629,#6630,#6631);
#6629 = CARTESIAN_POINT('',(54.809688357084,33.313019247482,
    140.49911120473));
#6630 = DIRECTION('',(-3.186063773269E-02,-5.036785662969E-02,
    0.998222409477));
#6631 = DIRECTION('',(0.897517888572,0.438048117758,5.074924848172E-02)
  );
#6632 = TOROIDAL_SURFACE('',#6633,6.4,0.5);
#6633 = AXIS2_PLACEMENT_3D('',#6634,#6635,#6636);
#6634 = CARTESIAN_POINT('',(54.809688357084,33.313019247482,
    140.49911120473));
#6635 = DIRECTION('',(-3.186063773269E-02,-5.036785662969E-02,
    0.998222409477));
#6636 = DIRECTION('',(0.897517888572,0.438048117758,5.074924848172E-02)
  );
#6637 = ADVANCED_FACE('',(#6638),#6642,.T.);
#6638 = FACE_BOUND('',#6639,.T.);
#6639 = EDGE_LOOP('',(#6640,#6641));
#6640 = ORIENTED_EDGE('',*,*,#4165,.T.);
#6641 = ORIENTED_EDGE('',*,*,#6626,.T.);
#6642 = CYLINDRICAL_SURFACE('',#6643,6.9);
#6643 = AXIS2_PLACEMENT_3D('',#6644,#6645,#6646);
#6644 = CARTESIAN_POINT('',(54.82561867595,33.338203175797,140.));
#6645 = DIRECTION('',(-3.186063773269E-02,-5.036785662969E-02,
    0.998222409477));
#6646 = DIRECTION('',(0.998931059523,3.186063773269E-02,
    3.349086568628E-02));
#6647 = ADVANCED_FACE('',(#6648),#6667,.T.);
#6648 = FACE_BOUND('',#6649,.T.);
#6649 = EDGE_LOOP('',(#6650,#6651,#6659,#6666));
#6650 = ORIENTED_EDGE('',*,*,#5665,.T.);
#6651 = ORIENTED_EDGE('',*,*,#6652,.T.);
#6652 = EDGE_CURVE('',#5658,#6653,#6655,.T.);
#6653 = VERTEX_POINT('',#6654);
#6654 = CARTESIAN_POINT('',(60.039389127206,30.903974472901,
    192.83108697323));
#6655 = LINE('',#6656,#6657);
#6656 = CARTESIAN_POINT('',(60.048964339332,30.919111737748,
    192.53108697323));
#6657 = VECTOR('',#6658,1.);
#6658 = DIRECTION('',(-3.186063773269E-02,-5.036785662969E-02,
    0.998222409477));
#6659 = ORIENTED_EDGE('',*,*,#6660,.F.);
#6660 = EDGE_CURVE('',#6653,#6653,#6661,.T.);
#6661 = CIRCLE('',#6662,6.9);
#6662 = AXIS2_PLACEMENT_3D('',#6663,#6664,#6665);
#6663 = CARTESIAN_POINT('',(53.1467648165,30.684136072545,192.6));
#6664 = DIRECTION('',(-3.186063773269E-02,-5.036785662969E-02,
    0.998222409477));
#6665 = DIRECTION('',(0.998931059523,3.186063773269E-02,
    3.349086568628E-02));
#6666 = ORIENTED_EDGE('',*,*,#6652,.F.);
#6667 = CYLINDRICAL_SURFACE('',#6668,6.9);
#6668 = AXIS2_PLACEMENT_3D('',#6669,#6670,#6671);
#6669 = CARTESIAN_POINT('',(53.156340028626,30.699273337392,192.3));
#6670 = DIRECTION('',(-3.186063773269E-02,-5.036785662969E-02,
    0.998222409477));
#6671 = DIRECTION('',(0.998931059523,3.186063773269E-02,
    3.349086568628E-02));
#6672 = ADVANCED_FACE('',(#6673),#6683,.F.);
#6673 = FACE_BOUND('',#6674,.T.);
#6674 = EDGE_LOOP('',(#6675,#6676));
#6675 = ORIENTED_EDGE('',*,*,#5699,.F.);
#6676 = ORIENTED_EDGE('',*,*,#6677,.F.);
#6677 = EDGE_CURVE('',#5700,#5692,#6678,.T.);
#6678 = CIRCLE('',#6679,6.4);
#6679 = AXIS2_PLACEMENT_3D('',#6680,#6681,#6682);
#6680 = CARTESIAN_POINT('',(54.82561867595,33.338203175797,140.));
#6681 = DIRECTION('',(-3.186063773269E-02,-5.036785662969E-02,
    0.998222409477));
#6682 = DIRECTION('',(-0.787234540659,-0.614095430631,
    -5.611220964967E-02));
#6683 = PLANE('',#6684);
#6684 = AXIS2_PLACEMENT_3D('',#6685,#6686,#6687);
#6685 = CARTESIAN_POINT('',(54.82561867595,33.338203175797,140.));
#6686 = DIRECTION('',(-3.186063773269E-02,-5.036785662969E-02,
    0.998222409477));
#6687 = DIRECTION('',(0.998931059523,3.186063773269E-02,
    3.349086568628E-02));
#6688 = ADVANCED_FACE('',(#6689),#6701,.T.);
#6689 = FACE_BOUND('',#6690,.T.);
#6690 = EDGE_LOOP('',(#6691,#6698,#6699,#6700));
#6691 = ORIENTED_EDGE('',*,*,#6692,.F.);
#6692 = EDGE_CURVE('',#5883,#5833,#6693,.T.);
#6693 = CIRCLE('',#6694,6.9);
#6694 = AXIS2_PLACEMENT_3D('',#6695,#6696,#6697);
#6695 = CARTESIAN_POINT('',(54.809688357084,33.313019247482,
    140.49911120473));
#6696 = DIRECTION('',(-3.186063773269E-02,-5.036785662969E-02,
    0.998222409477));
#6697 = DIRECTION('',(-0.787234540659,-0.614095430631,
    -5.611220964967E-02));
#6698 = ORIENTED_EDGE('',*,*,#5894,.F.);
#6699 = ORIENTED_EDGE('',*,*,#6677,.T.);
#6700 = ORIENTED_EDGE('',*,*,#5832,.T.);
#6701 = TOROIDAL_SURFACE('',#6702,6.4,0.5);
#6702 = AXIS2_PLACEMENT_3D('',#6703,#6704,#6705);
#6703 = CARTESIAN_POINT('',(54.809688357084,33.313019247482,
    140.49911120473));
#6704 = DIRECTION('',(-3.186063773269E-02,-5.036785662969E-02,
    0.998222409477));
#6705 = DIRECTION('',(-0.787234540659,-0.614095430631,
    -5.611220964967E-02));
#6706 = ADVANCED_FACE('',(#6707),#6711,.T.);
#6707 = FACE_BOUND('',#6708,.T.);
#6708 = EDGE_LOOP('',(#6709,#6710));
#6709 = ORIENTED_EDGE('',*,*,#6078,.T.);
#6710 = ORIENTED_EDGE('',*,*,#6692,.T.);
#6711 = CYLINDRICAL_SURFACE('',#6712,6.9);
#6712 = AXIS2_PLACEMENT_3D('',#6713,#6714,#6715);
#6713 = CARTESIAN_POINT('',(54.82561867595,33.338203175797,140.));
#6714 = DIRECTION('',(-3.186063773269E-02,-5.036785662969E-02,
    0.998222409477));
#6715 = DIRECTION('',(0.998931059523,3.186063773269E-02,
    3.349086568628E-02));
#6716 = ADVANCED_FACE('',(#6717),#6736,.T.);
#6717 = FACE_BOUND('',#6718,.T.);
#6718 = EDGE_LOOP('',(#6719,#6720,#6728,#6735));
#6719 = ORIENTED_EDGE('',*,*,#6660,.T.);
#6720 = ORIENTED_EDGE('',*,*,#6721,.T.);
#6721 = EDGE_CURVE('',#6653,#6722,#6724,.T.);
#6722 = VERTEX_POINT('',#6723);
#6723 = CARTESIAN_POINT('',(57.065887357581,30.690480504696,
    195.13396346274));
#6724 = LINE('',#6725,#6726);
#6725 = CARTESIAN_POINT('',(60.039389127206,30.903974472901,
    192.83108697323));
#6726 = VECTOR('',#6727,1.);
#6727 = DIRECTION('',(-0.789348619612,-5.667431269728E-02,0.611323792271
    ));
#6728 = ORIENTED_EDGE('',*,*,#6729,.F.);
#6729 = EDGE_CURVE('',#6722,#6722,#6730,.T.);
#6730 = CIRCLE('',#6731,4.);
#6731 = AXIS2_PLACEMENT_3D('',#6732,#6733,#6734);
#6732 = CARTESIAN_POINT('',(53.070163119491,30.563037953765,195.));
#6733 = DIRECTION('',(-3.186063773269E-02,-5.036785662969E-02,
    0.998222409477));
#6734 = DIRECTION('',(0.998931059523,3.186063773269E-02,
    3.349086568628E-02));
#6735 = ORIENTED_EDGE('',*,*,#6721,.F.);
#6736 = CONICAL_SURFACE('',#6737,6.9,0.878585361799);
#6737 = AXIS2_PLACEMENT_3D('',#6738,#6739,#6740);
#6738 = CARTESIAN_POINT('',(53.1467648165,30.684136072545,192.6));
#6739 = DIRECTION('',(3.186063773269E-02,5.036785662969E-02,
    -0.998222409477));
#6740 = DIRECTION('',(0.998931059523,3.186063773269E-02,
    3.349086568628E-02));
#6741 = ADVANCED_FACE('',(#6742),#6761,.T.);
#6742 = FACE_BOUND('',#6743,.T.);
#6743 = EDGE_LOOP('',(#6744,#6745,#6753,#6760));
#6744 = ORIENTED_EDGE('',*,*,#6729,.T.);
#6745 = ORIENTED_EDGE('',*,*,#6746,.T.);
#6746 = EDGE_CURVE('',#6722,#6747,#6749,.T.);
#6747 = VERTEX_POINT('',#6748);
#6748 = CARTESIAN_POINT('',(56.842465741305,30.337277658256,
    202.13396346274));
#6749 = LINE('',#6750,#6751);
#6750 = CARTESIAN_POINT('',(57.065887357581,30.690480504696,
    195.13396346274));
#6751 = VECTOR('',#6752,1.);
#6752 = DIRECTION('',(-3.186063773269E-02,-5.036785662969E-02,
    0.998222409477));
#6753 = ORIENTED_EDGE('',*,*,#6754,.F.);
#6754 = EDGE_CURVE('',#6747,#6747,#6755,.T.);
#6755 = CIRCLE('',#6756,4.);
#6756 = AXIS2_PLACEMENT_3D('',#6757,#6758,#6759);
#6757 = CARTESIAN_POINT('',(52.846741503215,30.209835107325,202.));
#6758 = DIRECTION('',(-3.186063773269E-02,-5.036785662969E-02,
    0.998222409477));
#6759 = DIRECTION('',(0.998931059523,3.186063773269E-02,
    3.349086568628E-02));
#6760 = ORIENTED_EDGE('',*,*,#6746,.F.);
#6761 = CYLINDRICAL_SURFACE('',#6762,4.);
#6762 = AXIS2_PLACEMENT_3D('',#6763,#6764,#6765);
#6763 = CARTESIAN_POINT('',(53.070163119491,30.563037953765,195.));
#6764 = DIRECTION('',(-3.186063773269E-02,-5.036785662969E-02,
    0.998222409477));
#6765 = DIRECTION('',(0.998931059523,3.186063773269E-02,
    3.349086568628E-02));
#6766 = ADVANCED_FACE('',(#6767),#6786,.T.);
#6767 = FACE_BOUND('',#6768,.T.);
#6768 = EDGE_LOOP('',(#6769,#6770,#6778,#6785));
#6769 = ORIENTED_EDGE('',*,*,#6754,.T.);
#6770 = ORIENTED_EDGE('',*,*,#6771,.T.);
#6771 = EDGE_CURVE('',#6747,#6772,#6774,.T.);
#6772 = VERTEX_POINT('',#6773);
#6773 = CARTESIAN_POINT('',(54.903004142332,30.211147632225,
    203.37033081794));
#6774 = LINE('',#6775,#6776);
#6775 = CARTESIAN_POINT('',(56.842465741305,30.337277658256,
    202.13396346274));
#6776 = VECTOR('',#6777,1.);
#6777 = DIRECTION('',(-0.841969902346,-5.475627140881E-02,0.536738702055
    ));
#6778 = ORIENTED_EDGE('',*,*,#6779,.F.);
#6779 = EDGE_CURVE('',#6772,#6772,#6780,.T.);
#6780 = CIRCLE('',#6781,2.1);
#6781 = AXIS2_PLACEMENT_3D('',#6782,#6783,#6784);
#6782 = CARTESIAN_POINT('',(52.805248917335,30.144240292986,203.3));
#6783 = DIRECTION('',(-3.186063773269E-02,-5.036785662969E-02,
    0.998222409477));
#6784 = DIRECTION('',(0.998931059523,3.186063773269E-02,
    3.349086568628E-02));
#6785 = ORIENTED_EDGE('',*,*,#6771,.F.);
#6786 = CONICAL_SURFACE('',#6787,4.,0.96991668507);
#6787 = AXIS2_PLACEMENT_3D('',#6788,#6789,#6790);
#6788 = CARTESIAN_POINT('',(52.846741503215,30.209835107325,202.));
#6789 = DIRECTION('',(3.186063773269E-02,5.036785662969E-02,
    -0.998222409477));
#6790 = DIRECTION('',(0.998931059523,3.186063773269E-02,
    3.349086568628E-02));
#6791 = ADVANCED_FACE('',(#6792),#6811,.T.);
#6792 = FACE_BOUND('',#6793,.T.);
#6793 = EDGE_LOOP('',(#6794,#6795,#6803,#6810));
#6794 = ORIENTED_EDGE('',*,*,#6779,.T.);
#6795 = ORIENTED_EDGE('',*,*,#6796,.T.);
#6796 = EDGE_CURVE('',#6772,#6797,#6799,.T.);
#6797 = VERTEX_POINT('',#6798);
#6798 = CARTESIAN_POINT('',(54.608415056482,29.900170516553,
    209.46698173137));
#6799 = LINE('',#6800,#6801);
#6800 = CARTESIAN_POINT('',(54.903004142332,30.211147632225,
    203.37033081794));
#6801 = VECTOR('',#6802,1.);
#6802 = DIRECTION('',(-4.82009936138E-02,-5.088242126568E-02,
    0.997540797873));
#6803 = ORIENTED_EDGE('',*,*,#6804,.F.);
#6804 = EDGE_CURVE('',#6797,#6797,#6805,.T.);
#6805 = CIRCLE('',#6806,2.);
#6806 = AXIS2_PLACEMENT_3D('',#6807,#6808,#6809);
#6807 = CARTESIAN_POINT('',(52.610552937436,29.836449241088,209.4));
#6808 = DIRECTION('',(-3.186063773269E-02,-5.036785662969E-02,
    0.998222409477));
#6809 = DIRECTION('',(0.998931059523,3.186063773269E-02,
    3.349086568628E-02));
#6810 = ORIENTED_EDGE('',*,*,#6796,.F.);
#6811 = CONICAL_SURFACE('',#6812,2.1,1.63628412952E-02);
#6812 = AXIS2_PLACEMENT_3D('',#6813,#6814,#6815);
#6813 = CARTESIAN_POINT('',(52.805248917335,30.144240292986,203.3));
#6814 = DIRECTION('',(3.186063773269E-02,5.036785662969E-02,
    -0.998222409477));
#6815 = DIRECTION('',(0.998931059523,3.186063773269E-02,
    3.349086568628E-02));
#6816 = ADVANCED_FACE('',(#6817),#6836,.T.);
#6817 = FACE_BOUND('',#6818,.T.);
#6818 = EDGE_LOOP('',(#6819,#6820,#6828,#6835));
#6819 = ORIENTED_EDGE('',*,*,#6804,.T.);
#6820 = ORIENTED_EDGE('',*,*,#6821,.T.);
#6821 = EDGE_CURVE('',#6797,#6822,#6824,.T.);
#6822 = VERTEX_POINT('',#6823);
#6823 = CARTESIAN_POINT('',(53.877245941062,29.827410520649,
    210.44353812539));
#6824 = LINE('',#6825,#6826);
#6825 = CARTESIAN_POINT('',(54.608415056482,29.900170516553,
    209.46698173137));
#6826 = VECTOR('',#6827,1.);
#6827 = DIRECTION('',(-0.598281840027,-5.953613645871E-02,0.799070890691
    ));
#6828 = ORIENTED_EDGE('',*,*,#6829,.F.);
#6829 = EDGE_CURVE('',#6822,#6822,#6830,.T.);
#6830 = CIRCLE('',#6831,1.3);
#6831 = AXIS2_PLACEMENT_3D('',#6832,#6833,#6834);
#6832 = CARTESIAN_POINT('',(52.578635563683,29.785991691597,210.4));
#6833 = DIRECTION('',(-3.186063773269E-02,-5.036785662969E-02,
    0.998222409477));
#6834 = DIRECTION('',(0.998931059523,3.186063773269E-02,
    3.349086568628E-02));
#6835 = ORIENTED_EDGE('',*,*,#6821,.F.);
#6836 = CONICAL_SURFACE('',#6837,2.,0.609890366471);
#6837 = AXIS2_PLACEMENT_3D('',#6838,#6839,#6840);
#6838 = CARTESIAN_POINT('',(52.610552937436,29.836449241088,209.4));
#6839 = DIRECTION('',(3.186063773269E-02,5.036785662969E-02,
    -0.998222409477));
#6840 = DIRECTION('',(0.998931059523,3.186063773269E-02,
    3.349086568628E-02));
#6841 = ADVANCED_FACE('',(#6842),#6845,.T.);
#6842 = FACE_BOUND('',#6843,.T.);
#6843 = EDGE_LOOP('',(#6844));
#6844 = ORIENTED_EDGE('',*,*,#6829,.T.);
#6845 = PLANE('',#6846);
#6846 = AXIS2_PLACEMENT_3D('',#6847,#6848,#6849);
#6847 = CARTESIAN_POINT('',(52.578635563683,29.785991691597,210.4));
#6848 = DIRECTION('',(-3.186063773269E-02,-5.036785662969E-02,
    0.998222409477));
#6849 = DIRECTION('',(0.998931059523,3.186063773269E-02,
    3.349086568628E-02));
#6850 = ( GEOMETRIC_REPRESENTATION_CONTEXT(3) 
GLOBAL_UNCERTAINTY_ASSIGNED_CONTEXT((#6854)) 
GLOBAL_UNIT_ASSIGNED_CONTEXT((#6851,#6852,#6853)) REPRESENTATION_CONTEXT
('Context #1','3D Context with UNIT and UNCERTAINTY') );
#6851 = ( LENGTH_UNIT() NAMED_UNIT(*) SI_UNIT(.MILLI.,.METRE.) );
#6852 = ( NAMED_UNIT(*) PLANE_ANGLE_UNIT() SI_UNIT($,.RADIAN.) );
#6853 = ( NAMED_UNIT(*) SI_UNIT($,.STERADIAN.) SOLID_ANGLE_UNIT() );
#6854 = UNCERTAINTY_MEASURE_WITH_UNIT(LENGTH_MEASURE(0.2),#6851,
  'distance_accuracy_value','confusion accuracy');
#6855 = PRODUCT_RELATED_PRODUCT_CATEGORY('part',$,(#7));
ENDSEC;
END-ISO-10303-21;
